frame,timestamp,track_id,class_id,class_name,confidence,bbox_x1,bbox_y1,bbox_x2,bbox_y2,center_x,center_y,velocity_x,velocity_y,speed,acceleration_y
0,0.0,1,0,person,0.879,92.8,422.1,285.6,634.3,189.2,528.2,0.0,0.0,0.0,0.0
0,0.0,2,0,person,0.385,1038.0,299.3,1163.7,539.2,1100.9,419.2,0.0,0.0,0.0,0.0
0,0.0,3,0,person,0.348,0.1,365.0,58.0,570.1,29.0,467.5,0.0,0.0,0.0,0.0
0,0.0,4,0,person,0.33,713.4,276.8,817.0,371.4,765.2,324.1,0.0,0.0,0.0,0.0
0,0.0,5,0,person,0.321,578.9,222.3,677.6,460.1,628.2,341.2,0.0,0.0,0.0,0.0
1,0.033,1,0,person,0.881,93.7,422.5,286.1,634.3,189.9,528.4,0.69,0.22,0.72,0.22
1,0.033,2,0,person,0.368,1040.4,302.0,1164.3,538.4,1102.4,420.2,1.51,0.94,1.77,0.94
1,0.033,3,0,person,0.338,0.1,364.6,58.3,570.8,29.2,467.7,0.22,0.12,0.25,0.12
2,0.067,1,0,person,0.882,94.0,423.1,286.2,634.6,190.1,528.9,0.19,0.45,0.48,0.23
2,0.067,2,0,person,0.446,1041.6,304.6,1164.1,538.3,1102.9,421.5,0.5,1.3,1.39,0.36
2,0.067,3,0,person,0.377,0.0,355.2,59.7,570.8,29.8,463.0,0.61,-4.65,4.69,-4.77
3,0.1,1,0,person,0.878,93.9,422.9,286.3,634.6,190.1,528.8,-0.01,-0.07,0.07,-0.52
3,0.1,2,0,person,0.408,1041.1,304.8,1163.8,538.9,1102.4,421.9,-0.42,0.4,0.58,-0.89
3,0.1,3,0,person,0.351,0.0,350.6,60.3,570.7,30.1,460.6,0.3,-2.39,2.41,2.26
4,0.133,1,0,person,0.89,95.0,423.7,287.0,634.9,191.0,529.3,0.94,0.5,1.07,0.58
4,0.133,2,0,person,0.428,1042.4,306.6,1163.7,537.8,1103.1,422.2,0.64,0.33,0.72,-0.07
4,0.133,3,0,person,0.388,0.0,356.5,59.8,571.0,29.9,463.7,-0.22,3.13,3.13,5.52
4,0.133,5,0,person,0.5,570.2,223.0,670.5,463.3,620.4,343.1,-1.97,0.48,2.03,0.12
5,0.167,1,0,person,0.892,95.6,423.9,287.7,635.1,191.6,529.5,0.6,0.21,0.63,-0.3
5,0.167,2,0,person,0.482,1043.4,306.7,1163.7,536.0,1103.5,421.3,0.44,-0.87,0.97,-1.2
5,0.167,3,0,person,0.38,1.0,366.7,58.6,571.2,29.8,468.9,-0.14,5.21,5.22,2.09
5,0.167,5,0,person,0.327,556.2,236.3,651.8,463.7,604.0,350.0,-16.35,6.85,17.73,6.37
6,0.2,1,0,person,0.893,96.0,424.2,288.1,635.3,192.1,529.7,0.43,0.23,0.49,0.03
6,0.2,2,0,person,0.47,1042.9,307.1,1163.2,536.3,1103.1,421.7,-0.46,0.37,0.59,1.23
6,0.2,3,0,person,0.384,1.4,368.9,58.6,571.3,30.0,470.1,0.22,1.19,1.21,-4.03
6,0.2,5,0,person,0.497,550.9,230.5,650.4,464.4,600.7,347.4,-3.35,-2.58,4.23,-9.44
7,0.233,1,0,person,0.895,96.0,424.3,288.3,635.4,192.1,529.8,0.06,0.12,0.14,-0.11
7,0.233,2,0,person,0.515,1043.2,307.3,1163.0,535.7,1103.1,421.5,0.05,-0.23,0.24,-0.6
7,0.233,3,0,person,0.392,0.1,358.4,60.3,571.4,30.2,464.9,0.22,-5.24,5.24,-6.42
7,0.233,5,0,person,0.557,546.8,228.1,648.0,464.0,597.4,346.1,-3.27,-1.34,3.53,1.25
8,0.267,1,0,person,0.897,95.9,424.2,288.7,635.8,192.3,530.0,0.17,0.14,0.22,0.01
8,0.267,2,0,person,0.46,1042.2,305.3,1164.3,538.4,1103.3,421.9,0.15,0.38,0.41,0.61
8,0.267,3,0,person,0.4,0.0,353.3,60.9,571.9,30.4,462.6,0.2,-2.29,2.3,2.94
8,0.267,5,0,person,0.727,545.5,223.8,650.5,466.2,598.0,345.0,0.65,-1.06,1.24,0.28
9,0.3,1,0,person,0.899,95.9,424.4,288.9,636.2,192.4,530.3,0.1,0.29,0.31,0.15
9,0.3,2,0,person,0.464,1043.8,305.8,1164.4,536.1,1104.1,421.0,0.83,-0.89,1.21,-1.27
9,0.3,3,0,person,0.396,0.0,349.1,61.3,572.3,30.6,460.7,0.2,-1.91,1.92,0.38
9,0.3,5,0,person,0.761,543.0,222.0,650.2,468.1,596.6,345.0,-1.41,0.01,1.41,1.06
10,0.333,1,0,person,0.899,96.0,425.0,288.9,636.5,192.4,530.7,0.04,0.45,0.45,0.16
10,0.333,2,0,person,0.444,1044.0,305.5,1164.7,536.4,1104.3,420.9,0.26,-0.02,0.26,0.87
10,0.333,3,0,person,0.391,0.0,348.4,61.2,572.7,30.6,460.6,-0.04,-0.13,0.14,1.78
10,0.333,5,0,person,0.801,539.7,220.9,648.0,470.2,593.9,345.6,-2.77,0.53,2.82,0.53
11,0.367,1,0,person,0.898,95.8,425.3,288.7,636.8,192.3,531.1,-0.15,0.33,0.37,-0.12
11,0.367,2,0,person,0.429,1043.8,306.2,1164.6,537.1,1104.2,421.6,-0.17,0.69,0.71,0.71
11,0.367,3,0,person,0.407,0.0,349.8,60.7,572.9,30.4,461.3,-0.21,0.79,0.82,0.92
11,0.367,5,0,person,0.748,536.3,219.9,644.6,469.8,590.5,344.8,-3.39,-0.72,3.46,-1.25
12,0.4,1,0,person,0.901,96.0,425.6,289.0,637.1,192.5,531.3,0.24,0.26,0.35,-0.07
12,0.4,2,0,person,0.419,1044.2,305.9,1164.8,536.6,1104.5,421.2,0.29,-0.38,0.48,-1.07
12,0.4,3,0,person,0.379,0.0,357.1,59.9,573.2,29.9,465.1,-0.44,3.78,3.81,2.99
12,0.4,5,0,person,0.776,533.6,219.6,641.2,468.9,587.4,344.3,-3.1,-0.58,3.16,0.13
13,0.433,1,0,person,0.898,96.2,426.0,289.1,637.2,192.7,531.6,0.15,0.28,0.32,0.02
13,0.433,2,0,person,0.427,1045.2,304.7,1165.9,536.0,1105.5,420.3,1.05,-0.91,1.39,-0.53
13,0.433,3,0,person,0.379,0.5,364.4,58.9,573.5,29.7,469.0,-0.27,3.85,3.86,0.07
13,0.433,5,0,person,0.804,532.3,218.8,639.3,467.2,585.8,343.0,-1.54,-1.25,1.98,-0.67
14,0.467,1,0,person,0.889,96.3,425.9,289.3,637.4,192.8,531.7,0.18,0.06,0.19,-0.22
14,0.467,2,0,person,0.407,1045.4,304.2,1166.3,536.3,1105.8,420.2,0.3,-0.09,0.32,0.82
14,0.467,3,0,person,0.361,0.7,366.7,58.6,573.8,29.6,470.2,-0.02,1.26,1.26,-2.6
14,0.467,5,0,person,0.812,532.1,217.9,638.3,464.6,585.2,341.2,-0.59,-1.77,1.86,-0.52
15,0.5,1,0,person,0.888,96.3,425.8,289.4,637.4,192.9,531.6,0.03,-0.04,0.05,-0.1
15,0.5,2,0,person,0.426,1045.1,304.6,1165.8,536.4,1105.5,420.5,-0.33,0.29,0.44,0.38
15,0.5,3,0,person,0.361,0.8,368.8,58.3,574.0,29.5,471.4,-0.1,1.17,1.17,-0.09
15,0.5,5,0,person,0.824,532.0,217.2,637.4,462.2,584.7,339.7,-0.52,-1.58,1.66,0.19
16,0.533,1,0,person,0.888,96.2,425.7,289.6,637.5,192.9,531.6,0.05,-0.03,0.06,0.01
16,0.533,2,0,person,0.376,1044.3,306.0,1165.0,538.1,1104.7,422.0,-0.83,1.49,1.7,1.2
16,0.533,3,0,person,0.354,0.7,369.4,58.3,574.2,29.5,471.8,-0.03,0.4,0.4,-0.77
16,0.533,5,0,person,0.829,531.2,217.4,636.2,461.7,583.7,339.6,-1.01,-0.09,1.01,1.49
17,0.567,1,0,person,0.891,87.4,425.1,278.9,638.2,183.2,531.7,-9.76,0.06,9.76,0.09
17,0.567,2,0,person,0.346,1027.7,243.2,1177.8,539.0,1102.8,391.1,-1.9,-30.94,31.0,-32.42
17,0.567,3,0,person,0.368,0.0,361.2,59.9,574.8,30.0,468.0,0.44,-3.81,3.83,-4.21
17,0.567,5,0,person,0.73,532.5,218.0,637.2,462.0,584.9,340.0,1.17,0.44,1.25,0.53
18,0.6,1,0,person,0.889,85.3,425.8,274.3,639.0,179.8,532.4,-3.34,0.73,3.42,0.67
18,0.6,2,0,person,0.352,1023.7,221.1,1182.0,540.1,1102.8,380.6,0.09,-10.49,10.49,20.44
18,0.6,3,0,person,0.383,1.3,370.5,59.2,575.3,30.2,472.9,0.27,4.9,4.91,8.71
18,0.6,5,0,person,0.713,532.6,219.7,636.5,463.7,584.6,341.7,-0.32,1.7,1.72,1.25
19,0.633,1,0,person,0.89,85.2,426.1,272.1,639.6,178.7,532.9,-1.13,0.47,1.22,-0.26
19,0.633,3,0,person,0.374,1.5,372.0,59.2,575.4,30.3,473.7,0.1,0.82,0.83,-4.08
19,0.633,5,0,person,0.751,534.6,220.4,638.1,464.2,586.4,342.3,1.79,0.58,1.88,-1.11
20,0.667,1,0,person,0.889,86.2,426.5,271.1,640.3,178.6,533.4,-0.04,0.53,0.54,0.07
20,0.667,3,0,person,0.357,1.5,373.2,59.3,575.8,30.4,474.5,0.04,0.79,0.79,-0.03
20,0.667,5,0,person,0.749,538.4,219.8,641.9,463.5,590.2,341.7,3.81,-0.64,3.86,-1.22
21,0.7,1,0,person,0.892,87.6,426.7,270.3,640.3,178.9,533.5,0.3,0.11,0.32,-0.43
21,0.7,3,0,person,0.365,1.7,374.5,59.5,576.0,30.6,475.3,0.24,0.79,0.82,-0.0
21,0.7,5,0,person,0.807,541.8,220.0,645.3,463.5,593.6,341.8,3.39,0.14,3.39,0.78
22,0.733,1,0,person,0.886,88.6,426.9,269.5,640.6,179.1,533.7,0.12,0.25,0.28,0.15
22,0.733,3,0,person,0.395,1.6,373.2,60.2,576.5,30.9,474.9,0.29,-0.43,0.52,-1.22
22,0.733,5,0,person,0.766,544.5,220.3,648.1,463.2,596.3,341.8,2.74,-0.03,2.74,-0.17
23,0.767,1,0,person,0.883,89.4,426.9,268.9,641.1,179.2,534.0,0.1,0.26,0.28,0.01
23,0.767,3,0,person,0.394,1.6,374.1,60.3,576.9,30.9,475.5,0.03,0.69,0.69,1.12
23,0.767,5,0,person,0.699,546.8,220.7,650.0,463.5,598.4,342.1,2.09,0.34,2.12,0.37
24,0.8,1,0,person,0.877,90.5,427.6,268.8,642.2,179.7,534.9,0.49,0.88,1.0,0.62
24,0.8,3,0,person,0.393,2.1,378.6,60.2,577.6,31.1,478.1,0.22,2.56,2.57,1.87
24,0.8,5,0,person,0.706,550.8,221.5,653.5,463.7,602.2,342.6,3.78,0.53,3.81,0.19
25,0.833,1,0,person,0.882,91.3,427.4,268.0,641.9,179.6,534.6,-0.03,-0.27,0.27,-1.15
25,0.833,3,0,person,0.379,2.0,380.3,59.9,577.5,31.0,478.9,-0.16,0.81,0.83,-1.74
25,0.833,5,0,person,0.53,553.7,222.0,655.9,464.0,604.8,343.0,2.65,0.35,2.68,-0.18
26,0.867,1,0,person,0.879,92.4,427.8,267.5,641.9,179.9,534.8,0.29,0.2,0.35,0.48
26,0.867,3,0,person,0.396,2.1,381.7,60.1,577.8,31.1,479.8,0.17,0.83,0.85,0.01
26,0.867,5,0,person,0.738,556.6,222.2,657.9,462.8,607.2,342.5,2.43,-0.51,2.49,-0.86
27,0.9,1,0,person,0.873,93.3,428.7,267.0,642.6,180.1,535.7,0.23,0.84,0.87,0.63
27,0.9,3,0,person,0.4,1.6,367.9,63.6,576.8,32.6,472.3,1.46,-7.41,7.55,-8.24
27,0.9,5,0,person,0.691,559.1,223.6,659.9,463.5,609.5,343.6,2.27,1.12,2.53,1.63
28,0.933,1,0,person,0.875,93.6,428.9,266.3,642.9,180.0,535.9,-0.18,0.2,0.27,-0.63
28,0.933,3,0,person,0.392,1.1,371.2,62.7,578.0,31.9,474.6,-0.7,2.26,2.36,9.66
28,0.933,5,0,person,0.761,558.3,223.1,658.7,463.8,608.5,343.5,-1.02,-0.13,1.03,-1.25
29,0.967,1,0,person,0.878,94.1,428.2,265.7,642.3,179.9,535.3,-0.04,-0.61,0.61,-0.81
29,0.967,3,0,person,0.396,0.4,370.5,62.2,578.1,31.3,474.3,-0.62,-0.31,0.69,-2.56
29,0.967,5,0,person,0.726,559.9,223.5,660.3,464.2,610.1,343.9,1.65,0.39,1.69,0.52
30,1.0,1,0,person,0.874,94.6,428.8,265.2,642.7,179.9,535.7,-0.03,0.47,0.47,1.08
30,1.0,3,0,person,0.393,0.1,369.5,62.2,578.3,31.1,473.9,-0.16,-0.39,0.42,-0.08
30,1.0,5,0,person,0.461,557.1,233.4,652.3,464.7,604.7,349.0,-5.42,5.16,7.48,4.77
31,1.033,1,0,person,0.876,95.0,428.9,264.8,642.8,179.9,535.8,0.0,0.12,0.12,-0.35
31,1.033,3,0,person,0.406,0.3,360.4,64.7,576.8,32.5,468.6,1.34,-5.27,5.44,-4.89
31,1.033,5,0,person,0.421,556.6,233.1,651.2,465.1,603.9,349.1,-0.82,0.1,0.82,-5.06
32,1.067,1,0,person,0.877,95.5,428.4,264.8,642.6,180.1,535.5,0.23,-0.36,0.42,-0.48
32,1.067,3,0,person,0.404,0.4,356.8,65.9,576.3,33.1,466.5,0.66,-2.11,2.21,3.16
32,1.067,5,0,person,0.476,556.9,230.6,651.9,465.3,604.4,347.9,0.54,-1.17,1.29,-1.27
33,1.1,1,0,person,0.873,96.1,428.3,265.1,643.0,180.6,535.7,0.46,0.2,0.5,0.56
33,1.1,3,0,person,0.395,0.1,363.0,64.0,577.7,32.1,470.3,-1.08,3.82,3.97,5.93
33,1.1,5,0,person,0.527,559.3,229.4,654.6,465.9,606.9,347.6,2.5,-0.3,2.52,0.86
34,1.133,1,0,person,0.856,97.9,429.6,266.3,644.1,182.1,536.8,1.53,1.14,1.91,0.94
34,1.133,3,0,person,0.406,0.0,363.5,64.2,579.8,32.1,471.7,0.06,1.32,1.32,-2.5
34,1.133,5,0,person,0.521,562.7,244.8,651.7,465.8,607.2,355.3,0.29,7.63,7.64,7.94
35,1.167,1,0,person,0.84,100.8,430.7,268.7,645.3,184.7,538.0,2.64,1.18,2.89,0.04
35,1.167,3,0,person,0.503,1.8,375.4,63.6,581.1,32.7,478.2,0.56,6.58,6.61,5.26
35,1.167,5,0,person,0.576,566.3,254.4,652.3,467.1,609.3,360.7,2.07,5.46,5.84,-2.18
36,1.2,1,0,person,0.838,102.9,431.2,270.5,646.1,186.7,538.7,1.96,0.66,2.06,-0.52
36,1.2,3,0,person,0.551,2.3,376.5,64.6,581.9,33.4,479.2,0.77,0.94,1.22,-5.64
36,1.2,5,0,person,0.414,570.1,241.0,663.0,467.9,616.5,354.4,7.24,-6.29,9.59,-11.75
37,1.233,1,0,person,0.83,104.6,431.3,271.0,645.4,187.8,538.3,1.12,-0.35,1.17,-1.01
37,1.233,3,0,person,0.642,2.6,377.4,65.4,582.7,34.0,480.1,0.55,0.88,1.04,-0.06
37,1.233,5,0,person,0.543,575.9,234.1,674.1,469.6,625.0,351.9,8.46,-2.58,8.85,3.71
38,1.267,1,0,person,0.834,106.2,431.4,272.7,646.5,189.5,538.9,1.65,0.61,1.76,0.97
38,1.267,3,0,person,0.715,3.2,375.9,67.7,584.4,35.5,480.1,1.47,0.07,1.47,-0.81
38,1.267,5,0,person,0.432,572.7,248.2,665.1,471.1,618.9,359.6,-6.14,7.79,9.91,10.37
39,1.3,1,0,person,0.833,107.4,431.4,273.8,647.5,190.6,539.5,1.12,0.52,1.24,-0.09
39,1.3,3,0,person,0.75,3.6,377.9,68.7,585.8,36.1,481.8,0.66,1.69,1.81,1.61
39,1.3,5,0,person,0.367,569.9,264.5,654.9,472.1,612.4,368.3,-6.42,8.64,10.76,0.85
40,1.333,1,0,person,0.833,107.9,431.1,273.6,647.2,190.7,539.2,0.17,-0.28,0.33,-0.81
40,1.333,3,0,person,0.734,3.6,379.8,68.8,585.7,36.2,482.8,0.05,0.94,0.94,-0.74
40,1.333,5,0,person,0.367,570.8,284.4,647.3,471.8,609.1,378.1,-3.39,9.83,10.4,1.2
40,1.333,15,0,person,0.368,1059.4,221.7,1184.4,548.7,1121.9,385.2,0.0,0.0,0.0,0.0
41,1.367,1,0,person,0.836,108.0,430.8,272.8,646.4,190.4,538.6,-0.33,-0.56,0.65,-0.28
41,1.367,3,0,person,0.671,1.9,374.4,68.9,585.2,35.4,479.8,-0.75,-2.94,3.03,-3.88
41,1.367,5,0,person,0.399,569.9,254.0,658.1,470.6,614.0,362.3,4.93,-15.77,16.52,-25.6
41,1.367,15,0,person,0.355,1058.8,218.3,1185.0,548.5,1121.9,383.4,-0.01,-1.84,1.84,-1.84
42,1.4,1,0,person,0.838,108.3,430.7,272.4,646.1,190.3,538.4,-0.07,-0.18,0.2,0.38
42,1.4,3,0,person,0.645,1.1,370.6,69.5,585.1,35.3,477.9,-0.13,-1.96,1.96,0.98
42,1.4,5,0,person,0.358,568.9,268.2,650.5,470.4,609.7,369.3,-4.33,6.97,8.2,22.74
42,1.4,15,0,person,0.389,1059.2,216.0,1186.1,548.2,1122.6,382.1,0.72,-1.27,1.46,0.57
43,1.433,1,0,person,0.837,108.8,430.9,272.5,646.6,190.7,538.8,0.34,0.35,0.48,0.53
43,1.433,3,0,person,0.603,0.9,367.6,70.3,585.2,35.6,476.4,0.31,-1.48,1.51,0.48
43,1.433,5,0,person,0.346,569.6,250.2,657.8,470.2,613.7,360.2,4.04,-9.12,9.97,-16.09
43,1.433,15,0,person,0.361,1059.5,213.1,1187.9,549.7,1123.7,381.4,1.06,-0.69,1.26,0.59
44,1.467,1,0,person,0.838,109.3,430.4,271.9,645.2,190.6,537.8,-0.08,-0.97,0.97,-1.32
44,1.467,3,0,person,0.632,1.5,359.0,74.4,586.3,37.9,472.6,2.32,-3.76,4.42,-2.28
44,1.467,5,0,person,0.452,570.4,240.5,662.1,470.3,616.3,355.4,2.57,-4.81,5.45,4.31
44,1.467,15,0,person,0.383,1060.0,213.3,1188.4,550.0,1124.2,381.6,0.54,0.22,0.58,0.9
45,1.5,1,0,person,0.844,109.7,430.6,270.8,643.9,190.3,537.3,-0.33,-0.51,0.6,0.46
45,1.5,3,0,person,0.594,0.2,361.5,71.8,584.9,36.0,473.2,-1.93,0.59,2.01,4.35
45,1.5,5,0,person,0.491,572.0,233.6,666.7,469.7,619.4,351.6,3.09,-3.76,4.86,1.05
45,1.5,15,0,person,0.393,1060.0,213.1,1188.3,549.9,1124.1,381.5,-0.07,-0.13,0.15,-0.35
45,1.5,17,0,person,0.382,161.3,218.6,298.2,481.4,229.7,350.0,0.0,0.0,0.0,0.0
46,1.533,1,0,person,0.847,109.6,430.5,270.2,643.5,189.9,537.0,-0.38,-0.28,0.47,0.23
46,1.533,3,0,person,0.604,0.0,363.3,70.3,583.9,35.2,473.6,-0.84,0.4,0.93,-0.19
46,1.533,5,0,person,0.473,571.3,231.1,666.8,469.4,619.0,350.3,-0.34,-1.38,1.42,2.37
46,1.533,15,0,person,0.409,1060.4,213.2,1188.3,549.2,1124.3,381.2,0.21,-0.33,0.39,-0.19
46,1.533,17,0,person,0.364,160.6,216.8,298.3,481.5,229.4,349.2,-0.3,-0.83,0.88,-0.83
47,1.567,1,0,person,0.842,109.5,430.1,270.0,643.2,189.8,536.7,-0.13,-0.35,0.37,-0.07
47,1.567,3,0,person,0.612,1.3,355.4,74.9,584.1,38.1,469.7,2.94,-3.91,4.89,-4.31
47,1.567,5,0,person,0.32,568.6,230.5,663.7,469.1,616.1,349.8,-2.88,-0.46,2.92,0.93
47,1.567,15,0,person,0.393,1060.6,212.6,1188.6,549.2,1124.6,380.9,0.27,-0.31,0.41,0.01
47,1.567,17,0,person,0.309,159.0,212.1,298.5,480.5,228.8,346.3,-0.68,-2.92,2.99,-2.09
48,1.6,1,0,person,0.834,109.4,430.1,269.8,643.2,189.6,536.7,-0.16,0.01,0.16,0.36
48,1.6,3,0,person,0.681,1.9,352.1,77.0,584.1,39.4,468.1,1.32,-1.63,2.1,2.28
48,1.6,5,0,person,0.361,568.5,230.0,663.2,468.6,615.8,349.3,-0.31,-0.52,0.61,-0.07
48,1.6,15,0,person,0.349,1060.3,209.7,1189.4,549.2,1124.9,379.4,0.25,-1.43,1.45,-1.11
49,1.633,1,0,person,0.834,109.4,429.9,269.6,642.9,189.5,536.4,-0.07,-0.29,0.3,-0.3
49,1.633,3,0,person,0.617,1.4,351.1,76.9,583.7,39.2,467.4,-0.26,-0.67,0.72,0.97
49,1.633,5,0,person,0.559,569.7,228.5,665.3,468.4,617.5,348.5,1.71,-0.82,1.9,-0.3
49,1.633,15,0,person,0.339,1061.0,206.8,1190.4,547.1,1125.7,377.0,0.84,-2.45,2.59,-1.02
50,1.667,1,0,person,0.84,109.7,429.9,270.2,643.7,189.9,536.8,0.39,0.42,0.58,0.71
50,1.667,3,0,person,0.671,1.8,350.4,78.2,584.5,40.0,467.5,0.84,0.05,0.84,0.72
50,1.667,15,0,person,0.32,1061.1,206.7,1190.5,547.0,1125.8,376.8,0.12,-0.16,0.2,2.29
51,1.7,1,0,person,0.835,111.0,430.2,270.5,643.2,190.8,536.7,0.82,-0.08,0.83,-0.51
51,1.7,3,0,person,0.658,2.7,349.3,80.4,585.2,41.6,467.2,1.58,-0.24,1.6,-0.29
51,1.7,15,0,person,0.362,1061.0,211.8,1189.2,549.4,1125.1,380.6,-0.71,3.74,3.81,3.9
51,1.7,5,0,person,0.388,566.5,255.5,651.1,469.0,608.8,362.2,-4.36,6.89,8.15,3.86
52,1.733,1,0,person,0.834,111.8,430.2,270.5,642.6,191.1,536.4,0.4,-0.32,0.51,-0.24
52,1.733,3,0,person,0.645,0.0,351.2,75.8,583.6,37.9,467.4,-3.66,0.16,3.67,0.39
52,1.733,15,0,person,0.402,1060.6,211.0,1189.3,550.2,1124.9,380.6,-0.18,0.05,0.19,-3.69
52,1.733,5,0,person,0.362,568.5,278.2,644.5,469.1,606.5,373.6,-2.31,11.41,11.64,4.52
53,1.767,1,0,person,0.845,111.5,429.8,270.4,642.3,190.9,536.1,-0.21,-0.34,0.4,-0.01
53,1.767,3,0,person,0.651,0.0,358.5,72.3,581.7,36.1,470.1,-1.77,2.71,3.24,2.56
53,1.767,5,0,person,0.374,567.0,276.6,643.2,468.7,605.1,372.6,-1.4,-1.01,1.73,-12.42
53,1.767,17,0,person,0.366,158.1,217.7,287.0,467.4,222.5,342.5,-1.04,-0.62,1.21,0.38
54,1.8,1,0,person,0.851,110.9,429.5,270.0,642.4,190.5,535.9,-0.47,-0.12,0.49,0.22
54,1.8,3,0,person,0.667,0.0,364.5,70.2,580.9,35.1,472.7,-1.04,2.6,2.79,-0.12
54,1.8,5,0,person,0.363,567.2,281.5,641.5,468.5,604.4,375.0,-0.73,2.4,2.51,3.4
54,1.8,17,0,person,0.412,159.1,215.1,291.5,472.7,225.3,343.9,2.76,1.35,3.08,1.97
55,1.833,1,0,person,0.845,110.9,429.3,269.8,641.9,190.3,535.6,-0.12,-0.39,0.41,-0.27
55,1.833,3,0,person,0.658,0.0,364.9,69.6,580.1,34.8,472.5,-0.33,-0.21,0.39,-2.8
55,1.833,5,0,person,0.61,566.0,246.4,653.9,468.3,610.0,357.3,5.61,-17.71,18.58,-20.11
55,1.833,17,0,person,0.372,154.8,215.4,285.6,472.9,220.2,344.1,-5.11,0.24,5.11,-1.11
56,1.867,1,0,person,0.843,111.2,429.1,269.9,641.3,190.6,535.2,0.22,-0.37,0.43,0.02
56,1.867,3,0,person,0.655,0.0,362.8,70.0,580.2,35.0,471.5,0.24,-1.02,1.04,-0.81
56,1.867,5,0,person,0.618,565.2,234.3,657.2,468.2,611.2,351.2,1.24,-6.09,6.22,11.62
56,1.867,17,0,person,0.415,153.7,214.3,283.8,473.0,218.8,343.6,-1.45,-0.5,1.54,-0.74
57,1.9,1,0,person,0.847,111.1,429.2,270.1,641.6,190.6,535.4,0.03,0.19,0.19,0.56
57,1.9,3,0,person,0.719,1.3,354.4,75.7,581.8,38.5,468.1,3.45,-3.36,4.82,-2.35
57,1.9,5,0,person,0.581,563.5,231.2,655.7,468.2,609.6,349.7,-1.63,-1.54,2.25,4.55
57,1.9,17,0,person,0.428,156.6,215.7,285.0,471.1,220.8,343.4,2.03,-0.21,2.04,0.28
58,1.933,1,0,person,0.859,110.3,429.3,269.1,641.1,189.7,535.2,-0.88,-0.17,0.89,-0.36
58,1.933,3,0,person,0.699,3.4,349.9,80.2,581.6,41.8,465.7,3.3,-2.38,4.07,0.98
58,1.933,5,0,person,0.531,563.9,228.7,656.4,468.1,610.1,348.4,0.55,-1.3,1.41,0.25
58,1.933,17,0,person,0.418,156.2,217.3,283.7,471.7,220.0,344.5,-0.81,1.09,1.36,1.3
59,1.967,1,0,person,0.857,109.9,429.5,268.6,640.9,189.2,535.2,-0.48,-0.05,0.48,0.12
59,1.967,3,0,person,0.708,3.9,348.3,82.1,581.5,43.0,464.9,1.28,-0.82,1.52,1.56
59,1.967,5,0,person,0.683,566.9,228.0,659.7,467.7,613.3,347.9,3.16,-0.51,3.2,0.79
59,1.967,17,0,person,0.375,158.2,218.8,285.1,471.7,221.6,345.3,1.66,0.74,1.82,-0.35
60,2.0,1,0,person,0.863,109.9,429.4,268.4,640.1,189.2,534.8,-0.07,-0.38,0.38,-0.33
60,2.0,3,0,person,0.695,3.7,348.3,82.6,581.2,43.1,464.7,0.08,-0.19,0.21,0.63
60,2.0,5,0,person,0.718,567.5,227.4,660.9,467.7,614.2,347.6,0.91,-0.32,0.96,0.19
60,2.0,17,0,person,0.361,160.3,217.6,286.8,470.5,223.6,344.1,1.94,-1.18,2.27,-1.92
61,2.033,1,0,person,0.859,110.0,429.7,268.0,639.3,189.0,534.5,-0.17,-0.28,0.32,0.1
61,2.033,3,0,person,0.651,1.4,350.1,79.4,580.6,40.4,465.4,-2.75,0.67,2.83,0.85
61,2.033,5,0,person,0.789,567.5,227.3,660.8,466.8,614.1,347.0,-0.1,-0.55,0.56,-0.23
61,2.033,17,0,person,0.32,155.6,217.7,280.6,468.7,218.1,343.2,-5.49,-0.86,5.56,0.32
62,2.067,1,0,person,0.86,109.6,429.8,268.0,639.5,188.8,534.6,-0.17,0.14,0.22,0.42
62,2.067,3,0,person,0.648,0.0,361.8,72.8,579.1,36.4,470.5,-4.0,5.1,6.48,4.43
62,2.067,5,0,person,0.76,567.3,225.9,661.1,466.1,614.2,346.0,0.11,-1.02,1.02,-0.47
62,2.067,17,0,person,0.342,152.2,215.7,277.6,468.9,214.9,342.3,-3.19,-0.91,3.32,-0.04
63,2.1,1,0,person,0.861,109.0,429.5,267.9,639.4,188.5,534.4,-0.36,-0.2,0.41,-0.34
63,2.1,3,0,person,0.636,0.0,368.6,69.4,578.1,34.7,473.4,-1.69,2.87,3.33,-2.23
63,2.1,5,0,person,0.671,567.4,225.3,661.1,464.6,614.3,344.9,0.08,-1.08,1.08,-0.06
63,2.1,17,0,person,0.387,154.2,215.4,278.7,469.4,216.5,342.4,1.57,0.1,1.57,1.0
64,2.133,1,0,person,0.859,108.6,429.2,267.9,639.1,188.3,534.1,-0.21,-0.3,0.37,-0.1
64,2.133,3,0,person,0.626,0.0,371.0,68.0,577.5,34.0,474.3,-0.71,0.89,1.14,-1.98
64,2.133,5,0,person,0.676,566.2,224.4,660.4,465.2,613.3,344.8,-0.99,-0.11,1.0,0.97
64,2.133,17,0,person,0.389,157.1,213.9,281.0,469.8,219.1,341.8,2.6,-0.55,2.66,-0.65
65,2.167,1,0,person,0.86,108.1,429.1,268.1,639.4,188.1,534.2,-0.18,0.07,0.19,0.37
65,2.167,3,0,person,0.614,0.0,370.5,67.6,577.5,33.8,474.0,-0.2,-0.28,0.35,-1.18
65,2.167,5,0,person,0.664,565.7,224.1,660.2,465.6,612.9,344.9,-0.38,0.02,0.38,0.13
65,2.167,17,0,person,0.347,157.4,214.6,279.4,469.6,218.4,342.1,-0.66,0.23,0.7,0.79
66,2.2,1,0,person,0.86,107.4,429.0,267.9,639.7,187.6,534.3,-0.43,0.1,0.45,0.03
66,2.2,3,0,person,0.608,0.0,371.2,67.2,577.5,33.6,474.4,-0.2,0.39,0.44,0.68
66,2.2,5,0,person,0.712,566.6,224.1,661.5,465.9,614.0,345.0,1.11,0.14,1.12,0.12
66,2.2,17,0,person,0.374,159.9,214.9,280.6,469.9,220.2,342.4,1.84,0.33,1.87,0.09
67,2.233,1,0,person,0.86,107.4,428.9,268.3,639.9,187.8,534.4,0.18,0.1,0.21,0.0
67,2.233,3,0,person,0.62,0.0,372.5,67.0,577.5,33.5,475.0,-0.09,0.65,0.65,0.25
67,2.233,5,0,person,0.786,567.3,224.2,662.2,465.2,614.8,344.7,0.74,-0.28,0.79,-0.42
67,2.233,17,0,person,0.379,160.6,214.6,280.2,469.6,220.4,342.1,0.21,-0.3,0.37,-0.63
68,2.267,1,0,person,0.857,107.6,429.3,268.9,640.5,188.3,534.9,0.43,0.5,0.66,0.4
68,2.267,3,0,person,0.651,0.0,374.0,67.1,577.7,33.6,475.8,0.07,0.83,0.83,0.18
68,2.267,5,0,person,0.774,568.8,225.0,663.5,464.4,616.1,344.7,1.34,-0.01,1.34,0.27
68,2.267,17,0,person,0.321,158.6,214.5,278.9,470.3,218.8,342.4,-1.67,0.29,1.7,0.59
69,2.3,1,0,person,0.859,107.7,429.2,268.7,639.8,188.2,534.5,-0.07,-0.4,0.41,-0.9
69,2.3,3,0,person,0.665,0.3,376.3,67.4,578.8,33.9,477.5,0.29,1.69,1.72,0.86
69,2.3,5,0,person,0.781,568.6,225.3,663.6,464.7,616.1,345.0,-0.03,0.33,0.33,0.34
69,2.3,17,0,person,0.314,150.5,211.2,272.4,473.0,211.4,342.1,-7.35,-0.32,7.36,-0.61
70,2.333,1,0,person,0.859,107.9,428.9,268.8,639.2,188.4,534.0,0.18,-0.48,0.51,-0.07
70,2.333,3,0,person,0.662,0.3,376.3,67.2,578.0,33.7,477.1,-0.14,-0.4,0.43,-2.1
70,2.333,5,0,person,0.791,568.6,225.3,664.0,464.9,616.3,345.1,0.18,0.05,0.19,-0.28
70,2.333,17,0,person,0.346,148.2,208.9,270.3,473.9,209.3,341.4,-2.16,-0.68,2.27,-0.36
71,2.367,1,0,person,0.858,107.0,428.5,268.6,639.7,187.8,534.1,-0.54,0.04,0.54,0.51
71,2.367,3,0,person,0.626,0.0,372.8,67.2,577.1,33.6,474.9,-0.1,-2.2,2.2,-1.79
71,2.367,5,0,person,0.612,567.7,225.3,663.6,465.5,615.6,345.4,-0.63,0.35,0.72,0.3
71,2.367,17,0,person,0.359,149.3,208.3,270.6,476.1,209.9,342.2,0.67,0.8,1.04,1.48
71,2.367,15,0,person,0.323,1059.1,219.4,1184.3,549.4,1121.7,384.4,-0.17,0.2,0.26,0.01
72,2.4,1,0,person,0.86,106.6,428.6,268.4,639.8,187.5,534.2,-0.31,0.14,0.34,0.1
72,2.4,3,0,person,0.58,0.0,371.9,66.8,577.1,33.4,474.5,-0.21,-0.41,0.46,1.79
72,2.4,5,0,person,0.627,565.7,225.2,661.7,465.5,613.7,345.4,-1.91,-0.07,1.92,-0.42
72,2.4,17,0,person,0.323,150.4,207.6,271.3,478.6,210.9,343.1,0.94,0.95,1.34,0.15
72,2.4,15,0,person,0.331,1058.5,216.8,1184.6,549.5,1121.6,383.1,-0.12,-1.28,1.28,-1.48
73,2.433,1,0,person,0.865,106.2,428.4,268.5,640.1,187.3,534.3,-0.17,0.06,0.18,-0.09
73,2.433,3,0,person,0.566,0.0,372.1,66.5,577.0,33.3,474.5,-0.12,0.0,0.12,0.41
73,2.433,5,0,person,0.724,565.8,225.0,661.5,464.2,613.6,344.6,-0.08,-0.77,0.77,-0.7
73,2.433,17,0,person,0.305,150.3,207.2,270.9,480.4,210.6,343.8,-0.24,0.64,0.68,-0.31
73,2.433,15,0,person,0.325,1058.2,216.0,1184.3,549.4,1121.3,382.7,-0.27,-0.45,0.53,0.83
74,2.467,1,0,person,0.863,106.4,428.4,268.7,640.1,187.6,534.2,0.22,-0.03,0.22,-0.08
74,2.467,3,0,person,0.583,0.0,372.4,66.6,577.3,33.3,474.8,0.04,0.3,0.31,0.3
74,2.467,5,0,person,0.741,566.0,224.9,661.6,463.6,613.8,344.3,0.15,-0.33,0.36,0.45
74,2.467,17,0,person,0.374,153.7,208.6,270.3,478.1,212.0,343.3,1.37,-0.44,1.44,-1.08
75,2.5,1,0,person,0.861,106.5,428.4,268.9,639.9,187.7,534.1,0.16,-0.11,0.2,-0.08
75,2.5,3,0,person,0.568,0.0,371.9,66.6,576.8,33.3,474.4,-0.02,-0.47,0.47,-0.77
75,2.5,5,0,person,0.631,566.4,225.4,662.9,464.8,614.6,345.1,0.85,0.84,1.2,1.16
75,2.5,17,0,person,0.393,156.6,208.7,270.5,477.1,213.5,342.9,1.53,-0.45,1.59,-0.01
75,2.5,15,0,person,0.301,1057.9,216.2,1184.1,549.7,1121.0,382.9,-0.16,0.11,0.19,0.28
76,2.533,1,0,person,0.864,105.7,428.1,268.5,640.2,187.1,534.2,-0.61,0.05,0.61,0.16
76,2.533,3,0,person,0.525,0.0,370.5,66.2,576.4,33.1,473.5,-0.21,-0.89,0.91,-0.42
76,2.533,5,0,person,0.548,561.9,225.7,657.2,465.2,609.6,345.4,-5.07,0.33,5.08,-0.51
76,2.533,17,0,person,0.339,158.9,208.4,272.2,479.5,215.5,344.0,2.01,1.08,2.28,1.53
77,2.567,1,0,person,0.876,103.5,426.7,268.0,641.0,185.8,533.9,-1.33,-0.31,1.36,-0.37
77,2.567,3,0,person,0.456,0.0,354.5,68.9,577.3,34.4,465.9,1.36,-7.56,7.68,-6.67
77,2.567,5,0,person,0.674,562.8,224.4,658.6,465.1,610.7,344.7,1.13,-0.68,1.32,-1.01
77,2.567,15,0,person,0.323,1055.4,209.0,1183.6,547.3,1119.5,378.1,-0.74,-2.38,2.49,-1.25
78,2.6,1,0,person,0.878,103.1,426.5,268.0,641.4,185.6,534.0,-0.22,0.09,0.24,0.4
78,2.6,3,0,person,0.472,0.0,364.3,66.5,575.9,33.2,470.1,-1.22,4.18,4.35,11.74
78,2.6,5,0,person,0.607,560.9,225.3,655.7,465.1,608.3,345.2,-2.4,0.47,2.45,1.16
78,2.6,15,0,person,0.301,1055.5,211.6,1182.9,546.9,1119.2,379.2,-0.34,1.09,1.14,3.47
78,2.6,17,0,person,0.31,156.4,205.6,271.7,481.8,214.0,343.7,-0.76,-0.15,0.77,-0.61
79,2.633,1,0,person,0.871,103.4,426.7,267.8,641.2,185.6,534.0,0.05,0.01,0.05,-0.08
79,2.633,3,0,person,0.526,0.0,369.1,65.6,575.5,32.8,472.3,-0.45,2.21,2.26,-1.97
79,2.633,5,0,person,0.489,562.0,226.1,656.2,465.3,609.1,345.7,0.78,0.45,0.9,-0.03
79,2.633,17,0,person,0.304,154.6,205.6,270.0,482.0,212.3,343.8,-1.75,0.13,1.75,0.27
80,2.667,1,0,person,0.869,103.6,426.6,267.9,640.9,185.7,533.8,0.11,-0.18,0.22,-0.19
80,2.667,3,0,person,0.539,0.0,370.0,65.2,574.8,32.6,472.4,-0.17,0.13,0.21,-2.08
80,2.667,5,0,person,0.547,558.6,227.8,651.1,465.8,604.8,346.8,-4.25,1.15,4.4,0.7
80,2.667,15,0,person,0.418,1065.4,285.9,1169.8,547.6,1117.6,416.8,-0.78,18.77,18.78,8.84
81,2.7,1,0,person,0.869,103.8,426.5,267.8,640.5,185.8,533.5,0.03,-0.26,0.26,-0.08
81,2.7,3,0,person,0.557,0.0,370.7,65.0,574.2,32.5,472.4,-0.09,-0.02,0.09,-0.15
81,2.7,5,0,person,0.693,563.4,226.0,656.8,465.2,610.1,345.6,5.27,-1.19,5.4,-2.34
81,2.7,15,0,person,0.408,1066.3,304.2,1167.4,547.8,1116.9,426.0,-0.72,9.24,9.27,-9.52
82,2.733,1,0,person,0.88,103.0,425.8,267.4,640.4,185.2,533.1,-0.53,-0.43,0.68,-0.17
82,2.733,3,0,person,0.486,0.0,369.8,65.0,574.1,32.5,471.9,-0.04,-0.47,0.48,-0.46
82,2.733,5,0,person,0.689,564.2,225.0,658.3,465.0,611.2,345.0,1.15,-0.64,1.31,0.55
82,2.733,15,0,person,0.341,1065.9,309.9,1167.2,547.1,1116.6,428.5,-0.33,2.48,2.51,-6.76
83,2.767,1,0,person,0.881,102.7,425.4,267.5,640.5,185.1,532.9,-0.17,-0.15,0.23,0.28
83,2.767,3,0,person,0.496,0.0,370.3,64.8,574.1,32.4,472.2,-0.1,0.26,0.28,0.74
83,2.767,5,0,person,0.81,565.1,223.8,660.0,464.1,612.5,344.0,1.29,-1.01,1.64,-0.37
84,2.8,1,0,person,0.885,102.0,424.9,267.1,640.2,184.6,532.5,-0.49,-0.4,0.64,-0.25
84,2.8,3,0,person,0.452,0.0,371.2,64.5,573.8,32.2,472.5,-0.15,0.28,0.32,0.02
84,2.8,5,0,person,0.808,563.5,222.9,658.8,463.8,611.1,343.4,-1.41,-0.62,1.54,0.39
85,2.833,1,0,person,0.888,101.1,424.1,266.2,639.4,183.6,531.7,-0.92,-0.82,1.23,-0.42
85,2.833,3,0,person,0.439,0.0,353.4,67.7,572.5,33.9,462.9,1.63,-9.54,9.68,-9.82
85,2.833,5,0,person,0.821,562.4,222.0,658.0,463.5,610.2,342.7,-0.92,-0.62,1.1,0.01
85,2.833,27,0,person,0.399,800.4,304.4,879.0,440.9,839.7,372.7,0.0,0.0,0.0,0.0
86,2.867,1,0,person,0.887,100.3,423.4,265.8,639.0,183.0,531.2,-0.61,-0.51,0.79,0.31
86,2.867,3,0,person,0.425,0.0,349.5,68.3,572.2,34.2,460.8,0.3,-2.1,2.12,7.45
86,2.867,5,0,person,0.84,561.9,221.5,657.4,463.4,609.7,342.4,-0.56,-0.29,0.63,0.33
86,2.867,27,0,person,0.318,801.6,303.2,881.3,441.7,841.5,372.4,1.76,-0.23,1.78,-0.23
87,2.9,1,0,person,0.889,100.2,423.3,265.8,638.9,183.0,531.1,-0.05,-0.13,0.14,0.38
87,2.9,3,0,person,0.433,0.0,350.1,68.1,572.1,34.1,461.1,-0.09,0.26,0.28,2.36
87,2.9,5,0,person,0.824,562.9,222.0,658.1,463.1,610.5,342.5,0.87,0.09,0.88,0.37
87,2.9,27,0,person,0.329,809.1,297.3,892.6,443.0,850.9,370.2,9.38,-2.27,9.65,-2.04
87,2.9,15,0,person,0.358,1063.7,309.2,1168.0,546.2,1115.8,427.7,-0.14,-0.16,0.21,-0.53
88,2.933,1,0,person,0.889,99.8,422.9,265.8,638.8,182.8,530.9,-0.19,-0.19,0.27,-0.06
88,2.933,3,0,person,0.441,0.0,349.7,68.2,572.0,34.1,460.8,0.05,-0.27,0.28,-0.53
88,2.933,5,0,person,0.83,562.2,221.8,657.1,462.9,609.7,342.3,-0.85,-0.2,0.87,-0.29
88,2.933,27,0,person,0.472,814.7,288.3,902.6,442.8,858.7,365.6,7.81,-4.59,9.06,-2.31
88,2.933,15,0,person,0.338,1061.2,308.0,1168.5,545.8,1114.9,426.9,-0.96,-0.8,1.25,-0.65
89,2.967,1,0,person,0.888,99.2,422.4,265.6,638.7,182.4,530.6,-0.39,-0.33,0.51,-0.14
89,2.967,3,0,person,0.41,0.0,346.8,68.2,571.7,34.1,459.3,0.01,-1.58,1.58,-1.3
89,2.967,5,0,person,0.834,562.7,221.4,657.7,463.0,610.2,342.2,0.51,-0.13,0.53,0.07
89,2.967,27,0,person,0.339,823.2,292.4,908.1,441.8,865.7,367.1,7.02,1.52,7.19,6.11
89,2.967,15,0,person,0.347,1059.7,307.2,1169.4,545.4,1114.5,426.3,-0.33,-0.65,0.72,0.15
90,3.0,1,0,person,0.889,99.0,422.3,265.6,638.5,182.3,530.4,-0.1,-0.16,0.19,0.17
90,3.0,3,0,person,0.423,0.0,340.7,68.9,571.8,34.4,456.3,0.3,-2.98,2.99,-1.4
90,3.0,5,0,person,0.839,562.4,220.8,657.8,463.0,610.1,341.9,-0.1,-0.3,0.32,-0.17
90,3.0,15,0,person,0.365,1058.6,307.5,1169.8,545.1,1114.2,426.3,-0.31,0.04,0.31,0.68
91,3.033,1,0,person,0.885,98.8,421.9,265.6,638.3,182.2,530.1,-0.09,-0.3,0.31,-0.13
91,3.033,3,0,person,0.442,0.0,342.7,68.4,571.5,34.2,457.1,-0.2,0.8,0.82,3.77
91,3.033,5,0,person,0.834,561.4,221.0,656.5,463.2,609.0,342.1,-1.11,0.22,1.14,0.52
91,3.033,15,0,person,0.335,1057.9,306.9,1170.8,545.1,1114.4,426.0,0.14,-0.29,0.32,-0.32
92,3.067,1,0,person,0.885,97.9,420.8,265.2,637.9,181.5,529.4,-0.69,-0.75,1.01,-0.45
92,3.067,3,0,person,0.412,0.0,344.8,67.7,570.7,33.9,457.8,-0.36,0.68,0.77,-0.12
92,3.067,5,0,person,0.831,562.6,220.8,657.8,462.4,610.2,341.6,1.23,-0.55,1.35,-0.77
93,3.1,1,0,person,0.885,97.4,420.4,264.7,637.8,181.0,529.1,-0.49,-0.27,0.56,0.48
93,3.1,3,0,person,0.408,0.0,342.0,67.9,570.5,34.0,456.2,0.1,-1.51,1.51,-2.19
93,3.1,5,0,person,0.828,562.8,220.8,657.9,462.1,610.3,341.4,0.1,-0.13,0.16,0.42
94,3.133,1,0,person,0.884,97.1,420.0,264.4,637.5,180.7,528.8,-0.31,-0.29,0.42,-0.02
94,3.133,3,0,person,0.393,0.0,344.5,67.8,570.2,33.9,457.3,-0.08,1.1,1.1,2.6
94,3.133,5,0,person,0.823,562.9,220.7,657.9,461.7,610.4,341.2,0.06,-0.26,0.27,-0.14
95,3.167,1,0,person,0.885,96.9,419.8,264.2,637.4,180.6,528.6,-0.17,-0.21,0.27,0.08
95,3.167,3,0,person,0.434,0.0,344.8,67.4,569.8,33.7,457.3,-0.19,-0.02,0.19,-1.12
95,3.167,5,0,person,0.838,562.4,220.6,657.2,461.2,609.8,340.9,-0.58,-0.31,0.65,-0.04
96,3.2,1,0,person,0.882,97.3,419.8,264.5,637.5,180.9,528.6,0.37,0.03,0.37,0.24
96,3.2,3,0,person,0.382,0.5,361.4,64.6,572.0,32.5,466.7,-1.14,9.39,9.46,9.42
96,3.2,5,0,person,0.844,562.2,220.1,657.4,461.2,609.8,340.6,0.03,-0.25,0.25,0.06
97,3.233,1,0,person,0.884,97.4,419.7,264.6,637.5,181.0,528.6,0.09,-0.02,0.09,-0.05
97,3.233,3,0,person,0.405,0.0,352.4,66.3,570.8,33.1,461.6,0.59,-5.07,5.1,-14.46
97,3.233,5,0,person,0.839,562.4,219.8,657.7,461.0,610.0,340.4,0.23,-0.27,0.36,-0.02
97,3.233,15,0,person,0.321,1056.8,305.0,1171.6,543.3,1114.2,424.1,-0.03,-0.31,0.31,-0.0
98,3.267,1,0,person,0.881,96.7,419.4,264.1,637.7,180.4,528.6,-0.62,-0.04,0.62,-0.02
98,3.267,3,0,person,0.417,0.0,353.3,65.2,572.3,32.6,462.8,-0.53,1.13,1.25,6.2
98,3.267,5,0,person,0.826,561.5,219.6,656.1,459.8,608.8,339.7,-1.25,-0.66,1.41,-0.39
98,3.267,15,0,person,0.349,1056.2,303.0,1173.1,543.2,1114.6,423.1,0.41,-1.06,1.14,-0.75
99,3.3,1,0,person,0.886,95.8,419.1,263.3,637.6,179.5,528.3,-0.85,-0.25,0.88,-0.21
99,3.3,3,0,person,0.371,0.0,345.8,65.6,570.5,32.8,458.2,0.17,-4.61,4.62,-5.74
99,3.3,5,0,person,0.823,561.2,218.8,656.0,459.8,608.6,339.3,-0.22,-0.38,0.44,0.27
100,3.333,1,0,person,0.883,95.2,418.9,262.3,637.2,178.8,528.0,-0.77,-0.27,0.81,-0.02
100,3.333,3,0,person,0.361,0.0,351.9,64.1,571.4,32.0,461.7,-0.73,3.52,3.6,8.13
100,3.333,5,0,person,0.835,559.9,218.2,654.2,458.9,607.0,338.6,-1.53,-0.74,1.7,-0.36
101,3.367,1,0,person,0.885,94.7,418.5,261.5,636.6,178.1,527.5,-0.64,-0.52,0.82,-0.25
101,3.367,3,0,person,0.354,0.0,359.4,62.6,571.5,31.3,465.4,-0.75,3.76,3.84,0.24
101,3.367,5,0,person,0.769,560.3,218.0,655.0,459.1,607.6,338.5,0.59,-0.05,0.59,0.7
102,3.4,1,0,person,0.885,93.9,418.3,260.3,636.1,177.1,527.2,-1.01,-0.29,1.05,0.23
102,3.4,3,0,person,0.37,0.0,349.9,63.1,572.2,31.5,461.0,0.24,-4.43,4.43,-8.19
102,3.4,5,0,person,0.656,558.7,217.8,653.4,458.5,606.1,338.1,-1.58,-0.39,1.62,-0.34
103,3.433,1,0,person,0.885,93.5,418.3,259.4,635.6,176.4,527.0,-0.68,-0.28,0.73,0.0
103,3.433,3,0,person,0.412,0.0,348.2,62.6,572.1,31.3,460.2,-0.24,-0.86,0.89,3.57
103,3.433,5,0,person,0.731,556.7,218.0,651.3,458.3,604.0,338.2,-2.11,0.02,2.11,0.4
103,3.433,15,0,person,0.531,1053.0,303.2,1167.6,533.9,1110.3,418.5,-0.86,-0.91,1.25,0.03
104,3.467,1,0,person,0.885,93.4,418.4,259.0,635.2,176.2,526.8,-0.23,-0.16,0.28,0.12
104,3.467,3,0,person,0.411,0.0,347.6,62.1,571.9,31.0,459.8,-0.26,-0.41,0.48,0.45
104,3.467,5,0,person,0.687,556.5,218.0,651.9,458.8,604.2,338.4,0.26,0.28,0.38,0.26
104,3.467,15,0,person,0.528,1051.3,303.0,1167.3,532.8,1109.3,417.9,-1.0,-0.66,1.2,0.25
105,3.5,1,0,person,0.884,93.5,418.4,258.8,635.1,176.1,526.7,-0.06,-0.07,0.09,0.09
105,3.5,3,0,person,0.392,0.0,344.1,62.2,571.7,31.1,457.9,0.07,-1.85,1.85,-1.44
105,3.5,5,0,person,0.551,556.0,220.0,651.4,458.5,603.7,339.2,-0.5,0.78,0.93,0.5
105,3.5,15,0,person,0.588,1050.5,303.1,1167.5,532.0,1109.0,417.5,-0.29,-0.36,0.47,0.29
106,3.533,1,0,person,0.881,93.2,418.3,258.6,635.0,175.9,526.6,-0.24,-0.11,0.27,-0.04
106,3.533,3,0,person,0.426,0.0,351.6,60.7,571.4,30.3,461.5,-0.77,3.62,3.7,5.47
106,3.533,5,0,person,0.521,555.9,219.9,651.9,458.8,603.9,339.3,0.22,0.12,0.25,-0.67
106,3.533,15,0,person,0.662,1049.7,303.0,1168.1,532.4,1108.9,417.7,-0.09,0.16,0.19,0.53
107,3.567,1,0,person,0.873,93.1,418.2,258.5,635.0,175.8,526.6,-0.11,-0.01,0.11,0.1
107,3.567,3,0,person,0.452,0.0,356.9,59.7,571.8,29.9,464.3,-0.47,2.8,2.84,-0.82
107,3.567,5,0,person,0.591,556.2,220.1,652.5,458.1,604.3,339.1,0.39,-0.25,0.46,-0.36
107,3.567,15,0,person,0.734,1049.4,303.5,1169.2,533.9,1109.3,418.7,0.38,1.01,1.08,0.84
108,3.6,1,0,person,0.874,92.9,418.2,258.5,635.2,175.7,526.7,-0.1,0.08,0.12,0.09
108,3.6,3,0,person,0.439,0.0,354.0,59.9,572.0,30.0,463.0,0.1,-1.34,1.34,-4.14
108,3.6,5,0,person,0.549,555.6,219.6,652.7,459.0,604.1,339.3,-0.18,0.23,0.3,0.48
108,3.6,15,0,person,0.703,1048.8,304.7,1169.1,534.9,1108.9,419.8,-0.37,1.12,1.18,0.11
108,3.6,28,0,person,0.413,888.7,338.1,963.7,437.8,926.2,388.0,0.0,0.0,0.0,0.0
109,3.633,1,0,person,0.872,92.6,418.1,258.5,635.5,175.5,526.8,-0.17,0.09,0.19,0.01
109,3.633,3,0,person,0.437,0.0,350.3,60.2,572.2,30.1,461.2,0.13,-1.78,1.78,-0.44
109,3.633,5,0,person,0.57,554.8,219.5,652.4,459.7,603.6,339.6,-0.55,0.28,0.62,0.05
109,3.633,15,0,person,0.715,1047.8,305.2,1168.6,534.9,1108.2,420.1,-0.75,0.26,0.79,-0.86
109,3.633,28,0,person,0.616,887.9,337.3,963.5,437.8,925.7,387.5,-0.55,-0.41,0.69,-0.41
110,3.667,1,0,person,0.878,92.1,418.1,258.1,635.9,175.1,527.0,-0.42,0.23,0.48,0.14
110,3.667,3,0,person,0.435,0.0,350.8,59.2,572.2,29.6,461.5,-0.5,0.31,0.59,2.09
110,3.667,5,0,person,0.614,554.9,219.8,652.8,459.9,603.8,339.9,0.24,0.26,0.36,-0.03
110,3.667,15,0,person,0.689,1047.2,305.0,1169.1,535.8,1108.1,420.4,-0.05,0.33,0.33,0.07
110,3.667,28,0,person,0.55,888.9,338.6,963.6,438.0,926.3,388.3,0.57,0.75,0.95,1.17
111,3.7,1,0,person,0.873,91.6,417.8,257.8,635.9,174.7,526.9,-0.42,-0.12,0.44,-0.35
111,3.7,3,0,person,0.429,0.0,345.2,59.2,571.8,29.6,458.5,0.02,-3.02,3.02,-3.33
111,3.7,5,0,person,0.697,553.8,219.9,651.1,459.0,602.5,339.4,-1.37,-0.41,1.43,-0.67
111,3.7,15,0,person,0.698,1046.2,305.5,1168.1,535.6,1107.1,420.6,-1.0,0.16,1.02,-0.16
111,3.7,28,0,person,0.64,889.4,338.7,964.1,438.1,926.7,388.4,0.45,0.1,0.47,-0.65
112,3.733,1,0,person,0.87,91.7,417.9,257.5,635.4,174.6,526.7,-0.08,-0.2,0.22,-0.08
112,3.733,3,0,person,0.422,0.0,346.0,58.6,571.9,29.3,458.9,-0.32,0.42,0.53,3.44
112,3.733,5,0,person,0.6,553.1,220.4,650.1,458.6,601.6,339.5,-0.84,0.06,0.84,0.47
112,3.733,15,0,person,0.716,1044.9,305.5,1167.1,536.5,1106.0,421.0,-1.14,0.43,1.22,0.27
112,3.733,28,0,person,0.547,886.8,339.1,961.6,438.4,924.2,388.8,-2.52,0.35,2.55,0.24
113,3.767,1,0,person,0.882,92.4,418.6,257.4,635.1,174.9,526.8,0.31,0.14,0.34,0.34
113,3.767,3,0,person,0.368,0.0,336.2,60.0,572.3,30.0,454.3,0.72,-4.64,4.69,-5.06
113,3.767,5,0,person,0.47,552.2,221.6,648.7,459.0,600.4,340.3,-1.18,0.8,1.42,0.74
113,3.767,15,0,person,0.705,1043.7,306.5,1165.1,536.0,1104.4,421.3,-1.61,0.27,1.63,-0.17
113,3.767,28,0,person,0.374,884.1,337.1,960.5,438.7,922.3,387.9,-1.88,-0.84,2.06,-1.19
114,3.8,1,0,person,0.889,93.3,419.6,257.6,635.1,175.5,527.3,0.54,0.51,0.74,0.37
114,3.8,3,0,person,0.379,0.0,336.9,61.6,570.3,30.8,453.6,0.78,-0.72,1.06,3.92
114,3.8,5,0,person,0.509,550.9,222.7,646.9,460.1,598.9,341.4,-1.52,1.08,1.86,0.28
114,3.8,15,0,person,0.704,1041.7,306.8,1164.1,538.3,1102.9,422.5,-1.46,1.29,1.94,1.02
115,3.833,1,0,person,0.886,93.1,420.0,257.2,635.1,175.1,527.6,-0.31,0.22,0.38,-0.3
115,3.833,3,0,person,0.37,0.0,345.1,59.9,571.7,30.0,458.4,-0.84,4.82,4.9,5.55
115,3.833,5,0,person,0.746,551.5,221.8,647.9,460.0,599.7,340.9,0.76,-0.44,0.88,-1.52
115,3.833,15,0,person,0.663,1039.0,306.5,1162.4,539.9,1100.7,423.2,-2.25,0.65,2.35,-0.63
116,3.867,1,0,person,0.877,91.8,419.6,256.3,635.3,174.1,527.4,-1.08,-0.1,1.09,-0.32
116,3.867,3,0,person,0.421,0.0,330.0,60.3,572.7,30.1,451.4,0.19,-7.02,7.03,-11.85
116,3.867,5,0,person,0.633,550.9,221.6,647.5,460.6,599.2,341.1,-0.45,0.15,0.48,0.59
116,3.867,15,0,person,0.677,1037.9,305.6,1161.8,540.5,1099.8,423.0,-0.85,-0.16,0.86,-0.81
117,3.9,1,0,person,0.876,91.6,420.4,255.9,635.5,173.8,528.0,-0.3,0.51,0.59,0.62
117,3.9,3,0,person,0.424,0.0,324.0,60.3,574.5,30.1,449.2,-0.01,-2.11,2.11,4.91
117,3.9,5,0,person,0.516,550.5,221.8,647.1,461.3,598.8,341.5,-0.44,0.43,0.61,0.27
117,3.9,15,0,person,0.646,1039.3,305.9,1163.1,541.1,1101.2,423.5,1.34,0.44,1.41,0.6
118,3.933,1,0,person,0.879,91.7,421.7,255.7,636.3,173.7,529.0,-0.09,1.04,1.04,0.53
118,3.933,3,0,person,0.472,0.0,346.4,57.3,574.1,28.6,460.3,-1.5,11.0,11.11,13.12
118,3.933,5,0,person,0.683,551.6,221.9,648.6,461.8,600.1,341.8,1.32,0.29,1.35,-0.14
118,3.933,15,0,person,0.565,1039.5,305.6,1163.8,542.1,1101.6,423.9,0.47,0.39,0.61,-0.05
119,3.967,1,0,person,0.88,91.8,422.6,255.7,637.0,173.7,529.8,0.05,0.78,0.79,-0.26
119,3.967,3,0,person,0.446,0.0,355.9,56.0,574.2,28.0,465.1,-0.64,4.8,4.85,-6.2
119,3.967,5,0,person,0.596,552.0,222.5,648.9,461.7,600.4,342.1,0.32,0.27,0.42,-0.01
119,3.967,15,0,person,0.587,1040.0,306.6,1164.1,543.0,1102.0,424.8,0.4,0.91,1.0,0.52
120,4.0,1,0,person,0.877,91.8,423.2,255.7,637.3,173.7,530.2,0.0,0.42,0.42,-0.36
120,4.0,3,0,person,0.426,0.0,357.0,56.0,575.0,28.0,466.0,0.02,0.98,0.98,-3.83
120,4.0,5,0,person,0.604,553.4,223.5,650.7,462.1,602.0,342.8,1.59,0.73,1.75,0.46
120,4.0,15,0,person,0.596,1040.2,307.1,1164.1,543.7,1102.1,425.4,0.07,0.65,0.65,-0.27
121,4.033,1,0,person,0.882,91.9,424.1,255.6,637.7,173.7,530.9,-0.02,0.71,0.71,0.29
121,4.033,3,0,person,0.407,0.0,357.8,55.9,575.1,28.0,466.5,-0.03,0.42,0.43,-0.55
121,4.033,5,0,person,0.47,551.8,224.4,649.1,462.2,600.4,343.3,-1.59,0.46,1.66,-0.27
121,4.033,15,0,person,0.593,1040.4,307.5,1163.9,543.6,1102.1,425.6,0.02,0.15,0.15,-0.49
122,4.067,1,0,person,0.885,91.5,424.5,255.3,638.1,173.4,531.3,-0.33,0.4,0.52,-0.31
122,4.067,3,0,person,0.397,0.4,364.5,54.9,574.9,27.6,469.7,-0.33,3.23,3.25,2.81
122,4.067,5,0,person,0.68,552.1,223.8,650.3,462.7,601.2,343.2,0.76,-0.06,0.76,-0.51
122,4.067,15,0,person,0.617,1040.5,307.4,1163.9,543.4,1102.2,425.4,0.07,-0.21,0.22,-0.36
123,4.1,1,0,person,0.879,91.5,425.2,255.1,638.3,173.3,531.8,-0.06,0.48,0.48,0.08
123,4.1,3,0,person,0.403,0.6,364.8,55.3,575.2,27.9,470.0,0.28,0.31,0.41,-2.92
123,4.1,5,0,person,0.505,550.3,224.2,648.4,462.8,599.4,343.5,-1.84,0.28,1.86,0.34
123,4.1,15,0,person,0.596,1040.8,307.3,1164.0,543.0,1102.4,425.2,0.19,-0.19,0.27,0.02
124,4.133,1,0,person,0.877,92.2,426.1,255.9,639.2,174.1,532.6,0.76,0.82,1.12,0.34
124,4.133,3,0,person,0.387,1.1,367.7,55.5,576.3,28.3,472.0,0.38,1.99,2.02,1.68
124,4.133,5,0,person,0.633,551.1,224.7,649.6,463.6,600.4,344.1,1.01,0.65,1.2,0.37
124,4.133,15,0,person,0.548,1041.7,308.4,1164.4,543.4,1103.0,425.9,0.64,0.72,0.96,0.9
125,4.167,1,0,person,0.88,92.4,426.6,256.3,639.9,174.4,533.2,0.29,0.62,0.68,-0.2
125,4.167,3,0,person,0.383,1.2,369.0,55.8,577.1,28.5,473.1,0.19,1.07,1.09,-0.92
125,4.167,5,0,person,0.777,550.6,224.3,649.0,463.4,599.8,343.8,-0.59,-0.31,0.67,-0.96
125,4.167,15,0,person,0.648,1042.2,308.9,1164.8,543.9,1103.5,426.4,0.49,0.53,0.72,-0.19
126,4.2,1,0,person,0.882,91.7,426.8,255.7,640.1,173.7,533.4,-0.68,0.21,0.71,-0.41
126,4.2,3,0,person,0.406,1.1,368.8,55.9,576.6,28.5,472.7,0.03,-0.37,0.38,-1.44
126,4.2,5,0,person,0.749,550.5,223.9,648.5,462.5,599.5,343.2,-0.26,-0.6,0.66,-0.3
126,4.2,15,0,person,0.68,1042.1,310.4,1163.8,544.0,1102.9,427.2,-0.58,0.76,0.96,0.23
127,4.233,1,0,person,0.878,91.4,427.3,255.6,640.8,173.5,534.1,-0.19,0.61,0.64,0.4
127,4.233,3,0,person,0.415,0.7,366.7,56.1,576.6,28.4,471.7,-0.13,-1.02,1.03,-0.65
127,4.233,5,0,person,0.729,552.1,224.2,650.3,462.7,601.2,343.4,1.67,0.2,1.68,0.81
127,4.233,15,0,person,0.66,1042.6,311.0,1163.9,543.9,1103.3,427.5,0.33,0.29,0.44,-0.47
128,4.267,1,0,person,0.878,92.3,428.0,256.4,641.4,174.3,534.7,0.82,0.62,1.02,0.0
128,4.267,3,0,person,0.364,0.6,368.1,55.9,577.2,28.3,472.7,-0.1,1.0,1.01,2.02
128,4.267,5,0,person,0.592,552.2,225.3,650.6,463.2,601.4,344.3,0.24,0.81,0.85,0.61
128,4.267,15,0,person,0.687,1043.2,311.9,1164.2,544.2,1103.7,428.1,0.43,0.58,0.72,0.28
129,4.3,1,0,person,0.87,92.3,428.3,256.9,642.3,174.6,535.3,0.29,0.65,0.71,0.04
129,4.3,3,0,person,0.355,0.6,368.0,56.2,577.8,28.4,472.9,0.12,0.25,0.27,-0.76
129,4.3,5,0,person,0.697,551.5,225.2,649.9,463.3,600.7,344.2,-0.75,-0.02,0.75,-0.84
129,4.3,15,0,person,0.678,1043.4,312.3,1164.3,544.4,1103.8,428.3,0.14,0.27,0.31,-0.31
130,4.333,1,0,person,0.868,91.9,428.6,257.6,644.2,174.7,536.4,0.13,1.06,1.07,0.4
130,4.333,3,0,person,0.368,0.3,363.2,57.4,578.7,28.8,471.0,0.43,-1.92,1.96,-2.16
130,4.333,5,0,person,0.618,551.6,225.2,650.0,463.8,600.8,344.5,0.1,0.28,0.3,0.31
130,4.333,15,0,person,0.702,1043.6,313.0,1164.4,544.7,1104.0,428.9,0.17,0.55,0.58,0.28
131,4.367,1,0,person,0.877,91.7,429.2,258.0,645.8,174.9,537.5,0.14,1.09,1.1,0.03
131,4.367,3,0,person,0.383,0.0,356.1,59.2,579.5,29.6,467.8,0.78,-3.18,3.28,-1.27
131,4.367,5,0,person,0.488,551.2,226.9,649.2,465.0,600.2,346.0,-0.59,1.46,1.57,1.18
131,4.367,15,0,person,0.637,1043.5,313.0,1165.4,546.7,1104.5,429.8,0.46,0.96,1.07,0.41
132,4.4,1,0,person,0.876,92.0,429.4,257.9,645.7,175.0,537.6,0.1,0.1,0.14,-0.99
132,4.4,3,0,person,0.358,0.0,350.7,59.6,579.9,29.8,465.3,0.22,-2.51,2.52,0.67
132,4.4,5,0,person,0.675,554.0,226.0,653.0,464.5,603.5,345.2,3.28,-0.73,3.36,-2.19
132,4.4,15,0,person,0.678,1043.5,313.2,1165.6,547.2,1104.5,430.2,0.05,0.38,0.38,-0.59
133,4.433,1,0,person,0.878,92.7,429.5,258.0,645.1,175.3,537.3,0.35,-0.28,0.45,-0.38
133,4.433,3,0,person,0.369,0.0,350.6,59.6,580.0,29.8,465.3,-0.02,-0.0,0.02,2.51
133,4.433,5,0,person,0.66,553.7,225.4,653.3,464.4,603.5,344.9,0.02,-0.36,0.36,0.37
133,4.433,15,0,person,0.661,1043.6,313.2,1165.4,546.5,1104.5,429.9,0.01,-0.36,0.36,-0.73
134,4.467,1,0,person,0.882,94.2,429.9,258.0,643.6,176.1,536.7,0.74,-0.55,0.92,-0.27
134,4.467,3,0,person,0.424,0.7,357.4,59.7,580.6,30.2,469.0,0.41,3.69,3.71,3.69
134,4.467,5,0,person,0.71,554.7,226.7,655.0,466.1,604.8,346.4,1.32,1.51,2.0,1.87
134,4.467,15,0,person,0.523,1043.8,313.4,1165.3,545.7,1104.5,429.6,0.02,-0.3,0.3,0.06
135,4.5,1,0,person,0.88,94.2,430.4,258.1,644.3,176.2,537.3,0.08,0.6,0.61,1.15
135,4.5,3,0,person,0.431,2.9,373.6,58.5,580.4,30.7,477.0,0.52,8.0,8.02,4.32
135,4.5,5,0,person,0.59,556.0,228.1,656.7,466.6,606.3,347.4,1.5,1.0,1.81,-0.5
135,4.5,15,0,person,0.534,1043.8,313.6,1165.3,545.5,1104.6,429.5,0.02,-0.05,0.06,0.25
136,4.533,1,0,person,0.875,94.1,430.5,258.1,644.4,176.1,537.4,-0.07,0.1,0.13,-0.5
136,4.533,3,0,person,0.398,1.9,366.8,59.6,580.7,30.7,473.7,0.02,-3.26,3.26,-11.26
136,4.533,5,0,person,0.525,555.6,228.4,656.9,466.9,606.2,347.6,-0.08,0.24,0.25,-0.76
136,4.533,15,0,person,0.548,1043.7,313.6,1165.3,545.3,1104.5,429.4,-0.05,-0.08,0.09,-0.03
137,4.567,1,0,person,0.876,93.5,430.1,257.5,644.1,175.5,537.1,-0.57,-0.35,0.67,-0.45
137,4.567,3,0,person,0.367,1.2,367.2,58.9,580.4,30.0,473.8,-0.69,0.07,0.7,3.32
137,4.567,5,0,person,0.51,555.4,228.6,656.8,466.6,606.1,347.6,-0.12,-0.03,0.13,-0.27
137,4.567,15,0,person,0.582,1043.7,313.4,1165.6,545.5,1104.6,429.5,0.11,0.02,0.12,0.11
138,4.6,1,0,person,0.875,92.8,430.2,257.0,644.4,174.9,537.3,-0.62,0.19,0.64,0.54
138,4.6,3,0,person,0.369,0.3,366.3,58.2,580.6,29.3,473.5,-0.78,-0.33,0.85,-0.39
138,4.6,5,0,person,0.563,555.7,228.2,658.2,467.0,606.9,347.6,0.82,0.03,0.82,0.06
138,4.6,15,0,person,0.63,1043.9,313.2,1166.2,546.0,1105.1,429.6,0.43,0.14,0.45,0.11
139,4.633,1,0,person,0.868,93.1,430.3,257.2,644.6,175.2,537.5,0.25,0.17,0.3,-0.01
139,4.633,3,0,person,0.364,1.4,374.3,57.6,580.6,29.5,477.4,0.24,3.99,4.0,4.32
139,4.633,5,0,person,0.622,554.9,228.8,657.5,467.3,606.2,348.1,-0.74,0.43,0.86,0.41
139,4.633,15,0,person,0.654,1043.9,313.1,1166.6,546.4,1105.2,429.7,0.18,0.15,0.23,0.02
140,4.667,1,0,person,0.869,93.5,430.4,257.7,644.8,175.6,537.6,0.42,0.16,0.45,-0.01
140,4.667,3,0,person,0.378,0.6,367.7,58.6,580.7,29.6,474.2,0.13,-3.27,3.27,-7.26
140,4.667,5,0,person,0.481,554.8,229.9,657.2,467.0,606.0,348.5,-0.22,0.42,0.47,-0.02
140,4.667,15,0,person,0.674,1043.7,313.5,1166.6,547.0,1105.2,430.3,-0.08,0.51,0.52,0.36
141,4.7,1,0,person,0.859,93.4,430.4,257.8,645.1,175.6,537.8,0.04,0.18,0.19,0.03
141,4.7,3,0,person,0.395,0.8,366.9,59.2,580.8,30.0,473.9,0.34,-0.32,0.47,2.95
141,4.7,5,0,person,0.533,558.0,229.7,662.2,467.7,610.1,348.7,4.1,0.22,4.1,-0.2
141,4.7,15,0,person,0.662,1043.5,314.1,1166.1,547.0,1104.8,430.5,-0.33,0.27,0.43,-0.24
142,4.733,1,0,person,0.85,94.0,430.9,258.1,645.4,176.0,538.1,0.39,0.35,0.52,0.16
142,4.733,3,0,person,0.38,2.0,375.2,58.8,581.0,30.4,478.1,0.39,4.27,4.28,4.58
142,4.733,5,0,person,0.603,556.3,229.8,661.1,468.5,608.7,349.1,-1.37,0.46,1.45,0.24
142,4.733,15,0,person,0.66,1043.8,314.4,1166.3,547.1,1105.0,430.7,0.2,0.22,0.3,-0.05
143,4.767,1,0,person,0.868,94.5,432.1,257.9,645.7,176.2,538.9,0.18,0.74,0.76,0.39
143,4.767,3,0,person,0.398,2.3,376.8,59.3,581.4,30.8,479.1,0.44,0.96,1.05,-3.31
143,4.767,5,0,person,0.58,559.0,231.1,664.8,469.2,611.9,350.1,3.2,0.99,3.35,0.53
143,4.767,15,0,person,0.614,1043.9,314.7,1166.2,546.9,1105.1,430.8,0.02,0.03,0.03,-0.19
144,4.8,1,0,person,0.865,95.0,432.6,258.1,645.9,176.5,539.2,0.34,0.36,0.5,-0.37
144,4.8,3,0,person,0.42,2.0,373.3,60.4,581.7,31.2,477.5,0.43,-1.58,1.64,-2.53
144,4.8,5,0,person,0.577,556.8,233.0,662.3,469.7,609.5,351.3,-2.38,1.19,2.66,0.2
144,4.8,15,0,person,0.592,1043.8,314.5,1166.5,547.6,1105.2,431.0,0.11,0.24,0.26,0.21
145,4.833,1,0,person,0.861,94.9,432.7,258.0,646.2,176.5,539.5,-0.06,0.23,0.24,-0.13
145,4.833,3,0,person,0.406,1.8,373.4,60.6,582.0,31.2,477.7,-0.03,0.2,0.21,1.78
145,4.833,5,0,person,0.523,555.3,233.5,660.9,470.0,608.1,351.8,-1.42,0.46,1.49,-0.72
145,4.833,15,0,person,0.578,1044.1,314.4,1166.6,547.1,1105.3,430.8,0.15,-0.23,0.28,-0.47
146,4.867,1,0,person,0.868,94.5,432.7,257.6,646.1,176.1,539.4,-0.42,-0.05,0.43,-0.28
146,4.867,3,0,person,0.439,1.7,373.1,60.8,581.7,31.2,477.4,-0.01,-0.32,0.32,-0.53
146,4.867,5,0,person,0.508,557.4,232.9,664.5,470.3,610.9,351.6,2.83,-0.22,2.84,-0.68
146,4.867,15,0,person,0.543,1043.8,314.3,1166.2,546.7,1105.0,430.5,-0.34,-0.27,0.44,-0.04
147,4.9,1,0,person,0.86,94.3,432.8,257.5,646.5,175.9,539.6,-0.15,0.21,0.26,0.26
147,4.9,3,0,person,0.426,1.3,372.4,60.9,581.8,31.1,477.1,-0.07,-0.3,0.31,0.02
147,4.9,5,0,person,0.611,556.9,232.4,664.7,470.1,610.8,351.2,-0.14,-0.34,0.36,-0.12
147,4.9,15,0,person,0.568,1043.9,314.3,1166.3,546.7,1105.1,430.5,0.14,0.0,0.14,0.28
148,4.933,1,0,person,0.873,95.0,433.2,258.2,646.9,176.6,540.0,0.74,0.39,0.83,0.18
148,4.933,3,0,person,0.437,1.9,378.7,60.1,582.0,31.0,480.4,-0.12,3.28,3.28,3.58
148,4.933,5,0,person,0.441,554.7,234.6,661.0,470.4,607.9,352.5,-2.93,1.25,3.18,1.58
148,4.933,15,0,person,0.389,1044.4,314.8,1166.7,546.9,1105.6,430.8,0.47,0.32,0.57,0.32
149,4.967,1,0,person,0.868,95.9,433.5,258.4,646.4,177.2,539.9,0.54,-0.11,0.55,-0.5
149,4.967,3,0,person,0.428,1.1,372.4,61.6,582.9,31.4,477.6,0.36,-2.73,2.75,-6.01
149,4.967,5,0,person,0.462,554.8,235.5,660.6,470.7,607.7,353.1,-0.21,0.62,0.66,-0.62
149,4.967,15,0,person,0.474,1045.0,315.5,1167.1,546.9,1106.1,431.2,0.46,0.37,0.6,0.05
150,5.0,1,0,person,0.87,96.0,433.6,258.3,646.4,177.1,540.0,-0.05,0.1,0.11,0.21
150,5.0,3,0,person,0.423,0.5,368.1,62.2,583.1,31.3,475.6,-0.05,-2.02,2.03,0.7
150,5.0,5,0,person,0.375,553.7,237.8,658.0,470.7,605.9,354.3,-1.81,1.19,2.16,0.56
150,5.0,15,0,person,0.374,1044.9,315.5,1166.7,546.3,1105.8,430.9,-0.26,-0.27,0.38,-0.65
151,5.033,1,0,person,0.87,96.3,433.8,258.2,646.1,177.2,539.9,0.1,-0.07,0.13,-0.18
151,5.033,3,0,person,0.434,0.6,369.2,62.2,583.2,31.4,476.2,0.1,0.63,0.64,2.66
151,5.033,5,0,person,0.332,550.8,244.1,650.8,470.7,600.8,357.4,-5.03,3.08,5.9,1.9
151,5.033,15,0,person,0.399,1044.8,315.5,1166.6,546.2,1105.7,430.9,-0.1,-0.06,0.11,0.22
152,5.067,1,0,person,0.871,96.4,434.1,257.9,645.9,177.1,540.0,-0.08,0.02,0.08,0.1
152,5.067,3,0,person,0.433,1.3,378.7,60.5,582.9,30.9,480.8,-0.51,4.57,4.59,3.93
152,5.067,5,0,person,0.328,553.4,239.7,655.1,470.9,604.2,355.3,3.4,-2.09,3.99,-5.17
152,5.067,15,0,person,0.414,1045.5,315.6,1167.6,546.7,1106.6,431.2,0.86,0.31,0.92,0.37
153,5.1,1,0,person,0.871,95.9,434.0,257.9,646.5,176.9,540.2,-0.27,0.26,0.37,0.24
153,5.1,3,0,person,0.425,1.4,382.1,59.8,582.7,30.6,482.4,-0.33,1.6,1.63,-2.96
153,5.1,5,0,person,0.311,553.3,237.5,655.5,470.8,604.4,354.2,0.19,-1.12,1.13,0.97
153,5.1,15,0,person,0.354,1045.1,315.7,1167.0,546.2,1106.1,430.9,-0.5,-0.28,0.57,-0.59
154,5.133,1,0,person,0.853,95.3,433.7,257.7,646.6,176.5,540.2,-0.41,-0.04,0.41,-0.3
154,5.133,3,0,person,0.429,1.2,382.3,59.6,582.2,30.4,482.2,-0.17,-0.18,0.25,-1.78
154,5.133,5,0,person,0.309,556.8,236.4,660.3,470.3,608.5,353.4,4.12,-0.79,4.2,0.33
154,5.133,15,0,person,0.436,1043.8,315.6,1165.8,546.4,1104.8,431.0,-1.26,0.08,1.27,0.36
155,5.167,1,0,person,0.852,94.9,433.0,257.8,646.4,176.3,539.7,-0.14,-0.45,0.47,-0.41
155,5.167,3,0,person,0.446,0.5,374.7,61.1,582.3,30.8,478.5,0.41,-3.75,3.77,-3.57
155,5.167,15,0,person,0.429,1043.3,316.5,1164.7,546.4,1104.0,431.4,-0.8,0.44,0.92,0.36
156,5.2,1,0,person,0.871,95.4,433.5,258.0,646.6,176.7,540.1,0.4,0.33,0.52,0.78
156,5.2,3,0,person,0.448,0.3,373.4,61.4,582.6,30.9,478.0,0.04,-0.51,0.51,3.24
156,5.2,15,0,person,0.321,1043.4,316.1,1165.3,546.7,1104.4,431.4,0.36,-0.03,0.36,-0.48
156,5.2,5,0,person,0.371,554.7,237.0,657.9,471.2,606.3,354.1,-1.13,0.37,1.19,0.58
157,5.233,1,0,person,0.872,96.2,434.1,258.0,646.2,177.1,540.2,0.35,0.11,0.37,-0.22
157,5.233,3,0,person,0.45,0.9,379.6,60.4,582.8,30.7,481.2,-0.21,3.25,3.25,3.76
157,5.233,15,0,person,0.421,1044.4,316.9,1165.9,546.8,1105.1,431.9,0.77,0.46,0.9,0.49
157,5.233,5,0,person,0.335,552.2,237.4,653.9,471.0,603.1,354.2,-3.19,0.08,3.19,-0.28
158,5.267,1,0,person,0.857,95.8,434.2,258.0,646.9,176.9,540.5,-0.17,0.36,0.4,0.25
158,5.267,3,0,person,0.419,1.8,386.2,60.2,583.7,31.0,485.0,0.35,3.75,3.76,0.5
158,5.267,15,0,person,0.38,1045.4,317.3,1166.0,545.4,1105.7,431.4,0.58,-0.47,0.74,-0.92
159,5.3,1,0,person,0.854,96.2,434.3,257.9,646.8,177.1,540.5,0.16,-0.02,0.16,-0.38
159,5.3,3,0,person,0.407,3.0,397.3,59.1,584.3,31.1,490.8,0.09,5.86,5.86,2.11
159,5.3,15,0,person,0.442,1045.8,318.2,1165.7,545.0,1105.7,431.6,0.04,0.2,0.21,0.67
160,5.333,1,0,person,0.858,96.4,434.5,258.0,647.1,177.2,540.8,0.16,0.24,0.29,0.26
160,5.333,3,0,person,0.438,3.2,397.4,60.0,584.5,31.6,491.0,0.47,0.15,0.49,-5.72
160,5.333,15,0,person,0.309,1046.1,318.6,1165.7,545.2,1105.9,431.9,0.15,0.31,0.35,0.11
161,5.367,1,0,person,0.863,96.4,434.5,258.0,647.5,177.2,541.0,-0.02,0.24,0.24,0.0
161,5.367,3,0,person,0.446,2.9,397.3,60.4,584.7,31.6,491.0,0.09,-0.0,0.09,-0.15
161,5.367,15,0,person,0.37,1046.4,318.9,1165.8,545.0,1106.1,432.0,0.17,0.06,0.18,-0.25
162,5.4,1,0,person,0.854,96.7,434.6,258.3,648.2,177.5,541.4,0.28,0.42,0.5,0.17
162,5.4,3,0,person,0.429,2.3,395.4,60.7,584.7,31.5,490.0,-0.15,-0.97,0.98,-0.97
162,5.4,15,0,person,0.56,1046.8,319.2,1166.5,545.6,1106.7,432.4,0.62,0.45,0.77,0.39
163,5.433,1,0,person,0.85,97.2,435.0,258.4,648.5,177.8,541.7,0.29,0.31,0.42,-0.1
163,5.433,3,0,person,0.413,2.1,395.5,60.9,584.9,31.5,490.2,-0.03,0.2,0.21,1.17
163,5.433,15,0,person,0.611,1047.5,318.4,1167.6,545.5,1107.6,431.9,0.87,-0.5,1.0,-0.95
163,5.433,5,0,person,0.382,553.5,265.5,641.5,472.4,597.5,368.9,-0.93,2.46,2.63,0.4
164,5.467,1,0,person,0.849,97.1,435.5,258.0,648.8,177.5,542.1,-0.24,0.42,0.49,0.11
164,5.467,3,0,person,0.423,2.0,393.4,62.0,585.2,32.0,489.3,0.55,-0.92,1.07,-1.13
164,5.467,15,0,person,0.522,1047.1,318.2,1167.6,545.9,1107.4,432.0,-0.19,0.09,0.21,0.59
164,5.467,5,0,person,0.352,554.1,266.2,640.9,472.8,597.5,369.5,0.01,0.57,0.57,-1.89
165,5.5,1,0,person,0.855,97.2,436.1,257.7,649.1,177.4,542.6,-0.08,0.47,0.48,0.05
165,5.5,3,0,person,0.419,2.0,394.6,61.9,584.9,32.0,489.8,-0.07,0.48,0.49,1.41
165,5.5,15,0,person,0.657,1046.6,317.7,1168.1,547.2,1107.3,432.5,-0.03,0.44,0.44,0.35
165,5.5,5,0,person,0.393,554.7,264.5,641.1,473.2,597.9,368.9,0.41,-0.65,0.76,-1.21
166,5.533,1,0,person,0.856,97.8,436.0,258.2,649.3,178.0,542.7,0.55,0.03,0.55,-0.44
166,5.533,3,0,person,0.452,1.9,394.6,62.2,585.1,32.0,489.9,0.07,0.11,0.13,-0.37
166,5.533,15,0,person,0.65,1046.7,318.0,1168.1,547.3,1107.4,432.6,0.12,0.18,0.22,-0.25
166,5.533,5,0,person,0.318,555.8,264.2,641.2,473.2,598.5,368.7,0.61,-0.17,0.63,0.48
167,5.567,1,0,person,0.839,107.2,436.3,271.2,650.2,189.2,543.3,11.17,0.63,11.19,0.59
167,5.567,3,0,person,0.442,1.7,395.1,62.2,585.1,32.0,490.1,-0.06,0.24,0.24,0.12
167,5.567,15,0,person,0.733,1046.1,317.3,1168.6,549.0,1107.4,433.2,-0.08,0.51,0.51,0.32
167,5.567,5,0,person,0.422,555.5,267.0,638.9,473.3,597.2,370.2,-1.3,1.48,1.97,1.65
168,5.6,1,0,person,0.849,109.7,436.1,276.9,650.6,193.3,543.4,4.16,0.09,4.16,-0.53
168,5.6,3,0,person,0.44,1.4,392.4,63.1,585.4,32.2,488.9,0.25,-1.25,1.28,-1.49
168,5.6,15,0,person,0.734,1046.0,317.3,1168.6,549.4,1107.3,433.3,-0.07,0.19,0.2,-0.32
168,5.6,5,0,person,0.394,559.1,247.9,650.7,472.5,604.9,360.2,7.67,-9.93,12.55,-11.41
168,5.6,32,0,person,0.767,403.2,545.3,563.8,637.9,483.5,591.6,0.0,0.0,0.0,0.0
168,5.6,33,0,person,0.463,881.6,311.6,973.3,452.4,927.5,382.0,0.0,0.0,0.0,0.0
169,5.633,1,0,person,0.836,110.1,436.2,280.0,651.0,195.1,543.6,1.73,0.21,1.75,0.12
169,5.633,3,0,person,0.479,1.2,393.4,62.7,585.2,32.0,489.3,-0.24,0.41,0.48,1.66
169,5.633,15,0,person,0.756,1045.9,317.2,1168.6,549.9,1107.2,433.5,-0.09,0.18,0.21,-0.0
169,5.633,5,0,person,0.351,557.1,259.6,643.4,472.6,600.2,366.1,-4.64,5.84,7.46,15.78
169,5.633,32,0,person,0.543,414.9,538.5,584.3,636.5,499.6,587.5,16.05,-4.11,16.57,-4.11
170,5.667,1,0,person,0.837,109.6,436.4,281.8,651.3,195.7,543.8,0.67,0.25,0.72,0.04
170,5.667,3,0,person,0.483,1.2,393.5,62.9,585.2,32.1,489.4,0.08,0.1,0.13,-0.31
170,5.667,15,0,person,0.755,1046.0,317.4,1168.9,550.6,1107.4,434.0,0.2,0.5,0.54,0.31
170,5.667,32,0,person,0.657,430.9,530.6,609.2,634.1,520.0,582.4,20.48,-5.13,21.11,-1.02
171,5.7,1,0,person,0.834,109.1,436.6,283.4,651.5,196.3,544.1,0.52,0.23,0.57,-0.03
171,5.7,3,0,person,0.518,0.9,391.0,63.6,585.3,32.3,488.2,0.22,-1.18,1.2,-1.28
171,5.7,15,0,person,0.764,1046.1,317.1,1169.2,551.0,1107.6,434.0,0.23,0.0,0.23,-0.49
171,5.7,32,0,person,0.527,438.9,526.4,621.6,633.5,530.2,580.0,10.2,-2.39,10.47,2.75
171,5.7,33,0,person,0.389,882.9,314.2,973.0,453.0,927.9,383.6,0.16,0.54,0.56,0.18
172,5.733,1,0,person,0.828,108.5,437.0,284.5,651.6,196.5,544.3,0.24,0.22,0.33,-0.0
172,5.733,3,0,person,0.548,0.9,390.4,64.1,585.6,32.5,488.0,0.24,-0.17,0.29,1.01
172,5.733,15,0,person,0.794,1047.7,317.1,1170.6,551.3,1109.2,434.2,1.51,0.17,1.52,0.16
172,5.733,32,0,person,0.6,450.6,518.9,643.7,633.7,547.2,576.3,16.91,-3.67,17.31,-1.28
172,5.733,33,0,person,0.464,881.0,314.7,970.1,453.2,925.6,383.9,-2.37,0.32,2.39,-0.22
172,5.733,5,0,person,0.353,558.3,247.2,649.4,472.7,603.9,359.9,1.2,-2.06,2.38,-2.63
173,5.767,1,0,person,0.796,107.6,437.2,285.3,651.7,196.5,544.4,-0.02,0.16,0.16,-0.07
173,5.767,3,0,person,0.564,0.8,389.6,64.4,585.7,32.6,487.7,0.09,-0.34,0.35,-0.17
173,5.767,15,0,person,0.795,1049.6,318.2,1172.9,554.8,1111.2,436.5,2.09,2.32,3.13,2.15
173,5.767,32,0,person,0.663,461.6,509.3,664.5,632.4,563.0,570.8,15.89,-5.45,16.8,-1.79
173,5.767,33,0,person,0.552,882.0,315.4,970.1,453.9,926.0,384.6,0.46,0.7,0.84,0.38
173,5.767,5,0,person,0.303,556.5,255.4,643.5,473.3,600.0,364.3,-3.84,4.41,5.85,6.47
174,5.8,1,0,person,0.807,107.1,437.3,286.4,651.6,196.8,544.5,0.29,0.02,0.29,-0.14
174,5.8,3,0,person,0.57,0.8,389.5,64.5,585.6,32.6,487.5,0.03,-0.18,0.18,0.16
174,5.8,15,0,person,0.795,1051.2,316.3,1175.2,556.7,1113.2,436.5,1.94,-0.0,1.94,-2.32
174,5.8,32,0,person,0.637,469.8,500.3,681.9,632.3,575.9,566.3,12.81,-4.57,13.6,0.89
174,5.8,33,0,person,0.433,883.4,315.3,970.9,454.2,927.2,384.7,1.13,0.11,1.14,-0.59
174,5.8,5,0,person,0.34,556.6,251.6,644.4,473.7,600.5,362.6,0.47,-1.69,1.76,-6.11
175,5.833,1,0,person,0.813,106.4,437.3,287.2,651.6,196.8,544.4,0.04,-0.03,0.05,-0.05
175,5.833,3,0,person,0.575,0.7,387.9,65.0,585.4,32.8,486.7,0.17,-0.83,0.85,-0.65
175,5.833,15,0,person,0.736,1052.4,314.3,1176.4,557.8,1114.4,436.1,1.22,-0.46,1.3,-0.46
175,5.833,32,0,person,0.679,500.5,490.6,723.9,630.9,612.2,560.8,36.32,-5.52,36.73,-0.95
175,5.833,33,0,person,0.368,882.2,302.7,976.4,454.3,929.3,378.5,2.18,-6.25,6.62,-6.36
176,5.867,1,0,person,0.798,105.6,437.4,287.7,651.5,196.7,544.4,-0.14,0.02,0.14,0.04
176,5.867,3,0,person,0.517,0.0,382.3,65.8,585.5,32.9,483.9,0.07,-2.77,2.77,-1.94
176,5.867,15,0,person,0.684,1053.9,315.4,1176.8,559.1,1115.3,437.3,0.93,1.21,1.53,1.67
176,5.867,32,0,person,0.49,498.3,481.6,727.3,630.2,612.8,555.9,0.6,-4.89,4.93,0.63
176,5.867,5,0,person,0.336,562.0,242.9,652.9,469.9,607.5,356.4,3.49,-3.14,4.69,-0.72
177,5.9,1,0,person,0.827,104.6,437.1,288.1,651.5,196.3,544.3,-0.31,-0.12,0.33,-0.14
177,5.9,3,0,person,0.478,0.0,372.9,66.7,585.6,33.4,479.3,0.47,-4.64,4.67,-1.88
177,5.9,15,0,person,0.671,1055.3,316.3,1176.9,559.4,1116.1,437.9,0.79,0.6,1.0,-0.61
177,5.9,32,0,person,0.637,525.3,475.0,760.4,629.8,642.9,552.4,30.08,-3.52,30.29,1.37
177,5.9,5,0,person,0.374,561.7,242.1,653.0,468.5,607.4,355.3,-0.09,-1.03,1.03,2.11
178,5.933,1,0,person,0.819,103.6,437.0,288.3,651.5,196.0,544.2,-0.39,-0.12,0.41,0.01
178,5.933,3,0,person,0.48,0.0,366.6,67.1,585.5,33.6,476.0,0.21,-3.24,3.25,1.4
178,5.933,15,0,person,0.693,1056.4,316.2,1177.3,560.1,1116.9,438.1,0.75,0.27,0.79,-0.33
178,5.933,32,0,person,0.768,540.5,470.1,777.7,628.6,659.1,549.4,16.26,-2.99,16.53,0.52
179,5.967,1,0,person,0.828,103.2,437.0,289.0,651.5,196.1,544.3,0.12,0.08,0.14,0.2
179,5.967,3,0,person,0.509,0.0,370.8,66.5,585.5,33.3,478.1,-0.31,2.12,2.14,5.36
179,5.967,15,0,person,0.56,1049.7,282.4,1183.9,559.4,1116.8,420.9,-0.1,-17.24,17.24,-17.51
179,5.967,32,0,person,0.782,554.1,465.3,792.7,627.6,673.4,546.4,14.26,-2.95,14.56,0.05
180,6.0,1,0,person,0.832,102.9,437.0,289.7,651.4,196.3,544.2,0.21,-0.11,0.24,-0.19
180,6.0,3,0,person,0.494,0.0,368.7,66.7,585.4,33.4,477.0,0.1,-1.12,1.13,-3.24
180,6.0,15,0,person,0.759,1054.7,301.9,1178.6,559.7,1116.7,430.8,-0.1,9.88,9.88,27.12
180,6.0,32,0,person,0.858,565.9,460.7,806.3,627.5,686.1,544.1,12.76,-2.29,12.96,0.65
181,6.033,1,0,person,0.832,102.8,437.2,290.6,651.4,196.7,544.3,0.4,0.11,0.42,0.23
181,6.033,3,0,person,0.522,0.0,365.2,67.5,585.5,33.8,475.3,0.41,-1.69,1.74,-0.56
181,6.033,15,0,person,0.738,1055.4,302.0,1177.7,559.2,1116.6,430.6,-0.12,-0.17,0.21,-10.05
181,6.033,32,0,person,0.784,577.8,458.0,817.4,627.1,697.6,542.6,11.46,-1.55,11.56,0.75
181,6.033,5,0,person,0.351,556.7,253.9,643.0,471.3,599.9,362.6,-1.87,1.82,2.61,0.71
182,6.067,1,0,person,0.849,102.4,437.2,291.0,651.4,196.7,544.3,0.02,-0.02,0.03,-0.13
182,6.067,3,0,person,0.518,0.0,364.1,67.5,585.3,33.7,474.7,-0.03,-0.63,0.63,1.06
182,6.067,15,0,person,0.748,1056.5,301.3,1177.2,558.1,1116.8,429.7,0.29,-0.86,0.91,-0.69
182,6.067,32,0,person,0.774,592.2,453.8,832.3,626.6,712.2,540.2,14.61,-2.39,14.81,-0.85
182,6.067,35,0,person,0.672,811.9,559.3,928.3,616.0,870.1,587.7,0.0,0.0,0.0,0.0
182,6.067,5,0,person,0.338,557.0,254.7,642.3,472.1,599.7,363.4,-0.21,0.77,0.8,-1.05
183,6.1,1,0,person,0.81,101.5,437.2,290.9,651.4,196.2,544.3,-0.47,0.02,0.47,0.04
183,6.1,3,0,person,0.53,0.0,366.8,66.9,585.4,33.4,476.1,-0.29,1.41,1.44,2.04
183,6.1,15,0,person,0.797,1056.4,298.3,1177.2,557.4,1116.8,427.9,-0.08,-1.87,1.87,-1.01
183,6.1,32,0,person,0.795,606.4,453.2,842.2,625.7,724.3,539.4,12.08,-0.76,12.11,1.63
183,6.1,35,0,person,0.527,809.4,554.1,934.5,615.4,871.9,584.7,1.81,-2.96,3.47,-2.96
183,6.1,5,0,person,0.334,557.0,249.8,643.6,473.0,600.3,361.4,0.64,-1.97,2.07,-2.74
184,6.133,1,0,person,0.837,101.6,437.4,291.6,651.2,196.6,544.3,0.36,0.01,0.36,-0.01
184,6.133,3,0,person,0.551,0.0,374.5,65.6,585.2,32.8,479.9,-0.62,3.75,3.8,2.33
184,6.133,15,0,person,0.81,1056.5,298.8,1176.8,559.1,1116.6,429.0,-0.12,1.11,1.12,2.98
184,6.133,32,0,person,0.561,620.7,448.4,856.4,623.8,738.5,536.1,14.23,-3.33,14.62,-2.57
184,6.133,5,0,person,0.422,557.6,257.6,640.9,473.9,599.3,365.8,-1.05,4.34,4.47,6.31
185,6.167,1,0,person,0.828,101.4,437.5,292.0,651.1,196.7,544.3,0.09,-0.03,0.09,-0.04
185,6.167,3,0,person,0.558,0.5,378.7,65.2,585.2,32.8,481.9,0.02,2.04,2.04,-1.7
185,6.167,15,0,person,0.81,1056.0,301.6,1174.9,560.6,1115.4,431.1,-1.2,2.12,2.44,1.01
185,6.167,32,0,person,0.583,628.9,444.9,863.7,623.1,746.3,534.0,7.76,-2.1,8.04,1.24
185,6.167,5,0,person,0.44,558.9,270.9,637.0,474.1,598.0,372.5,-1.3,6.73,6.85,2.39
186,6.2,1,0,person,0.79,101.4,437.3,292.3,650.6,196.9,543.9,0.17,-0.35,0.39,-0.32
186,6.2,3,0,person,0.582,1.2,383.7,64.6,585.4,32.9,484.6,0.07,2.67,2.67,0.62
186,6.2,15,0,person,0.799,1056.5,304.3,1175.0,563.8,1115.7,434.0,0.31,2.95,2.96,0.83
186,6.2,32,0,person,0.787,633.5,441.3,868.6,623.8,751.0,532.5,4.76,-1.45,4.98,0.64
186,6.2,5,0,person,0.412,559.3,272.6,636.6,474.7,597.9,373.6,-0.02,1.13,1.13,-5.6
186,6.2,35,0,person,0.609,764.8,522.4,953.9,617.2,859.3,569.8,-4.19,-4.97,6.51,-0.67
187,6.233,1,0,person,0.782,101.4,437.3,292.6,650.4,197.0,543.8,0.14,-0.1,0.18,0.25
187,6.233,3,0,person,0.604,1.2,384.6,64.6,585.6,32.9,485.1,0.0,0.49,0.49,-2.17
187,6.233,15,0,person,0.812,1056.5,304.9,1175.4,567.4,1116.0,436.2,0.24,2.12,2.13,-0.83
187,6.233,32,0,person,0.613,636.9,437.8,869.9,623.8,753.4,530.8,2.35,-1.74,2.92,-0.29
187,6.233,5,0,person,0.613,562.9,250.3,649.5,475.3,606.2,362.8,8.25,-10.81,13.6,-11.94
187,6.233,35,0,person,0.434,752.1,511.2,959.4,617.7,855.8,564.4,-3.59,-5.36,6.45,-0.39
188,6.267,1,0,person,0.828,101.2,437.5,293.3,650.7,197.2,544.1,0.23,0.3,0.38,0.4
188,6.267,3,0,person,0.633,1.6,388.7,64.1,585.5,32.9,487.1,-0.04,2.02,2.02,1.52
188,6.267,15,0,person,0.824,1057.2,305.8,1175.0,567.5,1116.1,436.7,0.13,0.52,0.53,-1.6
188,6.267,32,0,person,0.703,638.2,433.7,868.7,624.1,753.4,528.9,0.03,-1.9,1.9,-0.16
188,6.267,5,0,person,0.683,563.8,242.1,653.8,475.2,608.8,358.7,2.6,-4.14,4.88,6.68
188,6.267,35,0,person,0.638,732.7,501.8,957.1,619.4,844.9,560.6,-10.85,-3.87,11.52,1.49
189,6.3,1,0,person,0.79,101.1,437.3,293.5,650.4,197.3,543.9,0.03,-0.26,0.26,-0.56
189,6.3,3,0,person,0.653,1.1,385.6,65.0,586.4,33.1,486.0,0.2,-1.12,1.14,-3.14
189,6.3,15,0,person,0.815,1057.4,304.4,1175.5,568.7,1116.5,436.6,0.36,-0.09,0.37,-0.61
189,6.3,32,0,person,0.819,642.8,428.8,872.3,624.3,757.6,526.6,4.16,-2.34,4.77,-0.43
189,6.3,5,0,person,0.727,564.5,237.4,656.5,475.0,610.5,356.2,1.73,-2.44,3.0,1.69
189,6.3,35,0,person,0.737,731.2,495.4,965.2,619.7,848.2,557.6,3.3,-2.99,4.45,0.88
190,6.333,1,0,person,0.797,101.2,437.7,294.8,651.2,198.0,544.5,0.72,0.58,0.92,0.83
190,6.333,3,0,person,0.661,1.4,385.3,65.9,587.0,33.6,486.2,0.53,0.21,0.57,1.33
190,6.333,15,0,person,0.818,1058.1,301.4,1176.8,569.2,1117.4,435.3,0.97,-1.28,1.6,-1.19
190,6.333,32,0,person,0.833,648.4,424.0,876.8,624.9,762.6,524.5,5.0,-2.1,5.42,0.23
190,6.333,5,0,person,0.684,564.1,235.4,656.9,475.1,610.5,355.2,-0.03,-0.98,0.98,1.46
190,6.333,35,0,person,0.783,732.7,491.7,971.7,620.4,852.2,556.0,3.96,-1.55,4.26,1.44
191,6.367,1,0,person,0.816,101.1,437.8,295.6,651.5,198.3,544.7,0.37,0.21,0.43,-0.37
191,6.367,3,0,person,0.678,1.4,385.8,66.2,587.4,33.8,486.6,0.18,0.44,0.47,0.23
191,6.367,15,0,person,0.823,1058.2,300.1,1176.6,569.7,1117.4,434.9,-0.03,-0.44,0.44,0.84
191,6.367,32,0,person,0.798,655.3,421.7,877.9,624.3,766.6,523.0,4.02,-1.5,4.29,0.6
191,6.367,5,0,person,0.792,563.9,235.1,657.5,477.3,610.7,356.2,0.21,0.97,0.99,1.95
191,6.367,35,0,person,0.768,734.4,487.7,978.3,620.9,856.3,554.3,4.16,-1.71,4.5,-0.15
191,6.367,37,2,car,0.393,122.3,132.9,193.3,173.3,157.8,153.1,0.0,0.0,0.0,0.0
192,6.4,1,0,person,0.822,101.0,437.8,296.0,651.5,198.5,544.7,0.18,0.0,0.18,-0.21
192,6.4,3,0,person,0.628,0.7,379.7,67.3,587.1,34.0,483.4,0.19,-3.2,3.21,-3.64
192,6.4,15,0,person,0.794,1058.8,302.0,1175.7,569.8,1117.2,435.9,-0.18,1.06,1.07,1.49
192,6.4,32,0,person,0.786,665.2,418.1,883.0,623.8,774.1,520.9,7.5,-2.04,7.77,-0.54
192,6.4,5,0,person,0.79,564.3,235.6,657.7,477.2,611.0,356.4,0.27,0.19,0.33,-0.77
192,6.4,35,0,person,0.831,736.5,483.7,985.7,621.6,861.1,552.6,4.79,-1.72,5.09,-0.02
192,6.4,37,2,car,0.344,122.3,132.5,194.1,173.3,158.2,152.9,0.4,-0.19,0.45,-0.19
193,6.433,1,0,person,0.837,101.4,437.8,296.9,651.5,199.2,544.7,0.67,0.0,0.67,0.0
193,6.433,3,0,person,0.652,0.0,368.8,69.4,587.8,34.7,478.3,0.7,-5.11,5.16,-1.91
193,6.433,15,0,person,0.808,1059.3,302.9,1175.3,570.4,1117.3,436.6,0.1,0.69,0.7,-0.36
193,6.433,32,0,person,0.833,673.6,415.2,886.2,622.9,779.9,519.0,5.85,-1.91,6.16,0.13
193,6.433,5,0,person,0.807,565.3,236.6,658.3,475.9,611.8,356.2,0.82,-0.18,0.84,-0.37
193,6.433,35,0,person,0.801,740.5,480.9,990.7,621.3,865.6,551.1,4.47,-1.47,4.7,0.26
193,6.433,37,2,car,0.301,123.3,132.7,195.9,174.1,159.6,153.4,1.44,0.55,1.54,0.74
194,6.467,1,0,person,0.855,101.5,437.8,297.5,651.6,199.5,544.7,0.27,0.05,0.27,0.04
194,6.467,3,0,person,0.643,0.0,362.0,70.6,588.2,35.3,475.1,0.6,-3.19,3.25,1.91
194,6.467,15,0,person,0.82,1060.3,303.2,1175.6,570.9,1117.9,437.0,0.61,0.4,0.73,-0.3
194,6.467,32,0,person,0.823,680.2,409.2,890.8,621.9,785.5,515.6,5.58,-3.47,6.57,-1.56
194,6.467,5,0,person,0.791,565.2,237.8,657.6,475.9,611.4,356.8,-0.37,0.59,0.69,0.77
194,6.467,35,0,person,0.828,745.5,478.4,996.9,621.2,871.2,549.8,5.59,-1.34,5.75,0.12
195,6.5,1,0,person,0.843,101.1,437.9,297.6,651.7,199.3,544.8,-0.12,0.06,0.13,0.01
195,6.5,3,0,person,0.652,0.0,367.3,69.6,588.2,34.8,477.8,-0.5,2.64,2.69,5.84
195,6.5,15,0,person,0.823,1060.8,302.6,1175.7,571.0,1118.3,436.8,0.31,-0.19,0.37,-0.59
195,6.5,32,0,person,0.718,690.7,404.9,898.4,620.8,794.6,512.8,9.04,-2.72,9.44,0.75
195,6.5,5,0,person,0.817,564.7,237.5,657.7,476.4,611.2,356.9,-0.22,0.13,0.26,-0.46
195,6.5,35,0,person,0.695,754.5,475.9,1004.8,620.2,879.7,548.1,8.47,-1.73,8.64,-0.39
196,6.533,1,0,person,0.834,100.7,437.9,297.4,651.5,199.1,544.7,-0.28,-0.07,0.29,-0.13
196,6.533,3,0,person,0.646,0.0,370.5,68.8,588.0,34.4,479.2,-0.38,1.49,1.54,-1.15
196,6.533,15,0,person,0.806,1060.9,301.5,1175.5,570.9,1118.2,436.2,-0.07,-0.63,0.64,-0.44
196,6.533,32,0,person,0.661,697.8,402.2,904.3,621.1,801.1,511.6,6.53,-1.22,6.64,1.5
196,6.533,5,0,person,0.828,563.8,238.0,656.9,476.6,610.4,357.3,-0.83,0.39,0.92,0.26
196,6.533,35,0,person,0.751,760.3,473.5,1011.2,620.4,885.7,547.0,6.08,-1.08,6.17,0.65
197,6.567,1,0,person,0.864,100.8,438.2,297.5,651.6,199.2,544.9,0.11,0.17,0.2,0.24
197,6.567,3,0,person,0.657,0.2,371.5,69.2,588.3,34.7,479.9,0.31,0.68,0.75,-0.81
197,6.567,15,0,person,0.796,1061.4,302.3,1175.2,571.1,1118.3,436.7,0.09,0.5,0.51,1.14
197,6.567,32,0,person,0.791,700.2,398.9,905.5,621.8,802.9,510.3,1.8,-1.3,2.22,-0.07
197,6.567,5,0,person,0.796,564.1,238.8,657.1,476.7,610.6,357.7,0.23,0.43,0.48,0.04
197,6.567,35,0,person,0.78,767.4,470.9,1018.7,620.5,893.0,545.7,7.3,-1.26,7.41,-0.18
198,6.6,1,0,person,0.894,101.3,438.2,298.6,652.1,199.9,545.2,0.77,0.31,0.83,0.14
198,6.6,3,0,person,0.692,0.8,371.1,70.4,588.7,35.6,479.9,0.87,-0.01,0.87,-0.69
198,6.6,15,0,person,0.797,1062.3,303.8,1175.0,571.4,1118.7,437.6,0.39,0.95,1.03,0.44
198,6.6,32,0,person,0.747,705.4,395.4,909.5,622.3,807.5,508.8,4.58,-1.46,4.81,-0.17
198,6.6,5,0,person,0.805,564.6,239.5,657.7,476.7,611.2,358.1,0.6,0.32,0.68,-0.1
198,6.6,35,0,person,0.781,772.2,468.7,1024.0,621.1,898.1,544.9,5.07,-0.81,5.14,0.45
199,6.633,1,0,person,0.891,102.0,438.3,299.6,652.3,200.8,545.3,0.85,0.15,0.86,-0.16
199,6.633,3,0,person,0.778,2.0,376.1,70.6,589.1,36.3,482.6,0.73,2.64,2.74,2.65
199,6.633,15,0,person,0.788,1063.6,305.3,1175.0,571.0,1119.3,438.2,0.65,0.52,0.83,-0.43
199,6.633,32,0,person,0.781,709.8,392.5,911.5,621.4,810.6,506.9,3.16,-1.92,3.7,-0.45
199,6.633,5,0,person,0.788,566.3,238.9,660.0,476.3,613.1,357.6,1.96,-0.45,2.01,-0.77
199,6.633,35,0,person,0.714,778.6,469.2,1025.7,620.8,902.2,545.0,4.06,0.09,4.06,0.9
200,6.667,1,0,person,0.882,102.5,438.4,300.0,652.4,201.3,545.4,0.48,0.11,0.49,-0.04
200,6.667,3,0,person,0.78,2.3,378.3,70.9,589.3,36.6,483.8,0.27,1.24,1.27,-1.4
200,6.667,15,0,person,0.789,1064.6,305.1,1175.6,571.2,1120.1,438.1,0.79,-0.05,0.8,-0.57
200,6.667,32,0,person,0.782,713.0,389.9,913.5,622.3,813.3,506.1,2.64,-0.87,2.78,1.04
200,6.667,5,0,person,0.763,566.6,238.9,660.8,476.3,613.7,357.6,0.52,-0.02,0.52,0.42
200,6.667,35,0,person,0.744,783.6,468.6,1029.7,621.1,906.6,544.9,4.45,-0.14,4.45,-0.23
201,6.7,1,0,person,0.892,103.0,438.5,300.9,652.9,202.0,545.7,0.7,0.24,0.74,0.13
201,6.7,3,0,person,0.781,2.5,380.0,71.2,589.8,36.8,484.9,0.23,1.13,1.15,-0.11
201,6.7,15,0,person,0.805,1065.4,305.9,1176.1,572.1,1120.8,439.0,0.66,0.89,1.11,0.94
201,6.7,32,0,person,0.683,720.7,389.1,915.1,618.6,817.9,503.8,4.65,-2.21,5.15,-1.34
201,6.7,5,0,person,0.745,566.5,239.3,661.0,476.4,613.8,357.8,0.1,0.24,0.27,0.27
201,6.7,35,0,person,0.71,787.9,468.0,1031.6,620.4,909.7,544.2,3.12,-0.67,3.19,-0.53
202,6.733,1,0,person,0.895,103.4,438.3,301.4,652.9,202.4,545.6,0.42,-0.06,0.42,-0.3
202,6.733,3,0,person,0.785,2.8,381.4,71.6,589.8,37.2,485.6,0.38,0.67,0.77,-0.46
202,6.733,15,0,person,0.801,1065.9,304.6,1176.7,571.9,1121.3,438.3,0.5,-0.74,0.89,-1.63
202,6.733,32,0,person,0.621,724.9,389.1,917.8,620.4,821.3,504.7,3.43,0.89,3.55,3.1
202,6.733,5,0,person,0.676,566.3,239.9,661.0,476.5,613.7,358.2,-0.09,0.33,0.34,0.08
202,6.733,35,0,person,0.672,790.8,467.3,1033.0,620.0,911.9,543.7,2.13,-0.52,2.2,0.15
203,6.767,1,0,person,0.892,104.0,438.3,302.4,653.3,203.2,545.8,0.79,0.17,0.81,0.24
203,6.767,3,0,person,0.782,3.0,382.8,72.2,590.1,37.6,486.5,0.4,0.86,0.95,0.19
203,6.767,15,0,person,0.789,1066.6,306.8,1176.6,572.5,1121.6,439.6,0.33,1.34,1.39,2.08
203,6.767,32,0,person,0.609,728.9,389.5,920.7,622.0,824.8,505.7,3.47,1.01,3.61,0.12
203,6.767,5,0,person,0.654,566.6,240.7,660.9,476.1,613.7,358.4,0.06,0.23,0.24,-0.09
203,6.767,35,0,person,0.614,792.6,466.3,1034.3,619.6,913.5,542.9,1.61,-0.76,1.78,-0.23
203,6.767,38,62,tv,0.342,201.1,4.4,1266.5,719.3,733.8,361.8,0.0,0.0,0.0,0.0
204,6.8,1,0,person,0.895,104.1,438.2,302.7,653.4,203.4,545.8,0.19,0.01,0.19,-0.17
204,6.8,3,0,person,0.782,2.6,382.0,72.4,589.8,37.5,485.9,-0.11,-0.58,0.59,-1.44
204,6.8,15,0,person,0.794,1067.2,308.0,1176.5,572.5,1121.8,440.3,0.24,0.67,0.71,-0.68
204,6.8,32,0,person,0.732,730.5,389.3,921.0,622.9,825.8,506.1,0.94,0.34,1.0,-0.67
204,6.8,5,0,person,0.724,566.5,240.9,660.9,476.4,613.7,358.6,-0.04,0.24,0.24,0.01
204,6.8,35,0,person,0.622,793.9,465.4,1035.4,619.6,914.6,542.5,1.14,-0.43,1.22,0.32
205,6.833,1,0,person,0.886,103.3,438.0,301.6,652.8,202.4,545.4,-0.92,-0.39,1.0,-0.4
205,6.833,3,0,person,0.792,1.5,381.2,71.4,588.8,36.4,485.0,-1.05,-0.89,1.37,-0.31
205,6.833,15,0,person,0.819,1066.2,305.3,1176.3,572.4,1121.3,438.8,-0.53,-1.46,1.56,-2.13
205,6.833,32,0,person,0.623,731.4,389.3,920.6,623.5,826.0,506.4,0.23,0.32,0.39,-0.02
205,6.833,5,0,person,0.779,565.8,240.1,660.8,476.2,613.3,358.1,-0.41,-0.5,0.65,-0.74
205,6.833,35,0,person,0.693,795.6,464.6,1035.1,619.3,915.3,542.0,0.72,-0.55,0.9,-0.12
205,6.833,37,2,car,0.333,135.5,137.6,199.2,173.8,167.3,155.7,0.64,0.19,0.67,-0.03
206,6.867,1,0,person,0.884,102.9,437.9,301.0,652.4,201.9,545.2,-0.52,-0.25,0.58,0.14
206,6.867,3,0,person,0.778,0.4,377.5,71.2,588.1,35.8,482.8,-0.6,-2.2,2.28,-1.31
206,6.867,15,0,person,0.812,1065.2,304.2,1175.3,571.9,1120.3,438.0,-1.01,-0.78,1.28,0.68
206,6.867,5,0,person,0.803,565.1,240.2,660.3,476.5,612.7,358.3,-0.6,0.2,0.64,0.7
206,6.867,35,0,person,0.549,765.5,459.6,1017.3,620.5,891.4,540.0,-23.94,-1.9,24.01,-1.35
206,6.867,37,2,car,0.451,135.4,137.1,199.2,173.5,167.3,155.3,-0.05,-0.37,0.38,-0.56
207,6.9,1,0,person,0.894,103.2,437.8,301.2,652.4,202.2,545.1,0.29,-0.05,0.3,0.21
207,6.9,3,0,person,0.784,1.5,380.2,71.8,588.2,36.6,484.2,0.81,1.41,1.62,3.6
207,6.9,15,0,person,0.808,1065.3,304.9,1174.8,571.8,1120.1,438.3,-0.22,0.3,0.37,1.08
207,6.9,5,0,person,0.773,565.0,239.6,660.9,477.8,612.9,358.7,0.23,0.38,0.44,0.18
207,6.9,35,0,person,0.59,752.1,453.1,1016.2,621.2,884.2,537.2,-7.23,-2.89,7.79,-0.99
207,6.9,37,2,car,0.338,136.1,137.2,200.1,173.9,168.1,155.5,0.81,0.22,0.84,0.59
208,6.933,1,0,person,0.895,103.6,437.9,301.7,652.7,202.6,545.3,0.39,0.17,0.43,0.22
208,6.933,3,0,person,0.789,1.9,382.0,72.4,589.0,37.2,485.5,0.51,1.31,1.4,-0.1
208,6.933,15,0,person,0.789,1066.2,305.6,1175.6,572.2,1120.9,438.9,0.84,0.58,1.02,0.28
208,6.933,5,0,person,0.794,565.5,239.6,661.1,476.8,613.3,358.2,0.39,-0.54,0.66,-0.92
208,6.933,35,0,person,0.6,782.2,464.1,1025.3,620.2,903.7,542.1,19.55,4.97,20.17,7.87
208,6.933,32,0,person,0.443,746.1,386.6,936.2,622.5,841.1,504.6,5.05,-0.61,5.09,-0.31
209,6.967,1,0,person,0.891,104.0,438.0,301.9,652.7,203.0,545.3,0.35,0.06,0.36,-0.11
209,6.967,3,0,person,0.795,2.3,383.6,72.8,589.3,37.6,486.4,0.4,0.9,0.98,-0.41
209,6.967,15,0,person,0.799,1066.5,306.5,1175.6,572.7,1121.1,439.6,0.18,0.68,0.7,0.1
209,6.967,5,0,person,0.82,565.9,239.5,661.5,476.5,613.7,358.0,0.41,-0.18,0.45,0.35
209,6.967,35,0,person,0.778,792.1,469.6,1025.2,620.0,908.7,544.8,4.93,2.67,5.61,-2.31
209,6.967,32,0,person,0.681,747.1,387.2,932.6,621.4,839.8,504.3,-1.31,-0.23,1.33,0.39
210,7.0,1,0,person,0.88,104.6,438.2,302.6,653.0,203.6,545.6,0.67,0.24,0.71,0.18
210,7.0,3,0,person,0.797,2.3,384.4,73.2,589.5,37.7,487.0,0.18,0.55,0.57,-0.35
210,7.0,15,0,person,0.755,1066.8,307.0,1175.9,573.0,1121.4,440.0,0.28,0.4,0.49,-0.28
210,7.0,5,0,person,0.81,566.7,240.1,662.2,477.1,614.5,358.6,0.75,0.57,0.94,0.75
210,7.0,35,0,person,0.73,802.7,472.5,1028.8,620.1,915.7,546.3,7.07,1.53,7.23,-1.14
210,7.0,32,0,person,0.487,753.8,386.4,935.5,621.2,844.7,503.8,4.86,-0.49,4.88,-0.27
211,7.033,1,0,person,0.879,105.8,438.6,303.9,653.7,204.8,546.1,1.2,0.52,1.3,0.28
211,7.033,3,0,person,0.789,2.2,380.8,75.0,590.4,38.6,485.6,0.85,-1.37,1.61,-1.91
211,7.033,15,0,person,0.775,1067.8,310.5,1175.9,573.5,1121.9,442.0,0.49,2.05,2.1,1.65
211,7.033,5,0,person,0.669,567.3,241.1,663.0,478.1,615.2,359.6,0.69,1.07,1.27,0.5
211,7.033,35,0,person,0.633,803.0,474.1,1026.0,620.3,914.5,547.2,-1.25,0.86,1.52,-0.67
211,7.033,32,0,person,0.497,769.4,386.3,935.4,602.4,852.4,494.4,7.72,-9.47,12.22,-8.98
212,7.067,1,0,person,0.87,107.1,439.1,305.3,654.7,206.2,546.9,1.38,0.8,1.6,0.28
212,7.067,3,0,person,0.806,1.4,374.5,76.7,591.0,39.0,482.8,0.47,-2.84,2.88,-1.48
212,7.067,15,0,person,0.762,1068.9,313.5,1176.7,574.7,1122.8,444.1,0.95,2.05,2.26,0.0
212,7.067,5,0,person,0.687,568.5,242.1,664.4,478.7,616.4,360.4,1.27,0.8,1.5,-0.27
212,7.067,35,0,person,0.641,798.4,474.4,1022.2,621.1,910.3,547.8,-4.21,0.57,4.25,-0.29
212,7.067,32,0,person,0.492,777.4,385.9,947.1,609.3,862.3,497.6,9.87,3.28,10.4,12.76
213,7.1,1,0,person,0.866,108.4,439.8,306.3,655.4,207.3,547.6,1.14,0.66,1.32,-0.14
213,7.1,3,0,person,0.828,0.9,369.8,78.2,591.4,39.6,480.6,0.55,-2.17,2.24,0.67
213,7.1,15,0,person,0.767,1069.2,315.2,1177.2,575.8,1123.2,445.5,0.4,1.41,1.46,-0.64
213,7.1,5,0,person,0.639,569.5,242.6,665.5,479.3,617.5,360.9,1.07,0.5,1.18,-0.29
213,7.1,35,0,person,0.717,799.3,475.2,1022.9,622.4,911.1,548.8,0.86,1.06,1.36,0.49
213,7.1,32,0,person,0.526,785.4,385.5,948.8,602.1,867.1,493.8,4.86,-3.84,6.2,-7.12
214,7.133,1,0,person,0.855,109.9,441.3,306.6,656.0,208.2,548.7,0.9,1.08,1.41,0.42
214,7.133,3,0,person,0.838,0.8,368.1,79.1,592.4,40.0,480.3,0.36,-0.32,0.48,1.85
214,7.133,15,0,person,0.775,1069.6,316.4,1177.7,576.9,1123.6,446.6,0.44,1.14,1.23,-0.26
214,7.133,5,0,person,0.716,571.2,243.3,667.6,480.7,619.4,362.0,1.89,1.03,2.15,0.52
214,7.133,35,0,person,0.527,802.5,476.0,1025.0,623.0,913.8,549.5,2.64,0.68,2.73,-0.37
214,7.133,32,0,person,0.352,786.2,384.2,956.6,613.5,871.4,498.9,4.27,5.06,6.62,8.9
215,7.167,1,0,person,0.854,110.9,442.2,306.9,656.3,208.9,549.2,0.67,0.6,0.89,-0.49
215,7.167,3,0,person,0.841,0.9,368.0,79.8,592.8,40.4,480.4,0.4,0.14,0.43,0.47
215,7.167,15,0,person,0.745,1070.0,317.3,1178.1,577.7,1124.0,447.5,0.37,0.85,0.93,-0.3
215,7.167,5,0,person,0.449,571.7,244.6,668.0,482.1,619.8,363.4,0.45,1.42,1.49,0.39
215,7.167,35,0,person,0.426,807.3,476.8,1027.6,623.4,917.5,550.1,3.69,0.6,3.74,-0.09
215,7.167,32,0,person,0.405,789.1,381.3,964.1,620.0,876.6,500.6,5.18,1.78,5.48,-3.28
215,7.167,38,62,tv,0.335,260.7,3.0,1280.0,716.1,770.4,359.6,3.05,-0.19,3.05,-0.02
216,7.2,1,0,person,0.852,111.6,442.7,307.3,656.6,209.5,549.6,0.57,0.38,0.68,-0.22
216,7.2,3,0,person,0.836,1.1,367.7,80.4,593.2,40.7,480.4,0.39,0.04,0.39,-0.1
216,7.2,15,0,person,0.724,1069.9,317.5,1178.3,578.4,1124.1,448.0,0.05,0.48,0.48,-0.37
216,7.2,5,0,person,0.447,572.6,245.6,668.5,482.0,620.5,363.8,0.7,0.41,0.81,-1.01
216,7.2,35,0,person,0.497,808.3,476.0,1028.6,623.6,918.5,549.8,1.0,-0.27,1.04,-0.87
216,7.2,32,0,person,0.561,793.5,379.5,968.8,621.6,881.1,500.5,4.53,-0.09,4.53,-1.87
217,7.233,1,0,person,0.844,112.4,443.2,308.0,657.1,210.2,550.2,0.71,0.53,0.88,0.15
217,7.233,3,0,person,0.83,1.1,367.2,81.0,593.6,41.0,480.4,0.3,-0.04,0.3,-0.08
217,7.233,15,0,person,0.749,1070.5,316.7,1179.4,578.4,1125.0,447.5,0.89,-0.44,0.99,-0.92
217,7.233,5,0,person,0.477,571.2,248.4,665.5,481.9,618.4,365.2,-2.18,1.37,2.57,0.96
217,7.233,35,0,person,0.557,808.4,476.6,1027.8,624.2,918.1,550.4,-0.35,0.57,0.67,0.84
217,7.233,32,0,person,0.556,799.3,377.3,971.2,616.9,885.3,497.1,4.14,-3.47,5.4,-3.38
218,7.267,1,0,person,0.844,113.2,442.9,309.2,657.5,211.2,550.2,0.96,0.05,0.96,-0.48
218,7.267,3,0,person,0.815,1.2,367.1,81.5,593.9,41.4,480.5,0.34,0.12,0.36,0.15
218,7.267,15,0,person,0.707,1070.8,316.9,1179.9,578.8,1125.3,447.8,0.38,0.32,0.5,0.76
218,7.267,5,0,person,0.455,572.2,248.6,666.7,483.4,619.5,366.0,1.12,0.85,1.41,-0.52
218,7.267,35,0,person,0.763,808.5,477.4,1027.7,625.2,918.1,551.3,-0.0,0.88,0.88,0.31
218,7.267,32,0,person,0.436,809.9,371.9,966.9,590.7,888.4,481.3,3.12,-15.77,16.07,-12.3
218,7.267,38,62,tv,0.382,213.2,2.8,1267.4,716.4,740.3,359.6,-10.03,0.01,10.03,0.07
219,7.3,1,0,person,0.834,113.6,443.8,308.6,657.6,211.1,550.7,-0.05,0.46,0.46,0.4
219,7.3,3,0,person,0.815,0.9,366.2,81.9,594.5,41.4,480.4,0.03,-0.16,0.16,-0.28
219,7.3,15,0,person,0.686,1070.7,317.2,1179.8,579.4,1125.2,448.3,-0.12,0.46,0.47,0.14
219,7.3,5,0,person,0.507,572.9,248.5,667.7,484.4,620.3,366.4,0.81,0.42,0.91,-0.43
219,7.3,35,0,person,0.762,807.1,475.8,1029.7,626.2,918.4,551.0,0.34,-0.28,0.44,-1.16
219,7.3,32,0,person,0.494,807.8,357.3,971.5,588.7,889.7,473.0,1.29,-8.31,8.41,7.45
219,7.3,40,0,person,0.359,184.1,233.3,288.5,475.1,236.3,354.2,0.0,0.0,0.0,0.0
220,7.333,1,0,person,0.841,113.8,444.4,308.3,657.6,211.1,551.0,-0.02,0.36,0.36,-0.1
220,7.333,3,0,person,0.815,0.8,366.4,81.8,594.3,41.3,480.3,-0.08,-0.02,0.08,0.14
220,7.333,15,0,person,0.643,1070.6,317.1,1179.6,579.4,1125.1,448.3,-0.11,-0.03,0.11,-0.49
220,7.333,5,0,person,0.434,573.4,248.5,668.3,485.1,620.8,366.8,0.55,0.34,0.65,-0.08
220,7.333,35,0,person,0.549,815.8,476.0,1036.8,625.6,926.3,550.8,7.88,-0.19,7.88,0.09
220,7.333,32,0,person,0.433,800.4,351.8,977.9,608.0,889.2,479.9,-0.51,6.93,6.95,15.24
220,7.333,40,0,person,0.338,185.3,235.5,287.6,472.3,236.5,353.9,0.17,-0.28,0.33,-0.28
220,7.333,38,62,tv,0.354,201.1,3.0,1259.7,717.8,730.4,360.4,-4.95,0.42,4.97,0.2
221,7.367,1,0,person,0.845,114.0,444.1,308.9,657.9,211.5,551.0,0.38,0.01,0.38,-0.35
221,7.367,3,0,person,0.811,1.0,367.0,81.8,593.8,41.4,480.4,0.05,0.02,0.06,0.04
221,7.367,15,0,person,0.671,1070.4,317.8,1179.3,580.2,1124.8,449.0,-0.28,0.72,0.78,0.76
221,7.367,5,0,person,0.499,573.0,248.7,667.9,486.1,620.5,367.4,-0.38,0.63,0.74,0.29
221,7.367,35,0,person,0.668,818.4,475.1,1040.9,626.0,929.7,550.6,3.34,-0.24,3.35,-0.05
221,7.367,32,0,person,0.631,801.8,348.8,978.7,609.0,890.2,478.9,1.06,-1.03,1.48,-7.96
221,7.367,40,0,person,0.306,185.3,237.9,289.6,479.3,237.4,358.6,0.96,4.66,4.76,4.95
221,7.367,38,62,tv,0.428,201.7,2.9,1261.9,718.0,731.8,360.4,1.41,0.03,1.41,-0.39
222,7.4,1,0,person,0.871,114.4,444.1,309.6,658.4,212.0,551.3,0.54,0.24,0.59,0.23
222,7.4,3,0,person,0.796,1.2,368.0,81.9,593.8,41.5,480.9,0.16,0.53,0.56,0.51
222,7.4,15,0,person,0.752,1070.9,317.2,1179.7,579.7,1125.3,448.5,0.49,-0.53,0.72,-1.25
222,7.4,5,0,person,0.59,572.9,248.3,667.6,486.1,620.2,367.2,-0.21,-0.2,0.29,-0.84
222,7.4,35,0,person,0.79,822.7,474.2,1047.0,626.1,934.9,550.1,5.19,-0.42,5.2,-0.18
222,7.4,32,0,person,0.784,804.4,345.6,980.1,609.2,892.3,477.4,2.05,-1.47,2.52,-0.44
222,7.4,38,62,tv,0.333,191.9,3.2,1257.2,719.3,724.6,361.3,-7.24,0.85,7.29,0.82
223,7.433,1,0,person,0.869,114.2,444.1,309.2,658.4,211.7,551.3,-0.28,-0.01,0.28,-0.24
223,7.433,3,0,person,0.777,0.8,368.1,81.5,593.5,41.1,480.8,-0.39,-0.07,0.4,-0.61
223,7.433,15,0,person,0.707,1070.3,317.7,1178.9,580.0,1124.6,448.9,-0.71,0.39,0.81,0.92
223,7.433,5,0,person,0.666,573.3,247.7,668.0,485.9,620.6,366.8,0.39,-0.44,0.58,-0.23
223,7.433,35,0,person,0.734,826.7,470.9,1053.8,625.2,940.2,548.0,5.39,-2.1,5.79,-1.68
223,7.433,32,0,person,0.726,807.2,341.7,984.5,614.7,895.8,478.2,3.58,0.78,3.66,2.25
223,7.433,40,0,person,0.322,187.2,234.5,287.7,466.8,237.5,350.7,0.04,-3.94,3.94,-4.3
224,7.467,1,0,person,0.88,114.1,444.4,308.9,658.5,211.5,551.4,-0.22,0.18,0.28,0.19
224,7.467,3,0,person,0.773,0.7,369.1,81.2,593.8,40.9,481.4,-0.21,0.62,0.66,0.69
224,7.467,15,0,person,0.698,1071.1,317.3,1179.4,579.4,1125.3,448.3,0.65,-0.53,0.84,-0.92
224,7.467,5,0,person,0.409,573.8,249.0,667.9,486.0,620.8,367.5,0.21,0.77,0.8,1.21
224,7.467,35,0,person,0.812,835.1,470.5,1062.4,625.0,948.8,547.7,8.54,-0.31,8.54,1.79
224,7.467,32,0,person,0.765,806.7,337.0,985.0,617.5,895.8,477.3,-0.02,-0.94,0.94,-1.72
225,7.5,1,0,person,0.873,114.2,444.5,308.8,658.5,211.5,551.5,-0.03,0.02,0.04,-0.16
225,7.5,3,0,person,0.772,0.5,369.2,81.3,594.0,40.9,481.6,-0.03,0.14,0.15,-0.48
225,7.5,15,0,person,0.675,1071.7,317.2,1179.8,579.1,1125.7,448.1,0.47,-0.2,0.51,0.33
225,7.5,5,0,person,0.439,573.7,249.6,667.6,486.2,620.7,367.9,-0.18,0.36,0.4,-0.41
225,7.5,35,0,person,0.811,835.9,469.8,1066.1,625.5,951.0,547.6,2.2,-0.09,2.2,0.21
225,7.5,32,0,person,0.769,809.4,332.0,986.8,617.8,898.1,474.9,2.27,-2.38,3.28,-1.44
225,7.5,40,0,person,0.305,189.4,241.9,280.5,451.5,235.0,346.7,-1.26,-1.98,2.35,0.98
226,7.533,1,0,person,0.861,113.7,444.6,307.9,658.2,210.8,551.4,-0.69,-0.09,0.69,-0.11
226,7.533,3,0,person,0.788,0.2,368.9,81.0,594.0,40.6,481.5,-0.3,-0.13,0.33,-0.28
226,7.533,15,0,person,0.692,1072.4,317.8,1179.8,578.6,1126.1,448.2,0.37,0.06,0.37,0.26
226,7.533,5,0,person,0.382,570.0,259.2,658.7,485.3,614.4,372.3,-6.31,4.35,7.66,3.98
226,7.533,35,0,person,0.84,835.1,469.1,1068.4,625.5,951.7,547.3,0.74,-0.38,0.84,-0.29
226,7.533,32,0,person,0.792,811.6,328.3,987.3,617.5,899.5,472.9,1.39,-2.03,2.46,0.34
226,7.533,40,0,person,0.386,190.6,241.0,283.8,454.1,237.2,347.6,2.24,0.84,2.4,2.82
226,7.533,37,2,car,0.4,152.4,146.2,216.4,184.8,184.4,165.5,0.86,0.53,1.01,0.02
227,7.567,1,0,person,0.859,113.1,444.7,306.6,657.5,209.9,551.1,-0.93,-0.28,0.97,-0.19
227,7.567,3,0,person,0.767,0.0,369.8,80.3,593.5,40.2,481.7,-0.42,0.21,0.47,0.34
227,7.567,15,0,person,0.667,1072.3,318.0,1179.5,579.1,1125.9,448.5,-0.19,0.35,0.4,0.29
227,7.567,5,0,person,0.559,572.0,251.7,664.1,485.8,618.0,368.8,3.69,-3.47,5.07,-7.82
227,7.567,35,0,person,0.823,846.8,469.4,1078.8,625.2,962.8,547.3,11.06,0.01,11.06,0.4
227,7.567,32,0,person,0.803,814.1,327.2,987.5,618.4,900.8,472.8,1.34,-0.1,1.34,1.93
227,7.567,40,0,person,0.3,192.5,237.4,287.2,452.3,239.8,344.8,2.62,-2.75,3.8,-3.59
228,7.6,1,0,person,0.865,112.4,444.4,305.8,657.2,209.1,550.8,-0.74,-0.26,0.79,0.02
228,7.6,3,0,person,0.785,0.1,370.8,80.0,593.4,40.0,482.1,-0.16,0.39,0.42,0.18
228,7.6,15,0,person,0.643,1072.8,317.8,1179.5,579.0,1126.2,448.4,0.26,-0.15,0.3,-0.5
228,7.6,5,0,person,0.459,572.7,248.9,666.0,485.3,619.3,367.1,1.3,-1.64,2.1,1.83
228,7.6,35,0,person,0.834,853.4,470.0,1083.8,625.1,968.6,547.6,5.8,0.28,5.81,0.27
228,7.6,32,0,person,0.789,818.9,325.5,990.7,618.9,904.8,472.2,4.0,-0.6,4.05,-0.5
228,7.6,40,0,person,0.442,192.6,234.0,291.0,456.0,241.8,345.0,1.96,0.2,1.97,2.95
229,7.633,1,0,person,0.872,111.7,443.4,305.9,657.2,208.8,550.3,-0.33,-0.53,0.62,-0.26
229,7.633,3,0,person,0.793,0.1,370.7,80.0,593.3,40.0,482.0,0.02,-0.07,0.07,-0.46
229,7.633,15,0,person,0.67,1073.3,318.2,1179.4,578.6,1126.3,448.4,0.17,-0.01,0.17,0.14
229,7.633,5,0,person,0.505,572.7,247.2,666.7,484.9,619.7,366.0,0.35,-1.1,1.15,0.54
229,7.633,35,0,person,0.83,856.9,470.5,1085.1,624.9,971.0,547.7,2.41,0.12,2.42,-0.16
229,7.633,32,0,person,0.791,823.5,322.0,993.0,616.6,908.2,469.3,3.41,-2.88,4.47,-2.29
229,7.633,40,0,person,0.412,191.0,232.4,289.8,453.8,240.4,343.1,-1.41,-1.92,2.38,-2.12
230,7.667,1,0,person,0.863,111.9,443.1,306.6,657.6,209.3,550.4,0.49,0.07,0.49,0.6
230,7.667,3,0,person,0.785,0.0,370.2,80.2,593.4,40.1,481.8,0.08,-0.22,0.24,-0.15
230,7.667,15,0,person,0.652,1073.9,318.6,1179.6,578.6,1126.7,448.6,0.39,0.18,0.43,0.19
230,7.667,5,0,person,0.437,573.1,246.9,667.4,484.6,620.2,365.7,0.53,-0.3,0.61,0.8
230,7.667,35,0,person,0.82,862.3,470.3,1088.7,625.0,975.5,547.7,4.47,-0.03,4.47,-0.15
230,7.667,32,0,person,0.846,824.6,319.5,993.0,615.8,908.8,467.6,0.57,-1.67,1.76,1.21
230,7.667,40,0,person,0.384,188.3,231.7,289.0,457.3,238.7,344.5,-1.69,1.39,2.19,3.31
230,7.667,38,62,tv,0.304,192.0,3.3,1259.7,719.2,725.8,361.2,0.16,-0.01,0.16,-0.11
230,7.667,37,2,car,0.458,153.2,145.9,215.1,184.7,184.2,165.3,-0.07,-0.06,0.09,-0.15
231,7.7,1,0,person,0.86,111.9,443.4,306.3,657.7,209.1,550.6,-0.16,0.18,0.24,0.11
231,7.7,3,0,person,0.785,0.0,368.0,80.8,594.2,40.4,481.1,0.28,-0.67,0.72,-0.44
231,7.7,15,0,person,0.627,1074.2,318.2,1179.7,578.2,1126.9,448.2,0.2,-0.35,0.4,-0.53
231,7.7,5,0,person,0.687,573.1,246.4,667.9,485.2,620.5,365.8,0.26,0.07,0.27,0.37
231,7.7,35,0,person,0.802,861.8,468.1,1088.9,625.2,975.4,546.6,-0.12,-1.01,1.02,-0.98
231,7.7,32,0,person,0.821,830.6,313.3,992.9,601.3,911.8,457.3,2.97,-10.29,10.71,-8.62
231,7.7,40,0,person,0.412,186.4,231.0,290.0,463.2,238.2,347.1,-0.48,2.6,2.64,1.2
231,7.7,37,2,car,0.455,153.6,145.5,213.9,184.4,183.8,165.0,-0.41,-0.31,0.51,-0.25
232,7.733,1,0,person,0.867,111.6,442.7,306.3,657.6,209.0,550.2,-0.14,-0.4,0.42,-0.58
232,7.733,3,0,person,0.785,0.0,367.4,80.8,594.4,40.4,480.9,0.02,-0.18,0.18,0.49
232,7.733,15,0,person,0.637,1073.7,317.8,1179.3,578.3,1126.5,448.1,-0.4,-0.14,0.43,0.21
232,7.733,5,0,person,0.454,572.7,246.4,667.4,485.1,620.1,365.8,-0.41,-0.06,0.42,-0.13
232,7.733,35,0,person,0.831,861.1,466.7,1087.7,625.2,974.4,546.0,-0.93,-0.69,1.16,0.32
232,7.733,32,0,person,0.839,834.0,309.8,991.8,590.8,912.9,450.3,1.13,-7.03,7.12,3.26
232,7.733,40,0,person,0.337,186.8,232.5,286.6,456.2,236.7,344.4,-1.5,-2.74,3.12,-5.34
232,7.733,37,2,car,0.535,154.0,145.5,213.3,184.6,183.7,165.1,-0.09,0.08,0.12,0.39
233,7.767,1,0,person,0.859,111.2,442.2,306.0,657.3,208.6,549.8,-0.41,-0.39,0.56,0.01
233,7.767,3,0,person,0.799,0.0,368.0,80.6,594.3,40.3,481.1,-0.1,0.22,0.24,0.4
233,7.767,15,0,person,0.664,1074.0,317.4,1179.6,578.5,1126.8,447.9,0.25,-0.15,0.29,-0.01
233,7.767,5,0,person,0.505,572.6,245.5,667.3,484.4,620.0,364.9,-0.09,-0.81,0.82,-0.75
233,7.767,35,0,person,0.835,859.3,464.8,1086.2,625.3,972.7,545.0,-1.68,-0.93,1.92,-0.24
233,7.767,32,0,person,0.806,831.7,305.5,989.0,585.3,910.3,445.4,-2.55,-4.89,5.52,2.14
233,7.767,40,0,person,0.338,188.0,229.4,290.1,457.5,239.1,343.4,2.35,-0.91,2.52,1.83
234,7.8,1,0,person,0.858,112.0,442.4,306.8,657.7,209.4,550.0,0.83,0.25,0.86,0.64
234,7.8,3,0,person,0.8,0.0,369.0,80.8,594.6,40.4,481.8,0.07,0.65,0.65,0.43
234,7.8,15,0,person,0.681,1074.0,317.2,1179.5,578.6,1126.7,447.9,-0.04,-0.02,0.04,0.13
234,7.8,5,0,person,0.458,571.8,246.7,665.7,484.3,618.8,365.5,-1.21,0.57,1.34,1.38
234,7.8,35,0,person,0.848,856.7,462.4,1085.0,626.1,970.9,544.3,-1.86,-0.75,2.0,0.18
234,7.8,32,0,person,0.805,836.5,303.4,993.2,584.1,914.9,443.8,4.52,-1.62,4.81,3.27
234,7.8,40,0,person,0.331,186.2,230.0,288.6,458.7,237.4,344.3,-1.61,0.89,1.84,1.8
234,7.8,37,2,car,0.592,154.7,145.5,213.1,184.6,183.9,165.0,0.1,-0.01,0.1,-0.05
235,7.833,1,0,person,0.866,112.9,442.4,307.5,657.8,210.2,550.1,0.8,0.11,0.81,-0.14
235,7.833,3,0,person,0.796,0.2,368.5,81.3,594.9,40.8,481.7,0.37,-0.08,0.38,-0.73
235,7.833,15,0,person,0.697,1074.2,317.5,1179.6,579.0,1126.9,448.3,0.16,0.34,0.38,0.36
235,7.833,5,0,person,0.531,572.3,246.2,666.2,484.5,619.3,365.4,0.53,-0.14,0.54,-0.7
235,7.833,35,0,person,0.835,853.9,459.3,1083.3,626.1,968.6,542.7,-2.27,-1.59,2.77,-0.83
235,7.833,32,0,person,0.814,836.2,302.3,993.1,584.6,914.7,443.5,-0.21,-0.32,0.39,1.3
235,7.833,40,0,person,0.329,184.5,231.4,283.2,453.0,233.9,342.2,-3.58,-2.18,4.19,-3.07
235,7.833,37,2,car,0.55,155.7,145.8,212.7,184.4,184.2,165.1,0.33,0.05,0.34,0.06
236,7.867,1,0,person,0.861,113.1,442.4,307.6,657.7,210.3,550.0,0.15,-0.1,0.18,-0.21
236,7.867,3,0,person,0.796,0.4,369.4,81.2,594.9,40.8,482.1,0.02,0.42,0.42,0.5
236,7.867,15,0,person,0.721,1074.0,317.9,1178.8,577.6,1126.4,447.8,-0.51,-0.49,0.71,-0.83
236,7.867,5,0,person,0.53,572.1,245.9,666.0,484.7,619.0,365.3,-0.24,-0.1,0.26,0.04
236,7.867,35,0,person,0.862,852.6,456.2,1081.5,625.5,967.1,540.9,-1.55,-1.83,2.4,-0.24
236,7.867,32,0,person,0.757,839.0,300.1,995.1,584.1,917.1,442.1,2.42,-1.32,2.76,-1.0
236,7.867,40,0,person,0.419,184.3,232.4,285.5,460.8,234.9,346.6,1.06,4.47,4.59,6.65
236,7.867,37,2,car,0.483,156.3,145.8,212.6,184.3,184.4,165.0,0.24,-0.09,0.26,-0.14
237,7.9,1,0,person,0.871,112.1,442.1,306.6,657.5,209.4,549.8,-0.99,-0.21,1.01,-0.1
237,7.9,3,0,person,0.814,0.2,369.9,80.8,594.7,40.5,482.3,-0.24,0.17,0.3,-0.24
237,7.9,15,0,person,0.723,1073.6,317.7,1178.2,576.8,1125.9,447.3,-0.48,-0.48,0.68,0.01
237,7.9,5,0,person,0.724,571.9,245.5,666.0,484.6,618.9,365.1,-0.09,-0.18,0.2,-0.08
237,7.9,35,0,person,0.833,850.6,450.2,1081.9,625.0,966.2,537.6,-0.83,-3.26,3.37,-1.44
237,7.9,32,0,person,0.778,839.0,298.2,993.2,582.0,916.1,440.1,-1.0,-2.02,2.26,-0.7
237,7.9,40,0,person,0.423,187.0,230.8,289.7,462.1,238.3,346.4,3.41,-0.19,3.42,-4.66
237,7.9,37,2,car,0.39,156.0,146.1,211.2,184.0,183.6,165.0,-0.82,-0.0,0.82,0.08
238,7.933,1,0,person,0.866,111.8,441.8,306.3,657.3,209.0,549.6,-0.31,-0.24,0.4,-0.04
238,7.933,3,0,person,0.812,0.1,369.8,80.7,594.4,40.4,482.1,-0.12,-0.19,0.23,-0.37
238,7.933,15,0,person,0.742,1073.1,318.1,1177.7,576.7,1125.4,447.4,-0.49,0.15,0.51,0.63
238,7.933,5,0,person,0.728,571.3,245.4,665.2,484.3,618.2,364.9,-0.7,-0.22,0.74,-0.04
238,7.933,35,0,person,0.811,847.6,445.3,1080.3,624.4,963.9,534.9,-2.3,-2.72,3.57,0.54
238,7.933,32,0,person,0.76,843.3,296.3,987.5,563.3,915.4,429.8,-0.65,-10.29,10.31,-8.27
238,7.933,40,0,person,0.383,187.9,229.3,291.1,461.2,239.5,345.2,1.19,-1.2,1.69,-1.01
238,7.933,37,2,car,0.313,155.9,146.0,210.6,183.7,183.2,164.8,-0.37,-0.17,0.41,-0.17
239,7.967,1,0,person,0.865,112.3,441.8,306.9,657.5,209.6,549.6,0.55,0.08,0.55,0.33
239,7.967,3,0,person,0.81,0.3,370.8,80.6,594.4,40.4,482.6,0.02,0.47,0.47,0.66
239,7.967,15,0,person,0.768,1073.3,316.3,1178.6,576.7,1125.9,446.5,0.53,-0.95,1.09,-1.1
239,7.967,5,0,person,0.713,571.6,245.7,665.5,484.5,618.6,365.1,0.33,0.2,0.39,0.42
239,7.967,35,0,person,0.868,842.1,436.7,1081.2,624.3,961.7,530.5,-2.29,-4.4,4.96,-1.68
239,7.967,32,0,person,0.816,846.6,293.5,984.9,549.7,915.7,421.6,0.29,-8.19,8.19,2.1
239,7.967,40,0,person,0.354,186.8,229.7,289.6,461.4,238.2,345.6,-1.34,0.32,1.38,1.52
239,7.967,37,2,car,0.393,156.0,146.3,210.5,183.8,183.3,165.1,0.04,0.26,0.26,0.43
240,8.0,1,0,person,0.853,113.0,442.1,307.3,657.5,210.2,549.8,0.56,0.12,0.58,0.04
240,8.0,3,0,person,0.813,0.5,371.4,80.7,594.6,40.6,483.0,0.15,0.43,0.46,-0.04
240,8.0,15,0,person,0.772,1073.3,315.2,1178.9,576.4,1126.1,445.8,0.18,-0.65,0.67,0.3
240,8.0,5,0,person,0.674,571.9,246.2,665.7,484.8,618.8,365.5,0.22,0.43,0.48,0.23
240,8.0,35,0,person,0.863,837.9,432.5,1078.8,624.9,958.4,528.7,-3.28,-1.8,3.74,2.6
240,8.0,32,0,person,0.79,846.5,290.9,984.0,546.5,915.2,418.7,-0.52,-2.91,2.96,5.28
240,8.0,40,0,person,0.356,183.8,230.6,282.1,454.4,233.0,342.5,-5.22,-3.01,6.03,-3.33
240,8.0,37,2,car,0.405,156.2,146.5,210.6,184.0,183.4,165.3,0.12,0.17,0.21,-0.09
241,8.033,1,0,person,0.849,113.3,442.3,307.3,657.6,210.3,550.0,0.17,0.19,0.26,0.07
241,8.033,3,0,person,0.815,0.6,371.8,80.8,594.8,40.7,483.3,0.14,0.29,0.32,-0.15
241,8.033,15,0,person,0.77,1073.6,315.3,1179.0,575.9,1126.3,445.6,0.18,-0.23,0.29,0.42
241,8.033,5,0,person,0.635,572.2,246.1,666.4,485.3,619.3,365.7,0.53,0.17,0.56,-0.26
241,8.033,35,0,person,0.857,837.7,430.6,1077.0,625.1,957.3,527.8,-1.04,-0.83,1.33,0.97
241,8.033,32,0,person,0.789,846.8,290.4,983.4,545.0,915.1,417.7,-0.11,-1.03,1.03,1.88
241,8.033,40,0,person,0.348,184.4,232.4,283.0,459.0,233.7,345.7,0.78,3.16,3.25,6.17
241,8.033,37,2,car,0.318,156.0,146.7,210.5,184.3,183.2,165.5,-0.16,0.24,0.29,0.07
241,8.033,38,62,tv,0.318,203.2,2.1,1264.3,712.8,733.7,357.5,0.72,-0.34,0.8,-0.03
242,8.067,1,0,person,0.856,113.6,442.1,307.7,657.6,210.6,549.9,0.29,-0.08,0.3,-0.28
242,8.067,3,0,person,0.817,0.5,371.9,80.8,594.8,40.7,483.3,-0.04,0.05,0.07,-0.24
242,8.067,15,0,person,0.77,1074.2,315.7,1179.2,574.9,1126.7,445.3,0.41,-0.32,0.52,-0.1
242,8.067,5,0,person,0.761,572.5,245.9,666.9,485.4,619.7,365.6,0.33,-0.03,0.33,-0.2
242,8.067,35,0,person,0.861,838.4,429.5,1075.4,625.1,956.9,527.3,-0.43,-0.52,0.67,0.31
242,8.067,32,0,person,0.789,847.0,289.8,983.3,544.3,915.1,417.1,0.03,-0.6,0.6,0.42
242,8.067,40,0,person,0.361,185.8,232.5,284.3,459.9,235.1,346.2,1.35,0.51,1.45,-2.64
242,8.067,37,2,car,0.398,156.1,146.5,210.5,184.1,183.3,165.3,0.06,-0.21,0.22,-0.45
243,8.1,1,0,person,0.859,114.2,442.8,307.9,658.1,211.1,550.4,0.44,0.55,0.7,0.63
243,8.1,3,0,person,0.816,0.8,372.1,81.2,595.0,41.0,483.5,0.3,0.2,0.36,0.15
243,8.1,15,0,person,0.773,1074.4,316.0,1179.4,574.9,1126.9,445.4,0.2,0.17,0.27,0.49
243,8.1,5,0,person,0.689,573.6,246.6,666.8,482.7,620.2,364.6,0.52,-1.01,1.13,-0.97
243,8.1,35,0,person,0.863,840.5,429.4,1074.4,625.4,957.5,527.4,0.58,0.06,0.58,0.57
243,8.1,32,0,person,0.778,848.6,290.5,983.9,543.7,916.2,417.1,1.08,0.05,1.09,0.65
243,8.1,40,0,person,0.368,183.9,232.8,284.0,466.1,234.0,349.5,-1.11,3.28,3.46,2.76
244,8.133,1,0,person,0.863,114.8,443.3,308.4,658.5,211.6,550.9,0.55,0.48,0.73,-0.06
244,8.133,3,0,person,0.811,0.7,371.8,81.5,595.2,41.1,483.5,0.14,-0.08,0.17,-0.28
244,8.133,15,0,person,0.762,1074.7,316.2,1179.9,575.2,1127.3,445.7,0.4,0.24,0.47,0.07
244,8.133,5,0,person,0.633,573.4,247.1,666.9,484.3,620.1,365.7,-0.04,1.05,1.05,2.06
244,8.133,35,0,person,0.867,842.9,429.9,1073.1,625.6,958.0,527.7,0.52,0.34,0.62,0.29
244,8.133,32,0,person,0.776,849.3,291.3,984.0,543.9,916.6,417.6,0.42,0.44,0.61,0.39
244,8.133,40,0,person,0.349,179.9,232.5,284.9,480.0,232.4,356.3,-1.6,6.77,6.96,3.49
244,8.133,38,62,tv,0.306,188.7,2.7,1259.4,716.5,724.0,359.6,-3.24,0.72,3.32,0.35
245,8.167,1,0,person,0.858,115.3,443.5,308.7,658.5,212.0,551.0,0.4,0.1,0.41,-0.39
245,8.167,3,0,person,0.803,0.6,371.0,81.7,595.2,41.1,483.1,0.01,-0.36,0.36,-0.28
245,8.167,15,0,person,0.781,1074.1,316.3,1179.7,575.9,1126.9,446.1,-0.43,0.42,0.6,0.18
245,8.167,5,0,person,0.588,574.5,247.4,666.9,481.7,620.7,364.6,0.54,-1.12,1.24,-2.17
245,8.167,35,0,person,0.871,844.1,430.1,1071.6,625.8,957.8,528.0,-0.17,0.23,0.29,-0.11
245,8.167,32,0,person,0.78,849.7,292.1,983.7,543.4,916.7,417.8,0.07,0.19,0.2,-0.25
245,8.167,40,0,person,0.399,180.7,231.7,288.4,489.0,234.5,360.4,2.17,4.1,4.64,-2.67
246,8.2,1,0,person,0.864,115.0,443.4,308.4,658.5,211.7,550.9,-0.29,-0.08,0.3,-0.17
246,8.2,3,0,person,0.813,0.5,370.6,81.8,595.2,41.1,482.9,0.0,-0.18,0.18,0.18
246,8.2,15,0,person,0.776,1073.9,316.1,1179.8,576.4,1126.9,446.2,-0.03,0.13,0.14,-0.28
246,8.2,5,0,person,0.442,573.6,247.3,666.4,482.8,620.0,365.0,-0.7,0.48,0.85,1.6
246,8.2,35,0,person,0.868,845.2,429.9,1070.3,625.8,957.7,527.9,-0.09,-0.08,0.12,-0.31
246,8.2,32,0,person,0.791,849.2,291.9,983.2,543.6,916.2,417.8,-0.49,0.01,0.49,-0.19
246,8.2,40,0,person,0.387,180.6,231.6,286.1,486.6,233.4,359.1,-1.19,-1.25,1.72,-5.35
246,8.2,38,62,tv,0.325,206.0,2.9,1271.1,715.3,738.6,359.1,7.28,-0.26,7.28,-0.49
247,8.233,1,0,person,0.867,114.7,443.4,308.1,658.5,211.4,551.0,-0.33,0.06,0.33,0.14
247,8.233,3,0,person,0.813,0.5,371.1,81.7,595.3,41.1,483.2,-0.03,0.3,0.31,0.49
247,8.233,15,0,person,0.781,1074.2,316.3,1179.9,576.1,1127.0,446.2,0.17,-0.04,0.18,-0.17
247,8.233,5,0,person,0.716,573.6,247.3,666.9,483.9,620.2,365.6,0.26,0.56,0.62,0.08
247,8.233,35,0,person,0.871,846.3,430.1,1069.2,626.1,957.7,528.1,-0.0,0.21,0.21,0.29
247,8.233,32,0,person,0.793,849.2,292.0,983.3,543.9,916.2,418.0,0.04,0.21,0.22,0.21
247,8.233,40,0,person,0.415,181.4,232.5,283.7,482.3,232.6,357.4,-0.79,-1.7,1.88,-0.46
247,8.233,38,62,tv,0.34,208.4,2.8,1273.8,717.0,741.1,359.9,2.52,0.8,2.64,1.06
248,8.267,1,0,person,0.869,114.4,443.2,308.0,658.6,211.2,550.9,-0.19,-0.11,0.23,-0.17
248,8.267,3,0,person,0.807,0.4,371.3,81.7,595.4,41.0,483.3,-0.08,0.09,0.12,-0.21
248,8.267,15,0,person,0.776,1074.4,316.1,1180.3,576.2,1127.3,446.1,0.29,-0.06,0.3,-0.02
248,8.267,5,0,person,0.487,573.3,247.6,666.3,483.7,619.8,365.7,-0.43,0.05,0.44,-0.52
248,8.267,35,0,person,0.868,847.6,430.5,1067.7,625.9,957.6,528.2,-0.13,0.11,0.17,-0.1
248,8.267,32,0,person,0.789,849.5,291.6,983.6,543.7,916.5,417.7,0.29,-0.29,0.41,-0.5
248,8.267,40,0,person,0.46,182.2,233.1,284.4,485.1,233.3,359.1,0.74,1.71,1.86,3.41
248,8.267,38,62,tv,0.319,237.9,2.9,1280.0,718.0,758.9,360.4,17.83,0.52,17.83,-0.28
249,8.3,1,0,person,0.868,114.6,443.1,308.4,658.8,211.5,551.0,0.32,0.09,0.33,0.2
249,8.3,3,0,person,0.804,0.5,371.4,81.8,595.5,41.1,483.5,0.11,0.14,0.18,0.05
249,8.3,15,0,person,0.762,1074.8,315.9,1180.7,576.1,1127.7,446.0,0.41,-0.15,0.44,-0.09
249,8.3,5,0,person,0.736,573.4,247.0,666.7,484.3,620.0,365.6,0.23,-0.02,0.23,-0.07
249,8.3,35,0,person,0.866,849.1,430.5,1067.2,625.7,958.2,528.1,0.57,-0.1,0.58,-0.21
249,8.3,32,0,person,0.785,849.7,292.5,983.5,544.1,916.6,418.3,0.04,0.63,0.63,0.92
249,8.3,40,0,person,0.437,181.9,230.5,285.2,488.6,233.6,359.5,0.24,0.41,0.48,-1.29
249,8.3,38,62,tv,0.308,212.3,2.7,1272.5,719.4,742.4,361.1,-16.53,0.64,16.54,0.12
250,8.333,1,0,person,0.873,116.0,443.5,309.6,659.1,212.8,551.3,1.3,0.38,1.36,0.29
250,8.333,3,0,person,0.807,0.6,370.7,82.4,595.7,41.5,483.2,0.37,-0.29,0.47,-0.43
250,8.333,15,0,person,0.742,1075.6,315.2,1181.9,576.9,1128.8,446.1,1.06,0.1,1.07,0.25
250,8.333,5,0,person,0.622,574.4,247.7,667.9,485.2,621.2,366.4,1.12,0.8,1.37,0.81
250,8.333,35,0,person,0.875,851.1,430.4,1068.0,626.1,959.6,528.2,1.38,0.14,1.39,0.24
250,8.333,32,0,person,0.77,850.8,293.0,984.4,544.4,917.6,418.7,1.01,0.41,1.09,-0.22
250,8.333,40,0,person,0.482,181.7,229.7,285.3,491.7,233.5,360.7,-0.02,1.19,1.19,0.78
251,8.367,1,0,person,0.859,117.0,443.5,310.9,659.7,214.0,551.6,1.16,0.28,1.2,-0.1
251,8.367,3,0,person,0.817,0.7,370.3,83.0,596.1,41.9,483.2,0.34,0.07,0.35,0.36
251,8.367,15,0,person,0.732,1078.7,316.9,1183.8,575.2,1131.3,446.0,2.49,-0.06,2.49,-0.16
251,8.367,5,0,person,0.734,576.0,248.0,669.5,485.9,622.8,366.9,1.61,0.49,1.69,-0.31
251,8.367,35,0,person,0.873,854.2,431.5,1069.3,626.7,961.7,529.1,2.18,0.85,2.34,0.71
251,8.367,32,0,person,0.775,851.8,293.1,986.6,546.6,919.2,419.8,1.63,1.12,1.98,0.71
251,8.367,40,0,person,0.523,188.7,229.8,294.7,495.2,241.7,362.5,8.18,1.8,8.37,0.61
252,8.4,1,0,person,0.862,118.1,443.8,311.9,660.0,215.0,551.9,1.06,0.26,1.09,-0.02
252,8.4,3,0,person,0.82,0.8,369.7,83.4,596.3,42.1,483.0,0.24,-0.21,0.32,-0.28
252,8.4,15,0,person,0.724,1081.9,318.9,1185.7,573.4,1133.8,446.1,2.48,0.1,2.48,0.16
252,8.4,5,0,person,0.756,579.2,247.2,672.3,483.5,625.8,365.3,3.0,-1.58,3.39,-2.07
252,8.4,35,0,person,0.88,856.6,431.7,1070.7,627.4,963.6,529.5,1.9,0.42,1.94,-0.43
252,8.4,32,0,person,0.736,854.6,293.1,989.7,547.0,922.1,420.0,2.92,0.18,2.92,-0.94
252,8.4,40,0,person,0.558,193.0,231.3,300.7,496.1,246.9,363.7,5.16,1.13,5.28,-0.67
253,8.433,1,0,person,0.858,119.0,443.4,313.1,660.0,216.1,551.7,1.03,-0.18,1.05,-0.43
253,8.433,3,0,person,0.828,0.9,369.3,83.8,596.0,42.4,482.6,0.26,-0.38,0.46,-0.17
253,8.433,15,0,person,0.724,1083.2,319.2,1186.8,572.6,1135.0,445.9,1.26,-0.2,1.27,-0.29
253,8.433,5,0,person,0.761,581.2,246.3,673.9,481.4,627.5,363.8,1.79,-1.5,2.33,0.08
253,8.433,35,0,person,0.874,857.7,431.5,1070.7,627.5,964.2,529.5,0.55,-0.01,0.55,-0.43
253,8.433,32,0,person,0.733,855.9,293.5,990.3,545.4,923.1,419.4,0.97,-0.58,1.13,-0.76
253,8.433,40,0,person,0.551,194.5,230.9,304.2,495.5,249.3,363.2,2.44,-0.45,2.48,-1.58
254,8.467,1,0,person,0.858,119.5,442.8,313.8,659.9,216.6,551.3,0.56,-0.38,0.67,-0.2
254,8.467,3,0,person,0.825,1.0,369.1,83.9,595.1,42.4,482.1,0.1,-0.54,0.54,-0.16
254,8.467,15,0,person,0.756,1083.4,318.3,1189.0,576.5,1136.2,447.4,1.19,1.47,1.89,1.67
254,8.467,5,0,person,0.755,580.9,245.2,674.6,483.5,627.7,364.3,0.19,0.49,0.52,1.98
254,8.467,35,0,person,0.873,859.0,431.3,1070.6,627.2,964.8,529.2,0.64,-0.28,0.7,-0.28
254,8.467,32,0,person,0.771,856.4,292.5,991.2,544.5,923.8,418.5,0.74,-0.93,1.19,-0.35
254,8.467,40,0,person,0.521,195.1,229.8,306.6,494.6,250.8,362.2,1.53,-1.01,1.83,-0.56
255,8.5,1,0,person,0.858,119.7,441.9,314.4,659.6,217.1,550.7,0.46,-0.58,0.74,-0.21
255,8.5,3,0,person,0.83,1.4,368.7,84.3,594.1,42.8,481.4,0.36,-0.73,0.82,-0.2
255,8.5,15,0,person,0.697,1084.6,310.3,1193.2,576.2,1138.9,443.3,2.66,-4.11,4.9,-5.59
255,8.5,5,0,person,0.778,582.0,243.8,675.0,480.7,628.5,362.2,0.77,-2.09,2.23,-2.58
255,8.5,35,0,person,0.876,860.9,430.6,1072.6,627.5,966.8,529.0,1.93,-0.18,1.94,0.1
255,8.5,32,0,person,0.8,858.8,291.9,993.7,543.7,926.2,417.8,2.41,-0.72,2.52,0.21
255,8.5,40,0,person,0.513,194.4,225.6,308.7,493.7,251.6,359.7,0.71,-2.55,2.65,-1.54
256,8.533,1,0,person,0.875,121.0,441.7,315.8,659.6,218.4,550.7,1.35,-0.07,1.35,0.52
256,8.533,3,0,person,0.816,1.2,366.2,85.3,594.1,43.3,480.1,0.44,-1.26,1.33,-0.52
256,8.533,15,0,person,0.763,1088.4,312.2,1196.5,577.0,1142.5,444.6,3.6,1.31,3.83,5.42
256,8.533,5,0,person,0.803,583.6,243.1,677.5,482.3,630.6,362.7,2.04,0.47,2.09,2.56
256,8.533,35,0,person,0.881,866.1,432.2,1075.3,627.1,970.7,529.6,3.91,0.59,3.96,0.77
256,8.533,32,0,person,0.783,861.7,290.6,997.5,543.7,929.6,417.1,3.4,-0.67,3.46,0.06
256,8.533,38,62,tv,0.309,237.2,13.1,1277.3,715.4,757.2,364.3,2.12,0.46,2.17,-0.03
257,8.567,1,0,person,0.876,121.9,441.1,317.3,659.8,219.6,550.4,1.18,-0.24,1.21,-0.17
257,8.567,3,0,person,0.805,1.4,364.4,86.3,593.9,43.9,479.1,0.61,-0.98,1.16,0.27
257,8.567,15,0,person,0.736,1091.3,309.5,1200.8,577.6,1146.1,443.5,3.59,-1.06,3.74,-2.37
257,8.567,5,0,person,0.817,585.6,242.7,680.0,482.9,632.8,362.8,2.23,0.1,2.24,-0.37
257,8.567,35,0,person,0.88,868.7,432.5,1076.6,626.8,972.7,529.6,1.99,0.0,1.99,-0.58
257,8.567,32,0,person,0.794,863.9,289.3,1000.2,542.9,932.0,416.1,2.38,-1.04,2.6,-0.38
257,8.567,40,0,person,0.304,200.5,228.0,303.2,462.8,251.9,345.4,0.15,-7.13,7.13,-2.29
258,8.6,1,0,person,0.864,122.1,440.0,317.5,658.6,219.8,549.3,0.18,-1.13,1.15,-0.9
258,8.6,3,0,person,0.814,1.3,364.2,86.1,593.0,43.7,478.6,-0.17,-0.55,0.58,0.43
258,8.6,15,0,person,0.736,1093.1,309.3,1202.8,577.5,1147.9,443.4,1.89,-0.14,1.89,0.92
258,8.6,5,0,person,0.812,586.5,241.8,681.3,482.5,633.9,362.1,1.1,-0.66,1.29,-0.76
258,8.6,35,0,person,0.878,870.9,431.7,1077.4,625.7,974.1,528.7,1.48,-0.89,1.73,-0.89
258,8.6,32,0,person,0.799,864.0,287.6,1001.3,542.3,932.7,414.9,0.65,-1.14,1.31,-0.1
259,8.633,1,0,person,0.843,120.4,437.6,316.0,656.6,218.2,547.1,-1.58,-2.17,2.68,-1.04
259,8.633,3,0,person,0.832,0.7,363.8,85.2,591.5,43.0,477.6,-0.74,-0.95,1.21,-0.4
259,8.633,15,0,person,0.752,1095.1,311.0,1203.8,575.8,1149.5,443.4,1.51,0.03,1.51,0.17
259,8.633,5,0,person,0.829,586.8,238.2,682.6,481.0,634.7,359.6,0.84,-2.52,2.65,-1.86
259,8.633,35,0,person,0.883,873.8,429.9,1080.4,624.4,977.1,527.1,2.95,-1.6,3.35,-0.7
259,8.633,32,0,person,0.735,863.9,285.4,1002.4,541.9,933.1,413.6,0.48,-1.29,1.38,-0.15
260,8.667,1,0,person,0.834,117.4,435.8,313.5,655.3,215.5,545.5,-2.74,-1.58,3.16,0.59
260,8.667,3,0,person,0.815,0.0,363.3,83.8,590.0,41.9,476.7,-1.06,-0.99,1.45,-0.04
260,8.667,15,0,person,0.752,1095.8,307.8,1205.5,574.7,1150.6,441.2,1.17,-2.22,2.51,-2.24
260,8.667,5,0,person,0.819,586.2,235.1,682.5,478.7,634.4,356.9,-0.38,-2.74,2.77,-0.22
260,8.667,35,0,person,0.886,876.3,428.2,1082.9,623.1,979.6,525.7,2.53,-1.47,2.93,0.12
260,8.667,32,0,person,0.708,863.8,282.6,1005.4,545.4,934.6,414.0,1.47,0.36,1.51,1.65
261,8.7,1,0,person,0.839,115.2,434.3,311.9,654.2,213.5,544.2,-1.96,-1.31,2.36,0.27
261,8.7,3,0,person,0.797,0.0,365.0,82.1,589.1,41.1,477.0,-0.83,0.38,0.91,1.37
261,8.7,15,0,person,0.703,1096.9,305.9,1207.3,574.4,1152.1,440.1,1.43,-1.1,1.8,1.12
261,8.7,5,0,person,0.827,585.4,231.8,682.9,478.4,634.1,355.1,-0.22,-1.79,1.8,0.95
261,8.7,35,0,person,0.881,878.1,426.7,1084.5,621.6,981.3,524.2,1.64,-1.5,2.22,-0.03
261,8.7,32,0,person,0.673,864.1,280.5,1007.5,547.2,935.8,413.9,1.17,-0.12,1.18,-0.49
262,8.733,1,0,person,0.866,113.8,432.9,311.0,653.4,212.4,543.1,-1.11,-1.11,1.57,0.2
262,8.733,3,0,person,0.801,0.0,366.1,80.9,587.9,40.5,477.0,-0.59,-0.04,0.59,-0.42
262,8.733,15,0,person,0.656,1097.5,302.6,1208.9,573.5,1153.2,438.0,1.16,-2.07,2.37,-0.97
262,8.733,5,0,person,0.826,584.9,229.3,682.7,476.4,633.8,352.9,-0.3,-2.23,2.25,-0.44
262,8.733,35,0,person,0.861,877.6,424.6,1083.9,619.9,980.8,522.3,-0.49,-1.89,1.96,-0.39
262,8.733,32,0,person,0.692,863.7,278.5,1007.6,546.4,935.6,412.5,-0.15,-1.4,1.41,-1.28
262,8.733,40,0,person,0.354,190.4,218.7,305.1,478.9,247.7,348.8,-0.83,0.68,1.07,1.56
263,8.767,1,0,person,0.876,112.7,431.0,310.0,651.5,211.4,541.2,-1.05,-1.89,2.16,-0.79
263,8.767,3,0,person,0.781,0.0,366.9,79.7,586.4,39.9,476.7,-0.62,-0.32,0.7,-0.28
263,8.767,15,0,person,0.725,1097.0,300.9,1207.7,570.3,1152.4,435.6,-0.86,-2.45,2.6,-0.38
263,8.767,5,0,person,0.818,583.7,227.3,681.2,473.5,632.4,350.4,-1.41,-2.49,2.86,-0.26
263,8.767,35,0,person,0.866,875.5,422.0,1082.2,617.8,978.8,519.9,-1.92,-2.4,3.07,-0.51
263,8.767,32,0,person,0.733,864.3,276.4,1006.0,540.1,935.2,408.2,-0.48,-4.23,4.26,-2.83
264,8.8,1,0,person,0.893,110.8,428.1,308.4,649.1,209.6,538.6,-1.77,-2.68,3.21,-0.78
264,8.8,3,0,person,0.768,0.0,364.8,78.7,582.6,39.4,473.7,-0.5,-2.96,3.01,-2.64
264,8.8,15,0,person,0.746,1095.5,300.5,1205.5,567.8,1150.5,434.1,-1.84,-1.47,2.36,0.98
264,8.8,5,0,person,0.806,582.4,225.1,679.4,470.1,630.9,347.6,-1.55,-2.81,3.21,-0.32
264,8.8,35,0,person,0.89,874.3,420.1,1080.9,615.9,977.6,518.0,-1.26,-1.86,2.24,0.54
264,8.8,32,0,person,0.741,863.3,274.6,1004.0,536.7,933.7,405.7,-1.48,-2.56,2.96,1.67
265,8.833,1,0,person,0.894,109.7,425.8,307.1,646.5,208.4,536.2,-1.19,-2.39,2.67,0.28
265,8.833,3,0,person,0.756,0.0,363.9,77.1,579.5,38.6,471.7,-0.8,-1.99,2.15,0.97
265,8.833,15,0,person,0.729,1094.0,298.0,1203.7,564.3,1148.8,431.1,-1.67,-2.99,3.43,-1.52
265,8.833,5,0,person,0.792,580.9,222.9,677.5,466.9,629.2,344.9,-1.69,-2.67,3.16,0.14
265,8.833,35,0,person,0.878,870.9,417.5,1078.5,614.4,974.7,516.0,-2.89,-2.05,3.54,-0.2
265,8.833,32,0,person,0.8,861.9,272.7,1001.5,532.2,931.7,402.4,-1.96,-3.27,3.81,-0.7
266,8.867,1,0,person,0.894,108.4,424.8,304.6,643.6,206.5,534.2,-1.85,-1.95,2.69,0.44
266,8.867,3,0,person,0.771,0.0,364.3,75.1,576.5,37.5,470.4,-1.02,-1.33,1.68,0.66
266,8.867,15,0,person,0.745,1092.8,296.1,1202.5,561.6,1147.7,428.8,-1.17,-2.29,2.57,0.7
266,8.867,5,0,person,0.796,579.5,221.1,675.8,464.8,627.6,342.9,-1.53,-1.98,2.51,0.69
266,8.867,35,0,person,0.859,867.2,414.2,1075.2,612.1,971.2,513.1,-3.49,-2.84,4.5,-0.79
266,8.867,32,0,person,0.799,860.7,270.4,1000.0,529.2,930.3,399.8,-1.4,-2.6,2.96,0.67
267,8.9,1,0,person,0.884,105.7,420.7,303.9,641.5,204.8,531.1,-1.77,-3.13,3.59,-1.17
267,8.9,3,0,person,0.716,0.0,365.7,73.2,573.5,36.6,469.6,-0.96,-0.79,1.24,0.54
267,8.9,15,0,person,0.762,1092.4,292.3,1202.8,558.9,1147.6,425.6,-0.09,-3.24,3.24,-0.95
267,8.9,5,0,person,0.815,577.9,218.6,674.6,463.1,626.3,340.9,-1.38,-2.05,2.47,-0.07
267,8.9,35,0,person,0.855,862.8,411.1,1070.2,609.4,966.5,510.2,-4.7,-2.91,5.52,-0.07
267,8.9,32,0,person,0.776,859.3,267.2,998.9,526.2,929.1,396.7,-1.21,-3.13,3.35,-0.53
268,8.933,1,0,person,0.872,102.8,417.4,303.1,640.4,203.0,528.9,-1.8,-2.17,2.82,0.95
268,8.933,3,0,person,0.682,0.0,369.4,71.2,573.7,35.6,471.5,-0.98,1.95,2.18,2.74
268,8.933,15,0,person,0.782,1092.3,289.4,1203.0,556.6,1147.7,423.0,0.07,-2.6,2.6,0.64
268,8.933,5,0,person,0.641,576.6,216.9,673.1,461.2,624.9,339.1,-1.4,-1.82,2.29,0.23
268,8.933,35,0,person,0.859,862.8,408.8,1070.0,607.5,966.4,508.1,-0.11,-2.08,2.08,0.83
268,8.933,32,0,person,0.773,859.4,264.6,999.4,524.3,929.4,394.4,0.29,-2.24,2.26,0.88
269,8.967,1,0,person,0.87,101.7,417.4,301.9,640.2,201.8,528.8,-1.19,-0.11,1.2,2.06
269,8.967,3,0,person,0.66,0.0,370.1,70.4,574.4,35.2,472.3,-0.39,0.72,0.82,-1.24
269,8.967,15,0,person,0.786,1092.2,287.6,1203.5,556.2,1147.8,421.9,0.19,-1.11,1.13,1.49
269,8.967,5,0,person,0.806,576.8,215.5,673.7,460.6,625.3,338.1,0.39,-1.0,1.07,0.82
269,8.967,35,0,person,0.87,864.7,407.8,1071.7,606.4,968.2,507.1,1.78,-1.05,2.07,1.03
269,8.967,32,0,person,0.748,860.2,263.3,1000.0,522.9,930.1,393.1,0.7,-1.33,1.5,0.91
270,9.0,1,0,person,0.865,101.9,417.6,301.8,639.8,201.9,528.7,0.09,-0.1,0.13,0.01
270,9.0,3,0,person,0.657,0.0,370.8,70.2,574.7,35.1,472.7,-0.09,0.48,0.49,-0.23
270,9.0,15,0,person,0.745,1091.8,286.0,1203.6,555.3,1147.7,420.6,-0.17,-1.28,1.3,-0.17
270,9.0,5,0,person,0.722,576.8,215.3,673.5,459.9,625.2,337.6,-0.07,-0.48,0.48,0.52
270,9.0,35,0,person,0.865,866.0,407.5,1072.4,605.3,969.2,506.4,0.98,-0.71,1.21,0.34
270,9.0,32,0,person,0.732,859.6,262.5,999.7,522.4,929.6,392.5,-0.45,-0.64,0.78,0.69
271,9.033,1,0,person,0.864,101.7,417.0,300.6,637.9,201.2,527.5,-0.7,-1.26,1.44,-1.16
271,9.033,3,0,person,0.673,0.0,370.2,70.0,573.2,35.0,471.7,-0.12,-1.03,1.03,-1.51
271,9.033,15,0,person,0.743,1087.5,285.3,1198.2,551.9,1142.9,418.6,-4.82,-2.02,5.22,-0.73
271,9.033,5,0,person,0.601,575.0,215.5,671.3,459.0,623.1,337.2,-2.04,-0.33,2.06,0.15
271,9.033,35,0,person,0.885,864.7,407.1,1069.2,603.0,966.9,505.0,-2.25,-1.33,2.62,-0.62
271,9.033,32,0,person,0.787,857.9,262.6,995.6,517.3,926.8,389.9,-2.88,-2.56,3.85,-1.92
272,9.067,1,0,person,0.862,100.6,415.4,298.7,635.5,199.7,525.5,-1.48,-1.97,2.47,-0.72
272,9.067,3,0,person,0.593,0.0,370.1,69.3,571.0,34.7,470.6,-0.35,-1.14,1.2,-0.12
272,9.067,15,0,person,0.756,1083.3,287.6,1190.6,545.3,1137.0,416.5,-5.87,-2.14,6.25,-0.12
272,9.067,5,0,person,0.813,570.1,214.2,666.8,458.9,618.4,336.5,-4.71,-0.7,4.77,-0.37
272,9.067,35,0,person,0.778,860.9,404.8,1064.3,599.8,962.6,502.3,-4.31,-2.75,5.11,-1.42
272,9.067,32,0,person,0.796,852.9,261.4,991.5,517.8,922.2,389.6,-4.55,-0.33,4.56,2.23
273,9.1,1,0,person,0.868,100.2,415.0,297.2,633.8,198.7,524.4,-1.0,-1.1,1.49,0.87
273,9.1,3,0,person,0.557,0.0,367.2,69.4,568.6,34.7,467.9,0.03,-2.66,2.66,-1.51
273,9.1,15,0,person,0.722,1075.7,284.7,1184.7,546.9,1130.2,415.8,-6.78,-0.68,6.82,1.46
273,9.1,5,0,person,0.799,566.2,213.5,662.7,458.1,614.4,335.8,-4.01,-0.79,4.09,-0.08
273,9.1,35,0,person,0.834,857.2,404.0,1059.3,597.4,958.3,500.7,-4.35,-1.61,4.64,1.14
273,9.1,32,0,person,0.792,847.1,261.5,985.2,517.7,916.2,389.6,-6.03,0.03,6.03,0.36
274,9.133,1,0,person,0.869,100.8,414.5,296.8,632.2,198.8,523.3,0.13,-1.06,1.06,0.05
274,9.133,3,0,person,0.586,0.0,350.1,74.6,567.7,37.3,458.9,2.6,-9.0,9.37,-6.34
274,9.133,15,0,person,0.777,1069.4,284.9,1178.8,548.4,1124.1,416.6,-6.08,0.87,6.14,1.55
274,9.133,5,0,person,0.805,563.3,214.0,659.4,458.2,611.4,336.1,-3.07,0.35,3.09,1.14
274,9.133,35,0,person,0.885,852.3,404.0,1053.2,595.9,952.8,499.9,-5.48,-0.74,5.53,0.87
274,9.133,32,0,person,0.783,841.8,261.8,978.6,515.4,910.2,388.6,-5.96,-1.02,6.05,-1.05
274,9.133,45,2,car,0.383,142.0,113.5,195.9,152.8,168.9,133.1,0.0,0.0,0.0,0.0
275,9.167,1,0,person,0.869,102.3,414.9,297.9,632.1,200.1,523.5,1.28,0.19,1.29,1.25
275,9.167,3,0,person,0.705,0.0,359.0,72.7,567.5,36.3,463.3,-0.95,4.34,4.44,13.34
275,9.167,15,0,person,0.775,1065.7,285.6,1174.7,547.9,1120.2,416.7,-3.95,0.1,3.95,-0.77
275,9.167,5,0,person,0.81,562.4,215.8,657.5,457.5,609.9,336.6,-1.41,0.51,1.5,0.16
275,9.167,35,0,person,0.873,850.6,405.0,1050.3,595.4,950.4,500.2,-2.35,0.27,2.36,1.01
275,9.167,32,0,person,0.76,840.3,262.9,976.0,514.5,908.1,388.7,-2.1,0.09,2.1,1.11
276,9.2,1,0,person,0.871,105.2,417.6,299.9,633.7,202.5,525.6,2.46,2.14,3.26,1.95
276,9.2,3,0,person,0.736,1.1,362.9,73.4,568.6,37.3,465.7,0.94,2.49,2.66,-1.85
276,9.2,15,0,person,0.762,1066.1,287.5,1175.2,550.5,1120.7,419.0,0.47,2.26,2.31,2.16
276,9.2,5,0,person,0.819,563.8,217.3,658.5,458.0,611.1,337.6,1.19,0.99,1.55,0.48
276,9.2,35,0,person,0.821,851.6,406.7,1051.0,596.6,951.3,501.6,0.91,1.41,1.68,1.14
276,9.2,32,0,person,0.774,841.5,264.6,977.2,516.4,909.4,390.5,1.24,1.78,2.17,1.7
277,9.233,1,0,person,0.889,107.7,420.3,301.8,635.1,204.8,527.7,2.21,2.07,3.03,-0.07
277,9.233,3,0,person,0.781,1.9,365.5,74.4,570.5,38.2,468.0,0.91,2.23,2.41,-0.26
277,9.233,15,0,person,0.731,1068.7,288.2,1177.7,552.1,1123.2,420.1,2.57,1.14,2.81,-1.12
277,9.233,5,0,person,0.825,566.5,220.0,660.8,459.4,613.6,339.7,2.51,2.09,3.27,1.1
277,9.233,35,0,person,0.802,854.2,407.9,1054.2,598.3,954.2,503.1,2.88,1.47,3.23,0.07
277,9.233,32,0,person,0.757,843.5,265.6,980.6,521.1,912.0,393.3,2.67,2.84,3.9,1.06
278,9.267,1,0,person,0.855,113.8,419.6,273.9,594.3,193.9,506.9,-10.9,-20.77,23.46,-22.84
278,9.267,3,0,person,0.754,1.2,365.0,74.6,572.0,37.9,468.5,-0.24,0.51,0.57,-1.72
278,9.267,15,0,person,0.743,1070.2,289.4,1179.0,553.2,1124.6,421.3,1.42,1.18,1.84,0.04
278,9.267,5,0,person,0.785,568.6,221.1,663.0,459.9,615.8,340.5,2.17,0.77,2.3,-1.32
278,9.267,35,0,person,0.829,860.1,409.1,1043.1,582.3,951.6,495.7,-2.59,-7.39,7.83,-8.86
278,9.267,32,0,person,0.783,845.7,266.9,982.1,521.0,913.9,394.0,1.87,0.68,1.99,-2.16
279,9.3,1,0,person,0.854,116.5,420.7,263.0,578.2,189.7,499.5,-4.14,-7.49,8.56,13.28
279,9.3,3,0,person,0.762,1.3,366.3,75.2,574.0,38.2,470.2,0.27,1.69,1.71,1.17
279,9.3,15,0,person,0.718,1071.3,289.6,1180.0,553.4,1125.6,421.5,1.01,0.15,1.02,-1.02
279,9.3,5,0,person,0.771,569.2,222.3,663.4,460.2,616.3,341.3,0.47,0.81,0.94,0.04
279,9.3,35,0,person,0.799,862.7,408.8,1039.8,575.4,951.2,492.1,-0.38,-3.61,3.63,3.78
279,9.3,32,0,person,0.781,846.2,268.0,982.7,522.0,914.5,395.0,0.56,1.03,1.17,0.35
280,9.333,1,0,person,0.842,116.9,421.4,260.0,573.2,188.4,497.3,-1.3,-2.15,2.51,5.35
280,9.333,3,0,person,0.759,0.6,363.5,76.0,575.2,38.3,469.4,0.1,-0.81,0.82,-2.5
280,9.333,15,0,person,0.707,1072.3,291.0,1180.3,553.4,1126.3,422.2,0.64,0.76,0.99,0.61
280,9.333,5,0,person,0.801,570.7,222.6,665.1,460.3,617.9,341.5,1.63,0.17,1.64,-0.64
280,9.333,35,0,person,0.806,863.7,409.5,1039.0,573.7,951.3,491.6,0.11,-0.53,0.54,3.07
280,9.333,32,0,person,0.785,847.1,268.1,982.1,519.0,914.6,393.5,0.13,-1.48,1.49,-2.51
281,9.367,1,0,person,0.85,117.4,422.7,259.8,571.8,188.6,497.2,0.18,-0.06,0.2,2.08
281,9.367,3,0,person,0.754,0.4,362.7,76.5,576.4,38.5,469.5,0.15,0.18,0.23,0.99
281,9.367,15,0,person,0.711,1073.1,292.4,1180.6,553.9,1126.8,423.1,0.52,0.87,1.02,0.11
281,9.367,5,0,person,0.795,570.8,223.2,665.4,460.8,618.1,342.0,0.17,0.57,0.59,0.4
281,9.367,35,0,person,0.775,864.0,408.9,1039.5,572.6,951.8,490.8,0.42,-0.8,0.91,-0.27
281,9.367,32,0,person,0.783,848.5,268.8,984.0,520.6,916.3,394.7,1.68,1.15,2.04,2.64
282,9.4,1,0,person,0.845,119.0,423.9,261.7,571.6,190.4,497.7,1.79,0.5,1.86,0.56
282,9.4,3,0,person,0.723,0.9,364.3,76.6,576.4,38.7,470.3,0.27,0.8,0.85,0.63
282,9.4,15,0,person,0.737,1073.8,293.5,1181.1,554.8,1127.5,424.1,0.67,1.03,1.23,0.16
282,9.4,5,0,person,0.812,571.4,223.9,666.2,461.9,618.8,342.9,0.73,0.88,1.14,0.31
282,9.4,35,0,person,0.716,864.8,409.4,1040.6,572.4,952.7,490.9,0.95,0.1,0.95,0.9
282,9.4,32,0,person,0.789,849.5,269.6,983.6,518.9,916.5,394.2,0.25,-0.44,0.51,-1.6
283,9.433,1,0,person,0.832,120.5,425.6,263.1,571.5,191.8,498.6,1.4,0.83,1.62,0.33
283,9.433,3,0,person,0.617,1.2,365.7,77.1,577.3,39.1,471.5,0.39,1.16,1.22,0.35
283,9.433,15,0,person,0.744,1074.4,293.5,1182.1,555.7,1128.3,424.6,0.79,0.44,0.9,-0.6
283,9.433,5,0,person,0.766,572.4,225.1,667.1,462.6,619.7,343.8,0.94,0.92,1.32,0.05
283,9.433,35,0,person,0.766,865.7,411.0,1041.2,572.9,953.4,491.9,0.73,1.07,1.3,0.97
283,9.433,32,0,person,0.751,849.3,270.1,984.6,521.6,916.9,395.8,0.41,1.61,1.66,2.05
284,9.467,1,0,person,0.833,120.6,426.2,263.3,571.0,192.0,498.6,0.17,0.06,0.18,-0.77
284,9.467,3,0,person,0.562,1.4,366.7,77.7,578.4,39.5,472.6,0.41,1.07,1.15,-0.09
284,9.467,15,0,person,0.741,1076.1,295.6,1183.0,555.9,1129.5,425.8,1.25,1.18,1.72,0.75
284,9.467,5,0,person,0.627,573.2,225.2,667.7,462.5,620.4,343.8,0.67,0.03,0.67,-0.9
284,9.467,35,0,person,0.856,867.0,412.7,1042.2,573.4,954.6,493.0,1.18,1.09,1.6,0.02
284,9.467,32,0,person,0.803,854.5,270.7,983.3,508.7,918.9,389.7,1.98,-6.16,6.47,-7.77
285,9.5,1,0,person,0.836,120.5,427.0,263.7,571.2,192.1,499.1,0.17,0.44,0.47,0.38
285,9.5,3,0,person,0.6,0.8,365.6,78.2,580.2,39.5,472.9,-0.01,0.31,0.31,-0.76
285,9.5,15,0,person,0.736,1077.6,296.9,1184.2,556.1,1130.9,426.5,1.43,0.74,1.61,-0.45
285,9.5,5,0,person,0.79,574.1,225.5,669.1,463.6,621.6,344.6,1.21,0.71,1.41,0.68
285,9.5,35,0,person,0.814,867.7,414.1,1043.1,573.7,955.4,493.9,0.76,0.88,1.16,-0.21
285,9.5,32,0,person,0.775,856.4,271.5,983.1,503.6,919.8,387.5,0.87,-2.15,2.32,4.01
286,9.533,1,0,person,0.838,120.7,428.1,264.2,571.4,192.5,499.8,0.34,0.7,0.78,0.26
286,9.533,3,0,person,0.654,1.0,366.7,78.6,581.3,39.8,474.0,0.26,1.11,1.14,0.79
286,9.533,15,0,person,0.756,1078.0,296.9,1185.4,557.8,1131.7,427.4,0.72,0.88,1.13,0.14
286,9.533,5,0,person,0.789,574.8,225.9,670.3,465.0,622.5,345.5,0.89,0.9,1.27,0.2
286,9.533,32,0,person,0.567,853.9,269.9,1005.8,550.1,929.9,410.0,10.1,22.49,24.65,24.64
287,9.567,1,0,person,0.835,121.2,428.8,265.3,571.7,193.3,500.2,0.78,0.48,0.91,-0.23
287,9.567,3,0,person,0.634,1.4,367.9,79.3,582.1,40.3,475.0,0.57,0.98,1.13,-0.12
287,9.567,15,0,person,0.76,1078.9,296.7,1186.4,557.6,1132.6,427.2,0.99,-0.21,1.01,-1.08
287,9.567,5,0,person,0.652,574.9,226.3,670.2,465.4,622.5,345.9,0.01,0.4,0.4,-0.51
287,9.567,32,0,person,0.377,863.8,268.2,1027.8,566.2,945.8,417.2,15.9,7.18,17.45,-15.3
288,9.6,1,0,person,0.838,121.5,429.4,266.5,572.0,194.0,500.7,0.73,0.45,0.86,-0.03
288,9.6,3,0,person,0.63,0.8,366.1,79.5,582.8,40.1,474.4,-0.2,-0.53,0.57,-1.51
288,9.6,15,0,person,0.743,1080.0,298.7,1186.7,557.3,1133.4,428.0,0.73,0.82,1.09,1.03
288,9.6,5,0,person,0.677,575.6,227.4,670.6,465.2,623.1,346.3,0.54,0.43,0.69,0.04
289,9.633,1,0,person,0.835,121.9,430.1,267.5,572.2,194.7,501.2,0.74,0.47,0.87,0.02
289,9.633,3,0,person,0.635,0.8,363.8,80.7,583.2,40.7,473.5,0.58,-0.91,1.08,-0.37
289,9.633,15,0,person,0.699,1079.8,300.3,1186.5,558.8,1133.1,429.6,-0.25,1.59,1.61,0.77
289,9.633,5,0,person,0.714,575.8,228.4,670.9,466.2,623.4,347.3,0.28,1.06,1.09,0.62
289,9.633,35,0,person,0.394,893.0,466.2,1020.7,573.6,956.8,519.9,0.36,6.5,6.51,1.41
290,9.667,1,0,person,0.833,122.0,430.4,268.4,572.3,195.2,501.4,0.5,0.21,0.54,-0.26
290,9.667,3,0,person,0.659,1.0,364.2,81.1,583.4,41.0,473.8,0.29,0.26,0.39,1.17
290,9.667,15,0,person,0.703,1080.3,300.9,1186.5,558.1,1133.4,429.5,0.29,-0.1,0.3,-1.69
290,9.667,5,0,person,0.731,575.8,229.1,671.4,468.0,623.6,348.6,0.22,1.24,1.26,0.18
290,9.667,35,0,person,0.405,892.7,472.2,1021.3,573.9,957.0,523.1,0.16,3.15,3.16,-3.35
291,9.7,1,0,person,0.833,121.8,430.6,269.0,572.4,195.4,501.5,0.2,0.14,0.24,-0.07
291,9.7,3,0,person,0.665,1.0,364.4,81.3,583.7,41.2,474.0,0.15,0.25,0.29,-0.01
291,9.7,15,0,person,0.702,1080.5,301.5,1186.6,558.4,1133.5,429.9,0.13,0.46,0.48,0.56
291,9.7,5,0,person,0.762,576.0,229.6,671.7,468.8,623.8,349.2,0.25,0.61,0.66,-0.63
291,9.7,35,0,person,0.364,890.3,473.5,1023.7,574.0,957.0,523.8,0.0,0.7,0.7,-2.46
291,9.7,32,0,person,0.306,871.1,274.0,1040.1,575.4,955.6,424.7,2.45,1.87,3.08,-1.33
292,9.733,1,0,person,0.837,121.4,430.5,269.4,572.5,195.4,501.5,-0.02,0.02,0.03,-0.12
292,9.733,3,0,person,0.65,1.0,364.9,81.3,583.8,41.2,474.3,-0.0,0.3,0.3,0.06
292,9.733,15,0,person,0.683,1080.6,300.5,1187.2,558.6,1133.9,429.5,0.35,-0.42,0.54,-0.88
292,9.733,5,0,person,0.623,576.2,229.7,672.0,469.2,624.1,349.5,0.27,0.27,0.38,-0.34
292,9.733,32,0,person,0.537,860.3,270.5,1030.2,574.4,945.2,422.4,-10.33,-2.24,10.57,-4.11
292,9.733,40,0,person,0.307,182.4,206.1,292.2,470.1,237.3,338.1,-0.35,-0.36,0.5,-0.03
293,9.767,1,0,person,0.837,120.9,430.5,269.7,572.5,195.3,501.5,-0.11,-0.03,0.11,-0.05
293,9.767,3,0,person,0.655,0.8,365.5,81.2,584.0,41.0,474.7,-0.14,0.39,0.42,0.09
293,9.767,15,0,person,0.691,1080.4,299.8,1187.5,559.1,1134.0,429.5,0.07,-0.07,0.1,0.35
293,9.767,5,0,person,0.565,576.4,229.7,671.6,467.3,624.0,348.5,-0.09,-0.97,0.98,-1.24
293,9.767,32,0,person,0.478,862.6,269.7,1034.4,574.1,948.5,421.9,3.25,-0.55,3.29,1.69
294,9.8,1,0,person,0.835,119.9,430.4,269.5,572.5,194.7,501.4,-0.58,-0.05,0.59,-0.03
294,9.8,3,0,person,0.638,0.8,365.4,81.3,583.9,41.0,474.7,0.02,-0.05,0.06,-0.45
294,9.8,15,0,person,0.692,1079.6,300.7,1186.7,560.5,1133.2,430.6,-0.8,1.11,1.37,1.17
294,9.8,5,0,person,0.605,576.6,229.6,672.0,467.3,624.3,348.5,0.26,-0.03,0.26,0.94
294,9.8,35,0,person,0.395,874.7,464.5,1025.7,574.6,950.2,519.5,-2.27,-1.41,2.67,-0.7
295,9.833,1,0,person,0.837,119.1,430.7,269.3,572.6,194.2,501.6,-0.48,0.18,0.51,0.23
295,9.833,3,0,person,0.674,0.4,364.8,81.5,584.8,41.0,474.8,-0.08,0.11,0.13,0.16
295,9.833,15,0,person,0.716,1080.2,300.2,1187.2,560.2,1133.7,430.2,0.55,-0.38,0.67,-1.49
295,9.833,5,0,person,0.461,572.3,231.1,666.5,468.7,619.4,349.9,-4.89,1.48,5.11,1.51
295,9.833,35,0,person,0.502,868.3,460.6,1028.8,575.0,948.5,517.8,-1.69,-1.75,2.43,-0.34
296,9.867,1,0,person,0.83,119.7,431.3,270.0,572.7,194.8,502.0,0.6,0.34,0.69,0.16
296,9.867,3,0,person,0.642,0.3,364.9,81.6,585.3,41.0,475.1,0.02,0.32,0.32,0.21
296,9.867,15,0,person,0.734,1080.4,300.8,1187.5,560.8,1134.0,430.8,0.26,0.59,0.65,0.97
296,9.867,5,0,person,0.522,571.7,231.7,665.1,469.8,618.4,350.8,-0.95,0.86,1.28,-0.62
296,9.867,35,0,person,0.501,862.9,455.4,1033.5,575.5,948.2,515.5,-0.28,-2.34,2.36,-0.6
296,9.867,48,0,person,0.33,861.5,268.3,992.5,403.6,927.0,335.9,0.0,0.0,0.0,0.0
297,9.9,1,0,person,0.837,119.3,431.7,269.9,572.8,194.6,502.2,-0.23,0.28,0.36,-0.06
297,9.9,3,0,person,0.645,0.7,365.8,82.1,585.9,41.4,475.8,0.4,0.74,0.84,0.41
297,9.9,15,0,person,0.738,1080.8,301.4,1187.8,561.8,1134.3,431.6,0.32,0.82,0.89,0.23
297,9.9,5,0,person,0.618,575.9,230.9,669.7,469.0,622.8,349.9,4.38,-0.85,4.46,-1.7
297,9.9,35,0,person,0.526,858.9,450.3,1038.0,575.6,948.4,512.9,0.21,-2.54,2.55,-0.2
297,9.9,48,0,person,0.328,861.8,268.0,992.9,403.3,927.3,335.7,0.34,-0.27,0.43,-0.27
298,9.933,1,0,person,0.838,119.2,431.6,270.3,572.9,194.8,502.2,0.15,0.0,0.15,-0.28
298,9.933,3,0,person,0.622,0.7,366.4,82.1,585.9,41.4,476.2,0.02,0.32,0.32,-0.42
298,9.933,15,0,person,0.747,1081.1,302.1,1188.2,562.6,1134.7,432.4,0.37,0.76,0.85,-0.06
298,9.933,5,0,person,0.45,575.0,232.6,667.8,469.7,621.4,351.2,-1.4,1.21,1.85,2.06
298,9.933,35,0,person,0.576,858.9,450.8,1037.9,574.8,948.4,512.8,-0.07,-0.09,0.12,2.44
298,9.933,48,0,person,0.302,862.3,267.6,992.6,401.9,927.5,334.8,0.14,-0.9,0.91,-0.63
299,9.967,1,0,person,0.84,120.2,432.7,270.5,573.0,195.4,502.8,0.62,0.61,0.87,0.61
299,9.967,3,0,person,0.678,0.7,365.5,82.7,586.5,41.7,476.0,0.32,-0.18,0.37,-0.5
299,9.967,15,0,person,0.733,1081.6,302.8,1188.3,562.5,1134.9,432.6,0.25,0.27,0.37,-0.49
299,9.967,5,0,person,0.647,575.8,232.2,668.8,470.6,622.3,351.4,0.93,0.25,0.96,-0.96
299,9.967,35,0,person,0.602,860.5,453.5,1037.1,574.5,948.8,514.0,0.43,1.16,1.24,1.26
299,9.967,48,0,person,0.306,871.8,268.0,1000.6,401.4,936.2,334.7,8.72,-0.08,8.72,0.82
300,10.0,1,0,person,0.831,121.1,433.5,271.0,573.1,196.0,503.3,0.65,0.46,0.79,-0.14
300,10.0,3,0,person,0.723,0.7,365.1,83.4,587.4,42.1,476.2,0.35,0.25,0.43,0.44
300,10.0,15,0,person,0.71,1081.8,303.2,1188.3,562.5,1135.0,432.9,0.13,0.22,0.25,-0.05
300,10.0,5,0,person,0.474,575.1,236.2,665.9,471.3,620.5,353.8,-1.83,2.36,2.99,2.11
300,10.0,35,0,person,0.541,860.9,453.7,1037.8,574.0,949.3,513.9,0.53,-0.11,0.54,-1.27
300,10.0,48,0,person,0.33,867.9,268.1,997.0,401.1,932.5,334.6,-3.75,-0.12,3.75,-0.04
301,10.033,1,0,person,0.833,122.3,434.5,271.7,573.1,197.0,503.8,0.95,0.47,1.06,0.01
301,10.033,3,0,person,0.711,0.7,365.1,83.6,587.6,42.2,476.4,0.1,0.15,0.17,-0.11
301,10.033,15,0,person,0.694,1081.8,303.7,1188.2,563.0,1135.0,433.3,-0.08,0.48,0.49,0.26
301,10.033,5,0,person,0.361,575.8,252.4,660.0,471.4,617.9,361.9,-2.59,8.18,8.57,5.81
301,10.033,35,0,person,0.462,858.0,447.3,1043.4,573.8,950.7,510.6,1.4,-3.32,3.6,-3.21
301,10.033,48,0,person,0.349,866.4,267.4,996.8,401.1,931.6,334.2,-0.86,-0.34,0.92,-0.22
302,10.067,1,0,person,0.825,123.0,435.2,272.4,573.1,197.7,504.1,0.73,0.36,0.81,-0.12
302,10.067,3,0,person,0.738,0.8,365.5,83.8,587.8,42.3,476.7,0.16,0.3,0.34,0.15
302,10.067,15,0,person,0.707,1081.8,304.1,1188.0,562.6,1134.9,433.3,-0.05,0.0,0.05,-0.48
302,10.067,5,0,person,0.571,576.9,241.9,665.1,472.3,621.0,357.1,3.04,-4.87,5.74,-13.04
302,10.067,35,0,person,0.496,861.0,448.5,1044.2,573.6,952.6,511.0,1.85,0.48,1.91,3.8
303,10.1,1,0,person,0.821,123.2,435.6,272.8,573.0,198.0,504.3,0.28,0.19,0.34,-0.16
303,10.1,3,0,person,0.746,0.9,366.2,83.9,588.1,42.4,477.1,0.07,0.46,0.47,0.16
303,10.1,15,0,person,0.712,1081.4,305.2,1187.7,564.4,1134.6,434.8,-0.34,1.44,1.48,1.44
303,10.1,5,0,person,0.506,577.4,239.4,666.3,472.5,621.8,356.0,0.86,-1.11,1.4,3.76
303,10.1,35,0,person,0.47,846.0,423.4,1060.5,573.7,953.2,498.5,0.64,-12.49,12.51,-12.98
304,10.133,1,0,person,0.813,122.7,435.7,272.9,573.0,197.8,504.4,-0.2,0.05,0.2,-0.14
304,10.133,3,0,person,0.745,0.8,366.8,83.8,588.0,42.3,477.4,-0.09,0.26,0.28,-0.2
304,10.133,15,0,person,0.716,1081.6,305.6,1187.8,565.0,1134.7,435.3,0.16,0.49,0.51,-0.96
304,10.133,5,0,person,0.642,579.5,236.5,669.9,472.4,624.7,354.5,2.9,-1.5,3.26,-0.39
304,10.133,35,0,person,0.48,838.7,406.7,1069.8,573.5,954.3,490.1,1.06,-8.43,8.5,4.06
305,10.167,1,0,person,0.811,122.5,436.1,273.1,573.1,197.8,504.6,0.0,0.22,0.22,0.17
305,10.167,3,0,person,0.754,0.8,367.1,84.1,588.8,42.5,477.9,0.17,0.54,0.57,0.28
305,10.167,15,0,person,0.703,1081.7,305.8,1188.1,566.1,1134.9,436.0,0.17,0.7,0.72,0.21
305,10.167,5,0,person,0.519,578.0,237.3,667.7,472.9,622.9,355.1,-1.87,0.61,1.96,2.11
305,10.167,35,0,person,0.521,838.0,398.5,1073.3,573.5,955.7,486.0,1.39,-4.11,4.34,4.33
306,10.2,1,0,person,0.83,122.5,436.8,273.0,573.3,197.7,505.0,-0.04,0.43,0.43,0.22
306,10.2,3,0,person,0.751,0.9,367.7,84.3,589.3,42.6,478.5,0.16,0.53,0.55,-0.01
306,10.2,15,0,person,0.681,1081.9,305.9,1188.4,567.0,1135.1,436.5,0.24,0.5,0.56,-0.19
306,10.2,5,0,person,0.669,579.4,236.7,669.7,473.4,624.5,355.0,1.66,-0.03,1.66,-0.64
306,10.2,35,0,person,0.448,841.9,395.4,1073.9,573.1,957.9,484.3,2.22,-1.74,2.82,2.37
307,10.233,1,0,person,0.832,122.2,437.2,273.0,573.4,197.6,505.3,-0.16,0.24,0.29,-0.19
307,10.233,3,0,person,0.773,0.7,366.9,84.8,590.0,42.7,478.4,0.08,-0.03,0.09,-0.57
307,10.233,15,0,person,0.63,1082.2,306.8,1188.1,566.4,1135.1,436.6,-0.04,0.09,0.09,-0.41
307,10.233,5,0,person,0.67,579.6,236.7,670.2,474.1,624.9,355.4,0.38,0.35,0.52,0.38
308,10.267,1,0,person,0.83,121.9,437.3,273.1,573.4,197.5,505.3,-0.05,0.08,0.09,-0.17
308,10.267,3,0,person,0.767,0.4,366.5,84.7,590.0,42.6,478.3,-0.15,-0.19,0.24,-0.15
308,10.267,15,0,person,0.689,1082.0,307.3,1188.1,567.4,1135.1,437.3,-0.04,0.77,0.77,0.68
308,10.267,5,0,person,0.707,581.3,236.4,672.1,473.4,626.7,354.9,1.81,-0.49,1.87,-0.84
308,10.267,32,0,person,0.318,891.4,262.7,1053.3,557.8,972.4,410.2,1.59,-0.78,1.77,-0.02
309,10.3,1,0,person,0.828,121.5,437.5,272.9,573.4,197.2,505.5,-0.39,0.13,0.41,0.06
309,10.3,3,0,person,0.763,0.2,366.0,84.9,590.6,42.5,478.3,-0.01,0.05,0.05,0.23
309,10.3,15,0,person,0.697,1081.9,308.9,1187.4,567.5,1134.7,438.2,-0.4,0.84,0.93,0.06
309,10.3,5,0,person,0.675,581.9,236.7,672.8,473.0,627.3,354.8,0.65,-0.1,0.65,0.39
310,10.333,1,0,person,0.825,121.3,437.6,273.0,573.4,197.1,505.5,-0.03,0.01,0.03,-0.13
310,10.333,3,0,person,0.754,0.0,364.8,85.3,591.1,42.6,478.0,0.09,-0.33,0.34,-0.37
310,10.333,15,0,person,0.704,1081.4,307.9,1187.5,568.0,1134.5,437.9,-0.19,-0.24,0.3,-1.07
310,10.333,5,0,person,0.797,582.1,236.4,673.9,474.0,628.0,355.2,0.66,0.39,0.77,0.49
311,10.367,1,0,person,0.838,121.4,437.7,273.4,573.3,197.4,505.5,0.27,0.0,0.27,-0.0
311,10.367,3,0,person,0.749,0.0,364.4,85.1,591.3,42.5,477.8,-0.09,-0.14,0.17,0.19
311,10.367,15,0,person,0.721,1081.4,307.3,1187.6,568.1,1134.5,437.7,0.03,-0.2,0.2,0.04
311,10.367,5,0,person,0.811,582.6,236.5,675.0,474.6,628.8,355.6,0.82,0.37,0.9,-0.02
311,10.367,35,0,person,0.443,849.1,377.3,1090.5,572.3,969.8,474.8,2.38,-1.9,3.05,-0.03
312,10.4,1,0,person,0.84,119.2,438.1,270.9,573.5,195.1,505.8,-2.32,0.3,2.34,0.3
312,10.4,3,0,person,0.747,0.0,363.7,84.7,591.2,42.4,477.4,-0.19,-0.42,0.46,-0.28
312,10.4,15,0,person,0.714,1081.5,306.0,1188.4,569.3,1135.0,437.7,0.47,-0.05,0.47,0.15
312,10.4,5,0,person,0.552,580.7,238.0,672.5,474.9,626.6,356.4,-2.22,0.86,2.38,0.49
312,10.4,35,0,person,0.584,852.9,373.9,1088.3,572.9,970.6,473.4,0.82,-1.42,1.64,0.48
313,10.433,1,0,person,0.838,119.0,438.4,270.1,573.6,194.6,506.0,-0.52,0.2,0.56,-0.09
313,10.433,3,0,person,0.707,0.0,364.3,85.1,591.5,42.5,477.9,0.18,0.48,0.51,0.9
313,10.433,15,0,person,0.708,1081.8,306.2,1188.6,570.0,1135.2,438.1,0.23,0.4,0.46,0.45
313,10.433,5,0,person,0.645,582.9,238.7,674.0,472.8,628.4,355.7,1.84,-0.7,1.97,-1.56
313,10.433,35,0,person,0.429,856.1,371.7,1084.7,572.6,970.4,472.1,-0.23,-1.23,1.25,0.19
314,10.467,1,0,person,0.839,119.4,438.8,269.8,573.6,194.6,506.2,0.02,0.22,0.22,0.01
314,10.467,3,0,person,0.678,0.0,364.4,85.1,591.5,42.5,477.9,0.01,0.04,0.05,-0.44
314,10.467,15,0,person,0.711,1081.8,306.8,1188.3,570.2,1135.1,438.5,-0.13,0.44,0.46,0.04
314,10.467,5,0,person,0.792,583.1,238.9,674.8,474.2,629.0,356.6,0.52,0.85,1.0,1.55
314,10.467,35,0,person,0.337,857.8,367.9,1081.9,571.8,969.8,469.8,-0.55,-2.3,2.36,-1.08
315,10.5,1,0,person,0.847,120.1,439.3,270.0,573.6,195.1,506.4,0.47,0.23,0.53,0.01
315,10.5,3,0,person,0.663,0.0,364.7,84.8,591.3,42.4,478.0,-0.16,0.05,0.16,0.0
315,10.5,15,0,person,0.72,1081.9,307.1,1188.2,570.4,1135.1,438.8,-0.0,0.24,0.24,-0.2
315,10.5,5,0,person,0.676,583.5,239.7,675.2,474.4,629.3,357.1,0.38,0.47,0.6,-0.39
316,10.533,1,0,person,0.851,121.0,439.5,271.0,573.6,196.0,506.6,0.93,0.12,0.94,-0.11
316,10.533,3,0,person,0.7,0.0,364.6,84.7,591.1,42.3,477.9,-0.05,-0.13,0.14,-0.17
316,10.533,15,0,person,0.719,1082.4,306.9,1188.5,570.3,1135.4,438.6,0.38,-0.17,0.42,-0.42
316,10.533,5,0,person,0.754,583.4,240.0,675.3,474.5,629.3,357.3,0.0,0.2,0.2,-0.27
317,10.567,1,0,person,0.852,121.2,439.8,271.2,573.6,196.2,506.7,0.21,0.16,0.26,0.04
317,10.567,3,0,person,0.741,0.0,364.9,84.7,590.9,42.4,477.9,0.02,0.04,0.05,0.17
317,10.567,15,0,person,0.705,1082.6,307.8,1188.2,570.3,1135.4,439.1,-0.05,0.47,0.47,0.64
317,10.567,5,0,person,0.794,583.4,240.2,675.8,475.4,629.6,357.8,0.24,0.51,0.56,0.31
317,10.567,52,0,person,0.321,921.8,265.1,1034.6,410.1,978.2,337.6,0.0,0.0,0.0,0.0
317,10.567,35,0,person,0.343,855.6,362.6,1076.7,571.0,966.2,466.8,-1.22,-1.01,1.58,0.43
318,10.6,1,0,person,0.852,120.9,439.9,270.8,573.6,195.8,506.8,-0.37,0.04,0.38,-0.12
318,10.6,3,0,person,0.726,0.0,365.1,84.6,591.0,42.3,478.0,-0.05,0.13,0.14,0.09
318,10.6,15,0,person,0.73,1082.4,309.3,1187.6,570.6,1135.0,439.9,-0.39,0.86,0.95,0.39
318,10.6,5,0,person,0.8,583.2,240.0,676.1,476.5,629.7,358.2,0.1,0.48,0.49,-0.03
318,10.6,52,0,person,0.304,921.1,265.0,1033.2,409.2,977.1,337.1,-1.05,-0.48,1.15,-0.48
318,10.6,35,0,person,0.587,856.7,361.6,1072.6,571.4,964.6,466.5,-1.57,-0.31,1.6,0.69
319,10.633,1,0,person,0.852,120.3,439.9,270.5,573.7,195.4,506.8,-0.41,0.01,0.41,-0.03
319,10.633,3,0,person,0.736,0.0,365.0,84.4,591.1,42.2,478.0,-0.09,0.01,0.09,-0.12
319,10.633,15,0,person,0.741,1082.0,309.5,1187.2,570.7,1134.6,440.1,-0.39,0.17,0.43,-0.69
319,10.633,5,0,person,0.755,583.1,240.5,675.7,476.1,629.4,358.3,-0.32,0.06,0.32,-0.42
319,10.633,52,0,person,0.387,919.7,265.2,1031.7,409.4,975.7,337.3,-1.43,0.23,1.45,0.71
319,10.633,35,0,person,0.442,859.2,360.4,1070.1,571.0,964.7,465.7,0.06,-0.76,0.76,-0.45
320,10.667,1,0,person,0.853,120.1,439.8,270.6,573.7,195.3,506.7,-0.1,-0.03,0.11,-0.04
320,10.667,3,0,person,0.723,0.0,365.2,84.2,591.1,42.1,478.2,-0.15,0.14,0.2,0.13
320,10.667,15,0,person,0.732,1081.7,309.6,1187.0,570.8,1134.3,440.2,-0.28,0.08,0.29,-0.09
320,10.667,5,0,person,0.807,583.0,240.2,675.9,476.2,629.4,358.2,0.05,-0.13,0.14,-0.19
320,10.667,52,0,person,0.381,916.8,264.2,1031.3,412.0,974.0,338.1,-1.65,0.77,1.82,0.54
320,10.667,35,0,person,0.329,861.7,359.9,1067.4,570.3,964.5,465.1,-0.13,-0.65,0.67,0.11
321,10.7,1,0,person,0.848,119.9,439.8,270.5,573.6,195.2,506.7,-0.11,-0.03,0.12,0.01
321,10.7,3,0,person,0.707,0.0,365.3,84.2,591.3,42.1,478.3,0.01,0.11,0.11,-0.02
321,10.7,15,0,person,0.75,1081.2,309.5,1186.7,571.0,1133.9,440.3,-0.38,0.08,0.38,-0.0
321,10.7,5,0,person,0.801,582.4,240.7,675.1,475.5,628.7,358.1,-0.7,-0.08,0.7,0.05
321,10.7,52,0,person,0.401,915.0,264.4,1029.7,413.1,972.3,338.8,-1.69,0.67,1.82,-0.1
321,10.7,35,0,person,0.388,863.1,358.1,1066.4,570.8,964.7,464.4,0.17,-0.66,0.68,-0.01
322,10.733,1,0,person,0.846,120.2,440.1,270.4,573.5,195.3,506.8,0.1,0.12,0.16,0.15
322,10.733,3,0,person,0.719,0.0,365.5,84.4,591.9,42.2,478.7,0.09,0.41,0.42,0.3
322,10.733,15,0,person,0.742,1081.0,309.4,1186.7,571.2,1133.9,440.3,-0.07,0.08,0.1,0.0
322,10.733,5,0,person,0.704,581.4,241.2,674.2,476.3,627.8,358.7,-0.95,0.64,1.14,0.72
322,10.733,52,0,person,0.349,911.6,264.1,1025.8,413.3,968.7,338.7,-3.61,-0.06,3.61,-0.73
322,10.733,35,0,person,0.531,864.5,356.1,1065.7,571.3,965.1,463.7,0.42,-0.74,0.85,-0.08
323,10.767,1,0,person,0.845,120.7,440.4,270.7,573.5,195.7,506.9,0.38,0.08,0.39,-0.04
323,10.767,3,0,person,0.718,0.0,365.9,84.4,592.3,42.2,479.1,0.02,0.39,0.39,-0.03
323,10.767,15,0,person,0.737,1080.9,309.7,1186.6,571.6,1133.7,440.7,-0.14,0.32,0.34,0.24
323,10.767,5,0,person,0.747,582.3,241.1,675.3,476.5,628.8,358.8,1.04,0.04,1.04,-0.6
323,10.767,52,0,person,0.371,910.6,264.1,1024.1,413.7,967.3,338.9,-1.42,0.16,1.43,0.22
323,10.767,35,0,person,0.532,866.4,355.6,1064.3,571.5,965.4,463.5,0.25,-0.16,0.3,0.58
324,10.8,1,0,person,0.839,121.2,440.6,271.0,573.5,196.1,507.0,0.43,0.13,0.44,0.05
324,10.8,3,0,person,0.692,0.0,365.9,84.6,592.3,42.3,479.1,0.08,0.02,0.08,-0.37
324,10.8,15,0,person,0.756,1081.0,310.3,1186.6,571.7,1133.8,441.0,0.05,0.31,0.32,-0.0
324,10.8,5,0,person,0.59,582.0,241.7,675.0,476.4,628.5,359.1,-0.33,0.28,0.43,0.24
324,10.8,52,0,person,0.524,908.3,263.7,1021.0,413.7,964.7,338.7,-2.64,-0.14,2.65,-0.3
324,10.8,35,0,person,0.56,868.1,354.8,1063.1,571.7,965.6,463.2,0.24,-0.28,0.37,-0.12
325,10.833,1,0,person,0.845,121.6,440.9,271.2,573.5,196.4,507.2,0.3,0.16,0.34,0.03
325,10.833,3,0,person,0.665,0.0,364.6,84.9,592.5,42.4,478.5,0.15,-0.57,0.59,-0.59
325,10.833,15,0,person,0.752,1080.8,310.6,1186.5,571.8,1133.7,441.2,-0.13,0.21,0.25,-0.1
325,10.833,5,0,person,0.583,582.2,241.9,675.5,476.9,628.9,359.4,0.37,0.34,0.5,0.06
325,10.833,52,0,person,0.423,906.6,263.8,1016.6,411.1,961.6,337.4,-3.11,-1.29,3.36,-1.15
325,10.833,35,0,person,0.547,868.7,353.8,1061.1,572.0,964.9,462.9,-0.75,-0.35,0.83,-0.07
326,10.867,1,0,person,0.85,121.7,441.1,271.4,573.5,196.6,507.3,0.15,0.11,0.19,-0.06
326,10.867,3,0,person,0.655,0.0,364.2,84.8,592.9,42.4,478.6,-0.02,0.03,0.04,0.6
326,10.867,15,0,person,0.76,1080.7,310.6,1186.6,572.0,1133.7,441.3,0.03,0.12,0.12,-0.09
326,10.867,5,0,person,0.695,582.1,241.3,676.1,477.5,629.1,359.4,0.25,0.0,0.25,-0.34
326,10.867,52,0,person,0.359,904.3,263.8,1013.3,410.9,958.8,337.3,-2.78,-0.1,2.78,1.19
326,10.867,35,0,person,0.552,868.4,352.9,1058.4,572.2,963.4,462.5,-1.48,-0.35,1.53,-0.0
327,10.9,1,0,person,0.848,121.2,441.0,271.3,573.5,196.2,507.2,-0.32,-0.08,0.33,-0.19
327,10.9,3,0,person,0.597,0.0,365.5,84.6,593.7,42.3,479.6,-0.1,1.03,1.03,1.0
327,10.9,15,0,person,0.752,1080.5,310.1,1186.8,572.3,1133.7,441.2,-0.04,-0.11,0.12,-0.23
327,10.9,5,0,person,0.712,581.7,241.2,676.2,477.7,628.9,359.5,-0.16,0.05,0.17,0.05
327,10.9,35,0,person,0.379,865.8,352.6,1052.6,572.7,959.2,462.6,-4.23,0.1,4.23,0.45
328,10.933,1,0,person,0.85,120.5,441.0,270.8,573.5,195.7,507.2,-0.6,-0.01,0.6,0.07
328,10.933,3,0,person,0.588,0.5,367.5,84.1,591.6,42.3,479.6,-0.01,0.01,0.02,-1.02
328,10.933,15,0,person,0.752,1080.4,309.8,1186.9,572.6,1133.7,441.2,0.01,0.03,0.03,0.14
328,10.933,5,0,person,0.599,580.9,241.4,675.3,477.7,628.1,359.5,-0.85,0.09,0.85,0.04
328,10.933,35,0,person,0.406,862.8,348.3,1049.6,573.1,956.2,460.7,-3.0,-1.92,3.57,-2.02
329,10.967,1,0,person,0.848,120.8,441.0,271.2,573.5,196.0,507.3,0.37,0.03,0.37,0.04
329,10.967,3,0,person,0.539,2.1,376.1,82.5,589.3,42.3,482.7,0.02,3.11,3.11,3.1
329,10.967,15,0,person,0.755,1080.4,309.9,1186.9,572.9,1133.6,441.4,-0.02,0.16,0.17,0.14
329,10.967,5,0,person,0.616,581.5,242.1,675.7,477.4,628.6,359.7,0.47,0.2,0.51,0.11
329,10.967,35,0,person,0.344,854.5,328.4,1051.9,573.3,953.2,450.9,-2.98,-9.86,10.3,-7.94
330,11.0,1,0,person,0.842,120.7,441.4,270.6,573.4,195.6,507.4,-0.41,0.12,0.42,0.08
330,11.0,3,0,person,0.551,2.8,378.7,82.4,588.0,42.6,483.4,0.29,0.64,0.7,-2.47
330,11.0,15,0,person,0.751,1080.6,310.5,1186.9,573.0,1133.7,441.8,0.1,0.38,0.39,0.22
330,11.0,5,0,person,0.701,581.4,242.4,675.9,478.2,628.6,360.3,0.04,0.55,0.56,0.36
330,11.0,35,0,person,0.305,858.8,337.2,1045.5,573.4,952.1,455.3,-1.04,4.45,4.57,14.31
331,11.033,1,0,person,0.853,121.1,441.8,270.5,573.4,195.8,507.6,0.21,0.23,0.32,0.12
331,11.033,3,0,person,0.646,3.5,381.9,81.9,585.9,42.7,483.9,0.09,0.56,0.57,-0.08
331,11.033,15,0,person,0.751,1081.3,310.8,1187.5,573.3,1134.4,442.1,0.64,0.31,0.71,-0.07
331,11.033,5,0,person,0.657,581.4,242.3,675.7,477.9,628.5,360.1,-0.09,-0.2,0.22,-0.76
332,11.067,1,0,person,0.848,121.8,442.4,270.5,573.5,196.2,507.9,0.32,0.32,0.45,0.08
332,11.067,3,0,person,0.363,5.3,391.0,80.6,583.8,42.9,487.4,0.26,3.48,3.49,2.92
332,11.067,15,0,person,0.756,1082.0,312.5,1187.6,573.6,1134.8,443.0,0.41,0.98,1.06,0.67
332,11.067,5,0,person,0.722,582.6,242.4,677.2,478.1,629.9,360.2,1.36,0.12,1.36,0.33
333,11.1,1,0,person,0.849,122.0,442.6,270.2,573.5,196.1,508.1,-0.07,0.13,0.14,-0.19
333,11.1,3,0,person,0.389,5.7,396.7,80.1,583.9,42.9,490.3,-0.07,2.92,2.92,-0.56
333,11.1,15,0,person,0.752,1082.2,312.7,1187.8,573.9,1135.0,443.3,0.17,0.24,0.3,-0.74
333,11.1,5,0,person,0.737,583.1,242.4,677.9,478.3,630.5,360.4,0.61,0.15,0.63,0.03
334,11.133,1,0,person,0.85,121.8,442.4,270.2,573.5,196.0,508.0,-0.11,-0.09,0.14,-0.21
334,11.133,15,0,person,0.732,1082.6,310.7,1188.5,572.9,1135.5,441.8,0.55,-1.5,1.6,-1.74
334,11.133,5,0,person,0.751,582.6,242.5,677.3,478.0,630.0,360.3,-0.52,-0.11,0.54,-0.26
335,11.167,1,0,person,0.846,121.1,442.0,270.1,573.5,195.6,507.8,-0.4,-0.21,0.46,-0.13
335,11.167,15,0,person,0.745,1082.6,310.2,1188.4,572.2,1135.5,441.2,-0.06,-0.6,0.6,0.9
335,11.167,5,0,person,0.714,582.0,242.4,676.9,477.9,629.4,360.2,-0.53,-0.11,0.54,0.01
336,11.2,1,0,person,0.849,120.3,441.8,269.8,573.4,195.1,507.6,-0.51,-0.15,0.53,0.06
336,11.2,15,0,person,0.758,1082.3,310.3,1188.0,572.0,1135.2,441.2,-0.3,-0.03,0.3,0.57
336,11.2,5,0,person,0.55,579.3,243.3,673.1,477.8,626.2,360.6,-3.24,0.4,3.27,0.5
336,11.2,56,0,person,0.371,839.3,259.1,969.4,502.2,904.3,380.7,0.0,0.0,0.0,0.0
337,11.233,1,0,person,0.847,120.4,441.6,270.5,573.3,195.4,507.4,0.37,-0.16,0.4,-0.01
337,11.233,15,0,person,0.754,1082.1,310.3,1187.9,572.0,1135.0,441.1,-0.18,-0.03,0.18,0.01
337,11.233,5,0,person,0.632,578.9,243.0,672.8,478.4,625.9,360.7,-0.33,0.14,0.36,-0.26
337,11.233,56,0,person,0.458,838.4,259.9,967.3,500.8,902.8,380.4,-1.49,-0.34,1.53,-0.34
337,11.233,57,63,laptop,0.352,1.5,398.1,122.2,517.4,61.8,457.7,0.0,0.0,0.0,0.0
338,11.267,1,0,person,0.851,120.1,441.5,270.8,573.2,195.4,507.3,0.02,-0.11,0.11,0.05
338,11.267,15,0,person,0.752,1082.1,310.0,1187.9,572.0,1135.0,441.0,0.02,-0.08,0.09,-0.06
338,11.267,5,0,person,0.593,578.8,242.7,672.6,478.2,625.7,360.5,-0.17,-0.24,0.3,-0.38
338,11.267,57,63,laptop,0.413,0.0,397.6,143.3,558.2,71.7,477.9,9.84,20.15,22.42,20.15
338,11.267,35,0,person,0.4,847.2,342.7,1022.1,573.4,934.6,458.1,-2.19,0.34,2.21,-0.51
339,11.3,1,0,person,0.843,118.9,441.5,269.6,573.1,194.3,507.3,-1.19,-0.04,1.19,0.07
339,11.3,15,0,person,0.735,1081.8,310.4,1187.7,572.6,1134.8,441.5,-0.23,0.45,0.5,0.53
339,11.3,5,0,person,0.517,578.9,242.2,672.5,478.3,625.7,360.2,-0.02,-0.22,0.22,0.03
339,11.3,57,63,laptop,0.423,0.0,397.6,151.8,574.7,75.9,486.2,4.25,8.26,9.29,-11.9
339,11.3,35,0,person,0.435,793.4,312.4,997.1,575.4,895.3,443.9,-39.39,-14.17,41.86,-14.51
340,11.333,1,0,person,0.841,118.7,441.8,269.0,573.1,193.8,507.4,-0.41,0.16,0.44,0.2
340,11.333,15,0,person,0.726,1081.7,310.6,1187.6,572.9,1134.6,441.7,-0.15,0.23,0.27,-0.22
340,11.333,5,0,person,0.518,579.1,242.3,672.3,478.4,625.7,360.3,-0.0,0.08,0.08,0.3
340,11.333,57,63,laptop,0.477,0.0,398.1,153.9,579.8,76.9,488.9,1.03,2.76,2.94,-5.5
340,11.333,35,0,person,0.593,825.2,328.6,1008.6,574.5,916.9,451.6,21.64,7.69,22.96,21.86
341,11.367,1,0,person,0.841,118.7,441.9,268.9,573.1,193.8,507.5,-0.07,0.09,0.11,-0.07
341,11.367,15,0,person,0.735,1081.5,310.0,1187.6,572.8,1134.6,441.4,-0.04,-0.3,0.3,-0.53
341,11.367,5,0,person,0.457,578.8,243.0,671.4,478.4,625.1,360.7,-0.57,0.38,0.68,0.3
341,11.367,57,63,laptop,0.517,0.0,398.1,153.5,580.6,76.7,489.3,-0.18,0.43,0.47,-2.32
341,11.367,35,0,person,0.671,839.1,333.7,1012.5,574.3,925.8,454.0,8.95,2.4,9.27,-5.29
342,11.4,1,0,person,0.843,118.5,442.1,268.7,573.2,193.6,507.6,-0.15,0.11,0.19,0.03
342,11.4,15,0,person,0.726,1081.5,310.4,1187.3,572.3,1134.4,441.3,-0.16,-0.1,0.18,0.2
342,11.4,5,0,person,0.538,579.7,242.7,672.2,478.3,625.9,360.5,0.82,-0.17,0.84,-0.55
342,11.4,57,63,laptop,0.451,0.0,398.0,152.0,580.2,76.0,489.1,-0.75,-0.23,0.78,-0.66
342,11.4,35,0,person,0.748,845.9,335.4,1013.1,574.3,929.5,454.9,3.65,0.9,3.75,-1.5
343,11.433,1,0,person,0.844,118.2,442.5,268.4,573.6,193.3,508.0,-0.34,0.38,0.51,0.27
343,11.433,15,0,person,0.707,1081.4,310.3,1187.2,572.0,1134.3,441.2,-0.15,-0.16,0.22,-0.07
343,11.433,5,0,person,0.503,579.5,242.8,671.9,478.2,625.7,360.5,-0.24,-0.06,0.25,0.11
343,11.433,57,63,laptop,0.359,0.0,398.1,149.5,578.9,74.8,488.5,-1.24,-0.66,1.4,-0.43
343,11.433,35,0,person,0.537,847.7,334.3,1011.2,574.1,929.4,454.2,-0.05,-0.65,0.65,-1.55
343,11.433,52,0,person,0.423,847.8,261.0,949.6,397.5,898.7,329.2,-3.54,-0.48,3.57,-0.02
344,11.467,1,0,person,0.843,118.7,442.5,268.5,573.4,193.6,508.0,0.31,-0.06,0.31,-0.44
344,11.467,15,0,person,0.719,1081.2,311.2,1186.7,571.9,1133.9,441.6,-0.36,0.4,0.53,0.56
344,11.467,5,0,person,0.515,579.2,243.3,671.3,478.4,625.3,360.9,-0.39,0.41,0.57,0.48
344,11.467,35,0,person,0.326,847.3,333.4,1007.1,573.6,927.2,453.5,-2.28,-0.76,2.4,-0.11
344,11.467,52,0,person,0.381,848.0,261.8,947.4,394.0,897.7,327.9,-1.01,-1.29,1.64,-0.81
345,11.5,1,0,person,0.837,118.7,442.7,268.2,573.3,193.4,508.0,-0.17,0.02,0.17,0.07
345,11.5,15,0,person,0.724,1081.1,311.4,1186.6,571.7,1133.8,441.5,-0.1,-0.02,0.1,-0.42
345,11.5,5,0,person,0.622,580.2,243.8,672.5,478.6,626.3,361.2,1.06,0.35,1.11,-0.07
345,11.5,52,0,person,0.314,848.9,262.7,946.9,392.4,897.9,327.6,0.23,-0.38,0.44,0.91
346,11.533,1,0,person,0.836,119.7,442.7,269.3,573.4,194.5,508.1,1.06,0.1,1.07,0.08
346,11.533,15,0,person,0.713,1081.1,312.1,1186.7,572.4,1133.9,442.3,0.07,0.73,0.73,0.75
346,11.533,5,0,person,0.681,581.6,243.3,674.3,478.7,628.0,361.0,1.62,-0.23,1.63,-0.58
346,11.533,52,0,person,0.399,849.4,262.6,946.9,391.9,898.1,327.3,0.25,-0.29,0.38,0.09
347,11.567,1,0,person,0.837,120.3,442.9,269.8,573.5,195.1,508.2,0.57,0.1,0.57,-0.0
347,11.567,15,0,person,0.697,1081.1,312.7,1186.9,573.3,1134.0,443.0,0.09,0.74,0.75,0.01
347,11.567,5,0,person,0.739,582.0,242.8,674.7,477.3,628.3,360.1,0.36,-0.94,1.0,-0.71
347,11.567,52,0,person,0.459,849.3,262.5,946.8,392.3,898.0,327.4,-0.12,0.13,0.18,0.42
347,11.567,35,0,person,0.327,841.3,330.1,999.4,572.5,920.4,451.3,-2.26,-0.72,2.37,0.01
348,11.6,1,0,person,0.833,120.5,443.0,269.7,573.5,195.1,508.3,0.07,0.08,0.1,-0.02
348,11.6,15,0,person,0.695,1081.2,313.0,1187.1,574.0,1134.1,443.5,0.15,0.47,0.5,-0.27
348,11.6,5,0,person,0.702,581.5,243.1,674.7,478.7,628.1,360.9,-0.21,0.84,0.87,1.78
348,11.6,52,0,person,0.436,849.5,262.7,946.6,392.4,898.1,327.6,0.04,0.18,0.19,0.05
348,11.6,35,0,person,0.401,841.5,330.7,997.0,573.0,919.2,451.9,-1.15,0.57,1.28,1.29
349,11.633,1,0,person,0.833,120.8,443.2,269.9,573.5,195.4,508.3,0.23,0.09,0.25,0.01
349,11.633,15,0,person,0.701,1081.1,313.0,1187.1,573.9,1134.1,443.5,-0.02,0.0,0.02,-0.47
349,11.633,5,0,person,0.77,582.2,242.9,675.3,477.6,628.8,360.3,0.64,-0.65,0.91,-1.49
349,11.633,52,0,person,0.447,848.4,261.8,946.1,392.4,897.2,327.1,-0.85,-0.49,0.98,-0.67
349,11.633,35,0,person,0.399,843.2,329.9,995.9,572.6,919.6,451.3,0.34,-0.62,0.71,-1.19
350,11.667,1,0,person,0.835,120.7,443.3,269.4,573.5,195.0,508.4,-0.31,0.06,0.31,-0.03
350,11.667,15,0,person,0.697,1080.9,313.0,1187.0,574.0,1134.0,443.5,-0.14,0.03,0.14,0.03
350,11.667,5,0,person,0.712,581.7,243.2,675.4,478.5,628.5,360.8,-0.21,0.56,0.6,1.21
350,11.667,52,0,person,0.363,847.3,261.4,945.8,393.4,896.6,327.4,-0.65,0.34,0.74,0.83
350,11.667,35,0,person,0.326,846.7,331.1,996.1,572.9,921.4,452.0,1.82,0.77,1.98,1.4
351,11.7,1,0,person,0.832,120.9,443.5,268.7,573.4,194.8,508.5,-0.25,0.05,0.25,-0.01
351,11.7,15,0,person,0.682,1080.9,313.4,1187.1,574.3,1134.0,443.8,0.01,0.33,0.33,0.3
351,11.7,5,0,person,0.764,581.9,243.4,675.3,477.8,628.6,360.6,0.04,-0.21,0.22,-0.78
351,11.7,35,0,person,0.359,848.2,333.3,994.4,573.1,921.3,453.2,-0.1,1.17,1.17,0.39
352,11.733,1,0,person,0.838,121.4,443.7,268.8,573.4,195.1,508.5,0.3,0.05,0.31,0.01
352,11.733,15,0,person,0.645,1080.7,313.9,1186.9,574.6,1133.8,444.3,-0.21,0.46,0.5,0.13
352,11.733,5,0,person,0.745,582.1,243.5,675.3,476.9,628.7,360.2,0.1,-0.39,0.41,-0.18
352,11.733,35,0,person,0.347,847.3,325.0,995.5,573.0,921.4,449.0,0.14,-4.22,4.22,-5.38
353,11.767,1,0,person,0.841,121.7,443.7,268.9,573.3,195.3,508.5,0.19,0.01,0.19,-0.04
353,11.767,15,0,person,0.602,1080.6,314.1,1186.9,574.6,1133.7,444.3,-0.04,0.04,0.06,-0.42
353,11.767,5,0,person,0.602,582.1,243.9,674.7,475.9,628.4,359.9,-0.29,-0.3,0.42,0.09
354,11.8,1,0,person,0.843,122.0,443.8,269.0,573.3,195.5,508.6,0.23,0.05,0.24,0.03
354,11.8,15,0,person,0.648,1080.3,314.5,1186.8,575.4,1133.6,445.0,-0.18,0.63,0.65,0.59
354,11.8,5,0,person,0.625,581.2,244.1,674.9,478.9,628.1,361.5,-0.34,1.61,1.64,1.91
354,11.8,62,62,tv,0.31,201.9,3.7,1271.5,720.0,736.7,361.8,0.0,0.0,0.0,0.0
354,11.8,35,0,person,0.313,831.4,278.8,1002.1,573.5,916.8,426.1,-2.33,-11.42,11.66,-3.6
355,11.833,1,0,person,0.848,122.1,443.8,269.1,573.4,195.6,508.6,0.06,0.0,0.06,-0.04
355,11.833,15,0,person,0.68,1080.0,314.6,1186.7,575.9,1133.4,445.2,-0.2,0.26,0.32,-0.37
355,11.833,5,0,person,0.624,580.5,244.5,674.6,480.4,627.6,362.5,-0.5,0.96,1.08,-0.65
355,11.833,62,62,tv,0.356,243.4,4.0,1280.0,720.0,761.7,362.0,24.97,0.15,24.97,0.15
355,11.833,35,0,person,0.412,830.1,267.6,1002.2,573.6,916.2,420.6,-0.57,-5.54,5.57,5.89
356,11.867,1,0,person,0.845,122.1,443.8,268.9,573.4,195.5,508.6,-0.12,0.01,0.12,0.01
356,11.867,15,0,person,0.669,1079.9,314.5,1186.8,576.1,1133.4,445.3,0.0,0.11,0.11,-0.14
356,11.867,5,0,person,0.521,580.5,245.0,674.5,481.0,627.5,363.0,-0.05,0.51,0.51,-0.44
356,11.867,62,62,tv,0.33,241.8,4.3,1280.0,720.0,760.9,362.2,-0.8,0.18,0.82,0.02
356,11.867,35,0,person,0.451,830.9,264.2,1000.8,573.4,915.8,418.8,-0.35,-1.78,1.82,3.76
357,11.9,1,0,person,0.848,122.5,443.9,269.2,573.4,195.9,508.7,0.4,0.09,0.41,0.08
357,11.9,15,0,person,0.664,1080.0,314.2,1187.1,576.0,1133.6,445.1,0.2,-0.2,0.28,-0.31
357,11.9,5,0,person,0.521,580.4,245.6,673.9,480.6,627.2,363.1,-0.34,0.13,0.37,-0.38
357,11.9,62,62,tv,0.367,221.0,4.1,1280.0,719.5,750.5,361.8,-10.41,-0.35,10.41,-0.52
357,11.9,35,0,person,0.452,831.5,261.5,998.8,572.6,915.1,417.1,-0.7,-1.73,1.87,0.05
358,11.933,1,0,person,0.846,122.8,443.9,269.7,573.4,196.3,508.6,0.41,-0.05,0.41,-0.14
358,11.933,15,0,person,0.586,1081.1,313.2,1187.9,574.2,1134.5,443.7,0.9,-1.42,1.68,-1.22
358,11.933,5,0,person,0.518,580.7,245.3,674.0,480.1,627.3,362.7,0.16,-0.44,0.47,-0.57
358,11.933,62,62,tv,0.404,206.0,4.2,1271.4,719.4,738.7,361.8,-11.73,-0.03,11.73,0.31
359,11.967,1,0,person,0.848,122.5,443.7,269.6,573.4,196.0,508.5,-0.23,-0.11,0.25,-0.07
359,11.967,15,0,person,0.598,1081.4,312.7,1188.1,573.5,1134.7,443.1,0.25,-0.63,0.68,0.78
359,11.967,5,0,person,0.553,580.8,245.5,673.8,479.7,627.3,362.6,-0.0,-0.1,0.1,0.34
359,11.967,62,62,tv,0.403,221.0,4.2,1280.0,719.8,750.5,362.0,11.78,0.19,11.78,0.23
359,11.967,63,0,person,0.306,179.8,229.3,313.2,492.1,246.5,360.7,0.0,0.0,0.0,0.0
360,12.0,1,0,person,0.844,122.0,443.6,269.2,573.4,195.6,508.5,-0.45,-0.03,0.45,0.09
360,12.0,15,0,person,0.593,1081.4,312.5,1188.2,573.3,1134.8,442.9,0.08,-0.19,0.2,0.44
360,12.0,5,0,person,0.526,579.7,245.2,672.7,480.2,626.2,362.7,-1.13,0.13,1.14,0.23
360,12.0,62,62,tv,0.394,227.1,3.8,1280.0,719.5,753.6,361.7,3.03,-0.29,3.05,-0.49
360,12.0,63,0,person,0.454,182.2,227.5,316.9,492.7,249.5,360.1,2.99,-0.62,3.06,-0.62
361,12.033,1,0,person,0.844,121.9,443.6,269.0,573.4,195.4,508.5,-0.19,-0.0,0.19,0.03
361,12.033,15,0,person,0.636,1080.3,313.3,1187.3,574.6,1133.8,443.9,-0.96,1.03,1.41,1.22
361,12.033,5,0,person,0.702,580.0,244.2,673.6,480.6,626.8,362.4,0.64,-0.28,0.7,-0.41
361,12.033,62,62,tv,0.347,205.9,3.7,1269.8,719.0,737.8,361.3,-15.75,-0.35,15.75,-0.06
361,12.033,63,0,person,0.47,183.0,227.4,317.9,493.1,250.5,360.2,0.96,0.16,0.97,0.79
362,12.067,1,0,person,0.85,121.9,443.4,269.2,573.4,195.5,508.4,0.13,-0.1,0.16,-0.1
362,12.067,15,0,person,0.666,1079.5,313.0,1187.0,575.4,1133.3,444.2,-0.58,0.27,0.64,-0.76
362,12.067,5,0,person,0.737,580.5,243.9,674.2,480.6,627.3,362.2,0.5,-0.21,0.54,0.06
362,12.067,62,62,tv,0.305,196.4,3.5,1263.7,719.6,730.1,361.5,-7.73,0.21,7.74,0.56
362,12.067,63,0,person,0.4,180.4,227.5,315.0,492.5,247.7,360.0,-2.78,-0.23,2.79,-0.4
363,12.1,1,0,person,0.85,121.8,443.3,269.2,573.4,195.5,508.3,-0.06,-0.06,0.08,0.04
363,12.1,15,0,person,0.677,1079.4,312.7,1187.0,575.3,1133.2,444.0,-0.05,-0.19,0.2,-0.47
363,12.1,5,0,person,0.671,580.6,244.2,674.2,480.7,627.4,362.4,0.04,0.21,0.21,0.42
363,12.1,63,0,person,0.495,180.9,226.3,316.0,492.4,248.5,359.4,0.76,-0.63,0.99,-0.4
364,12.133,1,0,person,0.85,121.7,443.3,269.1,573.4,195.4,508.3,-0.09,0.01,0.09,0.07
364,12.133,15,0,person,0.693,1079.3,312.5,1187.0,575.5,1133.2,444.0,-0.05,0.02,0.06,0.22
364,12.133,5,0,person,0.65,579.9,244.3,673.3,480.5,626.6,362.4,-0.75,-0.03,0.75,-0.24
364,12.133,63,0,person,0.442,180.3,226.8,315.4,492.5,247.9,359.7,-0.6,0.29,0.66,0.92
364,12.133,35,0,person,0.396,855.8,316.2,993.6,571.4,924.7,443.8,1.37,3.82,4.06,0.79
364,12.133,62,62,tv,0.341,212.1,3.9,1277.7,719.9,744.9,361.9,7.4,0.19,7.4,-0.01
365,12.167,1,0,person,0.849,121.6,443.2,269.1,573.4,195.3,508.3,-0.06,-0.03,0.06,-0.04
365,12.167,15,0,person,0.713,1078.9,311.9,1187.0,575.8,1133.0,443.9,-0.19,-0.16,0.25,-0.18
365,12.167,5,0,person,0.77,580.8,244.0,673.4,478.7,627.1,361.3,0.44,-1.05,1.14,-1.02
365,12.167,63,0,person,0.447,180.7,228.3,314.8,492.2,247.8,360.3,-0.09,0.62,0.62,0.32
365,12.167,35,0,person,0.371,856.8,318.7,994.3,570.2,925.6,444.5,0.85,0.64,1.06,-3.18
366,12.2,1,0,person,0.845,120.9,442.8,268.6,573.3,194.8,508.0,-0.58,-0.27,0.64,-0.24
366,12.2,15,0,person,0.698,1078.6,311.2,1186.8,575.2,1132.7,443.2,-0.25,-0.66,0.7,-0.49
366,12.2,5,0,person,0.644,580.7,244.2,672.6,477.2,626.7,360.7,-0.42,-0.65,0.77,0.41
366,12.2,63,0,person,0.503,179.6,228.1,314.1,492.7,246.8,360.4,-0.93,0.13,0.94,-0.48
366,12.2,35,0,person,0.349,856.4,319.4,994.6,569.6,925.5,444.5,-0.08,0.04,0.09,-0.6
367,12.233,1,0,person,0.849,121.2,442.5,269.1,573.3,195.2,507.9,0.41,-0.15,0.44,0.12
367,12.233,15,0,person,0.665,1078.4,310.4,1186.8,575.0,1132.6,442.7,-0.13,-0.5,0.52,0.16
367,12.233,5,0,person,0.685,580.7,244.5,672.1,476.4,626.4,360.4,-0.25,-0.29,0.38,0.36
367,12.233,63,0,person,0.484,178.7,228.4,313.3,493.1,246.0,360.8,-0.81,0.34,0.88,0.2
367,12.233,35,0,person,0.301,857.3,318.8,996.7,570.0,927.0,444.4,1.48,-0.08,1.48,-0.12
368,12.267,1,0,person,0.851,121.6,442.5,269.6,573.3,195.6,507.9,0.41,-0.0,0.41,0.15
368,12.267,15,0,person,0.682,1078.6,309.5,1187.1,574.3,1132.9,441.9,0.31,-0.81,0.86,-0.31
368,12.267,5,0,person,0.705,580.9,244.5,672.1,475.9,626.5,360.2,0.08,-0.21,0.23,0.07
368,12.267,63,0,person,0.477,170.4,229.1,303.1,493.1,236.7,361.1,-9.29,0.31,9.3,-0.03
369,12.3,1,0,person,0.846,121.6,442.5,269.6,573.3,195.6,507.9,0.06,0.02,0.06,0.02
369,12.3,15,0,person,0.684,1077.5,308.3,1186.7,575.1,1132.1,441.7,-0.79,-0.16,0.81,0.64
369,12.3,5,0,person,0.698,580.5,244.9,672.5,478.5,626.5,361.7,0.03,1.48,1.48,1.7
369,12.3,63,0,person,0.523,175.9,230.1,308.7,493.3,242.3,361.7,5.54,0.64,5.58,0.34
369,12.3,35,0,person,0.659,870.1,317.8,983.3,504.3,926.7,411.0,-0.12,-16.69,16.69,-8.31
370,12.333,1,0,person,0.843,121.3,442.5,269.3,573.3,195.3,507.9,-0.34,-0.02,0.34,-0.03
370,12.333,15,0,person,0.707,1076.7,308.4,1185.8,574.9,1131.3,441.7,-0.84,-0.08,0.84,0.08
370,12.333,5,0,person,0.656,580.0,244.6,671.2,476.5,625.6,360.6,-0.93,-1.12,1.46,-2.61
370,12.333,63,0,person,0.545,178.1,230.8,310.8,493.2,244.5,362.0,2.17,0.3,2.19,-0.34
370,12.333,35,0,person,0.662,856.1,315.4,1002.1,554.6,929.1,435.0,2.36,23.92,24.04,40.61
371,12.367,1,0,person,0.836,121.4,442.4,269.3,573.2,195.4,507.8,0.07,-0.08,0.11,-0.07
371,12.367,15,0,person,0.736,1075.8,308.5,1185.0,575.1,1130.4,441.8,-0.87,0.16,0.89,0.25
371,12.367,5,0,person,0.535,579.3,244.9,669.8,475.0,624.6,360.0,-1.02,-0.58,1.17,0.55
371,12.367,63,0,person,0.49,179.4,231.5,312.1,493.6,245.8,362.5,1.31,0.54,1.41,0.24
371,12.367,35,0,person,0.703,856.6,313.6,1010.1,565.4,933.3,439.5,4.25,4.54,6.22,-19.38
372,12.4,1,0,person,0.833,121.1,442.2,269.1,573.1,195.1,507.7,-0.29,-0.13,0.31,-0.05
372,12.4,15,0,person,0.742,1075.9,308.5,1184.9,574.4,1130.4,441.4,0.02,-0.38,0.38,-0.55
372,12.4,5,0,person,0.519,579.5,245.3,669.4,474.2,624.4,359.7,-0.13,-0.26,0.29,0.32
372,12.4,63,0,person,0.468,179.2,232.6,311.5,493.6,245.4,363.1,-0.41,0.53,0.67,-0.0
372,12.4,35,0,person,0.721,857.8,313.0,1014.7,570.4,936.3,441.7,2.91,2.17,3.63,-2.38
373,12.433,1,0,person,0.83,120.8,442.1,268.9,573.1,194.9,507.6,-0.23,-0.09,0.25,0.04
373,12.433,15,0,person,0.73,1076.0,309.0,1184.7,574.2,1130.3,441.6,-0.07,0.16,0.17,0.54
373,12.433,5,0,person,0.583,579.7,245.1,669.4,473.7,624.5,359.4,0.1,-0.32,0.33,-0.06
373,12.433,63,0,person,0.468,179.8,231.2,312.3,493.3,246.0,362.2,0.68,-0.86,1.09,-1.39
373,12.433,35,0,person,0.716,856.1,311.2,1014.5,572.5,935.3,441.8,-0.97,0.15,0.98,-2.02
374,12.467,1,0,person,0.831,120.6,442.1,268.9,573.0,194.8,507.6,-0.09,-0.0,0.09,0.09
374,12.467,15,0,person,0.739,1076.2,309.2,1184.7,573.8,1130.4,441.5,0.1,-0.07,0.12,-0.23
374,12.467,5,0,person,0.552,579.9,244.8,669.2,472.3,624.6,358.6,0.04,-0.82,0.82,-0.5
374,12.467,63,0,person,0.498,180.0,231.7,312.3,493.5,246.1,362.6,0.09,0.38,0.39,1.24
374,12.467,35,0,person,0.717,845.2,312.9,996.9,571.6,921.0,442.2,-14.25,0.41,14.25,0.26
375,12.5,1,0,person,0.835,120.6,442.3,268.8,573.0,194.7,507.6,-0.07,0.04,0.08,0.04
375,12.5,15,0,person,0.709,1076.1,309.9,1184.8,575.0,1130.4,442.4,0.02,0.89,0.89,0.96
375,12.5,5,0,person,0.515,579.6,244.8,669.2,473.5,624.4,359.2,-0.22,0.6,0.64,1.42
375,12.5,63,0,person,0.536,182.3,231.6,314.4,493.8,248.4,362.7,2.25,0.09,2.25,-0.29
375,12.5,35,0,person,0.725,842.1,312.7,988.7,570.7,915.4,441.7,-5.66,-0.52,5.68,-0.93
375,12.5,65,0,person,0.504,821.9,259.9,935.2,489.0,878.5,374.4,0.0,0.0,0.0,0.0
376,12.533,1,0,person,0.837,120.6,442.4,268.7,573.0,194.6,507.7,-0.05,0.1,0.11,0.07
376,12.533,15,0,person,0.684,1076.8,309.5,1185.4,574.3,1131.1,441.9,0.65,-0.51,0.82,-1.39
376,12.533,5,0,person,0.557,579.6,244.5,669.7,475.0,624.6,359.8,0.26,0.59,0.64,-0.01
376,12.533,63,0,person,0.52,183.3,230.6,315.4,494.0,249.4,362.3,0.97,-0.36,1.03,-0.45
376,12.533,35,0,person,0.707,840.6,305.8,987.3,570.3,913.9,438.1,-1.47,-3.65,3.94,-3.13
376,12.533,65,0,person,0.376,823.5,263.1,935.0,488.2,879.3,375.7,0.77,1.25,1.46,1.25
377,12.567,1,0,person,0.842,120.5,442.6,268.4,573.1,194.5,507.9,-0.19,0.13,0.23,0.02
377,12.567,15,0,person,0.704,1076.0,309.4,1185.0,575.4,1130.5,442.4,-0.61,0.51,0.79,1.02
377,12.567,5,0,person,0.653,579.7,244.8,669.8,476.0,624.7,360.4,0.1,0.63,0.64,0.04
377,12.567,63,0,person,0.496,183.0,230.8,314.9,494.2,248.9,362.5,-0.4,0.19,0.45,0.55
377,12.567,35,0,person,0.655,841.0,302.9,984.4,568.6,912.7,435.8,-1.2,-2.29,2.59,1.36
377,12.567,65,0,person,0.38,824.0,267.8,932.8,487.1,878.4,377.5,-0.86,1.78,1.98,0.54
378,12.6,1,0,person,0.843,120.7,442.8,268.3,573.1,194.5,507.9,0.01,0.08,0.08,-0.04
378,12.6,15,0,person,0.699,1075.6,309.2,1184.8,575.7,1130.2,442.4,-0.27,0.03,0.27,-0.48
378,12.6,5,0,person,0.669,580.0,245.0,670.1,476.7,625.1,360.8,0.34,0.43,0.55,-0.2
378,12.6,63,0,person,0.486,175.4,231.9,304.4,494.8,239.9,363.3,-9.05,0.81,9.09,0.62
378,12.6,35,0,person,0.655,841.9,302.1,982.5,568.6,912.2,435.4,-0.51,-0.39,0.64,1.91
378,12.6,65,0,person,0.42,823.5,266.7,933.1,486.9,878.3,376.8,-0.12,-0.66,0.68,-2.45
379,12.633,1,0,person,0.843,120.7,442.8,268.1,573.1,194.4,508.0,-0.11,0.03,0.12,-0.06
379,12.633,15,0,person,0.698,1075.7,309.4,1184.8,575.9,1130.3,442.7,0.05,0.24,0.24,0.21
379,12.633,5,0,person,0.685,580.7,244.7,671.1,477.0,625.9,360.9,0.87,0.04,0.87,-0.39
379,12.633,63,0,person,0.463,180.9,231.5,309.9,494.4,245.4,362.9,5.55,-0.43,5.56,-1.24
379,12.633,35,0,person,0.656,843.0,301.2,981.8,569.2,912.4,435.2,0.19,-0.17,0.26,0.21
379,12.633,65,0,person,0.446,822.0,266.1,931.9,486.0,877.0,376.1,-1.35,-0.73,1.54,-0.06
380,12.667,1,0,person,0.847,120.8,442.9,267.9,573.1,194.4,508.0,-0.0,0.05,0.05,0.02
380,12.667,15,0,person,0.704,1076.2,310.0,1185.2,576.6,1130.7,443.3,0.42,0.6,0.73,0.36
380,12.667,5,0,person,0.749,580.5,244.7,671.1,477.6,625.8,361.1,-0.16,0.26,0.31,0.23
380,12.667,63,0,person,0.53,182.3,231.3,311.8,494.7,247.1,363.0,1.61,0.07,1.61,0.5
380,12.667,35,0,person,0.717,843.5,300.5,980.1,568.3,911.8,434.4,-0.55,-0.79,0.96,-0.61
380,12.667,65,0,person,0.4,823.7,276.0,928.7,484.1,876.2,380.1,-0.73,3.99,4.06,4.72
381,12.7,1,0,person,0.843,121.2,443.1,267.9,573.1,194.6,508.1,0.21,0.11,0.24,0.06
381,12.7,15,0,person,0.718,1076.6,310.6,1185.5,576.8,1131.1,443.7,0.37,0.44,0.57,-0.16
381,12.7,5,0,person,0.664,580.5,244.7,670.8,477.4,625.6,361.0,-0.15,-0.09,0.17,-0.35
381,12.7,63,0,person,0.511,182.6,231.3,312.8,494.6,247.7,362.9,0.68,-0.03,0.68,-0.11
381,12.7,35,0,person,0.647,846.8,303.1,980.3,565.1,913.6,434.1,1.72,-0.29,1.74,0.5
381,12.7,65,0,person,0.406,823.6,270.7,931.8,483.9,877.7,377.3,1.49,-2.77,3.15,-6.76
382,12.733,1,0,person,0.843,121.3,443.8,267.3,573.3,194.3,508.5,-0.26,0.39,0.47,0.28
382,12.733,15,0,person,0.702,1077.1,311.9,1185.5,576.9,1131.3,444.4,0.27,0.7,0.75,0.27
382,12.733,5,0,person,0.668,581.4,244.9,671.7,477.6,626.6,361.3,0.93,0.21,0.95,0.3
382,12.733,63,0,person,0.445,182.7,231.3,313.2,494.4,248.0,362.8,0.24,-0.11,0.26,-0.08
382,12.733,35,0,person,0.737,850.7,307.1,980.1,561.5,915.4,434.3,1.84,0.16,1.85,0.45
382,12.733,65,0,person,0.462,822.1,264.8,934.3,484.2,878.2,374.5,0.49,-2.76,2.8,0.01
383,12.767,1,0,person,0.84,121.4,444.0,267.1,573.3,194.3,508.7,-0.04,0.15,0.16,-0.23
383,12.767,15,0,person,0.701,1077.6,311.9,1185.8,576.8,1131.7,444.3,0.4,-0.1,0.41,-0.8
383,12.767,5,0,person,0.742,581.6,244.9,672.0,478.6,626.8,361.8,0.24,0.53,0.58,0.32
383,12.767,63,0,person,0.409,183.0,231.6,313.5,494.1,248.2,362.9,0.28,0.02,0.28,0.13
383,12.767,35,0,person,0.701,853.4,306.8,981.3,558.8,917.4,432.8,1.97,-1.48,2.46,-1.64
383,12.767,65,0,person,0.355,819.2,259.2,934.9,484.1,877.0,371.7,-1.15,-2.85,3.08,-0.09
383,12.767,67,0,person,0.398,950.2,306.1,1044.2,462.5,997.2,384.3,0.0,0.0,0.0,0.0
384,12.8,1,0,person,0.84,121.5,444.0,267.2,573.4,194.4,508.7,0.11,0.04,0.11,-0.12
384,12.8,15,0,person,0.695,1077.8,312.6,1185.7,576.8,1131.7,444.7,0.01,0.36,0.36,0.45
384,12.8,5,0,person,0.725,581.7,245.1,672.0,479.2,626.8,362.1,0.05,0.36,0.36,-0.17
384,12.8,63,0,person,0.45,183.1,231.7,313.9,494.1,248.5,362.9,0.27,0.05,0.27,0.03
384,12.8,35,0,person,0.679,854.5,306.7,981.6,557.5,918.0,432.1,0.66,-0.67,0.94,0.8
384,12.8,65,0,person,0.362,818.1,257.9,935.0,484.0,876.6,370.9,-0.48,-0.76,0.9,2.09
384,12.8,67,0,person,0.385,950.0,304.3,1044.8,462.3,997.4,383.3,0.23,-1.01,1.03,-1.01
385,12.833,1,0,person,0.846,121.3,444.3,267.0,573.6,194.1,509.0,-0.24,0.27,0.36,0.24
385,12.833,15,0,person,0.613,1078.2,312.3,1186.1,576.3,1132.1,444.3,0.41,-0.37,0.55,-0.72
385,12.833,5,0,person,0.65,581.8,245.1,671.8,478.8,626.8,361.9,-0.01,-0.21,0.21,-0.56
385,12.833,63,0,person,0.435,184.1,231.3,315.2,494.3,249.7,362.8,1.15,-0.14,1.16,-0.19
385,12.833,35,0,person,0.479,854.3,304.2,980.9,555.7,917.6,429.9,-0.39,-2.2,2.23,-1.52
386,12.867,1,0,person,0.851,120.4,444.3,266.4,573.6,193.4,509.0,-0.74,-0.01,0.74,-0.28
386,12.867,15,0,person,0.613,1079.1,311.7,1186.6,574.9,1132.8,443.3,0.7,-1.0,1.21,-0.63
386,12.867,5,0,person,0.693,582.0,244.8,671.9,478.6,626.9,361.7,0.11,-0.2,0.23,0.01
386,12.867,63,0,person,0.452,173.5,232.9,302.0,494.5,237.7,363.7,-11.94,0.91,11.98,1.05
386,12.867,35,0,person,0.442,851.7,302.3,977.6,554.5,914.6,428.4,-3.03,-1.55,3.4,0.65
387,12.9,1,0,person,0.854,120.1,444.3,266.2,573.6,193.1,509.0,-0.25,0.0,0.25,0.01
387,12.9,15,0,person,0.548,1079.8,311.3,1186.9,573.7,1133.3,442.5,0.5,-0.78,0.93,0.21
387,12.9,5,0,person,0.699,582.4,244.3,672.5,478.4,627.4,361.4,0.49,-0.36,0.61,-0.16
387,12.9,63,0,person,0.445,170.2,233.6,295.3,492.3,232.8,362.9,-4.95,-0.75,5.01,-1.66
388,12.933,1,0,person,0.853,119.8,444.4,266.0,573.7,192.9,509.0,-0.23,0.08,0.24,0.08
388,12.933,15,0,person,0.632,1080.1,311.8,1187.1,573.8,1133.6,442.8,0.25,0.3,0.39,1.08
388,12.933,5,0,person,0.555,579.4,247.0,668.3,480.1,623.8,363.6,-3.62,2.19,4.23,2.55
388,12.933,63,0,person,0.349,170.5,233.3,293.0,489.4,231.7,361.4,-1.02,-1.57,1.87,-0.81
389,12.967,1,0,person,0.854,120.0,444.7,266.2,573.7,193.1,509.2,0.19,0.14,0.24,0.06
389,12.967,15,0,person,0.712,1079.7,313.3,1186.8,575.2,1133.2,444.3,-0.34,1.45,1.48,1.14
389,12.967,5,0,person,0.619,580.0,246.0,669.2,480.5,624.6,363.3,0.81,-0.3,0.86,-2.49
389,12.967,63,0,person,0.338,170.3,233.0,292.0,489.0,231.1,361.0,-0.62,-0.37,0.72,1.2
389,12.967,67,0,person,0.377,956.7,286.1,1061.7,462.0,1009.2,374.1,2.36,-1.85,2.99,-0.17
389,12.967,35,0,person,0.571,860.9,301.2,984.7,554.4,922.8,427.8,2.73,-0.2,2.74,0.45
390,13.0,1,0,person,0.854,119.7,444.9,265.5,573.7,192.6,509.3,-0.5,0.12,0.52,-0.02
390,13.0,15,0,person,0.695,1079.8,313.8,1187.0,575.6,1133.4,444.7,0.16,0.44,0.47,-1.0
390,13.0,5,0,person,0.745,582.7,244.8,671.7,478.5,627.2,361.6,2.55,-1.63,3.03,-1.33
391,13.033,1,0,person,0.851,119.5,445.1,265.3,573.7,192.4,509.4,-0.23,0.06,0.23,-0.06
391,13.033,15,0,person,0.697,1080.1,315.0,1186.9,575.8,1133.5,445.4,0.12,0.66,0.67,0.21
391,13.033,5,0,person,0.72,583.5,244.2,673.0,478.3,628.3,361.2,1.11,-0.39,1.17,1.24
391,13.033,67,0,person,0.386,960.7,283.1,1065.8,461.5,1013.2,372.3,2.02,-0.88,2.21,0.48
391,13.033,35,0,person,0.41,866.0,301.3,987.7,554.7,926.8,428.0,2.02,0.11,2.02,0.16
392,13.067,1,0,person,0.841,120.0,445.3,265.7,573.7,192.9,509.5,0.48,0.13,0.5,0.07
392,13.067,15,0,person,0.697,1080.3,315.3,1187.0,575.9,1133.7,445.6,0.13,0.22,0.26,-0.43
392,13.067,5,0,person,0.71,584.1,243.9,673.7,477.8,628.9,360.8,0.61,-0.4,0.72,-0.01
392,13.067,67,0,person,0.501,962.3,282.6,1067.0,463.3,1014.6,373.0,1.42,0.67,1.57,1.55
393,13.1,1,0,person,0.84,120.4,445.4,266.3,573.7,193.3,509.5,0.48,0.02,0.48,-0.1
393,13.1,15,0,person,0.707,1080.5,315.5,1187.2,576.1,1133.8,445.8,0.16,0.21,0.27,-0.01
393,13.1,5,0,person,0.752,584.0,244.3,674.7,479.9,629.4,362.1,0.47,1.3,1.39,1.7
394,13.133,1,0,person,0.849,119.7,445.3,266.0,573.7,192.8,509.5,-0.51,-0.04,0.51,-0.06
394,13.133,15,0,person,0.722,1080.7,315.6,1187.4,576.4,1134.1,446.0,0.26,0.19,0.32,-0.02
394,13.133,5,0,person,0.71,583.1,244.6,673.7,479.9,628.4,362.3,-0.97,0.12,0.98,-1.19
395,13.167,1,0,person,0.849,119.0,445.3,265.4,573.7,192.2,509.5,-0.6,0.03,0.6,0.06
395,13.167,15,0,person,0.732,1080.8,315.7,1187.6,576.7,1134.2,446.2,0.12,0.16,0.2,-0.03
395,13.167,5,0,person,0.689,583.9,244.4,674.0,478.7,628.9,361.6,0.55,-0.69,0.89,-0.81
396,13.2,1,0,person,0.849,118.3,445.4,264.8,573.6,191.6,509.5,-0.65,0.03,0.65,0.0
396,13.2,15,0,person,0.74,1080.9,315.4,1187.7,576.5,1134.3,446.0,0.12,-0.2,0.24,-0.37
396,13.2,5,0,person,0.746,584.2,244.3,674.4,478.2,629.3,361.2,0.37,-0.33,0.5,0.36
397,13.233,1,0,person,0.849,118.1,445.6,264.5,573.6,191.3,509.6,-0.27,0.07,0.28,0.05
397,13.233,15,0,person,0.741,1081.0,315.0,1188.0,576.8,1134.5,445.9,0.16,-0.06,0.18,0.14
397,13.233,5,0,person,0.705,584.4,244.4,674.7,477.9,629.6,361.1,0.25,-0.11,0.27,0.23
398,13.267,1,0,person,0.849,118.1,445.7,264.5,573.6,191.3,509.7,0.04,0.06,0.07,-0.02
398,13.267,15,0,person,0.733,1081.2,315.0,1188.0,576.6,1134.6,445.8,0.1,-0.13,0.17,-0.06
398,13.267,5,0,person,0.59,581.9,245.3,672.4,479.5,627.1,362.4,-2.41,1.27,2.73,1.38
398,13.267,75,0,person,0.429,0.3,128.9,37.7,216.6,19.0,172.7,0.0,0.0,0.0,0.0
399,13.3,1,0,person,0.849,118.0,445.7,264.6,573.6,191.3,509.7,-0.04,-0.0,0.04,-0.06
399,13.3,15,0,person,0.729,1081.1,315.0,1187.9,576.5,1134.5,445.8,-0.09,-0.01,0.09,0.12
399,13.3,5,0,person,0.598,580.9,245.6,671.4,480.2,626.2,362.9,-0.99,0.5,1.11,-0.77
399,13.3,75,0,person,0.499,0.0,129.8,37.4,218.2,18.7,174.0,-0.34,1.31,1.35,1.31
400,13.333,1,0,person,0.853,117.8,445.7,264.5,573.6,191.1,509.7,-0.16,0.0,0.16,0.0
400,13.333,15,0,person,0.715,1081.1,315.1,1187.7,576.5,1134.4,445.8,-0.13,0.04,0.14,0.05
400,13.333,5,0,person,0.584,583.6,245.5,673.2,477.2,628.4,361.3,2.26,-1.57,2.75,-2.07
400,13.333,75,0,person,0.471,0.0,131.0,37.3,218.9,18.7,174.9,-0.01,0.89,0.89,-0.42
401,13.367,1,0,person,0.849,117.9,446.0,264.5,573.5,191.2,509.8,0.04,0.1,0.11,0.09
401,13.367,15,0,person,0.715,1080.8,315.2,1187.5,577.1,1134.1,446.1,-0.24,0.34,0.41,0.3
401,13.367,5,0,person,0.496,581.2,247.4,670.7,479.7,626.0,363.6,-2.46,2.25,3.33,3.82
401,13.367,75,0,person,0.505,1.1,132.4,38.0,218.7,19.5,175.5,0.85,0.61,1.04,-0.28
402,13.4,1,0,person,0.842,118.3,446.2,264.9,573.6,191.6,509.9,0.4,0.14,0.42,0.04
402,13.4,15,0,person,0.73,1080.8,315.6,1187.4,577.2,1134.1,446.4,-0.06,0.27,0.28,-0.06
402,13.4,5,0,person,0.463,580.3,249.2,668.8,479.7,624.6,364.5,-1.4,0.88,1.65,-1.37
402,13.4,75,0,person,0.541,0.4,133.5,36.6,218.2,18.5,175.8,-1.06,0.32,1.11,-0.29
403,13.433,1,0,person,0.844,118.3,446.3,264.8,573.6,191.5,509.9,-0.03,0.05,0.06,-0.08
403,13.433,15,0,person,0.729,1081.4,316.5,1187.4,576.9,1134.4,446.7,0.35,0.27,0.44,0.0
403,13.433,5,0,person,0.441,584.0,247.7,672.1,476.1,628.1,361.9,3.53,-2.57,4.37,-3.45
403,13.433,75,0,person,0.538,0.4,133.3,36.6,217.9,18.5,175.6,0.07,-0.25,0.25,-0.57
404,13.467,1,0,person,0.842,118.8,445.8,265.7,573.5,192.3,509.6,0.71,-0.3,0.77,-0.36
404,13.467,15,0,person,0.735,1081.7,317.0,1187.7,577.3,1134.7,447.1,0.29,0.46,0.55,0.19
404,13.467,5,0,person,0.686,585.7,247.4,674.5,476.7,630.1,362.0,2.01,0.16,2.02,2.73
404,13.467,75,0,person,0.509,2.0,131.5,39.8,219.1,20.9,175.3,2.39,-0.33,2.42,-0.08
405,13.5,1,0,person,0.848,118.4,446.3,264.5,573.5,191.4,509.9,-0.81,0.26,0.85,0.56
405,13.5,15,0,person,0.742,1081.9,317.4,1187.7,577.6,1134.8,447.5,0.08,0.39,0.4,-0.07
405,13.5,5,0,person,0.426,582.8,263.6,665.8,478.9,624.3,371.3,-5.81,9.22,10.9,9.06
405,13.5,75,0,person,0.487,2.4,132.1,39.9,218.3,21.1,175.2,0.23,-0.06,0.23,0.27
405,13.5,65,0,person,0.338,830.9,265.0,947.5,489.3,889.2,377.2,0.6,0.3,0.67,0.05
406,13.533,1,0,person,0.85,117.9,446.6,263.5,573.5,190.7,510.0,-0.76,0.13,0.77,-0.13
406,13.533,15,0,person,0.742,1081.9,317.4,1187.8,578.2,1134.8,447.8,0.05,0.28,0.29,-0.11
406,13.533,5,0,person,0.448,581.2,256.4,666.9,479.8,624.1,368.1,-0.22,-3.2,3.21,-12.42
406,13.533,75,0,person,0.434,1.6,132.7,38.9,218.1,20.2,175.4,-0.92,0.19,0.94,0.25
406,13.533,65,0,person,0.354,831.0,271.7,941.9,488.2,886.4,380.0,-2.74,2.79,3.91,2.49
407,13.567,1,0,person,0.851,118.5,446.7,263.8,573.5,191.1,510.1,0.45,0.08,0.45,-0.05
407,13.567,15,0,person,0.743,1082.0,317.3,1188.1,578.7,1135.0,448.0,0.2,0.23,0.3,-0.05
407,13.567,5,0,person,0.502,581.3,255.5,667.0,480.1,624.1,367.8,0.06,-0.29,0.29,2.91
407,13.567,75,0,person,0.418,0.5,132.5,38.0,218.3,19.3,175.4,-0.94,-0.03,0.94,-0.22
407,13.567,65,0,person,0.407,832.0,277.7,936.9,485.6,884.4,381.6,-2.03,1.69,2.64,-1.1
408,13.6,1,0,person,0.846,119.0,446.9,263.9,573.5,191.4,510.2,0.31,0.1,0.32,0.02
408,13.6,15,0,person,0.743,1082.2,316.9,1188.6,579.1,1135.4,448.0,0.38,-0.02,0.38,-0.25
408,13.6,5,0,person,0.486,582.8,275.0,661.8,481.3,622.3,378.2,-1.8,10.38,10.54,10.67
408,13.6,75,0,person,0.44,0.0,133.2,36.5,220.1,18.3,176.6,-1.03,1.25,1.62,1.28
408,13.6,65,0,person,0.374,833.8,281.2,936.6,486.7,885.2,384.0,0.81,2.34,2.48,0.65
409,13.633,1,0,person,0.85,119.4,446.2,264.9,573.5,192.2,509.8,0.71,-0.35,0.8,-0.45
409,13.633,15,0,person,0.741,1082.5,316.8,1188.9,579.5,1135.7,448.1,0.31,0.13,0.34,0.15
409,13.633,5,0,person,0.532,584.1,287.4,659.2,483.0,621.7,385.2,-0.64,7.01,7.04,-3.37
409,13.633,75,0,person,0.454,0.0,134.6,35.4,221.0,17.7,177.8,-0.56,1.18,1.3,-0.08
409,13.633,65,0,person,0.386,833.2,280.0,934.5,485.4,883.8,382.7,-1.39,-1.3,1.9,-3.65
409,13.633,78,2,car,0.405,143.5,150.6,227.6,193.3,185.6,172.0,0.0,0.0,0.0,0.0
410,13.667,1,0,person,0.846,119.9,446.8,264.6,573.5,192.3,510.2,0.11,0.34,0.36,0.69
410,13.667,15,0,person,0.739,1082.7,317.0,1188.9,579.5,1135.8,448.3,0.04,0.12,0.12,-0.01
410,13.667,5,0,person,0.445,583.9,282.6,661.0,483.4,622.5,383.0,0.78,-2.2,2.34,-9.21
410,13.667,75,0,person,0.392,0.0,135.3,34.9,221.3,17.5,178.3,-0.23,0.5,0.55,-0.67
410,13.667,65,0,person,0.437,834.5,282.8,933.5,484.6,884.0,383.7,0.22,1.01,1.03,2.31
410,13.667,78,2,car,0.367,143.6,150.6,227.4,193.2,185.5,171.9,-0.03,-0.04,0.06,-0.04
411,13.7,1,0,person,0.848,119.3,447.2,263.6,573.5,191.4,510.3,-0.84,0.15,0.85,-0.19
411,13.7,15,0,person,0.752,1082.7,317.1,1188.9,579.8,1135.8,448.4,0.05,0.17,0.18,0.05
411,13.7,5,0,person,0.431,584.1,286.6,659.8,483.1,622.0,384.9,-0.46,1.92,1.98,4.13
411,13.7,75,0,person,0.311,0.0,135.6,35.0,222.5,17.5,179.1,0.02,0.76,0.76,0.25
411,13.7,65,0,person,0.458,834.6,279.6,935.8,487.0,885.2,383.3,1.15,-0.39,1.21,-1.4
411,13.7,78,2,car,0.384,142.3,149.8,228.2,193.5,185.3,171.7,-0.24,-0.23,0.34,-0.19
412,13.733,1,0,person,0.848,119.1,446.5,263.9,573.5,191.5,510.0,0.07,-0.37,0.38,-0.52
412,13.733,15,0,person,0.762,1082.8,317.0,1189.0,580.1,1135.9,448.5,0.09,0.12,0.15,-0.05
412,13.733,5,0,person,0.448,583.7,289.1,658.3,482.5,621.0,385.8,-0.99,0.89,1.33,-1.04
412,13.733,78,2,car,0.315,142.2,149.8,228.5,193.8,185.4,171.8,0.11,0.1,0.15,0.33
413,13.767,1,0,person,0.848,119.5,446.3,264.4,573.5,191.9,509.9,0.42,-0.04,0.42,0.33
413,13.767,15,0,person,0.747,1083.1,316.8,1189.6,580.7,1136.4,448.8,0.49,0.21,0.53,0.09
413,13.767,5,0,person,0.478,583.2,295.1,655.1,481.7,619.1,388.4,-1.89,2.6,3.22,1.72
414,13.8,1,0,person,0.845,119.8,446.7,264.2,573.5,192.0,510.1,0.08,0.17,0.19,0.21
414,13.8,15,0,person,0.731,1083.7,316.7,1190.3,581.0,1137.0,448.8,0.63,0.09,0.63,-0.12
414,13.8,5,0,person,0.422,584.7,290.5,658.5,482.1,621.6,386.3,2.5,-2.03,3.22,-4.63
414,13.8,35,0,person,0.362,902.1,255.2,1019.2,494.5,960.6,374.8,1.47,-2.31,2.74,-0.11
414,13.8,65,0,person,0.301,829.6,277.9,932.7,491.1,881.2,384.5,-1.34,0.41,1.4,0.27
415,13.833,1,0,person,0.851,120.9,447.0,264.8,573.4,192.8,510.2,0.83,0.13,0.84,-0.04
415,13.833,15,0,person,0.735,1084.7,317.4,1191.1,581.3,1137.9,449.3,0.84,0.48,0.97,0.39
415,13.833,35,0,person,0.476,903.3,256.3,1020.0,492.4,961.6,374.3,0.99,-0.49,1.11,1.82
415,13.833,65,0,person,0.348,830.2,282.7,931.4,492.7,880.8,387.7,-0.37,3.17,3.19,2.76
416,13.867,1,0,person,0.862,122.9,448.5,265.5,573.4,194.2,511.0,1.37,0.76,1.56,0.62
416,13.867,15,0,person,0.734,1085.6,318.5,1191.8,581.7,1138.7,450.1,0.8,0.78,1.12,0.3
416,13.867,65,0,person,0.381,829.8,283.7,930.7,494.2,880.2,388.9,-0.55,1.25,1.37,-1.92
416,13.867,5,0,person,0.357,590.0,299.5,661.4,483.8,625.7,391.6,2.04,2.64,3.34,2.34
417,13.9,1,0,person,0.857,123.9,449.7,265.6,573.4,194.8,511.5,0.56,0.53,0.77,-0.23
417,13.9,15,0,person,0.728,1086.9,319.1,1192.9,582.1,1139.9,450.6,1.23,0.52,1.34,-0.26
417,13.9,65,0,person,0.427,829.0,282.2,930.6,495.7,879.8,389.0,-0.44,0.01,0.44,-1.24
417,13.9,5,0,person,0.38,590.9,299.1,662.9,484.4,626.9,391.7,1.18,0.11,1.18,-2.53
418,13.933,1,0,person,0.857,124.0,449.9,265.6,573.3,194.8,511.6,0.08,0.1,0.13,-0.43
418,13.933,15,0,person,0.715,1087.2,318.8,1193.6,582.4,1140.4,450.6,0.49,0.01,0.49,-0.51
418,13.933,65,0,person,0.477,827.5,283.1,927.4,494.6,877.5,388.9,-2.32,-0.09,2.32,-0.1
418,13.933,5,0,person,0.41,590.7,293.7,664.9,485.0,627.8,389.4,0.95,-2.36,2.54,-2.46
419,13.967,1,0,person,0.866,123.2,449.6,265.6,573.4,194.4,511.5,-0.45,-0.08,0.46,-0.18
419,13.967,15,0,person,0.7,1087.6,318.7,1193.9,582.3,1140.8,450.5,0.37,-0.13,0.4,-0.14
419,13.967,65,0,person,0.436,826.4,279.8,926.9,494.3,876.7,387.0,-0.8,-1.82,1.99,-1.73
419,13.967,5,0,person,0.419,589.9,292.3,664.5,484.7,627.2,388.5,-0.62,-0.86,1.06,1.5
420,14.0,1,0,person,0.862,123.0,449.6,266.1,573.4,194.5,511.5,0.17,-0.03,0.17,0.05
420,14.0,15,0,person,0.666,1087.3,319.0,1193.6,582.5,1140.5,450.8,-0.29,0.26,0.38,0.39
420,14.0,65,0,person,0.484,825.4,281.7,924.1,493.8,874.7,387.8,-1.95,0.73,2.08,2.55
420,14.0,5,0,person,0.451,591.4,306.0,661.5,484.8,626.5,395.4,-0.76,6.89,6.93,7.75
421,14.033,1,0,person,0.849,122.2,448.4,267.0,573.5,194.6,511.0,0.06,-0.54,0.54,-0.51
421,14.033,15,0,person,0.733,1086.9,319.1,1193.1,582.4,1140.0,450.7,-0.45,-0.04,0.46,-0.29
421,14.033,65,0,person,0.619,821.6,277.6,921.3,493.2,871.4,385.4,-3.29,-2.37,4.06,-3.1
421,14.033,5,0,person,0.322,590.1,300.2,662.6,484.4,626.3,392.3,-0.1,-3.12,3.12,-10.01
422,14.067,1,0,person,0.852,121.7,448.5,266.6,573.5,194.1,511.0,-0.47,0.05,0.47,0.59
422,14.067,15,0,person,0.743,1086.1,317.8,1192.4,581.0,1139.3,449.4,-0.76,-1.28,1.49,-1.24
422,14.067,65,0,person,0.37,818.9,282.2,917.4,494.5,868.2,388.4,-3.26,2.97,4.41,5.34
422,14.067,5,0,person,0.427,588.9,296.6,662.7,484.1,625.8,390.4,-0.52,-1.93,1.99,1.19
423,14.1,1,0,person,0.854,121.1,447.9,267.0,573.5,194.0,510.7,-0.08,-0.3,0.31,-0.35
423,14.1,15,0,person,0.729,1085.7,317.5,1192.3,581.4,1139.0,449.4,-0.3,-0.02,0.31,1.26
423,14.1,5,0,person,0.516,587.8,298.4,661.0,483.6,624.4,391.0,-1.43,0.65,1.57,2.57
424,14.133,1,0,person,0.856,120.4,447.7,266.5,573.5,193.4,510.6,-0.62,-0.12,0.63,0.19
424,14.133,15,0,person,0.737,1085.5,317.2,1192.0,580.7,1138.7,448.9,-0.21,-0.48,0.52,-0.46
424,14.133,5,0,person,0.47,587.3,297.5,661.2,484.3,624.2,390.9,-0.17,-0.11,0.2,-0.76
425,14.167,1,0,person,0.856,120.3,447.6,266.5,573.5,193.4,510.6,-0.04,-0.03,0.05,0.09
425,14.167,15,0,person,0.735,1085.5,317.7,1192.2,581.4,1138.8,449.6,0.08,0.62,0.63,1.1
425,14.167,5,0,person,0.339,587.4,293.7,662.4,483.5,624.9,388.6,0.7,-2.31,2.42,-2.2
426,14.2,1,0,person,0.862,121.5,448.1,267.4,573.5,194.4,510.8,1.04,0.21,1.06,0.24
426,14.2,15,0,person,0.749,1085.8,318.2,1192.4,581.8,1139.1,450.0,0.28,0.44,0.52,-0.18
426,14.2,5,0,person,0.42,589.2,301.8,661.4,483.7,625.3,392.7,0.38,4.14,4.16,6.45
427,14.233,1,0,person,0.859,122.3,448.5,268.1,573.5,195.2,511.0,0.81,0.21,0.84,0.0
427,14.233,15,0,person,0.738,1085.8,318.0,1192.6,581.9,1139.2,449.9,0.1,-0.06,0.11,-0.5
427,14.233,5,0,person,0.323,587.7,291.7,663.5,483.7,625.6,387.7,0.3,-5.05,5.05,-9.19
428,14.267,1,0,person,0.856,122.6,448.7,268.7,573.4,195.7,511.1,0.43,0.07,0.44,-0.14
428,14.267,15,0,person,0.733,1085.7,318.1,1192.4,581.8,1139.1,450.0,-0.14,0.02,0.15,0.09
428,14.267,5,0,person,0.386,588.5,295.4,662.8,483.5,625.6,389.4,0.02,1.75,1.75,6.8
429,14.3,1,0,person,0.86,122.7,448.6,269.2,573.5,195.9,511.1,0.28,0.04,0.29,-0.03
429,14.3,15,0,person,0.723,1085.5,318.1,1192.3,582.0,1138.9,450.0,-0.14,0.08,0.16,0.05
429,14.3,5,0,person,0.459,588.7,300.6,661.6,484.4,625.2,392.5,-0.47,3.05,3.08,1.3
430,14.333,1,0,person,0.859,123.3,448.5,270.5,573.5,196.9,511.0,0.93,-0.07,0.93,-0.11
430,14.333,15,0,person,0.732,1085.5,317.6,1192.2,581.1,1138.8,449.4,-0.08,-0.68,0.68,-0.75
430,14.333,5,0,person,0.389,587.3,294.4,662.4,484.4,624.8,389.4,-0.31,-3.09,3.11,-6.14
431,14.367,1,0,person,0.855,123.6,448.4,271.5,573.6,197.6,511.0,0.68,-0.04,0.68,0.03
431,14.367,15,0,person,0.756,1085.0,317.5,1192.0,581.7,1138.5,449.6,-0.34,0.23,0.41,0.91
431,14.367,5,0,person,0.412,585.8,289.4,662.7,484.5,624.2,386.9,-0.62,-2.47,2.55,0.62
432,14.4,1,0,person,0.852,123.4,448.3,271.8,573.6,197.6,511.0,0.02,-0.02,0.03,0.02
432,14.4,15,0,person,0.712,1084.7,317.0,1191.7,580.8,1138.2,448.9,-0.29,-0.67,0.73,-0.9
432,14.4,5,0,person,0.346,584.6,281.3,664.0,483.8,624.3,382.6,0.06,-4.37,4.38,-1.9
433,14.433,1,0,person,0.861,123.2,448.1,272.3,573.6,197.8,510.9,0.18,-0.07,0.2,-0.05
433,14.433,15,0,person,0.737,1084.9,317.2,1191.8,580.5,1138.4,448.9,0.15,-0.05,0.16,0.62
433,14.433,5,0,person,0.347,584.4,280.6,663.8,483.9,624.1,382.2,-0.19,-0.33,0.38,4.05
434,14.467,1,0,person,0.86,123.3,448.1,272.9,573.6,198.1,510.9,0.36,-0.03,0.36,0.05
434,14.467,15,0,person,0.743,1085.1,317.2,1192.1,580.6,1138.6,448.9,0.22,0.04,0.23,0.09
434,14.467,5,0,person,0.528,585.2,289.9,661.3,483.6,623.3,386.7,-0.84,4.51,4.59,4.84
435,14.5,1,0,person,0.857,122.1,447.8,271.9,573.7,197.0,510.7,-1.08,-0.11,1.09,-0.08
435,14.5,15,0,person,0.75,1084.8,317.2,1192.1,581.3,1138.4,449.2,-0.17,0.31,0.35,0.27
435,14.5,5,0,person,0.358,584.8,286.1,662.0,483.2,623.4,384.6,0.09,-2.1,2.11,-6.61
436,14.533,1,0,person,0.861,122.3,447.5,272.6,573.6,197.5,510.5,0.43,-0.2,0.47,-0.09
436,14.533,15,0,person,0.751,1084.6,317.1,1192.0,581.5,1138.3,449.3,-0.11,0.09,0.14,-0.23
436,14.533,5,0,person,0.375,584.3,287.8,660.9,482.9,622.6,385.3,-0.73,0.7,1.02,2.81
437,14.567,1,0,person,0.863,122.2,447.1,273.0,573.5,197.6,510.3,0.17,-0.2,0.27,-0.0
437,14.567,15,0,person,0.744,1084.1,317.0,1191.6,581.3,1137.8,449.1,-0.48,-0.16,0.51,-0.25
437,14.567,5,0,person,0.392,584.3,291.1,659.9,483.1,622.1,387.1,-0.51,1.78,1.85,1.07
438,14.6,1,0,person,0.867,122.4,446.9,273.6,573.5,198.0,510.2,0.33,-0.12,0.35,0.08
438,14.6,15,0,person,0.734,1083.7,316.9,1191.2,581.4,1137.4,449.2,-0.4,0.03,0.4,0.19
438,14.6,5,0,person,0.432,583.0,282.3,661.8,483.2,622.4,382.8,0.25,-4.33,4.34,-6.11
439,14.633,1,0,person,0.864,122.6,446.7,274.3,573.6,198.5,510.1,0.49,-0.08,0.5,0.04
439,14.633,15,0,person,0.733,1083.1,316.9,1190.7,581.4,1136.9,449.1,-0.54,-0.05,0.54,-0.08
439,14.633,5,0,person,0.385,582.4,274.4,663.6,482.7,623.0,378.5,0.64,-4.26,4.3,0.08
440,14.667,1,0,person,0.865,122.6,446.6,274.4,573.6,198.5,510.1,0.03,-0.04,0.05,0.05
440,14.667,15,0,person,0.742,1082.8,316.7,1190.4,581.3,1136.6,449.0,-0.28,-0.1,0.3,-0.04
440,14.667,5,0,person,0.408,582.4,272.1,664.1,482.8,623.2,377.5,0.23,-1.06,1.08,3.2
441,14.7,1,0,person,0.866,122.7,446.5,274.4,573.6,198.5,510.1,0.05,-0.03,0.06,0.01
441,14.7,15,0,person,0.723,1082.9,316.6,1190.5,581.4,1136.7,449.0,0.05,-0.04,0.06,0.06
441,14.7,5,0,person,0.385,582.5,269.0,664.9,482.9,623.7,376.0,0.46,-1.52,1.59,-0.46
441,14.7,80,0,person,0.33,728.7,287.1,825.8,488.2,777.2,387.6,0.0,0.0,0.0,0.0
442,14.733,1,0,person,0.867,122.9,446.5,274.6,573.7,198.8,510.1,0.22,-0.01,0.22,0.02
442,14.733,15,0,person,0.73,1083.2,316.6,1190.9,581.7,1137.0,449.1,0.33,0.15,0.36,0.19
442,14.733,5,0,person,0.436,584.1,284.1,661.0,482.8,622.5,383.5,-1.15,7.51,7.59,9.02
442,14.733,80,0,person,0.314,733.7,286.2,824.0,473.1,778.8,379.6,1.62,-8.02,8.19,-8.02
443,14.767,1,0,person,0.866,123.3,446.7,274.6,573.7,199.0,510.2,0.23,0.16,0.28,0.17
443,14.767,15,0,person,0.738,1083.5,316.8,1191.2,581.7,1137.3,449.2,0.34,0.11,0.36,-0.05
443,14.767,5,0,person,0.407,584.8,292.0,658.9,483.0,621.9,387.5,-0.7,4.04,4.1,-3.47
443,14.767,80,0,person,0.35,732.4,287.8,821.7,472.5,777.0,380.1,-1.83,0.53,1.9,8.55
444,14.8,1,0,person,0.87,124.1,446.8,275.3,573.7,199.7,510.3,0.71,0.06,0.71,-0.1
444,14.8,15,0,person,0.747,1083.7,316.9,1191.2,581.8,1137.5,449.3,0.1,0.1,0.15,-0.01
444,14.8,5,0,person,0.392,584.1,288.8,659.7,483.4,621.9,386.1,0.05,-1.36,1.36,-5.4
444,14.8,80,0,person,0.468,730.6,290.4,820.5,476.2,775.5,383.3,-1.47,3.18,3.5,2.65
445,14.833,1,0,person,0.872,123.9,446.4,275.6,573.7,199.8,510.1,0.06,-0.23,0.24,-0.29
445,14.833,15,0,person,0.751,1083.4,316.4,1191.2,582.0,1137.3,449.2,-0.16,-0.15,0.21,-0.25
445,14.833,5,0,person,0.404,583.1,282.1,661.1,483.5,622.1,382.8,0.23,-3.31,3.31,-1.95
445,14.833,80,0,person,0.446,730.8,290.1,820.1,474.3,775.5,382.2,-0.07,-1.12,1.12,-4.3
446,14.867,1,0,person,0.866,122.5,446.2,274.0,573.8,198.2,510.0,-1.53,-0.06,1.53,0.17
446,14.867,15,0,person,0.75,1083.2,316.8,1190.7,581.9,1136.9,449.3,-0.37,0.11,0.39,0.26
446,14.867,5,0,person,0.434,583.7,287.7,659.5,483.2,621.6,385.4,-0.54,2.62,2.68,5.93
446,14.867,80,0,person,0.43,727.5,290.5,819.3,480.0,773.4,385.2,-2.07,3.03,3.67,4.15
447,14.9,1,0,person,0.865,121.6,446.1,272.9,573.8,197.2,510.0,-0.99,-0.03,0.99,0.03
447,14.9,15,0,person,0.759,1082.9,317.0,1190.2,581.8,1136.5,449.4,-0.4,0.13,0.42,0.01
447,14.9,5,0,person,0.391,581.8,274.1,662.8,484.1,622.3,379.1,0.72,-6.35,6.39,-8.97
447,14.9,80,0,person,0.313,728.1,294.3,814.7,472.0,771.4,383.2,-2.03,-2.06,2.89,-5.09
448,14.933,1,0,person,0.864,121.4,446.1,272.5,573.9,197.0,510.0,-0.27,0.01,0.27,0.04
448,14.933,15,0,person,0.757,1082.7,317.6,1189.7,581.8,1136.2,449.7,-0.36,0.27,0.45,0.14
448,14.933,5,0,person,0.367,582.0,277.1,661.7,484.1,621.9,380.6,-0.45,1.5,1.56,7.85
448,14.933,80,0,person,0.363,726.9,299.3,813.1,475.7,770.0,387.5,-1.38,4.3,4.51,6.36
449,14.967,1,0,person,0.866,121.4,446.1,272.3,573.9,196.9,510.0,-0.11,0.01,0.11,0.0
449,14.967,15,0,person,0.758,1082.7,317.7,1189.7,581.7,1136.2,449.7,0.04,0.0,0.04,-0.26
449,14.967,5,0,person,0.387,582.3,279.6,661.0,484.0,621.7,381.8,-0.22,1.21,1.23,-0.28
449,14.967,80,0,person,0.361,726.4,301.9,812.1,476.3,769.2,389.1,-0.78,1.63,1.81,-2.66
450,15.0,1,0,person,0.867,121.6,446.1,272.2,573.9,196.9,510.0,0.03,0.01,0.04,0.0
450,15.0,15,0,person,0.754,1082.7,317.5,1189.7,581.7,1136.2,449.6,-0.03,-0.13,0.13,-0.13
450,15.0,5,0,person,0.423,582.6,282.8,660.2,484.4,621.4,383.6,-0.27,1.8,1.82,0.58
450,15.0,80,0,person,0.367,724.9,303.8,811.4,478.7,768.1,391.3,-1.07,2.17,2.42,0.54
451,15.033,1,0,person,0.865,121.4,446.2,271.6,573.9,196.5,510.1,-0.41,0.04,0.41,0.03
451,15.033,15,0,person,0.74,1082.6,317.5,1189.4,581.6,1136.0,449.5,-0.2,-0.03,0.2,0.09
451,15.033,5,0,person,0.35,582.0,276.6,661.9,484.8,621.9,380.7,0.56,-2.9,2.96,-4.7
451,15.033,80,0,person,0.389,724.8,304.5,810.9,477.4,767.9,391.0,-0.27,-0.31,0.42,-2.49
452,15.067,1,0,person,0.866,121.9,446.5,271.3,573.9,196.6,510.2,0.1,0.13,0.17,0.09
452,15.067,15,0,person,0.747,1082.9,317.4,1189.8,581.8,1136.4,449.6,0.38,0.07,0.39,0.1
452,15.067,5,0,person,0.332,582.2,276.4,662.3,485.3,622.3,380.9,0.34,0.16,0.37,3.06
452,15.067,80,0,person,0.326,723.2,306.1,811.5,482.3,767.3,394.2,-0.55,3.26,3.31,3.58
453,15.1,1,0,person,0.862,122.4,446.8,271.2,573.8,196.8,510.3,0.21,0.14,0.25,0.01
453,15.1,15,0,person,0.746,1083.1,317.4,1190.1,582.0,1136.6,449.7,0.2,0.08,0.21,0.01
453,15.1,5,0,person,0.379,582.0,272.4,663.2,485.4,622.6,378.9,0.36,-1.97,2.0,-2.13
454,15.133,1,0,person,0.864,123.9,447.2,272.1,573.8,198.0,510.5,1.21,0.19,1.22,0.05
454,15.133,15,0,person,0.743,1083.4,317.4,1190.4,582.1,1136.9,449.7,0.36,0.05,0.36,-0.03
454,15.133,5,0,person,0.416,582.6,274.8,663.0,486.1,622.8,380.4,0.16,1.54,1.55,3.51
454,15.133,80,0,person,0.514,718.7,305.3,811.7,489.5,765.2,397.4,-1.07,1.6,1.93,-0.83
455,15.167,1,0,person,0.864,124.9,448.0,272.1,573.7,198.5,510.8,0.45,0.33,0.56,0.14
455,15.167,15,0,person,0.724,1083.3,317.3,1190.4,582.2,1136.8,449.8,-0.07,0.02,0.08,-0.02
455,15.167,5,0,person,0.393,581.9,268.2,664.4,486.2,623.2,377.2,0.36,-3.23,3.25,-4.77
456,15.2,1,0,person,0.865,125.6,448.8,271.7,573.6,198.7,511.2,0.2,0.34,0.4,0.01
456,15.2,15,0,person,0.734,1083.3,317.7,1190.0,582.1,1136.6,449.9,-0.21,0.15,0.26,0.13
456,15.2,5,0,person,0.375,581.3,261.2,665.8,486.2,623.6,373.7,0.44,-3.5,3.52,-0.27
456,15.2,80,0,person,0.409,715.9,300.6,811.8,488.4,763.9,394.5,-0.65,-1.48,1.61,-1.54
457,15.233,1,0,person,0.87,126.1,449.1,271.9,573.6,199.0,511.4,0.37,0.19,0.41,-0.16
457,15.233,15,0,person,0.725,1083.3,317.9,1189.8,581.8,1136.6,449.9,-0.07,-0.05,0.09,-0.2
457,15.233,5,0,person,0.376,581.9,261.7,665.7,486.2,623.8,374.0,0.22,0.25,0.33,3.75
458,15.267,1,0,person,0.865,126.3,449.5,271.8,573.6,199.0,511.5,0.02,0.17,0.17,-0.02
458,15.267,15,0,person,0.72,1083.2,318.0,1189.6,581.6,1136.4,449.8,-0.15,-0.04,0.16,0.01
458,15.267,5,0,person,0.322,582.5,257.6,667.2,485.9,624.8,371.7,1.01,-2.22,2.44,-2.47
458,15.267,80,0,person,0.539,733.2,300.5,806.3,436.7,769.7,368.6,2.92,-12.94,13.27,-5.73
459,15.3,1,0,person,0.866,126.7,449.8,271.7,573.5,199.2,511.7,0.18,0.12,0.22,-0.04
459,15.3,15,0,person,0.72,1083.1,318.4,1189.4,581.7,1136.3,450.0,-0.14,0.23,0.27,0.27
459,15.3,5,0,person,0.344,583.5,255.4,668.7,486.1,626.1,370.7,1.29,-1.0,1.63,1.22
459,15.3,80,0,person,0.446,737.0,300.5,806.2,424.1,771.6,362.3,1.88,-6.27,6.54,6.67
460,15.333,1,0,person,0.862,127.8,450.7,271.9,573.4,199.9,512.1,0.66,0.39,0.76,0.26
460,15.333,15,0,person,0.742,1084.0,319.3,1189.7,581.4,1136.9,450.3,0.59,0.29,0.66,0.06
460,15.333,5,0,person,0.35,584.9,268.2,665.3,486.3,625.1,377.3,-1.03,6.54,6.62,7.54
460,15.333,80,0,person,0.711,721.6,300.6,816.3,470.5,768.9,385.5,-2.68,23.2,23.35,29.47
461,15.367,1,0,person,0.865,128.3,451.4,271.8,573.4,200.1,512.4,0.19,0.3,0.36,-0.08
461,15.367,15,0,person,0.743,1083.7,320.2,1189.2,582.0,1136.5,451.1,-0.39,0.75,0.85,0.47
461,15.367,5,0,person,0.322,585.1,271.3,664.0,486.0,624.5,378.7,-0.53,1.4,1.5,-5.13
461,15.367,80,0,person,0.723,718.1,299.6,820.1,484.2,769.1,391.9,0.14,6.37,6.38,-16.83
462,15.4,1,0,person,0.87,128.3,451.8,271.5,573.4,199.9,512.6,-0.19,0.22,0.29,-0.08
462,15.4,15,0,person,0.745,1083.4,320.6,1188.9,582.3,1136.2,451.4,-0.31,0.33,0.45,-0.42
462,15.4,5,0,person,0.384,585.4,275.6,662.6,486.0,624.0,380.8,-0.56,2.12,2.2,0.72
462,15.4,80,0,person,0.779,717.5,297.5,823.2,490.7,770.3,394.1,1.25,2.24,2.56,-4.13
463,15.433,1,0,person,0.868,128.5,452.1,271.5,573.4,200.0,512.7,0.11,0.16,0.19,-0.06
463,15.433,15,0,person,0.736,1083.5,320.4,1188.9,582.2,1136.2,451.3,0.01,-0.11,0.11,-0.44
463,15.433,5,0,person,0.408,588.0,296.1,658.1,486.0,623.1,391.1,-0.91,10.26,10.3,8.14
463,15.433,80,0,person,0.781,720.3,296.8,823.1,485.7,771.7,391.2,1.36,-2.91,3.21,-5.14
464,15.467,1,0,person,0.866,127.9,452.3,270.8,573.5,199.3,512.9,-0.65,0.19,0.68,0.03
464,15.467,15,0,person,0.752,1082.8,320.6,1188.2,581.8,1135.5,451.2,-0.65,-0.12,0.66,-0.01
464,15.467,5,0,person,0.455,588.0,295.2,659.1,487.9,623.6,391.5,0.48,0.48,0.68,-9.78
464,15.467,80,0,person,0.788,721.0,294.7,821.4,479.1,771.2,386.9,-0.49,-4.35,4.38,-1.45
465,15.5,1,0,person,0.849,127.3,452.8,269.6,573.5,198.4,513.2,-0.9,0.24,0.93,0.05
465,15.5,15,0,person,0.754,1083.3,321.2,1188.6,582.3,1136.0,451.7,0.44,0.55,0.7,0.67
465,15.5,5,0,person,0.483,587.5,295.0,658.2,486.7,622.8,390.9,-0.71,-0.69,1.0,-1.18
465,15.5,80,0,person,0.79,722.0,295.5,819.2,473.8,770.6,384.6,-0.58,-2.24,2.32,2.11
466,15.533,1,0,person,0.825,128.1,454.0,269.1,573.5,198.6,513.7,0.13,0.57,0.58,0.33
466,15.533,15,0,person,0.774,1084.4,322.2,1189.9,584.0,1137.2,453.1,1.2,1.36,1.82,0.82
466,15.533,5,0,person,0.476,587.1,284.3,662.5,489.5,624.8,386.9,1.94,-3.97,4.41,-3.27
466,15.533,80,0,person,0.778,720.0,294.5,817.2,472.3,768.6,383.4,-2.02,-1.21,2.36,1.03
467,15.567,1,0,person,0.83,128.6,454.8,268.9,573.7,198.8,514.2,0.2,0.51,0.55,-0.06
467,15.567,15,0,person,0.755,1084.6,323.2,1189.9,585.0,1137.3,454.1,0.11,1.03,1.04,-0.33
467,15.567,5,0,person,0.495,588.9,290.9,662.4,490.3,625.6,390.6,0.84,3.71,3.8,7.67
467,15.567,80,0,person,0.759,715.5,295.5,813.9,473.8,764.7,384.7,-3.89,1.25,4.08,2.46
468,15.6,1,0,person,0.838,129.0,455.5,268.7,573.8,198.8,514.6,0.05,0.37,0.37,-0.14
468,15.6,15,0,person,0.747,1085.0,323.6,1190.2,585.6,1137.6,454.6,0.28,0.51,0.58,-0.52
468,15.6,5,0,person,0.393,589.6,290.5,663.2,490.0,626.4,390.2,0.76,-0.37,0.84,-4.07
468,15.6,80,0,person,0.651,712.8,296.6,811.0,472.9,761.9,384.8,-2.81,0.09,2.81,-1.16
469,15.633,1,0,person,0.842,129.5,456.5,268.0,573.8,198.7,515.1,-0.11,0.52,0.53,0.15
469,15.633,15,0,person,0.754,1085.4,323.9,1190.6,586.4,1138.0,455.2,0.44,0.54,0.69,0.03
469,15.633,5,0,person,0.475,590.7,269.9,672.3,489.9,631.5,379.9,5.1,-10.29,11.48,-9.92
469,15.633,80,0,person,0.619,714.0,298.1,810.8,470.4,762.4,384.2,0.52,-0.51,0.72,-0.6
470,15.667,1,0,person,0.836,130.4,458.0,267.2,573.9,198.8,516.0,0.08,0.83,0.84,0.31
470,15.667,15,0,person,0.75,1086.1,325.1,1191.0,587.3,1138.6,456.2,0.6,1.05,1.2,0.51
470,15.667,5,0,person,0.446,592.2,294.1,665.2,489.5,628.7,391.8,-2.8,11.86,12.18,22.14
470,15.667,80,0,person,0.489,714.8,307.1,807.8,470.8,761.3,388.9,-1.1,4.67,4.8,5.18
471,15.7,1,0,person,0.809,131.3,458.8,266.9,573.9,199.1,516.4,0.3,0.4,0.5,-0.43
471,15.7,15,0,person,0.737,1086.7,322.9,1192.0,586.6,1139.4,454.8,0.76,-1.45,1.64,-2.5
471,15.7,80,0,person,0.394,714.3,313.2,804.6,470.3,759.5,391.7,-1.84,2.82,3.37,-1.85
472,15.733,1,0,person,0.797,132.9,460.3,266.1,573.4,199.5,516.9,0.43,0.53,0.68,0.13
472,15.733,15,0,person,0.693,1087.5,323.1,1193.2,587.8,1140.3,455.5,0.98,0.72,1.22,2.18
472,15.733,80,0,person,0.52,713.7,310.5,805.3,470.1,759.5,390.3,0.03,-1.48,1.48,-4.3
472,15.733,5,0,person,0.423,593.9,304.6,664.4,492.0,629.1,398.3,0.23,3.26,3.27,-4.3
473,15.767,1,0,person,0.786,133.8,461.7,265.5,573.7,199.7,517.7,0.15,0.82,0.83,0.29
473,15.767,15,0,person,0.664,1088.5,324.7,1193.9,588.9,1141.2,456.8,0.87,1.31,1.58,0.59
473,15.767,80,0,person,0.523,712.3,311.4,804.0,471.1,758.2,391.3,-1.34,0.99,1.66,2.47
473,15.767,5,0,person,0.534,593.9,305.9,665.0,494.3,629.4,400.1,0.28,1.79,1.81,-1.47
474,15.8,1,0,person,0.803,135.3,463.3,265.0,573.8,200.2,518.6,0.53,0.85,1.0,0.03
474,15.8,15,0,person,0.623,1083.4,295.9,1200.0,592.9,1141.7,444.4,0.52,-12.4,12.41,-13.71
474,15.8,80,0,person,0.34,707.8,315.1,805.6,486.9,756.7,401.0,-1.44,9.74,9.85,8.75
474,15.8,5,0,person,0.587,593.9,305.7,666.6,497.6,630.3,401.6,0.82,1.53,1.74,-0.26
474,15.8,82,63,laptop,0.436,0.8,419.1,138.8,583.3,69.8,501.2,0.0,0.0,0.0,0.0
475,15.833,1,0,person,0.809,137.0,464.8,264.2,573.1,200.6,519.0,0.39,0.4,0.56,-0.45
475,15.833,15,0,person,0.606,1087.7,315.4,1197.6,595.8,1142.7,455.6,0.93,11.2,11.24,23.6
475,15.833,80,0,person,0.382,707.4,316.7,806.5,492.4,756.9,404.6,0.2,3.57,3.58,-6.17
475,15.833,5,0,person,0.463,594.5,300.9,669.8,500.7,632.2,400.8,1.92,-0.82,2.09,-2.36
476,15.867,1,0,person,0.798,139.1,467.2,263.4,572.9,201.3,520.1,0.67,1.11,1.3,0.72
476,15.867,15,0,person,0.68,1090.9,328.4,1196.9,598.9,1143.9,463.6,1.25,8.03,8.13,-3.17
476,15.867,80,0,person,0.431,709.7,323.4,800.0,483.3,754.9,403.3,-2.06,-1.23,2.4,-4.8
476,15.867,5,0,person,0.525,594.2,287.4,674.6,502.2,634.4,394.8,2.24,-6.01,6.41,-5.19
477,15.9,1,0,person,0.808,140.8,469.4,262.5,572.5,201.6,521.0,0.37,0.91,0.98,-0.2
477,15.9,15,0,person,0.737,1094.2,335.3,1198.4,600.9,1146.3,468.1,2.38,4.51,5.1,-3.52
477,15.9,80,0,person,0.4,710.3,329.8,796.8,481.6,753.5,405.7,-1.33,2.34,2.69,3.57
477,15.9,5,0,person,0.608,597.3,279.4,682.0,504.2,639.7,391.8,5.25,-3.01,6.05,3.0
478,15.933,1,0,person,0.83,142.5,471.7,261.9,572.4,202.2,522.1,0.61,1.1,1.26,0.19
478,15.933,15,0,person,0.719,1096.8,337.6,1200.3,600.6,1148.6,469.1,2.27,1.01,2.48,-3.5
478,15.933,5,0,person,0.721,600.2,274.8,687.9,505.8,644.0,390.3,4.39,-1.47,4.63,1.54
479,15.967,1,0,person,0.826,143.5,473.8,261.2,572.4,202.4,523.1,0.13,1.03,1.04,-0.07
479,15.967,15,0,person,0.741,1098.3,339.4,1201.8,601.5,1150.0,470.4,1.49,1.3,1.97,0.29
479,15.967,5,0,person,0.506,601.8,275.0,690.2,506.4,646.0,390.7,1.96,0.36,1.99,1.83
480,16.0,1,0,person,0.836,144.8,475.5,261.4,572.5,203.1,524.0,0.74,0.9,1.17,-0.12
480,16.0,15,0,person,0.733,1100.6,341.5,1204.3,604.4,1152.5,472.9,2.44,2.49,3.49,1.19
480,16.0,5,0,person,0.467,604.2,276.3,693.1,508.0,648.6,392.1,2.6,1.45,2.98,1.09
480,16.0,82,63,laptop,0.318,9.1,429.6,137.3,580.7,73.2,505.1,0.57,0.66,0.87,0.11
480,16.0,80,0,person,0.427,703.8,331.2,806.1,509.7,755.0,420.5,0.48,4.93,4.95,0.86
481,16.033,1,0,person,0.814,145.5,477.8,261.1,573.4,203.3,525.6,0.22,1.57,1.58,0.66
481,16.033,15,0,person,0.721,1103.3,344.8,1207.7,608.8,1155.5,476.8,3.03,3.88,4.92,1.39
481,16.033,5,0,person,0.433,603.4,280.9,691.3,511.0,647.3,396.0,-1.31,3.81,4.03,2.36
481,16.033,87,0,person,0.35,871.9,334.9,921.9,485.2,896.9,410.1,0.0,0.0,0.0,0.0
481,16.033,88,0,person,0.377,385.9,522.6,481.9,572.7,433.9,547.7,0.0,0.0,0.0,0.0
481,16.033,89,0,person,0.501,954.7,307.2,1032.3,519.4,993.5,413.3,0.0,0.0,0.0,0.0
481,16.033,80,0,person,0.646,702.3,334.3,806.9,517.5,754.6,425.9,-0.37,5.42,5.43,0.49
482,16.067,1,0,person,0.799,145.5,479.5,259.8,573.5,202.7,526.5,-0.65,0.92,1.13,-0.64
482,16.067,15,0,person,0.654,1105.4,347.6,1209.8,611.3,1157.6,479.5,2.1,2.64,3.37,-1.24
482,16.067,5,0,person,0.398,606.1,283.7,694.5,513.4,650.3,398.6,2.99,2.62,3.98,-1.19
482,16.067,87,0,person,0.361,871.2,335.5,922.4,489.0,896.8,412.2,-0.14,2.11,2.11,2.11
482,16.067,89,0,person,0.398,956.9,317.4,1031.6,521.2,994.2,419.3,0.72,5.99,6.03,5.99
482,16.067,80,0,person,0.619,703.5,340.0,808.2,521.8,755.9,430.9,1.28,5.0,5.16,-0.42
483,16.1,1,0,person,0.819,144.5,480.5,258.3,573.9,201.4,527.2,-1.25,0.72,1.44,-0.21
483,16.1,15,0,person,0.698,1107.7,347.5,1212.2,611.5,1159.9,479.5,2.33,0.03,2.33,-2.61
483,16.1,5,0,person,0.569,607.7,283.2,697.5,515.1,652.6,399.2,2.31,0.59,2.38,-2.03
483,16.1,87,0,person,0.482,869.9,334.4,922.6,492.0,896.3,413.2,-0.51,0.98,1.11,-1.13
483,16.1,89,0,person,0.451,956.8,316.7,1032.9,523.8,994.9,420.2,0.62,0.96,1.14,-5.03
483,16.1,80,0,person,0.664,703.6,343.6,807.2,522.7,755.4,433.2,-0.5,2.29,2.34,-2.71
483,16.1,88,0,person,0.359,393.3,513.8,506.0,572.9,449.6,543.4,7.87,-2.15,8.16,-1.08
484,16.133,1,0,person,0.805,143.2,482.2,255.3,573.9,199.3,528.1,-2.17,0.85,2.33,0.13
484,16.133,15,0,person,0.792,1109.9,346.5,1215.3,612.9,1162.6,479.7,2.68,0.24,2.69,0.21
484,16.133,5,0,person,0.34,605.8,288.6,693.6,516.7,649.7,402.6,-2.87,3.46,4.49,2.87
484,16.133,87,0,person,0.504,872.2,336.6,925.3,494.8,898.8,415.7,2.5,2.53,3.55,1.55
484,16.133,89,0,person,0.397,956.1,283.6,1045.4,525.7,1000.7,404.7,5.89,-15.56,16.64,-16.52
484,16.133,80,0,person,0.554,705.5,348.3,809.6,525.8,757.6,437.0,2.17,3.86,4.43,1.58
484,16.133,88,0,person,0.465,393.1,506.8,517.3,572.4,455.2,539.6,5.59,-3.76,6.73,-1.61
485,16.167,1,0,person,0.849,142.7,484.5,252.2,573.8,197.4,529.2,-1.84,1.12,2.15,0.27
485,16.167,15,0,person,0.764,1112.4,349.2,1217.6,615.2,1165.0,482.2,2.37,2.48,3.43,2.24
485,16.167,87,0,person,0.382,872.5,329.4,928.4,495.6,900.4,412.5,1.68,-3.24,3.65,-5.76
485,16.167,89,0,person,0.356,954.9,263.1,1052.5,526.9,1003.7,395.0,2.95,-9.68,10.12,5.88
485,16.167,80,0,person,0.506,703.4,350.6,807.9,527.6,755.6,439.1,-1.94,2.04,2.82,-1.82
485,16.167,88,0,person,0.675,394.1,501.0,527.5,572.5,460.8,536.7,5.61,-2.85,6.29,0.91
486,16.2,1,0,person,0.863,142.1,487.1,248.7,573.6,195.4,530.4,-1.98,1.18,2.31,0.07
486,16.2,15,0,person,0.756,1115.0,351.1,1219.6,615.5,1167.3,483.3,2.34,1.09,2.58,-1.39
486,16.2,87,0,person,0.394,875.1,334.4,929.9,496.8,902.5,415.6,2.04,3.14,3.75,6.38
486,16.2,89,0,person,0.399,957.3,263.1,1055.6,528.4,1006.5,395.8,2.76,0.76,2.86,10.44
486,16.2,80,0,person,0.434,703.3,352.7,808.7,529.4,756.0,441.0,0.35,1.95,1.98,-0.09
486,16.2,88,0,person,0.633,395.3,497.9,532.7,572.6,464.0,535.3,3.17,-1.49,3.51,1.36
487,16.233,1,0,person,0.819,141.0,488.8,246.1,573.6,193.6,531.2,-1.87,0.85,2.05,-0.34
487,16.233,15,0,person,0.726,1116.9,350.9,1222.2,617.4,1169.6,484.2,2.26,0.87,2.42,-0.22
487,16.233,87,0,person,0.354,875.6,334.4,931.0,497.6,903.3,416.0,0.84,0.42,0.94,-2.72
487,16.233,89,0,person,0.316,961.0,282.6,1052.6,528.8,1006.8,405.7,0.34,9.94,9.94,9.18
487,16.233,80,0,person,0.412,703.5,354.4,808.8,528.7,756.2,441.6,0.17,0.53,0.56,-1.42
487,16.233,88,0,person,0.613,397.0,497.0,534.0,572.9,465.5,535.0,1.46,-0.29,1.49,1.19
488,16.267,1,0,person,0.789,139.7,489.6,244.0,573.7,191.8,531.6,-1.72,0.44,1.78,-0.4
488,16.267,15,0,person,0.776,1118.8,350.6,1224.9,619.3,1171.9,485.0,2.28,0.8,2.42,-0.07
488,16.267,87,0,person,0.301,873.5,318.9,934.2,498.0,903.9,408.4,0.54,-7.63,7.65,-8.05
488,16.267,89,0,person,0.383,962.6,278.0,1056.2,529.2,1009.4,403.6,2.63,-2.11,3.37,-12.05
488,16.267,80,0,person,0.475,703.5,355.7,809.9,530.2,756.7,443.0,0.57,1.4,1.51,0.87
488,16.267,88,0,person,0.533,398.3,494.3,535.5,571.9,466.9,533.1,1.48,-1.85,2.36,-1.55
488,16.267,5,0,person,0.347,608.1,319.7,685.8,521.1,646.9,420.4,-0.7,4.45,4.51,0.25
489,16.3,1,0,person,0.626,138.5,490.5,241.7,573.2,190.1,531.9,-1.73,0.23,1.74,-0.21
489,16.3,15,0,person,0.801,1120.1,350.0,1226.7,620.5,1173.4,485.3,1.57,0.32,1.6,-0.48
489,16.3,87,0,person,0.34,876.9,330.4,934.2,498.7,905.5,414.6,1.66,6.16,6.38,13.79
489,16.3,80,0,person,0.405,702.6,358.8,807.8,530.3,755.2,444.5,-1.51,1.57,2.18,0.17
489,16.3,91,36,skateboard,0.475,759.6,506.0,823.7,530.2,791.7,518.1,0.0,0.0,0.0,0.0
490,16.333,1,0,person,0.708,136.5,490.7,240.1,573.2,188.3,531.9,-1.82,0.06,1.82,-0.17
490,16.333,15,0,person,0.796,1122.1,349.1,1229.2,621.6,1175.6,485.4,2.2,0.07,2.2,-0.26
490,16.333,87,0,person,0.317,880.1,336.5,935.9,499.4,908.0,418.0,2.49,3.38,4.2,-2.78
490,16.333,89,0,person,0.312,967.6,271.7,1063.7,528.6,1015.6,400.1,3.1,-1.73,3.55,0.19
491,16.367,1,0,person,0.713,135.4,491.2,239.1,573.2,187.2,532.2,-1.06,0.27,1.1,0.21
491,16.367,15,0,person,0.774,1124.2,347.3,1232.6,623.0,1178.4,485.1,2.74,-0.23,2.75,-0.29
491,16.367,89,0,person,0.38,971.3,284.4,1063.9,529.5,1017.6,407.0,2.0,6.85,7.14,8.58
491,16.367,88,0,person,0.382,396.3,483.0,545.4,570.8,470.8,526.9,1.3,-2.07,2.45,-0.08
491,16.367,80,0,person,0.307,705.4,365.2,809.7,532.3,757.6,448.8,1.18,2.11,2.42,0.27
492,16.4,1,0,person,0.689,135.8,491.9,239.3,573.2,187.5,532.5,0.28,0.31,0.42,0.04
492,16.4,15,0,person,0.793,1124.9,346.6,1234.3,624.5,1179.6,485.6,1.23,0.44,1.3,0.67
492,16.4,88,0,person,0.437,412.9,481.4,564.9,571.6,488.9,526.5,18.03,-0.41,18.03,1.66
492,16.4,5,0,person,0.331,607.2,295.1,695.5,525.2,651.4,410.2,1.11,-2.56,2.79,-1.75
493,16.433,1,0,person,0.675,136.8,492.3,240.5,573.4,188.7,532.9,1.18,0.33,1.22,0.02
493,16.433,15,0,person,0.826,1125.8,348.2,1235.2,625.5,1180.5,486.9,0.87,1.3,1.56,0.85
493,16.433,92,0,person,0.316,888.3,268.8,1067.9,530.4,978.1,399.6,0.0,0.0,0.0,0.0
493,16.433,5,0,person,0.42,610.7,287.0,702.7,525.2,656.7,406.1,5.35,-4.1,6.74,-1.54
493,16.433,80,0,person,0.447,733.0,370.4,832.2,534.6,782.6,452.5,12.51,1.87,12.65,-0.12
494,16.467,1,0,person,0.709,137.3,492.9,240.8,573.5,189.1,533.2,0.36,0.38,0.52,0.05
494,16.467,15,0,person,0.833,1127.1,350.1,1236.3,626.8,1181.7,488.4,1.26,1.58,2.02,0.28
494,16.467,5,0,person,0.429,612.0,285.9,705.4,526.1,658.7,406.0,1.99,-0.1,2.0,4.0
494,16.467,80,0,person,0.517,741.0,371.0,836.8,534.8,788.9,452.9,6.33,0.41,6.35,-1.46
494,16.467,88,0,person,0.591,396.8,476.9,549.3,571.2,473.0,524.1,-7.92,-1.2,8.01,-0.39
495,16.5,1,0,person,0.724,138.4,493.4,241.7,573.5,190.0,533.5,0.99,0.23,1.02,-0.15
495,16.5,15,0,person,0.841,1128.0,350.8,1237.1,627.5,1182.5,489.1,0.79,0.68,1.04,-0.9
495,16.5,5,0,person,0.368,613.9,284.0,707.9,524.1,660.9,404.1,2.15,-1.93,2.89,-1.84
495,16.5,80,0,person,0.442,745.4,372.9,837.9,535.5,791.7,454.2,2.77,1.29,3.05,0.88
495,16.5,88,0,person,0.466,389.8,473.6,544.5,571.5,467.2,522.5,-5.86,-1.53,6.06,-0.33
495,16.5,89,0,person,0.356,973.5,310.9,1056.7,531.8,1015.1,421.3,-0.62,3.59,3.64,-0.82
496,16.533,1,0,person,0.758,138.9,493.5,242.4,573.6,190.7,533.5,0.65,0.07,0.65,-0.16
496,16.533,15,0,person,0.838,1128.6,350.8,1237.5,627.3,1183.0,489.0,0.52,-0.08,0.52,-0.76
496,16.533,5,0,person,0.373,613.1,321.4,693.0,524.2,653.1,422.8,-7.79,18.75,20.3,20.68
496,16.533,80,0,person,0.326,737.6,374.5,829.1,534.7,783.3,454.6,-8.35,0.4,8.36,-0.9
496,16.533,88,0,person,0.712,393.0,468.0,557.9,571.7,475.5,519.9,8.3,-2.69,8.72,-1.16
496,16.533,89,0,person,0.312,972.8,303.7,1058.3,532.0,1015.6,417.9,0.46,-3.46,3.49,-7.05
497,16.567,1,0,person,0.748,139.2,493.4,243.0,573.5,191.1,533.5,0.39,-0.08,0.4,-0.15
497,16.567,15,0,person,0.836,1129.2,350.2,1238.1,626.9,1183.7,488.5,0.62,-0.51,0.8,-0.43
497,16.567,5,0,person,0.433,612.2,297.7,701.7,524.9,656.9,411.3,3.87,-11.49,12.12,-30.24
497,16.567,80,0,person,0.307,725.6,377.1,818.3,534.4,771.9,455.7,-11.4,1.12,11.45,0.73
497,16.567,88,0,person,0.786,387.8,464.1,561.6,572.0,474.7,518.0,-0.77,-1.81,1.97,0.87
497,16.567,82,63,chair,0.329,0.0,443.3,141.3,624.3,70.7,533.8,-0.15,1.68,1.69,0.06
498,16.6,1,0,person,0.724,138.9,493.1,243.4,573.5,191.1,533.3,0.05,-0.19,0.2,-0.12
498,16.6,15,0,person,0.836,1130.4,350.4,1239.2,627.0,1184.8,488.7,1.13,0.17,1.14,0.68
498,16.6,5,0,person,0.34,612.2,292.2,704.0,525.0,658.1,408.6,1.15,-2.73,2.96,8.76
498,16.6,88,0,person,0.774,384.2,460.4,566.5,572.2,475.4,516.3,0.71,-1.73,1.87,0.08
498,16.6,82,63,chair,0.315,0.0,443.2,139.8,624.3,69.9,533.8,-0.76,-0.02,0.76,-1.71
498,16.6,89,0,person,0.346,973.8,289.9,1064.4,532.2,1019.1,411.0,1.75,-3.41,3.83,0.03
499,16.633,1,0,person,0.734,138.5,492.7,243.6,573.5,191.1,533.1,-0.04,-0.19,0.2,0.0
499,16.633,15,0,person,0.84,1130.5,350.0,1239.1,626.2,1184.8,488.1,0.02,-0.6,0.6,-0.77
499,16.633,5,0,person,0.389,612.5,288.5,705.7,524.4,659.1,406.5,1.0,-2.14,2.36,0.59
499,16.633,88,0,person,0.779,380.4,458.3,568.4,572.6,474.4,515.4,-0.98,-0.89,1.33,0.84
499,16.633,82,63,chair,0.324,0.0,443.0,138.7,624.0,69.3,533.5,-0.56,-0.29,0.63,-0.26
499,16.633,89,0,person,0.309,973.7,288.1,1064.2,531.3,1018.9,409.7,-0.14,-1.32,1.33,2.08
500,16.667,1,0,person,0.719,137.6,491.9,243.8,573.4,190.7,532.6,-0.36,-0.43,0.56,-0.24
500,16.667,15,0,person,0.828,1130.4,349.2,1239.0,624.9,1184.7,487.1,-0.08,-1.02,1.02,-0.42
500,16.667,5,0,person,0.456,613.7,283.5,709.1,523.2,661.4,403.4,2.35,-3.11,3.89,-0.97
500,16.667,88,0,person,0.786,377.3,455.3,571.6,572.9,474.4,514.1,0.03,-1.33,1.33,-0.44
501,16.7,1,0,person,0.723,133.8,489.9,242.8,573.5,188.3,531.7,-2.47,-0.94,2.65,-0.51
501,16.7,15,0,person,0.789,1130.3,346.0,1239.3,622.9,1184.8,484.5,0.07,-2.61,2.61,-1.59
501,16.7,5,0,person,0.536,607.8,240.7,718.5,521.8,663.1,381.2,1.69,-22.11,22.17,-19.0
501,16.7,88,0,person,0.791,372.7,449.7,576.9,572.9,474.8,511.3,0.33,-2.8,2.82,-1.47
502,16.733,1,0,person,0.776,130.7,488.3,242.0,573.5,186.3,530.9,-1.92,-0.78,2.07,0.17
502,16.733,15,0,person,0.813,1130.3,343.8,1239.8,622.5,1185.1,483.1,0.29,-1.36,1.39,1.25
502,16.733,5,0,person,0.387,610.6,261.3,713.4,520.8,662.0,391.0,-1.11,9.77,9.84,31.88
502,16.733,88,0,person,0.802,365.7,441.4,582.1,572.4,473.9,506.9,-0.84,-4.38,4.46,-1.58
502,16.733,92,0,person,0.354,896.0,257.7,1080.4,529.0,988.2,393.3,1.12,-0.7,1.32,-0.08
503,16.767,1,0,person,0.804,127.1,486.0,241.8,573.7,184.5,529.8,-1.89,-1.07,2.17,-0.3
503,16.767,15,0,person,0.843,1130.4,342.3,1239.7,620.9,1185.0,481.6,-0.06,-1.54,1.54,-0.18
503,16.767,5,0,person,0.638,611.7,268.5,712.1,519.4,661.9,394.0,-0.11,2.94,2.94,-6.83
503,16.767,88,0,person,0.805,358.1,432.9,587.3,572.4,472.7,502.7,-1.23,-4.24,4.42,0.13
504,16.8,1,0,person,0.81,123.4,483.5,241.4,573.8,182.4,528.6,-2.08,-1.22,2.42,-0.15
504,16.8,15,0,person,0.821,1130.3,340.6,1239.5,619.1,1184.9,479.9,-0.16,-1.7,1.71,-0.16
504,16.8,5,0,person,0.647,610.4,271.4,709.6,517.9,660.0,394.7,-1.88,0.69,2.0,-2.25
504,16.8,88,0,person,0.821,353.3,428.5,587.6,572.3,470.4,500.4,-2.29,-2.28,3.23,1.97
504,16.8,92,0,person,0.418,892.0,256.7,1070.5,523.2,981.3,389.9,-3.47,-1.7,3.86,-0.5
505,16.833,1,0,person,0.759,122.1,482.1,241.7,573.3,181.9,527.7,-0.43,-0.94,1.04,0.28
505,16.833,15,0,person,0.83,1129.7,337.8,1239.4,617.8,1184.5,477.8,-0.33,-2.06,2.08,-0.36
505,16.833,5,0,person,0.529,609.4,271.7,708.8,517.2,659.1,394.5,-0.89,-0.19,0.91,-0.88
505,16.833,88,0,person,0.838,348.5,423.8,587.6,571.9,468.1,497.8,-2.35,-2.54,3.46,-0.27
505,16.833,92,0,person,0.481,893.2,254.7,1071.0,522.2,982.1,388.4,0.83,-1.5,1.71,0.2
506,16.867,1,0,person,0.762,120.7,480.9,241.9,573.1,181.3,527.0,-0.63,-0.69,0.94,0.25
506,16.867,15,0,person,0.803,1129.9,336.2,1239.7,616.9,1184.8,476.5,0.26,-1.29,1.32,0.77
506,16.867,5,0,person,0.391,607.5,271.5,707.2,517.0,657.3,394.3,-1.78,-0.19,1.79,0.0
506,16.867,88,0,person,0.857,344.2,419.9,586.6,571.6,465.4,495.8,-2.67,-2.08,3.39,0.46
506,16.867,92,0,person,0.464,892.4,256.0,1067.5,521.5,979.9,388.7,-2.17,0.3,2.19,1.8
506,16.867,94,0,person,0.395,189.5,262.0,310.1,483.2,249.8,372.6,0.0,0.0,0.0,0.0
507,16.9,1,0,person,0.791,120.0,480.0,242.9,573.1,181.4,526.5,0.14,-0.48,0.49,0.21
507,16.9,15,0,person,0.777,1129.7,335.3,1239.3,615.4,1184.5,475.3,-0.28,-1.21,1.24,0.08
507,16.9,5,0,person,0.355,607.4,270.3,707.5,515.0,657.4,392.7,0.09,-1.59,1.59,-1.4
507,16.9,88,0,person,0.865,339.4,415.0,586.1,571.5,462.7,493.3,-2.68,-2.52,3.68,-0.43
507,16.9,92,0,person,0.406,888.2,260.6,1057.3,520.4,972.8,390.5,-7.14,1.78,7.36,1.48
508,16.933,1,0,person,0.816,118.6,478.4,243.8,573.2,181.2,525.8,-0.24,-0.69,0.73,-0.21
508,16.933,15,0,person,0.761,1130.0,333.0,1239.9,614.2,1184.9,473.6,0.42,-1.74,1.79,-0.53
508,16.933,5,0,person,0.474,603.1,224.2,720.7,513.5,661.9,368.8,4.47,-23.86,24.27,-22.27
508,16.933,88,0,person,0.862,333.7,410.1,585.1,571.9,459.4,491.0,-3.32,-2.23,4.0,0.29
508,16.933,92,0,person,0.369,892.5,257.1,1061.9,518.5,977.2,387.8,4.41,-2.68,5.16,-4.46
509,16.967,1,0,person,0.828,116.9,476.5,244.4,573.1,180.7,524.8,-0.52,-1.05,1.17,-0.37
509,16.967,15,0,person,0.768,1130.4,330.8,1240.5,612.5,1185.4,471.7,0.5,-1.92,1.99,-0.18
509,16.967,5,0,person,0.544,604.4,245.9,713.0,511.4,658.7,378.7,-3.2,9.84,10.35,33.7
509,16.967,88,0,person,0.859,328.8,405.6,583.0,571.7,455.9,488.6,-3.48,-2.38,4.22,-0.15
509,16.967,92,0,person,0.386,892.4,247.9,1065.8,517.2,979.1,382.6,1.87,-5.27,5.59,-2.59
510,17.0,1,0,person,0.833,115.4,474.9,244.5,572.8,179.9,523.8,-0.73,-0.96,1.2,0.1
510,17.0,15,0,person,0.728,1130.0,327.0,1241.0,611.4,1185.5,469.2,0.01,-2.45,2.45,-0.53
510,17.0,5,0,person,0.745,601.1,210.2,723.4,510.0,662.3,360.1,3.57,-18.54,18.89,-28.38
510,17.0,88,0,person,0.867,325.0,400.6,581.6,571.3,453.3,486.0,-2.59,-2.69,3.74,-0.31
510,17.0,92,0,person,0.32,891.2,250.4,1061.6,517.7,976.4,384.1,-2.7,1.5,3.08,6.77
511,17.033,1,0,person,0.844,113.6,473.6,244.2,572.6,178.9,523.1,-1.02,-0.7,1.24,0.26
511,17.033,15,0,person,0.725,1130.3,325.4,1241.4,610.2,1185.9,467.8,0.41,-1.42,1.47,1.04
511,17.033,5,0,person,0.747,595.9,194.2,722.7,508.9,659.3,351.6,-3.02,-8.52,9.04,10.02
511,17.033,88,0,person,0.838,322.7,395.8,580.8,571.0,451.8,483.4,-1.56,-2.55,2.99,0.14
511,17.033,92,0,person,0.518,891.7,250.6,1058.3,514.2,975.0,382.4,-1.39,-1.65,2.16,-3.15
512,17.067,1,0,person,0.855,112.7,472.6,244.6,572.6,178.7,522.6,-0.27,-0.55,0.61,0.15
512,17.067,15,0,person,0.69,1130.3,323.9,1241.1,607.7,1185.7,465.8,-0.13,-2.01,2.02,-0.6
512,17.067,5,0,person,0.784,594.4,187.3,722.0,507.6,658.2,347.4,-1.06,-4.15,4.28,4.37
512,17.067,88,0,person,0.849,323.4,392.8,580.4,570.8,451.9,481.8,0.14,-1.59,1.6,0.96
512,17.067,92,0,person,0.379,891.7,248.3,1058.8,514.4,975.2,381.4,0.25,-1.05,1.08,0.6
513,17.1,1,0,person,0.856,112.6,471.8,245.3,572.5,178.9,522.2,0.26,-0.41,0.48,0.14
513,17.1,15,0,person,0.689,1130.8,323.4,1241.2,605.5,1186.0,464.5,0.25,-1.3,1.32,0.71
513,17.1,5,0,person,0.415,600.0,228.8,711.4,507.2,655.7,368.0,-2.5,20.55,20.7,24.7
513,17.1,88,0,person,0.831,323.9,389.0,581.2,570.6,452.5,479.8,0.65,-2.01,2.11,-0.42
513,17.1,92,0,person,0.387,896.5,250.6,1061.7,512.8,979.1,381.7,3.9,0.37,3.92,1.42
513,17.1,82,63,chair,0.33,0.0,421.5,134.8,624.4,67.4,522.9,-0.14,-0.75,0.76,-0.03
514,17.133,1,0,person,0.848,112.0,469.9,246.7,572.4,179.3,521.2,0.44,-1.01,1.1,-0.61
514,17.133,15,0,person,0.749,1130.6,322.1,1240.9,603.8,1185.7,462.9,-0.24,-1.54,1.56,-0.24
514,17.133,5,0,person,0.577,602.3,243.9,707.7,506.2,655.0,375.1,-0.71,7.06,7.09,-13.5
514,17.133,88,0,person,0.85,324.0,384.8,581.3,570.6,452.7,477.7,0.14,-2.1,2.11,-0.09
514,17.133,89,0,person,0.458,969.3,264.4,1063.0,512.2,1016.1,388.3,-0.19,-1.43,1.44,-0.01
515,17.167,1,0,person,0.863,112.0,468.5,248.0,572.4,180.0,520.5,0.66,-0.71,0.97,0.31
515,17.167,15,0,person,0.714,1130.2,319.9,1240.9,602.9,1185.5,461.4,-0.2,-1.53,1.54,0.01
515,17.167,5,0,person,0.716,597.8,208.0,716.0,505.1,656.9,356.5,1.93,-18.53,18.63,-25.59
515,17.167,88,0,person,0.872,322.1,381.2,580.5,571.4,451.3,476.3,-1.37,-1.4,1.96,0.7
515,17.167,89,0,person,0.559,969.6,262.7,1064.6,511.1,1017.1,386.9,0.93,-1.41,1.69,0.02
516,17.2,1,0,person,0.862,112.2,467.3,249.0,572.4,180.6,519.9,0.57,-0.57,0.81,0.13
516,17.2,15,0,person,0.717,1130.2,318.0,1241.4,602.1,1185.8,460.1,0.25,-1.33,1.35,0.2
516,17.2,5,0,person,0.719,601.7,231.0,711.1,504.5,656.4,367.7,-0.56,11.22,11.24,29.75
516,17.2,88,0,person,0.869,322.1,377.9,580.0,571.6,451.0,474.7,-0.29,-1.53,1.56,-0.13
516,17.2,89,0,person,0.456,970.2,265.0,1064.4,510.1,1017.3,387.6,0.21,0.65,0.68,2.05
517,17.233,1,0,person,0.857,112.4,466.1,250.1,572.4,181.2,519.2,0.65,-0.65,0.92,-0.08
517,17.233,15,0,person,0.732,1130.1,316.1,1241.7,601.8,1185.9,458.9,0.07,-1.14,1.15,0.19
517,17.233,5,0,person,0.606,603.8,243.7,708.0,502.5,655.9,373.1,-0.48,5.34,5.36,-5.88
517,17.233,88,0,person,0.873,321.3,373.1,580.0,571.8,450.6,472.5,-0.41,-2.27,2.31,-0.73
517,17.233,89,0,person,0.442,969.3,264.0,1063.5,509.4,1016.4,386.7,-0.93,-0.84,1.25,-1.49
518,17.267,1,0,person,0.847,112.8,465.2,251.0,572.4,181.9,518.8,0.69,-0.43,0.81,0.22
518,17.267,15,0,person,0.778,1130.4,316.1,1241.7,601.1,1186.0,458.6,0.16,-0.33,0.37,0.81
518,17.267,5,0,person,0.625,602.0,236.9,708.8,502.6,655.4,369.7,-0.48,-3.37,3.41,-8.71
518,17.267,88,0,person,0.869,322.5,370.0,579.4,571.6,450.9,470.8,0.29,-1.68,1.7,0.59
518,17.267,89,0,person,0.393,969.6,264.2,1063.6,508.6,1016.6,386.4,0.27,-0.28,0.39,0.56
519,17.3,1,0,person,0.858,113.1,464.1,252.1,572.6,182.6,518.3,0.71,-0.49,0.86,-0.06
519,17.3,15,0,person,0.754,1130.4,315.0,1241.6,600.1,1186.0,457.5,-0.01,-1.05,1.05,-0.72
519,17.3,5,0,person,0.608,603.2,245.0,706.6,500.7,654.9,372.9,-0.49,3.17,3.21,6.54
519,17.3,88,0,person,0.869,322.6,366.5,578.1,571.7,450.3,469.1,-0.56,-1.7,1.79,-0.03
519,17.3,89,0,person,0.36,969.3,263.0,1063.2,506.5,1016.3,384.7,-0.36,-1.71,1.75,-1.43
520,17.333,1,0,person,0.865,113.0,463.3,252.4,572.6,182.7,517.9,0.09,-0.38,0.4,0.1
520,17.333,15,0,person,0.737,1130.8,314.6,1241.7,598.9,1186.3,456.7,0.24,-0.8,0.83,0.25
520,17.333,5,0,person,0.442,602.6,249.1,703.8,498.6,653.2,373.9,-1.69,1.0,1.97,-2.17
520,17.333,88,0,person,0.886,320.9,361.6,576.0,571.5,448.5,466.6,-1.89,-2.54,3.16,-0.83
521,17.367,1,0,person,0.862,113.0,462.6,252.5,572.4,182.7,517.5,0.01,-0.42,0.42,-0.03
521,17.367,15,0,person,0.77,1131.5,314.9,1241.8,597.7,1186.6,456.3,0.38,-0.44,0.59,0.36
521,17.367,5,0,person,0.447,600.1,270.8,691.8,497.6,646.0,384.2,-7.25,10.33,12.62,9.33
521,17.367,88,0,person,0.838,318.4,358.5,571.6,571.6,445.0,465.0,-3.42,-1.54,3.76,0.99
521,17.367,89,0,person,0.363,969.2,256.4,1063.9,503.0,1016.5,379.7,0.15,-2.52,2.52,-0.4
522,17.4,1,0,person,0.861,112.9,461.9,252.6,572.4,182.8,517.2,0.03,-0.34,0.34,0.08
522,17.4,15,0,person,0.772,1131.8,315.2,1241.7,596.9,1186.7,456.0,0.1,-0.25,0.27,0.19
522,17.4,5,0,person,0.423,599.0,276.3,687.8,496.7,643.4,386.5,-2.59,2.29,3.46,-8.04
522,17.4,88,0,person,0.863,316.4,354.7,569.0,571.9,442.7,463.3,-2.32,-1.72,2.89,-0.18
522,17.4,92,0,person,0.495,895.0,228.8,1070.6,503.5,982.8,366.1,0.41,-1.73,1.78,-0.23
523,17.433,1,0,person,0.869,113.0,460.8,253.4,572.4,183.2,516.6,0.46,-0.58,0.74,-0.24
523,17.433,15,0,person,0.762,1132.1,314.4,1241.7,595.3,1186.9,454.8,0.14,-1.2,1.21,-0.95
523,17.433,5,0,person,0.414,601.1,254.3,698.7,495.4,649.9,374.8,6.54,-11.65,13.36,-13.94
523,17.433,88,0,person,0.859,315.7,350.9,567.4,571.9,441.6,461.4,-1.15,-1.91,2.23,-0.19
523,17.433,92,0,person,0.437,893.3,227.9,1070.0,501.9,981.7,364.9,-1.11,-1.23,1.66,0.5
524,17.467,1,0,person,0.864,112.6,459.0,254.4,572.4,183.5,515.7,0.29,-0.86,0.91,-0.28
524,17.467,15,0,person,0.769,1132.1,313.9,1241.7,594.3,1186.9,454.1,0.01,-0.77,0.77,0.44
524,17.467,5,0,person,0.505,601.3,249.9,700.6,494.6,650.9,372.2,1.03,-2.61,2.81,9.04
524,17.467,88,0,person,0.87,316.5,347.0,567.4,572.3,442.0,459.7,0.41,-1.74,1.78,0.17
524,17.467,92,0,person,0.35,889.4,231.3,1063.1,500.0,976.2,365.7,-5.43,0.77,5.49,2.0
525,17.5,1,0,person,0.865,112.7,458.9,254.1,572.5,183.4,515.7,-0.09,0.01,0.09,0.88
525,17.5,15,0,person,0.794,1132.1,312.9,1241.7,593.4,1186.9,453.2,0.01,-0.92,0.92,-0.15
525,17.5,5,0,person,0.401,602.4,248.3,701.9,491.8,652.2,370.1,1.22,-2.16,2.48,0.46
525,17.5,88,0,person,0.895,316.3,343.2,565.8,572.7,441.1,457.9,-0.9,-1.72,1.94,0.01
525,17.5,92,0,person,0.385,885.9,227.2,1060.7,498.9,973.3,363.1,-2.97,-2.62,3.96,-3.39
526,17.533,1,0,person,0.859,112.6,458.1,254.6,572.6,183.6,515.4,0.21,-0.37,0.42,-0.38
526,17.533,15,0,person,0.815,1131.9,312.0,1241.6,592.6,1186.8,452.3,-0.14,-0.87,0.89,0.04
526,17.533,5,0,person,0.577,601.7,246.4,702.2,491.2,652.0,368.8,-0.21,-1.25,1.27,0.91
526,17.533,88,0,person,0.897,315.6,339.2,563.1,572.8,439.3,456.0,-1.73,-1.93,2.59,-0.2
526,17.533,92,0,person,0.419,887.4,226.1,1063.3,497.7,975.3,361.9,2.04,-1.16,2.34,1.46
527,17.567,1,0,person,0.865,112.2,457.0,255.3,572.8,183.7,514.9,0.11,-0.51,0.52,-0.15
527,17.567,15,0,person,0.813,1131.7,312.1,1240.6,590.1,1186.2,451.1,-0.59,-1.19,1.33,-0.32
527,17.567,5,0,person,0.604,598.7,245.7,699.9,492.4,649.3,369.0,-2.66,0.22,2.67,1.47
527,17.567,88,0,person,0.889,314.7,336.2,558.4,572.4,436.6,454.3,-2.76,-1.71,3.24,0.22
527,17.567,92,0,person,0.383,888.6,225.2,1066.1,496.8,977.4,361.0,2.05,-0.9,2.24,0.25
528,17.6,1,0,person,0.858,112.1,455.7,256.6,572.9,184.3,514.3,0.6,-0.57,0.83,-0.06
528,17.6,15,0,person,0.807,1131.3,310.6,1240.3,588.8,1185.8,449.7,-0.38,-1.37,1.42,-0.18
528,17.6,5,0,person,0.695,599.7,244.1,701.3,490.5,650.5,367.3,1.22,-1.75,2.13,-1.96
528,17.6,88,0,person,0.878,314.8,333.9,554.0,572.3,434.4,453.1,-2.16,-1.19,2.46,0.52
528,17.6,92,0,person,0.431,889.1,220.9,1070.2,495.9,979.6,358.4,2.26,-2.62,3.46,-1.71
529,17.633,1,0,person,0.862,112.4,454.7,257.6,573.0,185.0,513.9,0.65,-0.41,0.77,0.16
529,17.633,15,0,person,0.817,1131.7,310.2,1240.4,587.4,1186.0,448.8,0.24,-0.92,0.95,0.45
529,17.633,5,0,person,0.668,599.8,243.2,701.3,489.5,650.6,366.4,0.03,-0.93,0.93,0.82
529,17.633,88,0,person,0.887,313.6,330.1,549.2,572.3,431.4,451.2,-3.02,-1.89,3.57,-0.71
529,17.633,89,0,person,0.467,968.3,237.0,1068.2,496.1,1018.3,366.5,0.21,-1.64,1.66,0.11
530,17.667,1,0,person,0.86,112.6,453.6,258.6,572.9,185.6,513.2,0.6,-0.63,0.88,-0.22
530,17.667,15,0,person,0.819,1131.9,310.1,1240.6,587.1,1186.3,448.6,0.22,-0.19,0.29,0.73
530,17.667,5,0,person,0.69,601.1,242.4,703.0,488.7,652.1,365.5,1.51,-0.82,1.72,0.11
530,17.667,88,0,person,0.891,314.4,327.8,545.5,572.5,429.9,450.1,-1.47,-1.07,1.82,0.82
530,17.667,89,0,person,0.571,968.7,226.9,1073.5,495.4,1021.1,361.2,2.84,-5.37,6.07,-3.72
531,17.7,1,0,person,0.86,112.9,452.4,260.0,572.9,186.5,512.6,0.87,-0.63,1.07,0.0
531,17.7,15,0,person,0.807,1131.9,309.6,1241.0,587.7,1186.4,448.7,0.16,0.06,0.17,0.25
531,17.7,5,0,person,0.682,601.9,242.0,704.2,488.5,653.0,365.2,0.97,-0.31,1.02,0.51
531,17.7,88,0,person,0.891,314.8,326.3,540.5,572.2,427.7,449.3,-2.27,-0.89,2.44,0.19
531,17.7,89,0,person,0.565,968.2,223.7,1075.1,495.0,1021.7,359.4,0.57,-1.79,1.88,3.58
532,17.733,1,0,person,0.863,112.9,451.2,260.9,573.0,186.9,512.1,0.39,-0.51,0.64,0.12
532,17.733,15,0,person,0.811,1131.7,308.6,1241.0,587.5,1186.4,448.0,-0.03,-0.62,0.62,-0.68
532,17.733,5,0,person,0.631,601.5,241.5,704.0,487.8,652.8,364.7,-0.29,-0.57,0.64,-0.26
532,17.733,88,0,person,0.877,314.4,325.3,534.5,572.1,424.5,448.7,-3.18,-0.57,3.23,0.32
532,17.733,89,0,person,0.569,967.8,221.5,1076.3,494.6,1022.0,358.1,0.36,-1.3,1.35,0.49
533,17.767,1,0,person,0.866,112.8,450.5,261.4,573.1,187.1,511.8,0.25,-0.32,0.41,0.19
533,17.767,15,0,person,0.803,1132.1,307.8,1241.5,586.6,1186.8,447.2,0.42,-0.84,0.94,-0.22
533,17.767,5,0,person,0.57,598.9,240.6,701.1,487.5,650.0,364.0,-2.72,-0.63,2.79,-0.06
533,17.767,88,0,person,0.872,311.6,323.5,526.8,571.7,419.2,447.6,-5.3,-1.08,5.41,-0.52
533,17.767,89,0,person,0.524,967.2,220.1,1076.8,494.0,1022.0,357.1,-0.0,-0.99,0.99,0.31
534,17.8,1,0,person,0.869,113.0,449.8,262.0,573.2,187.5,511.5,0.39,-0.28,0.48,0.04
534,17.8,15,0,person,0.814,1132.4,307.0,1242.0,586.2,1187.2,446.6,0.41,-0.6,0.73,0.24
534,17.8,5,0,person,0.597,600.1,239.8,702.6,486.6,651.4,363.2,1.34,-0.79,1.55,-0.16
534,17.8,88,0,person,0.873,308.8,321.6,519.6,571.4,414.2,446.5,-5.02,-1.09,5.14,-0.0
534,17.8,92,0,person,0.431,913.6,219.2,1088.9,491.6,1001.3,355.4,3.61,-0.49,3.64,0.35
535,17.833,1,0,person,0.875,113.3,449.3,262.5,573.2,187.9,511.2,0.4,-0.29,0.49,-0.01
535,17.833,15,0,person,0.815,1132.2,305.9,1242.1,586.0,1187.2,446.0,-0.06,-0.62,0.62,-0.01
535,17.833,5,0,person,0.592,599.8,238.4,702.5,485.5,651.1,362.0,-0.23,-1.27,1.29,-0.48
535,17.833,88,0,person,0.885,304.6,319.8,511.7,571.7,408.2,445.7,-5.98,-0.79,6.03,0.3
535,17.833,89,0,person,0.434,967.9,219.8,1077.7,493.2,1022.8,356.5,0.37,-0.27,0.46,0.36
536,17.867,1,0,person,0.876,113.6,448.5,263.5,573.2,188.6,510.9,0.64,-0.34,0.73,-0.05
536,17.867,15,0,person,0.813,1132.1,305.1,1242.1,585.5,1187.1,445.3,-0.07,-0.68,0.69,-0.07
536,17.867,5,0,person,0.4,600.2,276.5,687.3,484.8,643.8,380.6,-7.39,18.67,20.08,19.94
536,17.867,88,0,person,0.889,304.4,318.3,507.6,571.8,406.0,445.1,-2.21,-0.67,2.31,0.12
536,17.867,89,0,person,0.359,967.6,221.2,1076.1,491.3,1021.8,356.3,-0.95,-0.28,0.99,-0.01
537,17.9,1,0,person,0.875,114.2,447.9,264.4,573.3,189.3,510.6,0.76,-0.24,0.8,0.1
537,17.9,15,0,person,0.797,1132.1,304.2,1242.4,584.7,1187.3,444.4,0.18,-0.86,0.88,-0.18
537,17.9,5,0,person,0.317,595.8,250.1,692.8,485.1,644.3,367.6,0.54,-13.07,13.08,-31.74
537,17.9,88,0,person,0.889,301.0,316.8,501.4,571.6,401.2,444.2,-4.79,-0.84,4.87,-0.17
537,17.9,89,0,person,0.419,967.6,223.8,1074.7,491.4,1021.1,357.6,-0.68,1.35,1.51,1.64
538,17.933,1,0,person,0.869,114.6,447.1,265.6,573.4,190.1,510.2,0.77,-0.39,0.86,-0.15
538,17.933,15,0,person,0.794,1132.2,302.7,1242.9,584.1,1187.6,443.4,0.31,-1.04,1.09,-0.18
538,17.933,88,0,person,0.88,295.3,316.0,494.1,571.9,394.7,444.0,-6.45,-0.24,6.46,0.6
538,17.933,89,0,person,0.489,967.9,227.3,1073.2,491.3,1020.6,359.3,-0.6,1.68,1.78,0.33
539,17.967,1,0,person,0.867,115.2,446.7,266.5,573.5,190.9,510.1,0.78,-0.13,0.79,0.26
539,17.967,15,0,person,0.798,1132.3,302.0,1243.1,583.5,1187.7,442.7,0.12,-0.68,0.69,0.36
539,17.967,88,0,person,0.878,287.9,313.6,487.2,572.1,387.5,442.9,-7.19,-1.12,7.28,-0.88
539,17.967,89,0,person,0.433,969.2,228.3,1073.2,490.3,1021.2,359.3,0.63,0.02,0.63,-1.66
539,17.967,5,0,person,0.326,598.6,274.8,684.7,483.4,641.6,379.1,-1.32,5.76,5.91,9.42
540,18.0,1,0,person,0.867,115.6,446.3,266.9,573.4,191.2,509.8,0.37,-0.26,0.45,-0.12
540,18.0,15,0,person,0.779,1131.7,301.4,1242.7,582.9,1187.2,442.2,-0.46,-0.55,0.72,0.13
540,18.0,88,0,person,0.859,281.2,310.6,480.7,571.4,381.0,441.0,-6.57,-1.82,6.82,-0.69
540,18.0,89,0,person,0.439,970.5,222.7,1076.1,489.3,1023.3,356.0,2.14,-3.31,3.94,-3.33
541,18.033,1,0,person,0.855,116.6,445.9,268.2,573.3,192.4,509.6,1.14,-0.24,1.16,0.02
541,18.033,15,0,person,0.796,1131.7,300.3,1243.0,582.1,1187.4,441.2,0.13,-0.98,0.98,-0.42
541,18.033,88,0,person,0.865,278.3,309.8,476.9,571.0,377.6,440.4,-3.37,-0.63,3.43,1.19
541,18.033,89,0,person,0.419,967.4,223.0,1070.7,488.4,1019.1,355.7,-4.27,-0.29,4.28,3.02
541,18.033,5,0,person,0.314,599.3,243.1,698.3,483.1,648.8,363.1,3.59,-7.99,8.76,-6.88
542,18.067,1,0,person,0.85,117.3,445.7,269.1,573.4,193.2,509.5,0.85,-0.08,0.86,0.16
542,18.067,15,0,person,0.811,1131.6,299.2,1243.2,581.5,1187.4,440.3,0.07,-0.86,0.86,0.11
542,18.067,88,0,person,0.87,275.8,306.8,474.7,571.1,375.2,438.9,-2.36,-1.49,2.79,-0.86
542,18.067,89,0,person,0.478,970.0,217.2,1074.7,487.2,1022.3,352.2,3.29,-3.5,4.81,-3.21
542,18.067,5,0,person,0.312,599.2,236.8,700.8,482.5,650.0,359.6,1.19,-3.5,3.7,4.49
543,18.1,1,0,person,0.854,117.2,445.4,269.1,573.4,193.2,509.4,-0.07,-0.11,0.13,-0.02
543,18.1,15,0,person,0.783,1131.9,298.6,1243.5,581.1,1187.7,439.9,0.27,-0.46,0.53,0.4
543,18.1,88,0,person,0.879,272.5,304.3,471.4,571.2,372.0,437.8,-3.28,-1.16,3.48,0.33
543,18.1,89,0,person,0.478,966.4,220.6,1067.6,486.2,1017.0,353.4,-5.33,1.17,5.46,4.68
543,18.1,82,63,chair,0.31,0.0,396.2,136.6,604.6,68.3,500.4,0.03,-0.75,0.75,-0.0
544,18.133,1,0,person,0.849,116.7,444.7,269.2,573.4,193.0,509.0,-0.17,-0.4,0.44,-0.3
544,18.133,15,0,person,0.766,1132.0,298.2,1243.6,580.3,1187.8,439.3,0.11,-0.6,0.61,-0.14
544,18.133,88,0,person,0.879,267.7,301.7,467.0,571.1,367.3,436.4,-4.62,-1.39,4.82,-0.23
544,18.133,89,0,person,0.519,966.1,219.5,1065.9,485.5,1016.0,352.5,-1.01,-0.87,1.34,-2.05
545,18.167,1,0,person,0.847,117.5,444.6,269.9,573.4,193.7,509.0,0.75,-0.04,0.75,0.36
545,18.167,15,0,person,0.752,1132.1,298.9,1243.4,579.8,1187.7,439.3,-0.08,0.07,0.1,0.67
545,18.167,88,0,person,0.881,264.6,299.2,463.8,571.2,364.2,435.2,-3.15,-1.18,3.36,0.21
545,18.167,89,0,person,0.478,969.1,216.5,1069.3,485.5,1019.2,351.0,3.19,-1.5,3.52,-0.63
545,18.167,5,0,person,0.431,597.6,252.1,690.9,480.0,644.3,366.1,-1.92,2.15,2.88,1.88
546,18.2,1,0,person,0.849,117.7,444.3,270.2,573.3,194.0,508.8,0.23,-0.14,0.27,-0.1
546,18.2,15,0,person,0.726,1132.4,299.5,1243.8,579.3,1188.1,439.4,0.38,0.06,0.39,-0.01
546,18.2,88,0,person,0.886,259.7,297.3,458.9,571.3,359.3,434.3,-4.91,-0.88,4.99,0.3
546,18.2,89,0,person,0.526,972.2,212.9,1073.8,485.8,1023.0,349.3,3.81,-1.66,4.16,-0.16
546,18.2,5,0,person,0.462,598.5,257.4,688.9,479.7,643.7,368.6,-0.57,2.5,2.56,0.35
547,18.233,1,0,person,0.839,118.2,444.0,270.9,573.3,194.5,508.6,0.57,-0.23,0.61,-0.1
547,18.233,15,0,person,0.655,1133.1,299.5,1245.0,580.6,1189.1,440.1,0.98,0.68,1.19,0.62
547,18.233,88,0,person,0.875,255.7,295.7,455.1,571.4,355.4,433.5,-3.88,-0.76,3.96,0.11
547,18.233,89,0,person,0.529,968.8,213.1,1069.5,485.9,1019.2,349.5,-3.82,0.16,3.83,1.83
547,18.233,5,0,person,0.421,597.1,243.7,692.0,479.7,644.5,361.7,0.85,-6.82,6.87,-9.32
548,18.267,1,0,person,0.832,118.9,443.6,272.0,573.2,195.5,508.4,0.93,-0.18,0.95,0.05
548,18.267,15,0,person,0.666,1133.7,299.5,1245.4,580.3,1189.6,439.9,0.48,-0.18,0.51,-0.86
548,18.267,88,0,person,0.875,254.0,294.6,452.9,571.3,353.4,433.0,-1.96,-0.59,2.05,0.17
548,18.267,89,0,person,0.586,969.0,224.3,1064.6,485.4,1016.8,354.9,-2.38,5.38,5.88,5.21
548,18.267,5,0,person,0.439,598.1,250.2,689.8,479.4,644.0,364.8,-0.58,3.06,3.11,9.88
548,18.267,97,0,person,0.542,871.9,307.8,936.3,450.8,904.1,379.3,0.0,0.0,0.0,0.0
549,18.3,1,0,person,0.838,119.1,443.2,272.5,573.1,195.8,508.2,0.33,-0.24,0.41,-0.06
549,18.3,15,0,person,0.657,1133.7,298.8,1245.4,579.6,1189.5,439.2,-0.02,-0.65,0.65,-0.47
549,18.3,88,0,person,0.879,251.9,292.4,450.9,570.7,351.4,431.5,-2.05,-1.42,2.5,-0.83
549,18.3,89,0,person,0.568,972.1,240.0,1061.6,484.7,1016.8,362.4,0.04,7.51,7.51,2.13
549,18.3,5,0,person,0.477,599.4,257.0,688.0,479.1,643.7,368.1,-0.26,3.29,3.3,0.23
549,18.3,97,0,person,0.615,871.1,304.9,937.4,452.3,904.3,378.6,0.13,-0.74,0.76,-0.74
549,18.3,82,63,chair,0.34,0.0,394.4,135.4,603.1,67.7,498.8,-0.1,-0.26,0.28,0.08
550,18.333,1,0,person,0.823,118.8,442.9,272.3,573.0,195.5,508.0,-0.24,-0.24,0.34,0.0
550,18.333,15,0,person,0.621,1133.6,298.2,1245.5,579.2,1189.5,438.7,0.01,-0.54,0.54,0.11
550,18.333,88,0,person,0.886,249.9,291.4,448.9,571.4,349.4,431.4,-1.96,-0.17,1.97,1.25
550,18.333,89,0,person,0.573,972.9,246.2,1060.4,484.5,1016.6,365.4,-0.2,2.98,2.99,-4.53
550,18.333,5,0,person,0.482,600.6,263.4,686.9,479.2,643.8,371.3,0.08,3.18,3.18,-0.11
551,18.367,1,0,person,0.841,118.2,442.4,272.4,573.4,195.3,507.9,-0.27,-0.06,0.28,0.17
551,18.367,15,0,person,0.507,1133.9,297.4,1245.8,578.6,1189.8,438.0,0.27,-0.71,0.76,-0.17
551,18.367,88,0,person,0.892,244.2,289.5,443.7,571.5,344.0,430.5,-5.45,-0.85,5.52,-0.68
551,18.367,89,0,person,0.495,973.4,246.2,1061.0,484.1,1017.2,365.1,0.57,-0.21,0.61,-3.19
551,18.367,5,0,person,0.37,600.6,242.9,694.7,478.7,647.6,360.8,3.85,-10.47,11.15,-13.65
552,18.4,1,0,person,0.84,118.8,442.1,273.2,573.4,196.0,507.8,0.71,-0.13,0.72,-0.06
552,18.4,15,0,person,0.488,1134.1,297.2,1246.1,578.6,1190.1,437.9,0.29,-0.07,0.3,0.64
552,18.4,88,0,person,0.891,237.3,288.2,436.9,571.3,337.1,429.7,-6.86,-0.78,6.91,0.07
552,18.4,89,0,person,0.518,974.3,236.8,1065.7,484.0,1020.0,360.4,2.78,-4.77,5.52,-4.56
552,18.4,5,0,person,0.496,602.5,266.4,686.9,477.3,644.7,371.8,-2.92,11.03,11.41,21.49
553,18.433,1,0,person,0.837,119.2,442.1,273.3,573.3,196.3,507.7,0.3,-0.07,0.3,0.06
553,18.433,15,0,person,0.478,1135.1,296.9,1247.2,578.2,1191.1,437.5,1.02,-0.37,1.09,-0.3
553,18.433,88,0,person,0.888,233.7,286.8,433.0,571.0,333.4,428.9,-3.75,-0.84,3.84,-0.07
553,18.433,89,0,person,0.465,973.4,229.0,1068.9,485.3,1021.2,357.1,1.18,-3.25,3.46,1.52
553,18.433,5,0,person,0.56,604.9,288.9,680.9,476.5,642.9,382.7,-1.8,10.86,11.01,-0.17
554,18.467,1,0,person,0.835,120.2,442.1,274.3,573.3,197.3,507.7,1.01,-0.01,1.01,0.06
554,18.467,15,0,person,0.344,1136.2,296.8,1248.2,578.1,1192.2,437.4,1.03,-0.12,1.04,0.25
554,18.467,88,0,person,0.887,232.9,286.3,431.3,570.8,332.1,428.5,-1.27,-0.35,1.31,0.5
554,18.467,89,0,person,0.355,973.6,216.1,1074.3,484.3,1023.9,350.2,2.74,-6.96,7.49,-3.72
554,18.467,5,0,person,0.371,604.5,285.1,682.2,475.9,643.3,380.5,0.44,-2.21,2.25,-13.07
555,18.5,1,0,person,0.826,120.6,441.9,275.0,573.4,197.8,507.7,0.51,-0.02,0.51,-0.01
555,18.5,88,0,person,0.873,227.1,286.8,424.8,570.7,325.9,428.8,-6.14,0.23,6.15,0.57
555,18.5,89,0,person,0.305,973.3,210.5,1077.1,484.5,1025.2,347.5,1.31,-2.63,2.94,4.34
555,18.5,5,0,person,0.595,605.4,292.6,680.8,475.9,643.1,384.3,-0.23,3.79,3.8,6.0
556,18.533,1,0,person,0.832,121.5,442.1,275.9,573.5,198.7,507.8,0.86,0.12,0.87,0.14
556,18.533,88,0,person,0.876,222.7,286.0,421.4,570.9,322.1,428.5,-3.89,-0.32,3.9,-0.54
556,18.533,89,0,person,0.359,974.6,208.2,1079.7,483.7,1027.2,346.0,1.96,-1.57,2.51,1.06
556,18.533,5,0,person,0.555,607.1,304.1,679.1,476.3,643.1,390.2,-0.04,5.93,5.93,2.14
556,18.533,15,0,person,0.448,1138.2,295.2,1248.9,573.2,1193.5,434.2,0.69,-1.61,1.75,-0.75
557,18.567,1,0,person,0.832,121.2,441.8,276.4,573.9,198.8,507.8,0.16,0.05,0.17,-0.06
557,18.567,88,0,person,0.865,217.6,284.3,417.1,570.6,317.3,427.5,-4.71,-1.0,4.82,-0.68
557,18.567,89,0,person,0.305,973.8,206.0,1080.4,483.1,1027.1,344.6,-0.08,-1.41,1.41,0.16
557,18.567,5,0,person,0.391,606.1,295.0,682.1,476.0,644.1,385.5,1.01,-4.69,4.8,-10.62
557,18.567,15,0,person,0.418,1138.2,294.3,1249.2,572.5,1193.7,433.4,0.18,-0.79,0.81,0.83
558,18.6,1,0,person,0.807,121.5,441.5,277.2,574.1,199.4,507.8,0.56,-0.03,0.56,-0.09
558,18.6,88,0,person,0.847,209.9,280.9,410.4,570.1,310.1,425.5,-7.21,-1.94,7.47,-0.94
558,18.6,89,0,person,0.36,973.1,205.1,1081.1,483.3,1027.1,344.2,-0.02,-0.37,0.37,1.03
558,18.6,5,0,person,0.502,606.0,295.5,682.2,476.0,644.1,385.8,0.0,0.26,0.26,4.95
558,18.6,15,0,person,0.442,1138.1,292.8,1249.6,572.2,1193.9,432.5,0.17,-0.9,0.92,-0.12
559,18.633,1,0,person,0.774,122.2,441.7,277.2,573.5,199.7,507.6,0.31,-0.21,0.37,-0.18
559,18.633,88,0,person,0.799,203.8,278.6,404.9,570.0,304.3,424.3,-5.81,-1.24,5.94,0.71
559,18.633,89,0,person,0.317,973.0,204.9,1081.6,482.5,1027.3,343.7,0.19,-0.48,0.52,-0.11
559,18.633,5,0,person,0.456,606.0,293.8,683.3,475.8,644.6,384.8,0.52,-0.94,1.07,-1.19
559,18.633,15,0,person,0.479,1138.0,292.6,1249.7,572.1,1193.9,432.3,-0.04,-0.18,0.19,0.72
560,18.667,1,0,person,0.823,121.7,441.1,277.5,573.8,199.6,507.5,-0.11,-0.13,0.17,0.08
560,18.667,88,0,person,0.804,200.0,278.7,400.8,570.5,300.4,424.6,-3.9,0.28,3.91,1.51
560,18.667,89,0,person,0.32,972.3,204.1,1082.1,482.3,1027.2,343.2,-0.12,-0.53,0.54,-0.05
560,18.667,5,0,person,0.483,606.4,300.8,681.4,475.9,643.9,388.3,-0.72,3.51,3.58,4.44
560,18.667,15,0,person,0.492,1137.7,291.5,1249.9,571.9,1193.8,431.7,-0.01,-0.62,0.62,-0.43
561,18.7,1,0,person,0.798,122.2,441.0,277.9,573.4,200.0,507.2,0.44,-0.28,0.52,-0.15
561,18.7,88,0,person,0.818,197.0,276.8,396.5,569.9,296.7,423.3,-3.71,-1.24,3.92,-1.51
561,18.7,5,0,person,0.474,605.4,297.8,682.1,475.9,643.8,386.9,-0.11,-1.47,1.47,-4.98
561,18.7,15,0,person,0.466,1137.7,291.1,1250.1,571.7,1193.9,431.4,0.05,-0.32,0.32,0.3
562,18.733,1,0,person,0.822,121.9,440.3,278.2,573.2,200.1,506.7,0.07,-0.44,0.45,-0.16
562,18.733,88,0,person,0.842,194.1,274.8,392.3,570.2,293.2,422.5,-3.5,-0.85,3.6,0.39
562,18.733,5,0,person,0.477,600.8,251.2,696.1,474.9,648.5,363.1,4.68,-23.79,24.24,-22.32
562,18.733,15,0,person,0.538,1137.6,290.3,1250.3,571.6,1194.0,430.9,0.11,-0.47,0.48,-0.15
563,18.767,1,0,person,0.83,121.6,440.0,278.4,573.1,200.0,506.5,-0.11,-0.2,0.23,0.24
563,18.767,88,0,person,0.798,193.6,272.2,388.1,567.8,290.9,420.0,-2.33,-2.45,3.38,-1.6
563,18.767,5,0,person,0.607,599.8,233.8,701.7,474.5,650.8,354.1,2.3,-8.94,9.23,14.85
563,18.767,15,0,person,0.673,1137.3,290.7,1249.9,571.4,1193.6,431.1,-0.38,0.15,0.41,0.62
564,18.8,1,0,person,0.839,121.1,439.2,278.9,573.0,200.0,506.1,0.0,-0.39,0.39,-0.2
564,18.8,88,0,person,0.782,191.6,270.4,377.3,556.2,284.5,413.3,-6.4,-6.72,9.27,-4.27
564,18.8,5,0,person,0.643,598.1,226.3,701.7,473.9,649.9,350.1,-0.84,-4.08,4.17,4.85
564,18.8,15,0,person,0.635,1136.8,290.3,1249.6,571.3,1193.2,430.8,-0.42,-0.25,0.49,-0.4
564,18.8,89,0,person,0.356,968.8,201.0,1081.1,482.5,1025.0,341.7,-0.55,-0.36,0.66,0.04
565,18.833,1,0,person,0.842,120.2,438.5,279.0,573.0,199.6,505.7,-0.38,-0.43,0.57,-0.04
565,18.833,88,0,person,0.788,182.3,268.0,363.9,551.6,273.1,409.8,-11.35,-3.49,11.87,3.23
565,18.833,5,0,person,0.562,596.0,224.2,698.7,473.6,647.4,348.9,-2.58,-1.19,2.84,2.9
565,18.833,15,0,person,0.532,1136.4,290.8,1249.4,571.8,1192.9,431.3,-0.3,0.49,0.58,0.74
565,18.833,89,0,person,0.334,968.6,200.8,1081.5,482.1,1025.1,341.4,0.09,-0.31,0.32,0.05
566,18.867,1,0,person,0.842,119.9,437.9,279.3,573.0,199.6,505.4,-0.01,-0.31,0.31,0.12
566,18.867,88,0,person,0.787,179.1,266.6,357.9,549.5,268.5,408.0,-4.62,-1.8,4.96,1.68
566,18.867,5,0,person,0.588,596.0,222.5,698.4,474.0,647.2,348.2,-0.13,-0.62,0.63,0.57
566,18.867,15,0,person,0.586,1136.2,291.8,1248.8,571.4,1192.5,431.6,-0.39,0.29,0.48,-0.2
566,18.867,89,0,person,0.361,964.4,201.3,1078.9,482.9,1021.7,342.1,-3.39,0.63,3.44,0.94
567,18.9,1,0,person,0.853,118.3,437.3,278.9,573.5,198.6,505.4,-0.96,0.01,0.96,0.31
567,18.9,88,0,person,0.824,173.9,265.7,353.2,553.8,263.5,409.8,-4.99,1.74,5.28,3.54
567,18.9,5,0,person,0.643,600.5,220.5,703.4,472.9,651.9,346.7,4.71,-1.56,4.96,-0.94
567,18.9,15,0,person,0.501,1135.2,290.0,1248.4,570.7,1191.8,430.4,-0.68,-1.22,1.4,-1.51
567,18.9,89,0,person,0.425,944.1,201.6,1065.1,483.4,1004.6,342.5,-17.06,0.45,17.06,-0.18
568,18.933,1,0,person,0.859,117.6,436.8,279.0,573.9,198.3,505.3,-0.29,-0.07,0.3,-0.07
568,18.933,88,0,person,0.854,170.8,264.9,347.9,552.9,259.4,408.9,-4.16,-0.86,4.25,-2.6
568,18.933,5,0,person,0.564,597.9,221.7,699.1,472.3,648.5,347.0,-3.46,0.3,3.48,1.86
568,18.933,15,0,person,0.613,1134.0,288.5,1248.0,570.5,1191.0,429.5,-0.83,-0.92,1.24,0.3
568,18.933,89,0,person,0.429,938.4,201.3,1063.7,482.5,1001.1,341.9,-3.54,-0.57,3.58,-1.02
569,18.967,1,0,person,0.872,117.7,436.0,279.6,573.7,198.7,504.8,0.32,-0.52,0.61,-0.46
569,18.967,88,0,person,0.875,170.1,264.3,345.2,551.4,257.6,407.8,-1.73,-1.04,2.02,-0.18
569,18.967,5,0,person,0.515,596.9,222.4,696.8,471.8,646.9,347.1,-1.62,0.11,1.62,-0.19
569,18.967,15,0,person,0.577,1133.4,288.4,1247.5,570.3,1190.4,429.4,-0.54,-0.07,0.55,0.85
569,18.967,89,0,person,0.384,938.5,200.8,1066.8,481.1,1002.6,341.0,1.57,-0.98,1.85,-0.41
570,19.0,1,0,person,0.863,118.2,435.6,280.0,573.5,199.1,504.6,0.42,-0.26,0.49,0.26
570,19.0,88,0,person,0.86,168.3,263.8,342.3,550.6,255.3,407.2,-2.33,-0.62,2.41,0.42
570,19.0,5,0,person,0.498,596.5,222.8,695.4,471.6,645.9,347.2,-0.91,0.14,0.92,0.02
570,19.0,15,0,person,0.652,1133.1,288.7,1247.1,570.1,1190.1,429.4,-0.33,0.01,0.33,0.09
570,19.0,89,0,person,0.572,930.6,201.0,1063.3,480.6,997.0,340.8,-5.69,-0.17,5.69,0.81
571,19.033,1,0,person,0.853,118.0,435.4,279.7,573.4,198.8,504.4,-0.22,-0.13,0.26,0.13
571,19.033,88,0,person,0.808,158.5,260.4,335.6,551.3,247.1,405.8,-8.23,-1.38,8.35,-0.76
571,19.033,5,0,person,0.526,596.7,222.4,694.6,470.7,645.6,346.6,-0.3,-0.69,0.75,-0.83
571,19.033,15,0,person,0.758,1132.4,289.0,1246.2,569.6,1189.3,429.3,-0.81,-0.11,0.82,-0.12
571,19.033,89,0,person,0.674,923.4,200.2,1061.6,481.0,992.5,340.6,-4.45,-0.23,4.46,-0.06
572,19.067,1,0,person,0.853,116.9,434.6,279.5,573.6,198.2,504.1,-0.61,-0.32,0.69,-0.19
572,19.067,88,0,person,0.826,150.9,258.8,330.4,551.7,240.7,405.3,-6.4,-0.58,6.42,0.8
572,19.067,5,0,person,0.477,594.9,223.2,691.3,470.0,643.1,346.6,-2.53,0.08,2.54,0.77
572,19.067,15,0,person,0.739,1131.4,287.7,1245.5,568.8,1188.5,428.2,-0.82,-1.06,1.34,-0.95
572,19.067,89,0,person,0.548,920.6,199.3,1062.5,478.3,991.5,338.8,-0.96,-1.8,2.04,-1.57
573,19.1,1,0,person,0.848,115.4,433.1,279.5,573.7,197.4,503.4,-0.84,-0.67,1.07,-0.35
573,19.1,88,0,person,0.842,145.3,260.5,325.1,550.2,235.2,405.4,-5.44,0.1,5.44,0.68
573,19.1,5,0,person,0.431,594.1,227.4,688.0,469.3,641.1,348.4,-2.04,1.75,2.69,1.67
573,19.1,15,0,person,0.717,1130.6,284.6,1245.5,568.3,1188.1,426.5,-0.38,-1.75,1.79,-0.69
573,19.1,89,0,person,0.476,917.4,199.3,1062.6,477.2,990.0,338.2,-1.58,-0.52,1.67,1.28
574,19.133,1,0,person,0.829,113.8,431.7,279.0,573.6,196.4,502.7,-1.01,-0.75,1.25,-0.08
574,19.133,88,0,person,0.878,142.3,260.3,324.2,550.2,233.3,405.3,-1.98,-0.09,1.98,-0.19
574,19.133,5,0,person,0.463,597.5,260.6,679.5,469.0,638.5,364.8,-2.55,16.43,16.63,14.68
574,19.133,15,0,person,0.766,1129.6,283.7,1244.5,568.0,1187.0,425.8,-1.05,-0.65,1.23,1.1
574,19.133,89,0,person,0.391,915.3,199.0,1063.5,475.8,989.4,337.4,-0.53,-0.84,0.99,-0.31
575,19.167,1,0,person,0.846,113.2,431.4,278.4,573.7,195.8,502.5,-0.58,-0.18,0.6,0.57
575,19.167,88,0,person,0.88,138.8,262.0,321.9,550.6,230.4,406.3,-2.91,1.0,3.07,1.08
575,19.167,5,0,person,0.596,598.0,273.9,675.5,468.6,636.8,371.2,-1.77,6.43,6.66,-10.01
575,19.167,15,0,person,0.627,1128.2,279.3,1244.4,567.6,1186.3,423.4,-0.76,-2.39,2.51,-1.74
575,19.167,89,0,person,0.368,912.0,197.6,1063.3,474.4,987.7,336.0,-1.77,-1.43,2.28,-0.59
576,19.2,1,0,person,0.861,111.7,430.7,277.2,573.7,194.5,502.2,-1.34,-0.34,1.38,-0.16
576,19.2,88,0,person,0.859,134.1,261.5,318.8,549.5,226.4,405.5,-3.92,-0.76,3.99,-1.76
576,19.2,5,0,person,0.527,595.5,265.2,676.7,468.1,636.1,366.6,-0.68,-4.59,4.64,-11.02
576,19.2,15,0,person,0.799,1127.7,281.0,1243.0,567.2,1185.3,424.1,-0.95,0.67,1.16,3.07
576,19.2,89,0,person,0.445,908.1,195.9,1062.7,473.3,985.4,334.6,-2.22,-1.37,2.61,0.06
577,19.233,1,0,person,0.846,111.3,430.8,276.2,573.4,193.7,502.1,-0.78,-0.09,0.78,0.25
577,19.233,88,0,person,0.848,130.1,265.9,312.5,545.3,221.3,405.6,-5.12,0.08,5.12,0.85
577,19.233,5,0,person,0.543,594.7,234.5,688.3,467.9,641.5,351.2,5.43,-15.45,16.38,-10.86
577,19.233,15,0,person,0.8,1125.7,279.5,1241.2,566.7,1183.4,423.1,-1.9,-0.99,2.15,-1.66
577,19.233,89,0,person,0.457,904.5,197.6,1061.2,474.8,982.9,336.2,-2.59,1.62,3.05,2.99
577,19.233,110,0,person,0.319,685.6,301.2,803.0,468.6,744.3,384.9,0.0,0.0,0.0,0.0
578,19.267,1,0,person,0.852,109.8,430.9,274.6,573.5,192.2,502.2,-1.49,0.08,1.5,0.17
578,19.267,88,0,person,0.822,125.9,261.0,311.9,542.3,218.9,401.7,-2.44,-3.94,4.63,-4.02
578,19.267,5,0,person,0.55,591.0,234.7,683.4,466.6,637.2,350.6,-4.28,-0.59,4.32,14.87
578,19.267,15,0,person,0.777,1124.0,280.0,1239.2,566.4,1181.6,423.2,-1.83,0.05,1.83,1.04
578,19.267,89,0,person,0.606,900.9,194.2,1061.3,473.2,981.1,333.7,-1.75,-2.51,3.06,-4.13
578,19.267,110,0,person,0.335,690.7,299.6,803.7,460.6,747.2,380.1,2.92,-4.79,5.6,-4.79
579,19.3,1,0,person,0.846,107.7,429.8,273.5,573.4,190.6,501.6,-1.6,-0.6,1.71,-0.67
579,19.3,88,0,person,0.859,118.1,256.1,308.9,540.5,213.5,398.3,-5.4,-3.33,6.35,0.6
579,19.3,5,0,person,0.612,591.2,222.5,688.2,465.8,639.7,344.2,2.46,-6.45,6.91,-5.86
579,19.3,15,0,person,0.818,1122.6,279.8,1237.6,566.1,1180.1,423.0,-1.48,-0.2,1.49,-0.25
579,19.3,89,0,person,0.628,899.4,192.8,1062.0,472.0,980.7,332.4,-0.4,-1.33,1.39,1.18
580,19.333,1,0,person,0.833,107.2,430.2,272.3,573.3,189.8,501.8,-0.81,0.21,0.84,0.81
580,19.333,88,0,person,0.781,106.9,254.4,299.8,538.1,203.4,396.2,-10.09,-2.11,10.31,1.23
580,19.333,5,0,person,0.545,589.7,218.6,688.0,465.7,638.8,342.1,-0.87,-2.03,2.21,4.42
580,19.333,15,0,person,0.816,1122.1,279.7,1237.0,565.7,1179.5,422.7,-0.62,-0.24,0.66,-0.04
580,19.333,89,0,person,0.574,898.6,193.6,1062.6,471.8,980.6,332.7,-0.09,0.31,0.32,1.65
581,19.367,1,0,person,0.809,107.5,430.0,272.8,573.2,190.1,501.6,0.34,-0.14,0.36,-0.35
581,19.367,88,0,person,0.792,94.3,257.5,287.9,536.8,191.1,397.1,-12.26,0.9,12.29,3.0
581,19.367,5,0,person,0.522,587.0,218.6,684.2,465.8,635.6,342.2,-3.19,0.09,3.19,2.12
581,19.367,15,0,person,0.813,1122.2,279.9,1237.1,565.8,1179.7,422.8,0.14,0.1,0.17,0.33
581,19.367,89,0,person,0.595,897.2,194.0,1062.9,471.7,980.0,332.8,-0.59,0.14,0.61,-0.17
582,19.4,1,0,person,0.83,107.3,429.8,272.6,573.3,189.9,501.6,-0.2,-0.08,0.22,0.06
582,19.4,88,0,person,0.806,84.0,258.1,277.4,534.1,180.7,396.1,-10.45,-1.05,10.5,-1.95
582,19.4,5,0,person,0.557,590.8,250.3,675.9,466.0,633.4,358.2,-2.27,15.97,16.13,15.89
582,19.4,15,0,person,0.8,1124.2,280.1,1239.0,566.3,1181.6,423.2,1.94,0.36,1.98,0.27
582,19.4,89,0,person,0.552,895.6,194.1,1062.8,472.0,979.2,333.1,-0.82,0.22,0.85,0.08
583,19.433,1,0,person,0.796,108.7,431.2,273.1,574.3,190.9,502.7,0.98,1.18,1.54,1.27
583,19.433,88,0,person,0.742,75.8,258.4,271.5,536.8,173.7,397.6,-7.02,1.54,7.19,2.6
583,19.433,5,0,person,0.594,594.0,227.9,689.2,467.7,641.6,347.8,8.23,-10.38,13.25,-26.35
583,19.433,15,0,person,0.797,1126.9,280.1,1241.2,565.1,1184.1,422.6,2.48,-0.58,2.54,-0.94
583,19.433,89,0,person,0.588,896.1,194.2,1065.5,472.1,980.8,333.2,1.59,0.1,1.59,-0.12
583,19.433,110,0,person,0.431,686.5,283.4,795.6,440.4,741.1,361.9,-1.23,-3.64,3.84,0.23
584,19.467,1,0,person,0.502,110.8,431.3,274.3,573.8,192.5,502.6,1.63,-0.18,1.64,-1.36
584,19.467,88,0,person,0.695,69.9,260.3,276.1,554.9,173.0,407.6,-0.66,9.99,10.01,8.44
584,19.467,5,0,person,0.548,595.7,220.7,694.1,468.8,644.9,344.8,3.3,-3.02,4.47,7.36
584,19.467,15,0,person,0.802,1130.1,281.0,1243.8,565.5,1186.9,423.2,2.86,0.64,2.93,1.22
584,19.467,89,0,person,0.727,898.0,195.1,1069.4,473.4,983.7,334.3,2.89,1.11,3.09,1.0
584,19.467,110,0,person,0.373,690.7,286.0,795.1,437.8,742.9,361.9,1.82,-0.01,1.82,3.64
585,19.5,1,0,person,0.578,112.7,431.0,275.7,573.4,194.2,502.2,1.68,-0.33,1.72,-0.15
585,19.5,88,0,person,0.544,69.2,260.7,270.6,547.2,169.9,404.0,-3.11,-3.62,4.77,-13.61
585,19.5,5,0,person,0.563,598.1,219.8,697.0,470.2,647.5,345.0,2.67,0.2,2.67,3.22
585,19.5,15,0,person,0.834,1133.9,283.2,1246.8,565.9,1190.3,424.5,3.39,1.28,3.63,0.64
585,19.5,89,0,person,0.658,900.7,195.8,1074.4,474.8,987.6,335.3,3.88,1.03,4.01,-0.08
585,19.5,110,0,person,0.562,696.2,285.7,799.3,437.3,747.8,361.5,4.88,-0.38,4.89,-0.37
586,19.533,1,0,person,0.769,117.4,432.2,278.5,573.2,198.0,502.7,3.73,0.47,3.76,0.8
586,19.533,88,0,person,0.555,71.0,263.2,259.1,528.9,165.0,396.1,-4.85,-7.92,9.28,-4.3
586,19.533,5,0,person,0.739,605.1,217.3,705.8,471.5,655.5,344.4,7.91,-0.6,7.93,-0.8
586,19.533,15,0,person,0.764,1139.1,284.1,1252.9,568.9,1196.0,426.5,5.7,1.97,6.03,0.69
586,19.533,89,0,person,0.372,903.0,208.3,1071.1,475.8,987.0,342.1,-0.53,6.79,6.81,5.76
586,19.533,110,0,person,0.448,701.3,285.8,804.5,439.7,752.9,362.8,5.16,1.25,5.31,1.63
587,19.567,1,0,person,0.821,124.0,436.0,280.9,573.1,202.4,504.5,4.48,1.84,4.84,1.38
587,19.567,88,0,person,0.61,70.3,263.0,257.2,526.1,163.7,394.6,-1.32,-1.5,2.0,6.42
587,19.567,5,0,person,0.689,611.0,217.9,712.6,473.9,661.8,345.9,6.36,1.5,6.53,2.1
587,19.567,15,0,person,0.822,1144.9,286.5,1258.8,571.9,1201.9,429.2,5.83,2.68,6.42,0.71
587,19.567,89,0,person,0.41,915.1,224.1,1076.3,476.9,995.7,350.5,8.64,8.4,12.05,1.62
587,19.567,110,0,person,0.389,707.4,286.9,810.3,443.2,758.8,365.0,5.9,2.27,6.32,1.02
588,19.6,1,0,person,0.798,130.1,439.4,283.6,573.4,206.8,506.4,4.41,1.86,4.79,0.02
588,19.6,88,0,person,0.56,69.6,264.7,258.8,527.9,164.2,396.3,0.5,1.76,1.83,3.26
588,19.6,5,0,person,0.714,617.0,219.3,719.1,475.4,668.0,347.3,6.23,1.46,6.4,-0.05
588,19.6,15,0,person,0.857,1151.0,287.7,1266.5,576.8,1208.8,432.3,6.92,3.08,7.57,0.4
588,19.6,110,0,person,0.568,711.5,282.6,816.6,445.0,764.0,363.8,5.22,-1.21,5.36,-3.49
589,19.633,1,0,person,0.656,136.2,442.4,286.4,573.0,211.3,507.7,4.47,1.31,4.66,-0.55
589,19.633,88,0,person,0.412,67.5,265.8,274.8,554.7,171.1,410.3,6.91,13.95,15.57,12.2
589,19.633,5,0,person,0.622,622.8,222.3,724.7,477.3,673.8,349.8,5.73,2.47,6.24,1.02
589,19.633,15,0,person,0.839,1155.4,288.2,1271.3,578.3,1213.3,433.2,4.56,0.97,4.66,-2.11
589,19.633,110,0,person,0.355,718.3,280.4,823.7,446.3,771.0,363.3,6.92,-0.48,6.94,0.73
590,19.667,1,0,person,0.827,142.3,445.7,289.0,572.8,215.6,509.3,4.33,1.54,4.59,0.23
590,19.667,88,0,person,0.505,72.4,265.6,278.5,552.5,175.5,409.0,4.33,-1.23,4.5,-15.18
590,19.667,5,0,person,0.71,629.5,224.1,731.6,478.7,680.6,351.4,6.78,1.59,6.97,-0.88
590,19.667,15,0,person,0.848,1159.5,288.9,1275.7,579.0,1217.6,434.0,4.3,0.71,4.36,-0.26
590,19.667,110,0,person,0.474,726.0,281.8,829.4,448.1,777.7,365.0,6.74,1.63,6.93,2.11
590,19.667,89,0,person,0.58,951.1,232.5,1106.9,479.7,1029.0,356.1,11.11,1.87,11.27,-2.18
591,19.7,1,0,person,0.778,148.7,447.5,294.2,573.2,221.5,510.3,5.83,1.07,5.93,-0.47
591,19.7,88,0,person,0.535,74.3,267.1,286.8,563.4,180.6,415.2,5.12,6.19,8.03,7.41
591,19.7,5,0,person,0.686,634.0,225.7,736.3,481.6,685.2,353.7,4.61,2.25,5.13,0.66
591,19.7,15,0,person,0.863,1163.6,290.1,1279.6,580.3,1221.6,435.2,3.95,1.28,4.16,0.57
591,19.7,110,0,person,0.679,733.2,284.1,834.2,449.4,783.7,366.8,5.99,1.79,6.25,0.16
591,19.7,113,0,person,0.499,221.0,206.4,339.0,496.3,280.0,351.3,0.0,0.0,0.0,0.0
591,19.7,89,0,person,0.345,960.1,236.6,1110.6,478.2,1035.3,357.4,6.3,1.31,6.43,-0.56
592,19.733,1,0,person,0.817,155.2,448.4,300.8,573.7,228.0,511.0,6.55,0.72,6.59,-0.35
592,19.733,88,0,person,0.582,85.4,269.8,286.1,547.3,185.8,408.6,5.2,-6.67,8.46,-12.86
592,19.733,5,0,person,0.655,639.6,224.4,742.3,482.0,690.9,353.2,5.77,-0.47,5.79,-2.72
592,19.733,15,0,person,0.859,1166.1,291.5,1280.0,581.6,1223.1,436.6,1.46,1.34,1.98,0.06
592,19.733,110,0,person,0.586,739.5,287.9,836.9,450.5,788.2,369.2,4.52,2.46,5.14,0.66
592,19.733,113,0,person,0.49,232.9,208.3,352.4,500.8,292.7,354.5,12.69,3.19,13.08,3.19
593,19.767,1,0,person,0.805,161.5,449.7,306.0,573.7,233.7,511.7,5.71,0.68,5.75,-0.04
593,19.767,88,0,person,0.569,85.3,272.6,279.2,541.6,182.2,407.1,-3.54,-1.5,3.84,5.18
593,19.767,5,0,person,0.506,644.1,250.8,736.7,483.7,690.4,367.3,-0.54,14.09,14.1,14.56
593,19.767,15,0,person,0.796,1169.0,293.6,1280.0,581.9,1224.5,437.8,1.44,1.19,1.87,-0.15
594,19.8,1,0,person,0.788,168.8,453.1,309.8,573.6,239.3,513.3,5.61,1.62,5.84,0.94
594,19.8,88,0,person,0.506,83.9,274.4,275.5,542.8,179.7,408.6,-2.52,1.55,2.96,3.04
594,19.8,5,0,person,0.549,648.4,245.4,743.0,485.7,695.7,365.6,5.32,-1.71,5.59,-15.8
594,19.8,15,0,person,0.76,1172.7,296.3,1280.0,584.7,1226.4,440.5,1.86,2.72,3.29,1.52
594,19.8,110,0,person,0.385,754.4,286.7,853.2,455.2,803.8,371.0,7.78,0.87,7.83,-0.79
594,19.8,113,0,person,0.415,252.5,209.2,359.4,470.1,305.9,339.7,6.63,-7.43,9.96,-5.31
595,19.833,1,0,person,0.82,177.7,456.4,314.7,573.3,246.2,514.9,6.83,1.51,6.99,-0.11
595,19.833,88,0,person,0.536,90.5,275.7,276.9,538.8,183.7,407.3,3.99,-1.35,4.21,-2.89
595,19.833,5,0,person,0.673,658.9,239.1,757.3,488.2,708.1,363.6,12.35,-1.94,12.51,-0.23
595,19.833,15,0,person,0.68,1176.9,299.8,1280.0,586.0,1228.4,442.9,2.08,2.39,3.17,-0.33
595,19.833,110,0,person,0.381,763.4,283.9,862.5,456.2,813.0,370.0,9.18,-0.9,9.22,-1.78
595,19.833,113,0,person,0.375,257.8,216.1,374.0,497.8,315.9,356.9,9.94,17.23,19.89,24.67
596,19.867,1,0,person,0.805,185.6,460.6,318.0,573.1,251.8,516.8,5.62,1.99,5.97,0.47
596,19.867,88,0,person,0.467,101.6,281.3,280.3,535.1,190.9,408.2,7.24,0.95,7.31,2.29
596,19.867,5,0,person,0.646,667.7,239.8,767.3,490.6,717.5,365.2,9.42,1.58,9.55,3.52
596,19.867,15,0,person,0.601,1180.3,300.4,1280.0,584.3,1230.1,442.3,1.72,-0.53,1.8,-2.92
596,19.867,110,0,person,0.425,771.6,284.2,868.9,457.5,820.2,370.8,7.29,0.77,7.33,1.68
597,19.9,1,0,person,0.746,193.9,466.6,320.3,573.1,257.1,519.8,5.29,2.98,6.07,1.0
597,19.9,88,0,person,0.57,108.6,284.0,283.8,534.4,196.2,409.2,5.28,0.97,5.37,0.02
597,19.9,5,0,person,0.71,673.0,241.8,772.6,492.7,722.8,367.3,5.32,2.06,5.71,0.48
597,19.9,15,0,person,0.635,1177.8,270.9,1280.0,584.3,1228.9,427.6,-1.22,-14.77,14.82,-14.23
597,19.9,110,0,person,0.569,776.3,287.8,870.0,457.5,823.2,372.7,2.93,1.85,3.47,1.08
598,19.933,1,0,person,0.741,197.4,469.0,321.8,573.0,259.6,521.0,2.52,1.18,2.78,-1.8
598,19.933,88,0,person,0.607,111.4,286.2,287.0,538.3,199.2,412.2,2.95,3.04,4.24,2.07
598,19.933,5,0,person,0.761,675.7,243.5,775.0,493.6,725.3,368.5,2.51,1.26,2.81,-0.8
598,19.933,15,0,person,0.624,1179.5,271.3,1280.0,585.1,1229.8,428.2,0.85,0.62,1.05,15.39
598,19.933,110,0,person,0.53,781.6,290.7,872.1,457.3,826.8,374.0,3.64,1.32,3.87,-0.53
599,19.967,1,0,person,0.691,197.9,469.7,322.4,572.8,260.2,521.3,0.57,0.26,0.63,-0.93
599,19.967,88,0,person,0.57,110.8,287.7,285.9,540.2,198.4,413.9,-0.8,1.72,1.9,-1.32
599,19.967,5,0,person,0.729,676.0,244.3,775.3,495.1,725.7,369.7,0.36,1.18,1.23,-0.09
599,19.967,15,0,person,0.595,1172.4,223.3,1280.0,585.9,1226.2,404.6,-3.57,-23.57,23.84,-24.19
599,19.967,110,0,person,0.586,784.0,290.6,873.0,456.6,828.5,373.6,1.72,-0.43,1.77,-1.75
600,20.0,1,0,person,0.722,194.3,466.1,323.3,572.7,258.8,519.4,-1.35,-1.82,2.27,-2.08
600,20.0,88,0,person,0.508,111.3,289.1,282.1,535.0,196.7,412.0,-1.68,-1.91,2.54,-3.63
600,20.0,5,0,person,0.682,675.0,245.3,773.9,495.8,724.4,370.6,-1.23,0.89,1.52,-0.29
600,20.0,15,0,person,0.65,1176.9,257.6,1280.0,588.4,1228.5,423.0,2.26,18.37,18.51,41.94
600,20.0,110,0,person,0.618,784.4,290.2,872.4,456.2,828.4,373.2,-0.15,-0.36,0.39,0.07
601,20.033,1,0,person,0.758,191.7,464.8,322.5,572.7,257.1,518.8,-1.77,-0.69,1.9,1.14
601,20.033,88,0,person,0.548,106.6,289.9,275.5,535.0,191.0,412.5,-5.68,0.45,5.7,2.36
601,20.033,5,0,person,0.495,671.9,247.1,769.8,495.9,720.9,371.5,-3.56,0.9,3.67,0.01
601,20.033,15,0,person,0.674,1168.5,220.0,1280.0,594.8,1224.3,407.4,-4.19,-15.61,16.16,-33.97
601,20.033,110,0,person,0.566,782.6,289.0,871.2,457.7,826.9,373.3,-1.47,0.12,1.47,0.48
601,20.033,113,0,person,0.402,271.0,232.4,382.3,498.6,326.7,365.5,1.8,1.43,2.3,-2.63
602,20.067,1,0,person,0.669,190.6,466.6,319.6,572.4,255.1,519.5,-1.99,0.75,2.13,1.44
602,20.067,88,0,person,0.507,105.3,290.7,274.4,537.7,189.9,414.2,-1.15,1.73,2.08,1.28
602,20.067,5,0,person,0.406,666.2,251.3,761.5,496.0,713.9,373.6,-7.04,2.14,7.35,1.24
602,20.067,15,0,person,0.633,1166.8,211.3,1280.0,597.1,1223.4,404.2,-0.88,-3.19,3.31,12.42
602,20.067,110,0,person,0.36,781.1,287.9,869.4,458.1,825.2,373.0,-1.67,-0.35,1.71,-0.47
602,20.067,113,0,person,0.527,271.1,230.0,379.8,485.6,325.4,357.8,-1.21,-7.68,7.77,-9.11
603,20.1,1,0,person,0.749,187.3,467.2,317.0,573.1,252.2,520.1,-2.88,0.62,2.94,-0.13
603,20.1,88,0,person,0.492,113.8,291.5,290.9,545.9,202.4,418.7,12.49,4.48,13.27,2.75
603,20.1,5,0,person,0.441,664.0,253.3,758.0,496.7,711.0,375.0,-2.86,1.36,3.16,-0.78
603,20.1,15,0,person,0.423,1174.1,265.2,1280.0,593.3,1227.1,429.2,3.67,25.03,25.3,28.22
603,20.1,110,0,person,0.544,779.6,289.9,867.0,459.9,823.3,374.9,-1.94,1.95,2.75,2.31
603,20.1,113,0,person,0.473,266.8,228.5,379.9,491.5,323.4,360.0,-2.07,2.17,3.0,9.85
604,20.133,1,0,person,0.781,185.6,469.2,314.0,573.4,249.8,521.3,-2.39,1.19,2.67,0.57
604,20.133,88,0,person,0.723,105.2,293.4,276.3,540.0,190.7,416.7,-11.64,-1.98,11.8,-6.46
604,20.133,5,0,person,0.513,661.3,252.5,755.1,497.7,708.2,375.1,-2.78,0.1,2.78,-1.26
604,20.133,15,0,person,0.46,1174.8,286.0,1277.5,591.2,1226.1,438.6,-0.91,9.36,9.4,-15.68
604,20.133,110,0,person,0.544,778.7,291.7,865.0,460.7,821.8,376.2,-1.45,1.3,1.95,-0.65
604,20.133,113,0,person,0.426,263.0,230.3,375.5,488.2,319.3,359.3,-4.12,-0.73,4.18,-2.9
605,20.167,1,0,person,0.806,184.2,470.7,311.1,573.3,247.6,522.0,-2.17,0.7,2.28,-0.49
605,20.167,88,0,person,0.712,103.6,295.7,269.5,534.7,186.6,415.2,-4.16,-1.48,4.41,0.5
605,20.167,5,0,person,0.474,661.3,282.0,744.3,497.9,702.8,389.9,-5.43,14.85,15.81,14.75
605,20.167,110,0,person,0.441,777.0,293.1,862.5,462.0,819.8,377.5,-2.05,1.3,2.43,-0.0
605,20.167,113,0,person,0.352,261.5,233.1,376.4,493.0,318.9,363.1,-0.33,3.82,3.83,4.55
606,20.2,1,0,person,0.771,181.2,471.7,307.4,573.1,244.3,522.4,-3.3,0.38,3.32,-0.32
606,20.2,88,0,person,0.61,102.9,298.6,266.2,534.0,184.5,416.3,-2.03,1.1,2.31,2.58
606,20.2,5,0,person,0.575,662.0,261.8,753.4,498.2,707.7,380.0,4.93,-9.94,11.1,-24.78
606,20.2,110,0,person,0.658,775.0,294.1,861.3,466.6,818.1,380.3,-1.68,2.82,3.29,1.52
606,20.2,113,0,person,0.44,253.5,234.9,374.6,509.9,314.1,372.4,-4.85,9.33,10.52,5.52
607,20.233,1,0,person,0.731,181.2,473.7,305.7,573.0,243.4,523.3,-0.89,0.94,1.3,0.57
607,20.233,88,0,person,0.488,112.8,301.0,285.4,544.1,199.1,422.5,14.56,6.21,15.83,5.12
607,20.233,5,0,person,0.654,657.6,258.4,750.2,500.0,703.9,379.2,-3.83,-0.77,3.91,9.16
607,20.233,110,0,person,0.587,773.5,296.6,859.4,469.7,816.4,383.2,-1.67,2.81,3.27,-0.01
607,20.233,113,0,person,0.455,243.8,238.3,369.6,527.1,306.7,382.7,-7.39,10.27,12.65,0.94
608,20.267,1,0,person,0.765,181.9,475.7,304.5,573.0,243.2,524.4,-0.21,1.03,1.05,0.08
608,20.267,88,0,person,0.508,116.2,303.9,293.4,548.0,204.8,425.9,5.71,3.39,6.64,-2.83
608,20.267,5,0,person,0.69,658.4,257.6,752.2,502.4,705.3,380.0,1.42,0.82,1.64,1.6
608,20.267,110,0,person,0.703,773.0,298.5,857.5,470.4,815.2,384.4,-1.21,1.28,1.76,-1.54
608,20.267,113,0,person,0.466,245.3,239.5,369.8,524.8,307.6,382.2,0.87,-0.54,1.03,-10.81
609,20.3,1,0,person,0.525,183.9,478.7,303.8,573.0,243.9,525.8,0.64,1.47,1.6,0.44
609,20.3,88,0,person,0.548,113.6,307.1,302.3,564.5,207.9,435.8,3.15,9.88,10.36,6.49
609,20.3,5,0,person,0.477,654.9,261.7,746.8,503.8,700.8,382.8,-4.48,2.74,5.25,1.92
609,20.3,110,0,person,0.626,772.7,300.6,856.5,472.9,814.6,386.8,-0.61,2.33,2.41,1.05
609,20.3,113,0,person,0.344,253.6,238.8,368.1,495.4,310.9,367.1,3.3,-15.09,15.44,-14.55
610,20.333,1,0,person,0.773,183.4,479.8,303.5,573.8,243.5,526.8,-0.4,0.97,1.05,-0.5
610,20.333,88,0,person,0.657,100.4,310.5,275.2,552.9,187.8,431.7,-20.11,-4.09,20.52,-13.97
610,20.333,5,0,person,0.601,656.7,260.6,749.9,505.4,703.3,383.0,2.44,0.24,2.45,-2.5
610,20.333,110,0,person,0.56,772.9,307.3,854.8,477.7,813.8,392.5,-0.81,5.75,5.81,3.42
610,20.333,117,0,person,0.562,225.9,383.2,316.7,563.2,271.3,473.2,0.0,0.0,0.0,0.0
611,20.367,1,0,person,0.756,186.5,482.1,303.2,572.7,244.9,527.4,1.39,0.61,1.52,-0.36
611,20.367,88,0,person,0.792,114.1,313.5,290.9,555.5,202.5,434.5,14.67,2.81,14.93,6.9
611,20.367,5,0,person,0.494,655.2,277.4,742.0,506.7,698.6,392.1,-4.71,9.04,10.19,8.8
611,20.367,110,0,person,0.628,772.6,307.7,853.8,478.7,813.2,393.2,-0.61,0.64,0.89,-5.11
611,20.367,113,0,person,0.44,251.4,247.2,372.9,517.6,312.2,382.4,0.66,7.68,7.71,11.38
612,20.4,1,0,person,0.752,185.7,482.1,302.5,572.5,244.1,527.3,-0.74,-0.12,0.75,-0.73
612,20.4,88,0,person,0.783,118.1,315.3,290.3,547.9,204.2,431.6,1.69,-2.93,3.38,-5.74
612,20.4,5,0,person,0.454,654.6,294.0,735.6,507.7,695.1,400.8,-3.45,8.8,9.45,-0.24
612,20.4,110,0,person,0.596,771.8,308.5,853.2,481.7,812.5,395.1,-0.73,1.94,2.08,1.31
612,20.4,113,0,person,0.555,251.3,247.5,375.4,521.8,313.3,384.7,1.13,2.23,2.5,-5.45
613,20.433,1,0,person,0.714,182.4,482.8,300.2,573.7,241.3,528.3,-2.8,0.95,2.96,1.07
613,20.433,88,0,person,0.815,120.5,315.5,294.2,549.5,207.3,432.5,3.16,0.9,3.28,3.82
613,20.433,5,0,person,0.468,651.6,282.1,736.5,508.2,694.0,395.1,-1.07,-5.71,5.81,-14.51
613,20.433,110,0,person,0.64,770.7,309.9,852.7,486.1,811.7,398.0,-0.77,2.87,2.97,0.93
613,20.433,113,0,person,0.54,250.9,245.2,379.1,529.1,315.0,387.2,1.7,2.52,3.04,0.29
614,20.467,1,0,person,0.643,182.4,484.6,295.7,572.3,239.0,528.5,-2.29,0.22,2.3,-0.74
614,20.467,88,0,person,0.728,118.6,319.5,291.3,552.4,204.9,436.0,-2.41,3.49,4.24,2.6
614,20.467,5,0,person,0.463,653.5,298.6,732.7,508.9,693.1,403.8,-0.92,8.62,8.67,14.33
614,20.467,110,0,person,0.502,770.6,311.9,851.7,486.7,811.1,399.3,-0.58,1.33,1.45,-1.54
614,20.467,113,0,person,0.596,250.4,245.4,380.5,532.3,315.5,388.8,0.45,1.68,1.74,-0.84
615,20.5,1,0,person,0.54,179.4,486.0,292.0,573.0,235.7,529.5,-3.33,1.03,3.48,0.82
615,20.5,88,0,person,0.747,114.0,321.1,291.9,562.4,203.0,441.8,-1.97,5.79,6.11,2.3
615,20.5,5,0,person,0.482,652.8,306.7,729.5,509.7,691.2,408.2,-1.96,4.46,4.87,-4.16
615,20.5,110,0,person,0.417,769.2,312.4,853.0,494.1,811.1,403.3,-0.07,3.98,3.98,2.65
615,20.5,113,0,person,0.363,249.8,245.3,379.5,530.4,314.7,387.9,-0.78,-0.98,1.25,-2.65
616,20.533,1,0,person,0.719,174.5,485.8,288.2,573.7,231.3,529.8,-4.36,0.25,4.37,-0.79
616,20.533,88,0,person,0.754,113.7,321.2,286.2,556.4,199.9,438.8,-3.02,-2.98,4.24,-8.77
616,20.533,5,0,person,0.409,649.6,278.2,736.9,509.6,693.2,393.9,2.08,-14.3,14.45,-18.76
616,20.533,110,0,person,0.498,769.1,313.0,851.3,490.9,810.2,402.0,-0.88,-1.32,1.59,-5.3
617,20.567,1,0,person,0.66,168.3,485.1,282.8,573.9,225.6,529.5,-5.75,-0.22,5.76,-0.47
617,20.567,88,0,person,0.755,112.4,320.5,282.4,554.1,197.4,437.3,-2.57,-1.48,2.96,1.5
617,20.567,5,0,person,0.594,647.5,266.7,738.9,509.0,693.2,387.8,-0.03,-6.11,6.11,8.19
617,20.567,110,0,person,0.568,767.0,313.7,851.9,498.6,809.5,406.1,-0.72,4.18,4.24,5.51
618,20.6,1,0,person,0.627,161.0,484.1,275.5,573.4,218.3,528.7,-7.31,-0.78,7.35,-0.56
618,20.6,88,0,person,0.485,123.8,320.1,304.8,565.1,214.3,442.6,16.91,5.29,17.72,6.77
618,20.6,5,0,person,0.549,644.8,260.8,737.6,506.5,691.2,383.6,-2.01,-4.16,4.62,1.95
618,20.6,110,0,person,0.503,768.7,313.2,850.2,489.0,809.5,401.1,0.02,-5.04,5.04,-9.22
619,20.633,1,0,person,0.764,156.0,483.2,271.9,573.8,214.0,528.5,-4.31,-0.27,4.31,0.52
619,20.633,88,0,person,0.461,117.2,319.9,277.9,538.6,197.5,429.2,-16.77,-13.4,21.47,-18.7
619,20.633,5,0,person,0.548,641.6,258.8,735.3,506.0,688.4,382.4,-2.76,-1.24,3.03,2.92
619,20.633,110,0,person,0.494,768.0,313.1,849.7,488.4,808.8,400.8,-0.63,-0.32,0.71,4.72
620,20.667,1,0,person,0.783,151.6,483.0,267.9,574.1,209.7,528.5,-4.22,0.05,4.22,0.31
620,20.667,88,0,person,0.417,116.2,319.7,260.2,515.7,188.2,417.7,-9.36,-11.54,14.86,1.87
620,20.667,5,0,person,0.604,639.1,257.4,733.4,505.5,686.2,381.4,-2.21,-0.97,2.41,0.27
620,20.667,110,0,person,0.319,767.4,314.2,846.3,482.2,806.9,398.2,-1.98,-2.59,3.26,-2.28
621,20.7,1,0,person,0.625,147.1,482.6,263.9,574.1,205.5,528.3,-4.23,-0.19,4.23,-0.24
621,20.7,88,0,person,0.505,129.4,317.1,309.4,556.8,219.4,437.0,31.23,19.29,36.71,30.83
621,20.7,5,0,person,0.726,636.5,257.0,731.1,505.4,683.8,381.2,-2.43,-0.23,2.44,0.74
621,20.7,110,0,person,0.501,762.8,314.3,849.1,499.5,806.0,406.9,-0.9,8.68,8.73,11.27
622,20.733,1,0,person,0.595,144.8,483.0,260.5,573.4,202.6,528.2,-2.87,-0.14,2.87,0.04
622,20.733,88,0,person,0.436,114.9,318.0,274.5,531.9,194.7,425.0,-24.67,-11.99,27.43,-31.28
622,20.733,5,0,person,0.695,633.6,255.3,729.0,505.3,681.3,380.3,-2.51,-0.88,2.66,-0.65
622,20.733,110,0,person,0.396,761.3,315.8,847.1,500.6,804.2,408.2,-1.76,1.32,2.2,-7.37
623,20.767,1,0,person,0.516,141.0,482.5,257.1,573.5,199.0,528.0,-3.63,-0.22,3.64,-0.08
623,20.767,88,0,person,0.504,98.9,318.0,275.1,559.7,187.0,438.8,-7.69,13.86,15.85,25.86
623,20.767,5,0,person,0.61,632.6,254.1,728.9,504.9,680.8,379.5,-0.53,-0.84,0.99,0.04
624,20.8,1,0,person,0.447,138.6,482.2,255.0,573.6,196.8,527.9,-2.19,-0.05,2.19,0.17
624,20.8,88,0,person,0.456,95.7,318.4,274.4,569.2,185.0,443.8,-2.01,5.0,5.38,-8.87
624,20.8,5,0,person,0.6,631.4,253.7,728.5,504.5,679.9,379.1,-0.82,-0.36,0.9,0.48
624,20.8,110,0,person,0.382,765.0,319.8,850.6,503.9,807.8,411.8,1.79,1.82,2.55,0.25
625,20.833,1,0,person,0.65,135.4,481.4,253.1,574.0,194.3,527.7,-2.54,-0.23,2.56,-0.18
625,20.833,5,0,person,0.637,629.7,252.1,727.8,503.2,678.7,377.7,-1.2,-1.46,1.89,-1.1
625,20.833,110,0,person,0.338,767.0,317.9,854.1,504.9,810.5,411.4,2.74,-0.41,2.77,-2.23
626,20.867,1,0,person,0.574,129.5,478.8,250.7,574.1,190.1,526.4,-4.16,-1.24,4.35,-1.01
626,20.867,5,0,person,0.74,625.3,250.6,724.2,504.4,674.8,377.5,-3.97,-0.17,3.97,1.28
626,20.867,110,0,person,0.3,768.1,316.3,856.3,505.0,812.2,410.6,1.7,-0.79,1.87,-0.38
626,20.867,119,0,person,0.341,111.2,319.8,247.6,480.9,179.4,400.4,0.0,0.0,0.0,0.0
627,20.9,1,0,person,0.667,125.0,477.7,247.8,574.0,186.4,525.9,-3.68,-0.58,3.72,0.66
627,20.9,5,0,person,0.553,618.7,249.8,715.7,501.5,667.2,375.7,-7.54,-1.81,7.75,-1.64
627,20.9,110,0,person,0.499,768.1,313.8,857.6,505.4,812.8,409.6,0.63,-1.0,1.18,-0.21
627,20.9,119,0,person,0.537,103.1,316.3,251.0,491.6,177.0,403.9,-2.33,3.56,4.25,3.56
628,20.933,1,0,person,0.585,121.5,476.5,245.0,573.1,183.3,524.8,-3.18,-1.07,3.35,-0.49
628,20.933,5,0,person,0.725,617.3,246.2,714.9,500.1,666.1,373.2,-1.14,-2.52,2.77,-0.71
628,20.933,110,0,person,0.661,768.2,308.3,859.6,504.2,813.9,406.3,1.07,-3.38,3.54,-2.38
628,20.933,119,0,person,0.548,97.1,317.4,250.4,500.0,173.7,408.7,-3.32,4.79,5.83,1.23
629,20.967,1,0,person,0.566,116.5,473.7,243.1,572.9,179.8,523.3,-3.46,-1.47,3.75,-0.4
629,20.967,5,0,person,0.815,615.3,244.6,713.0,498.0,664.2,371.3,-1.94,-1.85,2.68,0.67
629,20.967,110,0,person,0.745,768.5,302.1,861.5,501.8,815.0,402.0,1.05,-4.29,4.42,-0.92
629,20.967,119,0,person,0.612,102.8,319.0,244.2,488.0,173.5,403.5,-0.2,-5.21,5.21,-10.0
630,21.0,1,0,person,0.569,111.1,471.0,240.9,573.0,176.0,522.0,-3.77,-1.33,4.0,0.14
630,21.0,5,0,person,0.703,613.7,241.2,711.8,495.3,662.8,368.3,-1.37,-3.02,3.32,-1.17
630,21.0,110,0,person,0.672,768.3,296.2,862.5,498.7,815.4,397.5,0.44,-4.51,4.53,-0.21
630,21.0,119,0,person,0.584,109.8,318.4,244.3,479.6,177.0,399.0,3.5,-4.49,5.69,0.72
631,21.033,1,0,person,0.594,105.5,468.6,238.3,573.1,171.9,520.8,-4.17,-1.16,4.33,0.17
631,21.033,5,0,person,0.696,611.2,240.0,709.3,493.9,660.3,367.0,-2.5,-1.32,2.83,1.7
631,21.033,110,0,person,0.425,769.3,291.8,861.4,489.2,815.3,390.5,-0.08,-6.96,6.96,-2.45
631,21.033,119,0,person,0.675,123.5,315.8,257.2,474.5,190.4,395.2,13.34,-3.85,13.88,0.64
632,21.067,1,0,person,0.666,100.8,466.1,236.2,572.8,168.5,519.5,-3.37,-1.39,3.65,-0.23
632,21.067,5,0,person,0.729,609.3,238.6,708.0,493.2,658.6,365.9,-1.66,-1.03,1.96,0.29
632,21.067,110,0,person,0.351,770.7,287.6,858.4,472.7,814.5,380.1,-0.78,-10.37,10.4,-3.41
632,21.067,119,0,person,0.691,129.2,312.9,264.4,472.1,196.8,392.5,6.39,-2.7,6.93,1.15
633,21.1,1,0,person,0.634,96.2,464.6,233.6,572.8,164.9,518.7,-3.56,-0.74,3.64,0.65
633,21.1,5,0,person,0.75,607.3,236.8,706.1,490.9,656.7,363.8,-1.94,-2.09,2.85,-1.06
633,21.1,110,0,person,0.387,770.0,286.0,856.7,466.8,813.3,376.4,-1.21,-3.75,3.94,6.62
633,21.1,119,0,person,0.516,127.7,309.6,266.7,471.9,197.2,390.7,0.45,-1.75,1.81,0.95
634,21.133,1,0,person,0.696,93.1,463.2,232.6,573.1,162.8,518.2,-2.1,-0.55,2.17,0.19
634,21.133,5,0,person,0.726,605.7,234.5,705.2,490.0,655.4,362.2,-1.26,-1.59,2.03,0.5
634,21.133,110,0,person,0.6,764.7,275.2,863.9,483.4,814.3,379.3,0.98,2.95,3.11,6.7
634,21.133,119,0,person,0.621,129.9,306.6,272.5,471.7,201.2,389.1,4.0,-1.59,4.31,0.16
634,21.133,122,0,person,0.328,970.8,265.0,1046.7,493.1,1008.7,379.1,0.0,0.0,0.0,0.0
635,21.167,1,0,person,0.679,92.4,462.3,232.0,572.5,162.2,517.4,-0.64,-0.74,0.98,-0.19
635,21.167,5,0,person,0.648,604.7,234.0,704.5,490.2,654.6,362.1,-0.84,-0.13,0.85,1.46
635,21.167,110,0,person,0.506,766.5,272.1,862.0,470.5,814.2,371.3,-0.06,-8.02,8.02,-10.96
635,21.167,119,0,person,0.599,132.9,305.1,278.0,471.1,205.5,388.1,4.26,-1.07,4.39,0.52
635,21.167,122,0,person,0.314,969.8,268.9,1045.7,496.3,1007.8,382.6,-0.96,3.53,3.66,3.53
636,21.2,1,0,person,0.72,91.5,460.8,232.3,572.5,161.9,516.7,-0.25,-0.74,0.78,-0.0
636,21.2,5,0,person,0.698,603.7,233.1,703.9,490.2,653.8,361.7,-0.76,-0.45,0.88,-0.32
636,21.2,110,0,person,0.617,763.3,267.7,867.0,484.1,815.2,375.9,0.93,4.61,4.7,12.63
636,21.2,119,0,person,0.475,141.6,303.9,293.7,476.3,217.7,390.1,12.21,2.04,12.38,3.11
636,21.2,122,0,person,0.377,969.2,267.7,1046.4,498.7,1007.8,383.2,-0.0,0.55,0.55,-2.98
637,21.233,1,0,person,0.681,92.5,464.6,228.9,572.6,160.7,518.6,-1.22,1.9,2.26,2.65
637,21.233,5,0,person,0.707,602.5,232.1,703.3,491.2,652.9,361.6,-0.9,-0.03,0.9,0.42
637,21.233,110,0,person,0.419,766.7,263.3,865.4,467.7,816.1,365.5,0.89,-10.38,10.42,-14.99
637,21.233,119,0,person,0.635,148.7,301.8,308.4,481.3,228.5,391.5,10.87,1.4,10.96,-0.64
637,21.233,122,0,person,0.567,967.8,262.6,1045.1,492.8,1006.4,377.7,-1.35,-5.47,5.64,-6.02
638,21.267,1,0,person,0.693,92.5,467.8,226.1,573.0,159.3,520.4,-1.44,1.84,2.34,-0.06
638,21.267,5,0,person,0.764,601.9,231.6,702.9,491.0,652.4,361.3,-0.52,-0.33,0.61,-0.3
638,21.267,119,0,person,0.591,157.8,298.6,318.8,477.5,238.3,388.0,9.71,-3.47,10.31,-4.87
638,21.267,122,0,person,0.497,964.8,261.0,1043.3,493.3,1004.1,377.2,-2.37,-0.54,2.43,4.93
638,21.267,123,0,person,0.481,900.4,293.4,969.7,456.3,935.1,374.8,0.0,0.0,0.0,0.0
638,21.267,124,0,person,0.393,1116.7,336.0,1220.7,564.9,1168.7,450.4,0.0,0.0,0.0,0.0
639,21.3,1,0,person,0.715,91.5,469.5,224.1,573.3,157.8,521.4,-1.48,0.97,1.77,-0.87
639,21.3,5,0,person,0.797,600.8,231.7,701.7,490.6,651.2,361.2,-1.18,-0.15,1.19,0.18
639,21.3,119,0,person,0.639,159.8,296.9,324.9,478.2,242.4,387.5,4.1,-0.49,4.13,2.98
639,21.3,122,0,person,0.606,964.9,261.4,1044.3,494.9,1004.6,378.2,0.55,1.02,1.16,1.56
639,21.3,123,0,person,0.562,900.3,292.8,969.6,455.3,935.0,374.1,-0.08,-0.76,0.77,-0.76
639,21.3,124,0,person,0.471,1115.7,333.4,1219.7,562.2,1167.7,447.8,-0.99,-2.61,2.79,-2.61
640,21.333,1,0,person,0.724,90.9,471.0,222.6,573.5,156.8,522.3,-1.04,0.87,1.35,-0.1
640,21.333,5,0,person,0.791,600.3,231.4,701.3,489.9,650.8,360.7,-0.43,-0.5,0.66,-0.35
640,21.333,119,0,person,0.704,162.9,296.6,344.0,493.7,253.5,395.1,11.1,7.59,13.45,8.08
640,21.333,122,0,person,0.596,956.2,262.7,1038.9,501.4,997.5,382.1,-7.06,3.88,8.06,2.86
640,21.333,123,0,person,0.488,895.9,290.9,966.5,455.8,931.2,373.3,-3.8,-0.73,3.87,0.04
640,21.333,124,0,person,0.425,1113.1,330.8,1217.4,560.0,1165.3,445.4,-2.45,-2.42,3.44,0.19
640,21.333,110,0,person,0.403,756.4,259.5,861.6,481.1,809.0,370.3,-2.35,1.59,2.84,3.99
641,21.367,1,0,person,0.712,90.8,471.8,222.5,573.6,156.6,522.7,-0.13,0.46,0.48,-0.41
641,21.367,5,0,person,0.727,599.8,232.1,700.9,490.0,650.4,361.0,-0.44,0.39,0.58,0.88
641,21.367,119,0,person,0.609,169.8,295.4,350.2,488.4,260.0,391.9,6.54,-3.24,7.29,-10.83
641,21.367,122,0,person,0.798,946.7,264.3,1033.5,509.0,990.1,386.6,-7.46,4.58,8.75,0.7
641,21.367,123,0,person,0.439,889.1,290.8,959.6,453.3,924.3,372.1,-6.82,-1.26,6.94,-0.54
641,21.367,124,0,person,0.382,1110.6,328.9,1215.7,560.2,1163.1,444.6,-2.14,-0.86,2.3,1.56
641,21.367,110,0,person,0.604,751.9,257.7,858.9,485.9,805.4,371.8,-3.6,1.46,3.89,-0.13
642,21.4,1,0,person,0.687,91.2,471.8,223.4,573.5,157.3,522.7,0.68,-0.07,0.68,-0.53
642,21.4,5,0,person,0.75,600.4,232.3,701.6,489.8,651.0,361.0,0.67,0.0,0.67,-0.38
642,21.4,119,0,person,0.574,171.1,291.6,348.8,476.6,259.9,384.1,-0.05,-7.8,7.8,-4.57
642,21.4,122,0,person,0.769,940.3,264.0,1030.4,511.0,985.3,387.5,-4.73,0.85,4.81,-3.73
642,21.4,123,0,person,0.362,889.3,285.9,962.3,453.4,925.8,369.6,1.45,-2.44,2.84,-1.18
642,21.4,124,0,person,0.407,1093.6,253.5,1229.7,556.8,1161.7,405.2,-1.46,-39.4,39.42,-38.54
642,21.4,110,0,person,0.494,751.4,257.1,859.3,489.6,805.3,373.4,-0.06,1.58,1.58,0.12
643,21.433,1,0,person,0.65,92.6,471.8,225.3,573.6,158.9,522.7,1.62,0.07,1.62,0.15
643,21.433,5,0,person,0.785,600.2,232.3,701.0,488.4,650.6,360.4,-0.44,-0.68,0.81,-0.68
643,21.433,119,0,person,0.548,174.2,288.8,357.6,475.0,265.9,381.9,5.96,-2.2,6.35,5.6
643,21.433,122,0,person,0.822,935.1,263.5,1028.8,512.8,981.9,388.2,-3.4,0.68,3.47,-0.16
643,21.433,123,0,person,0.537,881.7,287.9,956.5,455.8,919.1,371.8,-6.68,2.21,7.04,4.65
643,21.433,124,0,person,0.459,1102.5,295.1,1219.5,554.5,1161.0,424.8,-0.67,19.6,19.61,58.99
643,21.433,110,0,person,0.586,750.1,259.2,855.9,490.2,803.0,374.7,-2.33,1.35,2.69,-0.24
644,21.467,1,0,person,0.67,93.2,471.7,226.1,573.5,159.6,522.6,0.7,-0.14,0.71,-0.22
644,21.467,5,0,person,0.781,600.2,232.2,701.2,488.4,650.7,360.3,0.12,-0.05,0.13,0.63
644,21.467,119,0,person,0.524,179.7,287.5,375.9,484.1,277.8,385.8,11.94,3.93,12.57,6.14
644,21.467,122,0,person,0.696,930.2,263.1,1028.1,514.4,979.2,388.7,-2.78,0.55,2.84,-0.13
644,21.467,123,0,person,0.515,884.4,293.1,958.0,455.5,921.2,374.3,2.08,2.48,3.24,0.28
644,21.467,124,0,person,0.448,1107.8,318.1,1215.8,556.8,1161.8,437.4,0.81,12.66,12.68,-6.94
644,21.467,110,0,person,0.589,747.8,257.6,853.9,490.4,800.9,374.0,-2.12,-0.71,2.24,-2.06
645,21.5,1,0,person,0.678,93.2,471.5,226.3,573.4,159.8,522.5,0.13,-0.12,0.18,0.03
645,21.5,5,0,person,0.796,600.4,231.9,701.5,488.0,651.0,359.9,0.27,-0.39,0.47,-0.34
645,21.5,119,0,person,0.535,181.1,287.4,381.2,484.7,281.1,386.1,3.3,0.24,3.31,-3.7
645,21.5,122,0,person,0.728,929.0,270.7,1027.4,513.7,978.2,392.2,-0.97,3.47,3.6,2.92
645,21.5,123,0,person,0.534,885.4,294.8,959.1,455.1,922.2,374.9,1.04,0.58,1.2,-1.9
645,21.5,124,0,person,0.431,1108.9,326.5,1214.6,559.1,1161.7,442.8,-0.06,5.34,5.34,-7.32
645,21.5,110,0,person,0.601,748.9,258.7,853.1,489.6,801.0,374.2,0.11,0.18,0.21,0.89
645,21.5,126,0,person,0.451,819.7,224.5,900.3,456.7,860.0,340.6,0.0,0.0,0.0,0.0
646,21.533,1,0,person,0.681,93.8,471.6,226.6,573.2,160.2,522.4,0.42,-0.05,0.42,0.07
646,21.533,5,0,person,0.797,600.1,231.1,702.0,488.8,651.1,359.9,0.07,0.0,0.07,0.39
646,21.533,119,0,person,0.536,167.0,288.1,412.8,535.2,289.9,411.7,8.79,25.62,27.09,25.39
646,21.533,122,0,person,0.725,923.0,264.9,1027.3,513.2,975.1,389.0,-3.06,-3.14,4.39,-6.61
646,21.533,123,0,person,0.495,883.5,294.4,958.5,456.0,921.0,375.2,-1.25,0.28,1.28,-0.3
646,21.533,124,0,person,0.41,1109.6,329.6,1215.2,561.5,1162.4,445.5,0.66,2.76,2.84,-2.58
646,21.533,110,0,person,0.653,747.2,258.6,850.5,488.1,798.9,373.3,-2.14,-0.84,2.3,-1.02
646,21.533,126,0,person,0.362,819.6,236.0,896.2,455.9,857.9,346.0,-2.09,5.41,5.8,5.41
647,21.567,1,0,person,0.72,94.1,471.9,226.6,573.1,160.4,522.5,0.21,0.08,0.22,0.13
647,21.567,5,0,person,0.817,599.6,230.0,701.4,487.8,650.5,358.9,-0.53,-1.07,1.19,-1.07
647,21.567,119,0,person,0.457,169.9,288.3,432.3,558.2,301.1,423.3,11.17,11.59,16.1,-14.03
647,21.567,122,0,person,0.721,920.6,262.6,1028.9,512.1,974.8,387.3,-0.36,-1.71,1.75,1.43
647,21.567,123,0,person,0.453,881.9,293.5,958.3,456.8,920.1,375.1,-0.9,-0.05,0.9,-0.33
647,21.567,124,0,person,0.448,1111.3,329.8,1216.2,559.6,1163.7,444.7,1.34,-0.83,1.58,-3.59
647,21.567,110,0,person,0.665,749.8,261.5,849.7,485.8,799.8,373.7,0.9,0.33,0.96,1.17
647,21.567,126,0,person,0.332,817.9,220.6,897.6,451.1,857.8,335.8,-0.16,-10.16,10.16,-15.57
648,21.6,1,0,person,0.709,95.6,471.9,228.3,572.8,162.0,522.4,1.59,-0.15,1.6,-0.23
648,21.6,5,0,person,0.792,599.8,229.2,701.7,487.2,650.8,358.2,0.25,-0.65,0.69,0.42
648,21.6,119,0,person,0.678,176.2,289.0,441.4,568.1,308.8,428.5,7.68,5.25,9.3,-6.34
648,21.6,122,0,person,0.754,916.3,261.9,1029.0,512.4,972.7,387.1,-2.07,-0.24,2.08,1.47
648,21.6,123,0,person,0.371,878.9,292.0,956.5,456.0,917.7,374.0,-2.38,-1.16,2.65,-1.12
648,21.6,124,0,person,0.442,1112.7,332.3,1217.3,561.1,1165.0,446.7,1.24,1.99,2.35,2.83
648,21.6,110,0,person,0.678,752.4,261.4,851.9,487.7,802.1,374.6,2.39,0.89,2.55,0.56
649,21.633,1,0,person,0.706,96.3,472.3,229.4,572.8,162.9,522.5,0.92,0.19,0.93,0.34
649,21.633,5,0,person,0.781,601.2,229.5,703.3,487.3,652.3,358.4,1.5,0.18,1.51,0.83
649,21.633,119,0,person,0.741,187.1,288.7,449.9,571.4,318.5,430.1,9.71,1.54,9.83,-3.7
649,21.633,122,0,person,0.68,912.4,261.8,1029.9,514.6,971.2,388.2,-1.52,1.1,1.88,1.34
649,21.633,123,0,person,0.337,879.8,291.3,961.5,465.3,920.7,378.3,2.96,4.3,5.22,5.47
649,21.633,124,0,person,0.504,1113.8,337.8,1217.1,563.0,1165.4,450.4,0.45,3.71,3.74,1.72
649,21.633,110,0,person,0.685,751.4,256.1,858.2,501.5,804.8,378.8,2.66,4.26,5.02,3.37
650,21.667,1,0,person,0.712,96.9,472.6,230.4,572.9,163.7,522.8,0.8,0.21,0.83,0.02
650,21.667,5,0,person,0.779,600.7,228.4,703.2,486.9,652.0,357.6,-0.31,-0.78,0.84,-0.96
650,21.667,119,0,person,0.71,200.0,289.3,457.7,572.0,328.9,430.7,10.39,0.6,10.41,-0.94
650,21.667,122,0,person,0.652,906.7,262.0,1028.8,517.2,967.7,389.6,-3.43,1.4,3.7,0.29
650,21.667,123,0,person,0.339,880.9,291.0,963.2,468.4,922.0,379.7,1.37,1.41,1.97,-2.89
650,21.667,124,0,person,0.427,1114.8,340.5,1215.3,558.4,1165.1,449.4,-0.38,-0.96,1.03,-4.67
650,21.667,110,0,person,0.707,751.7,252.5,861.5,504.8,806.6,378.7,1.78,-0.16,1.79,-4.41
651,21.7,1,0,person,0.713,96.7,471.9,231.6,572.8,164.1,522.4,0.44,-0.39,0.59,-0.6
651,21.7,5,0,person,0.777,600.9,228.0,703.9,487.5,652.4,357.8,0.4,0.15,0.43,0.92
651,21.7,119,0,person,0.687,207.2,290.1,459.6,571.9,333.4,431.0,4.52,0.36,4.54,-0.24
651,21.7,122,0,person,0.684,902.8,262.3,1028.2,517.8,965.5,390.0,-2.28,0.4,2.31,-1.0
651,21.7,123,0,person,0.377,880.6,290.6,961.8,467.2,921.2,378.9,-0.82,-0.82,1.16,-2.23
651,21.7,124,0,person,0.31,1112.5,338.1,1214.6,558.5,1163.6,448.3,-1.48,-1.13,1.86,-0.18
651,21.7,110,0,person,0.67,747.9,258.1,854.6,506.4,801.2,382.3,-5.35,3.6,6.44,3.76
652,21.733,1,0,person,0.712,96.2,471.2,232.9,573.0,164.6,522.1,0.43,-0.27,0.51,0.12
652,21.733,5,0,person,0.771,602.9,228.0,706.8,487.2,654.9,357.6,2.51,-0.19,2.52,-0.33
652,21.733,119,0,person,0.752,218.3,289.6,469.8,573.1,344.1,431.4,10.67,0.34,10.68,-0.02
652,21.733,122,0,person,0.759,898.1,261.8,1027.1,518.3,962.6,390.1,-2.89,0.05,2.89,-0.34
652,21.733,123,0,person,0.35,874.6,286.2,959.8,472.7,917.2,379.4,-4.03,0.56,4.07,1.38
652,21.733,124,0,person,0.325,1111.7,339.6,1213.5,557.9,1162.6,448.7,-0.93,0.43,1.03,1.57
652,21.733,110,0,person,0.635,743.4,256.9,850.8,508.7,797.1,382.8,-4.18,0.55,4.22,-3.05
653,21.767,1,0,person,0.708,95.9,470.9,233.6,573.2,164.7,522.0,0.17,-0.06,0.18,0.21
653,21.767,5,0,person,0.775,601.7,227.8,706.2,487.2,653.9,357.5,-0.93,-0.1,0.93,0.09
653,21.767,119,0,person,0.858,227.3,288.7,476.6,573.6,351.9,431.1,7.86,-0.23,7.86,-0.57
653,21.767,122,0,person,0.739,896.5,262.1,1028.1,518.6,962.3,390.3,-0.28,0.29,0.4,0.23
653,21.767,123,0,person,0.376,875.6,289.2,959.7,475.7,917.6,382.4,0.45,3.01,3.05,2.45
653,21.767,110,0,person,0.684,742.4,258.5,848.4,509.9,795.4,384.2,-1.66,1.38,2.16,0.83
654,21.8,1,0,person,0.697,96.1,471.5,233.4,573.3,164.8,522.4,0.04,0.36,0.36,0.42
654,21.8,5,0,person,0.787,599.4,228.3,703.4,486.7,651.4,357.5,-2.55,-0.01,2.55,0.09
654,21.8,119,0,person,0.825,235.9,289.2,481.2,573.7,358.6,431.4,6.64,0.29,6.64,0.53
654,21.8,122,0,person,0.676,893.5,262.3,1027.8,519.4,960.7,390.8,-1.64,0.46,1.7,0.17
654,21.8,123,0,person,0.397,875.3,290.8,956.9,472.6,916.1,381.7,-1.53,-0.78,1.72,-3.8
654,21.8,110,0,person,0.711,742.0,265.9,843.9,510.5,792.9,388.2,-2.46,4.02,4.71,2.64
655,21.833,1,0,person,0.69,95.8,471.8,233.3,573.5,164.6,522.7,-0.22,0.29,0.36,-0.07
655,21.833,5,0,person,0.796,598.2,228.8,702.0,486.6,650.1,357.7,-1.27,0.23,1.29,0.24
655,21.833,119,0,person,0.652,244.8,290.7,483.8,572.5,364.3,431.6,5.74,0.15,5.75,-0.14
655,21.833,122,0,person,0.624,891.3,262.4,1028.3,521.4,959.8,391.9,-0.85,1.09,1.39,0.64
655,21.833,123,0,person,0.481,871.1,290.2,952.1,469.5,911.6,379.8,-4.52,-1.83,4.87,-1.04
655,21.833,110,0,person,0.694,741.5,261.6,843.9,510.9,792.7,386.3,-0.21,-1.93,1.94,-5.95
656,21.867,1,0,person,0.719,95.5,471.7,233.5,573.4,164.5,522.6,-0.03,-0.13,0.13,-0.42
656,21.867,5,0,person,0.812,597.4,227.9,701.2,486.4,649.3,357.2,-0.81,-0.56,0.99,-0.8
656,21.867,119,0,person,0.648,251.2,292.1,484.3,572.3,367.8,432.2,3.45,0.58,3.5,0.43
656,21.867,122,0,person,0.609,893.1,263.2,1030.7,521.7,961.9,392.4,2.09,0.54,2.15,-0.56
656,21.867,123,0,person,0.471,865.7,287.7,945.7,461.2,905.7,374.4,-5.86,-5.4,7.97,-3.58
656,21.867,110,0,person,0.653,748.1,275.6,845.8,511.4,797.0,393.5,4.22,7.21,8.35,9.14
656,21.867,124,0,person,0.306,1112.0,353.3,1209.7,560.2,1160.9,456.8,-0.45,2.01,2.06,0.39
657,21.9,1,0,person,0.73,95.7,471.7,233.8,573.4,164.8,522.5,0.23,-0.03,0.23,0.1
657,21.9,5,0,person,0.82,597.8,227.5,701.6,486.2,649.7,356.9,0.44,-0.3,0.53,0.26
657,21.9,119,0,person,0.59,256.0,291.0,485.4,571.8,370.7,431.4,2.92,-0.73,3.01,-1.31
657,21.9,122,0,person,0.545,892.8,263.1,1031.8,522.3,962.3,392.7,0.42,0.22,0.47,-0.31
657,21.9,123,0,person,0.429,857.5,286.7,938.8,455.9,898.1,371.3,-7.61,-3.13,8.22,2.28
657,21.9,110,0,person,0.656,750.9,281.6,847.1,511.3,799.0,396.5,2.04,3.0,3.63,-4.21
658,21.933,1,0,person,0.734,95.7,471.5,234.7,573.5,165.2,522.5,0.45,-0.05,0.46,-0.02
658,21.933,5,0,person,0.818,598.3,227.1,702.2,486.6,650.2,356.8,0.5,-0.02,0.5,0.28
658,21.933,119,0,person,0.768,262.5,290.0,488.1,572.3,375.3,431.2,4.65,-0.27,4.66,0.46
658,21.933,122,0,person,0.615,890.6,263.3,1032.8,528.1,961.7,395.7,-0.61,3.02,3.08,2.8
658,21.933,123,0,person,0.527,861.0,287.9,941.6,453.0,901.3,370.5,3.16,-0.82,3.26,2.3
658,21.933,110,0,person,0.715,747.3,283.7,841.8,511.0,794.6,397.4,-4.42,0.87,4.5,-2.14
659,21.967,1,0,person,0.732,95.0,471.3,234.8,573.6,164.9,522.4,-0.31,-0.06,0.32,-0.01
659,21.967,5,0,person,0.834,598.9,227.1,702.4,486.2,650.6,356.7,0.38,-0.18,0.42,-0.16
659,21.967,119,0,person,0.777,270.1,289.6,491.0,572.5,380.6,431.1,5.26,-0.1,5.26,0.17
659,21.967,122,0,person,0.618,887.3,263.2,1032.4,532.6,959.9,397.9,-1.84,2.2,2.87,-0.82
659,21.967,123,0,person,0.346,844.4,286.5,930.4,453.7,887.4,370.1,-13.87,-0.42,13.88,0.4
659,21.967,110,0,person,0.668,753.7,276.2,852.8,510.8,803.3,393.5,8.68,-3.86,9.5,-4.73
660,22.0,1,0,person,0.729,93.0,470.8,233.9,573.6,163.5,522.2,-1.44,-0.2,1.45,-0.14
660,22.0,5,0,person,0.813,598.1,226.2,701.6,485.9,649.9,356.1,-0.78,-0.57,0.97,-0.39
660,22.0,119,0,person,0.625,291.7,289.4,459.7,506.7,375.7,398.0,-4.9,-33.01,33.37,-32.91
660,22.0,122,0,person,0.752,884.2,263.3,1030.6,534.8,957.4,399.0,-2.46,1.15,2.72,-1.05
660,22.0,110,0,person,0.663,754.5,272.4,856.9,510.6,805.7,391.5,2.43,-1.98,3.14,1.88
661,22.033,1,0,person,0.707,91.0,470.3,232.8,573.7,161.9,522.0,-1.59,-0.21,1.61,-0.01
661,22.033,5,0,person,0.831,597.6,225.4,701.1,485.5,649.3,355.5,-0.51,-0.6,0.79,-0.03
661,22.033,119,0,person,0.643,304.8,287.3,451.6,479.5,378.2,383.4,2.49,-14.64,14.85,18.37
661,22.033,122,0,person,0.769,901.1,262.8,1035.9,517.3,968.5,390.1,11.09,-8.96,14.26,-10.11
661,22.033,110,0,person,0.698,751.6,277.9,851.0,508.6,801.3,393.2,-4.42,1.72,4.74,3.7
661,22.033,123,0,person,0.381,856.8,287.0,938.4,447.0,897.6,367.0,5.1,-1.51,5.32,-0.55
662,22.067,1,0,person,0.713,89.9,470.1,232.2,573.6,161.0,521.9,-0.82,-0.13,0.83,0.08
662,22.067,5,0,person,0.806,597.2,225.0,700.5,485.4,648.9,355.2,-0.49,-0.28,0.56,0.32
662,22.067,119,0,person,0.54,313.8,285.8,454.5,472.3,384.2,379.0,5.98,-4.36,7.4,10.28
662,22.067,122,0,person,0.848,907.4,262.8,1036.6,510.6,972.0,386.7,3.47,-3.42,4.87,5.54
662,22.067,110,0,person,0.701,748.2,278.4,846.8,508.0,797.5,393.2,-3.75,-0.07,3.75,-1.79
662,22.067,123,0,person,0.414,856.6,288.2,936.4,446.0,896.5,367.1,-1.13,0.09,1.14,1.61
663,22.1,1,0,person,0.719,88.9,469.9,231.8,573.6,160.3,521.8,-0.7,-0.09,0.7,0.04
663,22.1,5,0,person,0.8,596.9,225.0,700.1,485.7,648.5,355.4,-0.35,0.16,0.39,0.44
663,22.1,119,0,person,0.607,298.4,285.2,483.3,539.0,390.9,412.1,6.73,33.09,33.77,37.45
663,22.1,122,0,person,0.844,910.0,262.4,1036.7,508.7,973.4,385.6,1.39,-1.1,1.77,2.33
663,22.1,110,0,person,0.682,748.9,279.4,847.2,507.6,798.1,393.5,0.55,0.36,0.66,0.43
663,22.1,123,0,person,0.437,857.4,289.3,935.9,445.1,896.7,367.2,0.17,0.09,0.19,-0.01
664,22.133,1,0,person,0.735,87.6,469.6,231.0,573.6,159.3,521.6,-1.05,-0.14,1.06,-0.05
664,22.133,5,0,person,0.82,597.4,224.3,700.5,485.3,649.0,354.8,0.45,-0.55,0.71,-0.7
664,22.133,119,0,person,0.554,318.3,284.4,474.9,499.0,396.6,391.7,5.74,-20.45,21.24,-53.54
664,22.133,122,0,person,0.795,910.9,262.1,1035.3,507.6,973.1,384.9,-0.26,-0.67,0.72,0.42
664,22.133,110,0,person,0.58,750.2,262.5,857.3,508.0,803.8,385.2,5.69,-8.29,10.05,-8.64
664,22.133,123,0,person,0.389,853.2,287.8,932.5,445.8,892.9,366.8,-3.79,-0.41,3.81,-0.5
665,22.167,1,0,person,0.732,86.6,469.4,230.5,573.6,158.5,521.5,-0.78,-0.14,0.79,-0.01
665,22.167,5,0,person,0.826,597.0,223.7,700.0,484.8,648.5,354.2,-0.42,-0.57,0.71,-0.03
665,22.167,119,0,person,0.629,335.2,283.3,478.6,479.0,406.9,381.2,10.29,-10.52,14.72,9.92
665,22.167,122,0,person,0.632,910.2,262.3,1032.1,506.7,971.1,384.5,-2.01,-0.4,2.05,0.27
665,22.167,110,0,person,0.582,750.1,269.2,855.1,507.3,802.6,388.3,-1.18,3.04,3.26,11.33
665,22.167,123,0,person,0.395,853.0,292.7,931.7,446.0,892.4,369.3,-0.51,2.52,2.57,2.94
666,22.2,1,0,person,0.736,86.6,469.4,230.7,573.7,158.6,521.5,0.1,0.02,0.1,0.16
666,22.2,5,0,person,0.801,596.5,223.5,699.4,484.8,648.0,354.1,-0.58,-0.1,0.59,0.47
666,22.2,119,0,person,0.723,348.3,283.0,485.0,468.3,416.6,375.7,9.72,-5.5,11.16,5.03
666,22.2,122,0,person,0.71,908.0,262.5,1028.2,506.8,968.1,384.7,-3.02,0.2,3.02,0.6
666,22.2,110,0,person,0.645,749.0,246.8,864.7,506.8,806.8,376.8,4.25,-11.45,12.21,-14.49
667,22.233,1,0,person,0.737,86.8,469.3,231.3,573.7,159.1,521.5,0.43,-0.02,0.43,-0.04
667,22.233,5,0,person,0.806,596.7,223.2,699.6,484.8,648.2,354.0,0.22,-0.17,0.27,-0.06
667,22.233,119,0,person,0.678,355.3,282.7,489.9,465.2,422.6,374.0,6.0,-1.7,6.23,3.8
667,22.233,122,0,person,0.736,907.8,262.5,1025.9,506.2,966.8,384.4,-1.24,-0.31,1.28,-0.51
667,22.233,110,0,person,0.565,745.3,241.0,863.7,506.3,804.5,373.7,-2.34,-3.15,3.92,8.3
667,22.233,131,2,car,0.416,120.4,127.6,186.8,170.2,153.6,148.9,0.0,0.0,0.0,0.0
667,22.233,123,0,person,0.482,834.1,272.0,927.1,449.0,880.6,360.5,-5.89,-4.42,7.36,-3.47
668,22.267,1,0,person,0.733,87.0,469.3,231.7,573.7,159.4,521.5,0.31,-0.04,0.31,-0.01
668,22.267,5,0,person,0.806,597.2,223.1,700.2,485.2,648.7,354.2,0.54,0.18,0.57,0.34
668,22.267,119,0,person,0.782,360.4,282.3,491.9,461.8,426.1,372.1,3.53,-1.91,4.01,-0.21
668,22.267,122,0,person,0.73,908.3,262.3,1024.1,504.9,966.2,383.6,-0.67,-0.74,1.0,-0.43
668,22.267,110,0,person,0.647,742.7,236.2,863.3,507.6,803.0,371.9,-1.46,-1.8,2.32,1.35
668,22.267,131,2,car,0.394,119.4,127.5,185.9,170.2,152.7,148.8,-0.93,-0.05,0.94,-0.05
668,22.267,123,0,person,0.531,830.9,268.0,927.7,448.9,879.3,358.5,-1.32,-2.03,2.42,2.39
669,22.3,1,0,person,0.733,86.8,469.3,231.5,573.6,159.2,521.4,-0.18,-0.03,0.18,0.0
669,22.3,5,0,person,0.802,597.5,223.8,700.3,485.3,648.9,354.5,0.18,0.38,0.42,0.2
669,22.3,119,0,person,0.756,363.6,281.3,494.9,460.9,429.2,371.1,3.09,-0.96,3.24,0.94
669,22.3,122,0,person,0.732,908.8,262.3,1022.6,504.6,965.7,383.4,-0.45,-0.19,0.49,0.55
669,22.3,110,0,person,0.61,742.1,233.8,863.8,507.6,802.9,370.7,-0.1,-1.18,1.18,0.62
669,22.3,131,2,car,0.338,119.1,127.9,185.0,170.2,152.0,149.1,-0.64,0.22,0.67,0.27
669,22.3,123,0,person,0.446,827.9,266.1,927.7,449.4,877.8,357.8,-1.47,-0.65,1.61,1.37
670,22.333,1,0,person,0.721,86.3,469.0,231.6,573.6,159.0,521.3,-0.23,-0.16,0.28,-0.12
670,22.333,5,0,person,0.813,596.5,223.4,699.5,485.3,648.0,354.3,-0.87,-0.2,0.89,-0.59
670,22.333,119,0,person,0.693,370.4,282.1,499.6,459.2,435.0,370.7,5.78,-0.44,5.8,0.53
670,22.333,122,0,person,0.716,908.4,262.2,1021.3,506.1,964.9,384.1,-0.86,0.69,1.11,0.89
670,22.333,110,0,person,0.675,740.9,234.3,861.4,507.5,801.1,370.9,-1.78,0.21,1.8,1.39
670,22.333,123,0,person,0.304,831.6,265.8,923.7,430.3,877.7,348.1,-0.14,-9.74,9.74,-9.09
671,22.367,1,0,person,0.72,85.7,468.6,231.7,573.7,158.7,521.1,-0.28,-0.14,0.32,0.01
671,22.367,5,0,person,0.804,596.5,222.4,699.5,484.7,648.0,353.6,-0.05,-0.76,0.76,-0.55
671,22.367,119,0,person,0.573,379.0,282.5,507.5,459.3,443.2,370.9,8.2,0.25,8.2,0.68
671,22.367,122,0,person,0.72,907.7,262.4,1019.5,507.3,963.6,384.9,-1.26,0.73,1.46,0.04
671,22.367,110,0,person,0.673,743.7,236.5,864.1,506.9,803.9,371.7,2.74,0.81,2.86,0.6
671,22.367,123,0,person,0.35,836.8,268.0,919.4,409.5,878.1,338.8,0.42,-9.29,9.3,0.45
672,22.4,1,0,person,0.727,85.1,468.1,231.8,573.5,158.4,520.8,-0.24,-0.34,0.41,-0.2
672,22.4,5,0,person,0.829,596.2,221.8,699.3,484.6,647.8,353.2,-0.22,-0.35,0.42,0.41
672,22.4,119,0,person,0.559,391.5,282.8,519.5,458.2,455.5,370.5,12.28,-0.44,12.28,-0.68
672,22.4,122,0,person,0.732,908.2,262.0,1018.5,507.5,963.3,384.7,-0.26,-0.11,0.28,-0.84
672,22.4,110,0,person,0.61,743.9,240.8,862.0,504.9,803.0,372.8,-0.92,1.1,1.43,0.29
673,22.433,1,0,person,0.738,84.9,467.8,231.7,573.4,158.3,520.6,-0.12,-0.18,0.22,0.16
673,22.433,5,0,person,0.809,596.5,220.8,699.7,483.2,648.1,352.0,0.31,-1.19,1.23,-0.84
673,22.433,119,0,person,0.631,400.4,283.1,528.5,458.4,464.5,370.8,8.99,0.29,9.0,0.72
673,22.433,122,0,person,0.656,909.2,261.7,1018.1,508.3,963.7,385.0,0.35,0.24,0.42,0.35
673,22.433,110,0,person,0.636,743.1,242.1,860.2,504.2,801.7,373.2,-1.28,0.35,1.32,-0.75
674,22.467,1,0,person,0.736,85.7,468.2,232.1,573.5,158.9,520.8,0.55,0.23,0.6,0.41
674,22.467,5,0,person,0.793,597.1,220.9,700.4,483.5,648.8,352.2,0.68,0.14,0.7,1.33
674,22.467,119,0,person,0.705,407.7,283.2,536.7,461.0,472.2,372.1,7.71,1.35,7.82,1.06
674,22.467,122,0,person,0.548,908.8,261.6,1017.6,511.8,963.2,386.7,-0.49,1.75,1.81,1.51
674,22.467,110,0,person,0.569,746.8,244.6,862.0,503.2,804.4,373.9,2.7,0.74,2.8,0.39
674,22.467,123,0,person,0.32,837.0,265.9,911.7,390.7,874.3,328.3,-1.25,-3.49,3.71,1.93
675,22.5,1,0,person,0.738,87.0,468.9,232.7,573.5,159.8,521.2,0.95,0.37,1.03,0.15
675,22.5,5,0,person,0.775,599.1,221.6,702.4,483.9,650.8,352.8,2.03,0.58,2.12,0.44
675,22.5,119,0,person,0.78,411.3,283.5,540.3,462.4,475.8,373.0,3.63,0.85,3.73,-0.49
675,22.5,122,0,person,0.573,909.6,261.9,1018.8,516.9,964.2,389.4,1.0,2.68,2.86,0.93
675,22.5,110,0,person,0.675,748.4,243.1,863.8,503.8,806.1,373.5,1.72,-0.46,1.78,-1.19
675,22.5,134,0,person,0.332,1141.9,341.6,1223.5,552.2,1182.7,446.9,0.0,0.0,0.0,0.0
675,22.5,123,0,person,0.302,833.3,265.4,908.2,389.5,870.7,327.4,-3.61,-0.84,3.71,2.65
676,22.533,1,0,person,0.724,88.4,469.6,233.4,573.5,160.9,521.5,1.05,0.33,1.1,-0.05
676,22.533,5,0,person,0.768,599.6,222.4,702.5,484.0,651.1,353.2,0.27,0.44,0.52,-0.14
676,22.533,119,0,person,0.618,419.7,283.4,548.1,462.6,483.9,373.0,8.08,0.04,8.08,-0.81
676,22.533,122,0,person,0.635,909.6,261.9,1021.1,528.0,965.3,394.9,1.12,5.55,5.66,2.87
676,22.533,110,0,person,0.588,752.4,245.9,867.4,503.2,809.9,374.6,3.77,1.12,3.93,1.58
676,22.533,134,0,person,0.397,1139.7,341.2,1224.7,560.8,1182.2,451.0,-0.55,4.08,4.12,4.08
677,22.567,1,0,person,0.702,90.0,469.9,234.7,573.4,162.3,521.6,1.47,0.08,1.47,-0.25
677,22.567,5,0,person,0.797,599.9,222.4,702.6,483.5,651.3,352.9,0.24,-0.25,0.35,-0.7
677,22.567,119,0,person,0.69,430.6,283.3,559.7,463.7,495.2,373.5,11.27,0.51,11.28,0.46
677,22.567,122,0,person,0.705,911.2,261.5,1018.4,520.3,964.8,390.9,-0.52,-4.02,4.05,-9.56
677,22.567,110,0,person,0.608,752.5,233.3,873.3,503.6,812.9,368.4,3.05,-6.13,6.84,-7.25
677,22.567,134,0,person,0.454,1138.7,341.4,1224.6,563.5,1181.7,452.5,-0.51,1.46,1.55,-2.62
677,22.567,131,2,car,0.389,118.2,125.7,188.0,171.0,153.1,148.4,0.13,-0.09,0.16,-0.04
678,22.6,1,0,person,0.685,91.8,469.6,236.7,573.3,164.2,521.5,1.87,-0.15,1.87,-0.23
678,22.6,5,0,person,0.804,600.5,222.8,702.5,482.2,651.5,352.5,0.2,-0.44,0.48,-0.18
678,22.6,119,0,person,0.637,444.5,281.8,574.3,462.9,509.4,372.4,14.2,-1.16,14.25,-1.66
678,22.6,122,0,person,0.718,912.6,261.9,1017.2,517.6,964.9,389.7,0.08,-1.21,1.21,2.81
678,22.6,110,0,person,0.632,753.7,225.4,878.3,503.2,816.0,364.3,3.04,-4.16,5.15,1.97
678,22.6,134,0,person,0.529,1138.4,339.7,1224.8,563.8,1181.6,451.7,-0.05,-0.75,0.75,-2.21
678,22.6,131,2,car,0.335,120.4,127.5,188.2,171.9,154.3,149.7,1.2,1.34,1.8,1.43
679,22.633,1,0,person,0.689,93.1,469.9,237.6,573.4,165.4,521.6,1.15,0.15,1.16,0.31
679,22.633,5,0,person,0.794,600.5,223.4,702.5,482.4,651.5,352.9,0.04,0.36,0.37,0.8
679,22.633,119,0,person,0.718,464.9,280.8,599.0,463.5,532.0,372.1,22.6,-0.23,22.6,0.93
679,22.633,122,0,person,0.695,913.9,262.5,1016.0,514.5,964.9,388.5,0.03,-1.24,1.24,-0.03
679,22.633,110,0,person,0.648,754.2,225.7,879.8,503.5,817.0,364.6,1.03,0.32,1.08,4.48
679,22.633,134,0,person,0.596,1137.8,338.4,1224.4,563.5,1181.1,451.0,-0.52,-0.76,0.92,-0.02
680,22.667,1,0,person,0.685,91.9,469.8,236.7,573.4,164.3,521.6,-1.06,-0.03,1.06,-0.18
680,22.667,5,0,person,0.801,600.4,223.2,703.4,484.6,651.9,353.9,0.4,1.05,1.12,0.69
680,22.667,119,0,person,0.746,474.2,280.6,610.8,463.4,542.5,372.0,10.5,-0.14,10.5,0.1
680,22.667,122,0,person,0.715,914.4,262.8,1014.6,512.2,964.5,387.5,-0.4,-1.0,1.08,0.24
680,22.667,110,0,person,0.7,755.2,231.1,880.5,503.5,817.8,367.3,0.84,2.72,2.85,2.41
680,22.667,134,0,person,0.66,1137.6,338.4,1223.5,562.3,1180.5,450.4,-0.56,-0.6,0.82,0.16
681,22.7,1,0,person,0.739,89.8,469.1,235.8,573.5,162.8,521.3,-1.52,-0.3,1.55,-0.27
681,22.7,5,0,person,0.797,599.2,222.1,703.1,485.5,651.2,353.8,-0.75,-0.11,0.76,-1.16
681,22.7,119,0,person,0.796,475.0,280.1,612.9,462.4,543.9,371.3,1.47,-0.73,1.64,-0.59
681,22.7,122,0,person,0.708,914.6,262.4,1014.1,512.2,964.4,387.3,-0.16,-0.2,0.26,0.8
681,22.7,110,0,person,0.685,753.6,227.9,881.3,503.3,817.4,365.6,-0.41,-1.72,1.77,-4.45
681,22.7,134,0,person,0.706,1136.2,338.4,1221.7,561.3,1179.0,449.8,-1.55,-0.51,1.63,0.09
682,22.733,1,0,person,0.749,88.2,468.5,235.2,573.6,161.7,521.0,-1.13,-0.26,1.16,0.03
682,22.733,5,0,person,0.718,599.5,221.3,702.0,480.4,650.8,350.9,-0.42,-2.95,2.97,-2.84
682,22.733,119,0,person,0.694,477.2,278.6,615.3,460.0,546.2,369.3,2.29,-1.97,3.02,-1.24
682,22.733,122,0,person,0.725,915.1,262.1,1013.9,512.0,964.5,387.1,0.13,-0.22,0.26,-0.03
682,22.733,110,0,person,0.543,751.9,221.8,882.8,502.5,817.3,362.2,-0.1,-3.45,3.45,-1.73
682,22.733,134,0,person,0.666,1134.9,337.4,1220.8,561.3,1177.9,449.3,-1.11,-0.51,1.22,-0.0
683,22.767,1,0,person,0.761,87.2,467.7,235.3,573.7,161.2,520.7,-0.44,-0.35,0.56,-0.08
683,22.767,5,0,person,0.606,599.9,219.8,700.7,474.1,650.3,347.0,-0.48,-3.92,3.95,-0.97
683,22.767,119,0,person,0.688,481.7,277.0,620.5,458.2,551.1,367.6,4.84,-1.68,5.12,0.28
683,22.767,122,0,person,0.719,915.3,262.2,1016.1,521.0,965.7,391.6,1.21,4.54,4.7,4.77
683,22.767,110,0,person,0.487,756.8,223.1,889.2,502.4,823.0,362.8,5.66,0.62,5.7,4.07
683,22.767,134,0,person,0.643,1133.7,337.3,1219.7,561.3,1176.7,449.3,-1.19,-0.04,1.19,0.47
684,22.8,1,0,person,0.769,86.3,467.1,235.2,573.7,160.8,520.4,-0.46,-0.32,0.56,0.02
684,22.8,5,0,person,0.66,600.8,218.7,698.1,461.7,649.5,340.2,-0.83,-6.76,6.81,-2.84
684,22.8,119,0,person,0.756,492.9,275.9,634.1,457.2,563.5,366.6,12.41,-1.02,12.45,0.66
684,22.8,122,0,person,0.706,915.8,262.1,1014.0,514.8,964.9,388.5,-0.78,-3.13,3.23,-7.67
684,22.8,110,0,person,0.748,756.9,228.8,888.2,502.2,822.5,365.5,-0.46,2.69,2.73,2.07
684,22.8,134,0,person,0.597,1132.2,337.4,1218.5,561.4,1175.3,449.4,-1.36,0.08,1.36,0.12
685,22.833,1,0,person,0.758,85.5,467.2,234.3,573.8,159.9,520.5,-0.88,0.17,0.89,0.49
685,22.833,5,0,person,0.56,602.7,218.7,697.4,453.5,650.0,336.1,0.57,-4.11,4.15,2.65
685,22.833,119,0,person,0.813,501.8,276.9,645.4,457.7,573.6,367.3,10.11,0.69,10.13,1.71
685,22.833,122,0,person,0.816,897.0,263.7,1006.3,539.4,951.7,401.5,-13.25,13.06,18.61,16.19
685,22.833,110,0,person,0.77,754.3,236.3,882.6,502.7,818.4,369.5,-4.09,4.06,5.76,1.37
685,22.833,134,0,person,0.635,1131.4,336.6,1217.4,559.5,1174.4,448.1,-0.91,-1.31,1.6,-1.39
686,22.867,1,0,person,0.755,85.0,467.9,233.1,574.0,159.1,521.0,-0.81,0.41,0.91,0.24
686,22.867,5,0,person,0.513,605.8,218.6,700.4,453.1,653.1,335.9,3.07,-0.21,3.08,3.89
686,22.867,119,0,person,0.813,510.1,275.5,658.1,457.9,584.1,366.7,10.52,-0.57,10.54,-1.25
686,22.867,122,0,person,0.81,889.9,263.7,1005.4,549.9,947.7,406.8,-4.01,5.29,6.64,-7.77
686,22.867,110,0,person,0.735,757.0,243.5,883.6,502.6,820.3,373.1,1.86,3.55,4.0,-0.51
686,22.867,134,0,person,0.66,1131.3,336.0,1217.3,558.3,1174.3,447.1,-0.14,-0.92,0.93,0.39
687,22.9,1,0,person,0.763,84.5,468.0,232.5,574.0,158.5,521.0,-0.56,0.07,0.56,-0.34
687,22.9,5,0,person,0.504,607.1,219.0,700.8,451.8,654.0,335.4,0.88,-0.48,1.0,-0.27
687,22.9,119,0,person,0.831,511.5,275.1,662.5,458.0,587.0,366.5,2.86,-0.19,2.87,0.37
687,22.9,122,0,person,0.799,885.9,263.9,1004.5,552.8,945.2,408.4,-2.45,1.55,2.89,-3.75
687,22.9,110,0,person,0.75,756.9,252.7,880.4,502.2,818.7,377.4,-1.66,4.38,4.68,0.83
687,22.9,134,0,person,0.622,1131.2,336.7,1216.3,556.1,1173.8,446.4,-0.52,-0.78,0.94,0.14
688,22.933,1,0,person,0.772,83.8,467.7,232.0,574.0,157.9,520.8,-0.65,-0.17,0.67,-0.24
688,22.933,5,0,person,0.35,607.4,219.2,699.5,448.2,653.4,333.7,-0.55,-1.72,1.81,-1.24
688,22.933,119,0,person,0.85,517.1,275.0,669.7,456.2,593.4,365.6,6.42,-0.92,6.49,-0.73
688,22.933,122,0,person,0.798,883.2,263.6,1004.5,554.6,943.9,409.1,-1.35,0.71,1.52,-0.83
688,22.933,110,0,person,0.737,755.8,242.3,886.0,501.9,820.9,372.1,2.26,-5.36,5.81,-9.74
688,22.933,134,0,person,0.57,1131.8,337.2,1215.4,551.8,1173.6,444.5,-0.16,-1.87,1.88,-1.09
689,22.967,1,0,person,0.791,82.7,467.4,231.0,574.0,156.8,520.7,-1.02,-0.16,1.03,0.01
689,22.967,5,0,person,0.329,609.2,219.5,698.9,442.2,654.0,330.9,0.61,-2.81,2.88,-1.09
689,22.967,119,0,person,0.874,525.4,275.8,679.4,454.5,602.4,365.1,8.98,-0.47,8.99,0.45
689,22.967,122,0,person,0.795,881.7,263.6,1004.8,554.6,943.3,409.1,-0.6,0.01,0.6,-0.7
689,22.967,110,0,person,0.784,754.5,235.2,888.9,501.0,821.7,368.1,0.81,-4.0,4.08,1.36
689,22.967,134,0,person,0.499,1131.4,338.0,1214.4,550.2,1172.9,444.1,-0.73,-0.35,0.81,1.52
690,23.0,1,0,person,0.763,81.5,466.6,230.3,573.7,155.9,520.2,-0.92,-0.54,1.07,-0.38
690,23.0,119,0,person,0.847,533.4,276.3,690.0,454.0,611.7,365.2,9.3,0.06,9.3,0.53
690,23.0,122,0,person,0.797,880.7,262.3,1005.9,554.1,943.3,408.2,0.0,-0.89,0.89,-0.9
690,23.0,110,0,person,0.813,754.3,231.5,891.7,501.0,823.0,366.2,1.29,-1.88,2.28,2.12
690,23.0,134,0,person,0.494,1131.6,337.2,1214.0,546.8,1172.8,442.0,-0.08,-2.11,2.11,-1.76
691,23.033,1,0,person,0.747,80.3,466.1,229.4,573.7,154.9,519.9,-1.04,-0.22,1.06,0.32
691,23.033,119,0,person,0.838,542.0,277.3,701.6,455.0,621.8,366.1,10.13,0.96,10.18,0.9
691,23.033,122,0,person,0.829,880.5,261.9,1007.5,554.1,944.0,408.0,0.74,-0.22,0.77,0.67
691,23.033,110,0,person,0.773,758.0,226.4,898.1,500.1,828.1,363.2,5.05,-2.99,5.87,-1.11
691,23.033,134,0,person,0.536,1130.8,336.5,1213.9,546.6,1172.4,441.6,-0.43,-0.46,0.63,1.65
692,23.067,1,0,person,0.707,77.5,466.2,227.0,574.1,152.2,520.1,-2.64,0.22,2.65,0.44
692,23.067,119,0,person,0.876,549.0,277.9,712.5,457.3,630.8,367.6,8.95,1.44,9.06,0.48
692,23.067,122,0,person,0.859,880.6,262.4,1009.2,553.8,944.9,408.1,0.86,0.11,0.86,0.33
692,23.067,110,0,person,0.675,762.7,226.1,900.5,494.4,831.6,360.3,3.51,-2.96,4.59,0.03
692,23.067,134,0,person,0.487,1129.4,335.5,1214.4,550.1,1171.9,442.8,-0.43,1.24,1.31,1.7
693,23.1,1,0,person,0.736,74.2,465.5,224.8,574.3,149.5,519.9,-2.73,-0.23,2.74,-0.45
693,23.1,119,0,person,0.86,554.3,278.3,720.2,458.8,637.2,368.6,6.49,0.98,6.56,-0.46
693,23.1,122,0,person,0.86,880.6,262.0,1011.0,553.3,945.8,407.7,0.91,-0.44,1.01,-0.55
693,23.1,110,0,person,0.587,765.6,221.4,904.0,492.7,834.8,357.1,3.22,-3.19,4.53,-0.23
693,23.1,134,0,person,0.43,1126.7,329.9,1215.0,553.6,1170.8,441.7,-1.08,-1.07,1.51,-2.3
694,23.133,1,0,person,0.739,70.9,464.6,222.9,574.6,146.9,519.6,-2.66,-0.34,2.68,-0.11
694,23.133,119,0,person,0.865,554.7,278.1,722.6,459.3,638.7,368.7,1.41,0.12,1.41,-0.86
694,23.133,122,0,person,0.849,879.0,261.5,1011.4,553.1,945.2,407.3,-0.53,-0.36,0.65,0.08
694,23.133,110,0,person,0.636,768.5,221.2,905.9,492.0,837.2,356.6,2.4,-0.44,2.44,2.75
694,23.133,134,0,person,0.422,1124.9,322.9,1215.8,554.3,1170.3,438.6,-0.52,-3.16,3.2,-2.09
695,23.167,1,0,person,0.74,69.6,464.5,221.3,574.5,145.5,519.5,-1.4,-0.06,1.4,0.28
695,23.167,119,0,person,0.833,559.9,277.7,728.8,459.5,644.4,368.6,5.71,-0.03,5.71,-0.14
695,23.167,122,0,person,0.867,877.9,261.9,1011.9,553.2,944.9,407.6,-0.34,0.26,0.43,0.62
695,23.167,110,0,person,0.616,775.7,219.3,910.9,489.9,843.3,354.6,6.13,-2.02,6.46,-1.58
695,23.167,134,0,person,0.407,1123.7,318.9,1215.7,554.6,1169.7,436.8,-0.62,-1.81,1.91,1.35
696,23.2,1,0,person,0.729,69.5,465.0,220.5,574.5,145.0,519.8,-0.45,0.25,0.52,0.31
696,23.2,119,0,person,0.81,566.0,278.9,735.3,461.7,650.6,370.3,6.25,1.62,6.46,1.65
696,23.2,122,0,person,0.874,878.1,262.6,1013.4,553.1,945.8,407.9,0.86,0.33,0.92,0.07
696,23.2,110,0,person,0.695,782.9,217.8,916.0,489.1,849.5,353.5,6.17,-1.15,6.28,0.87
696,23.2,134,0,person,0.454,1123.5,316.7,1216.3,555.6,1169.9,436.1,0.18,-0.63,0.66,1.17
697,23.233,1,0,person,0.72,70.4,465.9,220.3,574.5,145.3,520.2,0.35,0.42,0.54,0.17
697,23.233,119,0,person,0.818,573.6,281.4,741.5,464.2,657.5,372.8,6.91,2.52,7.36,0.9
697,23.233,122,0,person,0.86,878.9,263.5,1015.3,553.0,947.1,408.3,1.36,0.38,1.41,0.05
697,23.233,110,0,person,0.595,789.1,216.4,919.2,486.3,854.2,351.3,4.66,-2.13,5.13,-0.98
697,23.233,134,0,person,0.389,1125.2,319.1,1216.3,554.2,1170.8,436.7,0.89,0.52,1.03,1.15
698,23.267,1,0,person,0.725,72.2,466.8,221.0,574.5,146.6,520.6,1.24,0.47,1.33,0.05
698,23.267,119,0,person,0.754,580.4,281.2,748.2,466.6,664.3,373.9,6.78,1.11,6.87,-1.4
698,23.267,122,0,person,0.819,880.1,264.3,1017.6,552.9,948.9,408.6,1.74,0.32,1.77,-0.06
698,23.267,110,0,person,0.607,798.3,222.7,922.2,482.9,860.3,352.8,6.12,1.51,6.3,3.63
698,23.267,134,0,person,0.43,1127.7,326.2,1215.5,551.7,1171.6,438.9,0.85,2.25,2.41,1.73
699,23.3,1,0,person,0.73,75.6,468.0,222.7,574.2,149.1,521.1,2.54,0.45,2.58,-0.02
699,23.3,119,0,person,0.74,585.2,280.2,753.3,469.2,669.2,374.7,4.91,0.82,4.98,-0.29
699,23.3,122,0,person,0.777,881.5,266.9,1018.8,552.0,950.2,409.5,1.34,0.87,1.59,0.55
699,23.3,110,0,person,0.686,800.9,228.0,924.4,489.6,862.7,358.8,2.38,5.95,6.41,4.44
699,23.3,134,0,person,0.447,1129.9,333.5,1216.1,553.5,1173.0,443.5,1.38,4.58,4.79,2.33
700,23.333,1,0,person,0.729,78.8,469.2,224.3,574.2,151.6,521.7,2.44,0.57,2.51,0.11
700,23.333,119,0,person,0.765,587.9,280.1,755.1,471.0,671.5,375.5,2.29,0.79,2.42,-0.03
700,23.333,122,0,person,0.787,882.8,269.5,1020.5,551.9,951.6,410.7,1.46,1.28,1.94,0.41
700,23.333,110,0,person,0.712,796.2,228.6,921.4,493.0,858.8,360.8,-3.85,1.98,4.33,-3.97
700,23.333,134,0,person,0.428,1131.3,334.0,1218.1,555.2,1174.7,444.6,1.7,1.1,2.03,-3.48
701,23.367,1,0,person,0.736,81.7,469.8,226.1,574.1,153.9,521.9,2.32,0.26,2.34,-0.3
701,23.367,119,0,person,0.636,593.2,279.6,762.3,474.7,677.8,377.2,6.24,1.66,6.46,0.87
701,23.367,122,0,person,0.791,886.6,270.7,1025.4,552.7,956.0,411.7,4.36,0.96,4.47,-0.32
701,23.367,110,0,person,0.58,797.1,233.2,922.3,497.8,859.7,365.5,0.87,4.75,4.83,2.77
701,23.367,134,0,person,0.474,1132.4,333.5,1219.8,556.5,1176.1,445.0,1.35,0.43,1.42,-0.67
702,23.4,1,0,person,0.733,83.7,470.1,227.6,574.0,155.7,522.1,1.77,0.13,1.78,-0.13
702,23.4,119,0,person,0.652,601.0,281.3,766.6,476.1,683.8,378.7,6.05,1.53,6.24,-0.13
702,23.4,122,0,person,0.801,904.7,272.2,1040.4,553.7,972.5,412.9,16.52,1.22,16.56,0.27
702,23.4,110,0,person,0.574,808.8,234.9,931.7,498.1,870.3,366.5,10.58,0.98,10.62,-3.77
702,23.4,134,0,person,0.533,1133.5,334.6,1221.1,558.1,1177.3,446.3,1.26,1.31,1.82,0.88
703,23.433,1,0,person,0.726,85.2,470.8,227.9,573.8,156.5,522.3,0.84,0.26,0.88,0.12
703,23.433,119,0,person,0.61,611.9,282.5,773.4,475.9,692.6,379.2,8.83,0.5,8.85,-1.03
703,23.433,122,0,person,0.835,913.3,273.0,1045.9,553.5,979.6,413.3,7.08,0.35,7.09,-0.87
703,23.433,110,0,person,0.453,805.1,239.0,931.3,507.8,868.2,373.4,-2.04,6.89,7.18,5.91
703,23.433,134,0,person,0.518,1134.5,335.8,1222.0,559.3,1178.3,447.6,0.93,1.22,1.54,-0.09
704,23.467,1,0,person,0.729,86.2,471.3,228.2,573.8,157.2,522.6,0.7,0.25,0.74,-0.0
704,23.467,119,0,person,0.658,622.2,283.6,779.8,475.5,701.0,379.6,8.33,0.37,8.34,-0.13
704,23.467,122,0,person,0.85,919.2,274.0,1048.8,553.2,984.0,413.6,4.43,0.34,4.44,-0.01
704,23.467,110,0,person,0.645,820.4,236.4,945.0,505.8,882.7,371.1,14.47,-2.25,14.64,-9.13
704,23.467,134,0,person,0.547,1135.0,337.6,1222.0,559.6,1178.5,448.6,0.24,1.06,1.08,-0.16
705,23.5,1,0,person,0.746,87.0,471.6,228.5,573.8,157.8,522.7,0.55,0.13,0.56,-0.13
705,23.5,119,0,person,0.642,632.4,284.4,787.5,476.7,709.9,380.6,8.97,1.0,9.03,0.63
705,23.5,122,0,person,0.859,923.3,274.5,1050.2,553.1,986.7,413.8,2.7,0.17,2.71,-0.17
705,23.5,110,0,person,0.69,830.5,235.8,953.0,502.9,891.8,369.3,9.09,-1.82,9.27,0.43
705,23.5,134,0,person,0.488,1135.4,339.2,1221.9,559.7,1178.6,449.4,0.14,0.83,0.84,-0.23
705,23.5,5,0,person,0.584,603.5,220.3,704.6,468.0,654.0,344.2,0.0,0.83,0.83,0.23
706,23.533,1,0,person,0.765,88.4,471.9,229.4,573.6,158.9,522.8,1.1,0.09,1.11,-0.04
706,23.533,119,0,person,0.649,632.0,281.9,789.0,479.0,710.5,380.4,0.54,-0.15,0.56,-1.14
706,23.533,122,0,person,0.842,926.4,274.8,1051.1,553.4,988.7,414.1,2.0,0.33,2.02,0.16
706,23.533,110,0,person,0.734,834.0,232.8,956.6,502.7,895.3,367.8,3.55,-1.56,3.88,0.26
706,23.533,134,0,person,0.451,1136.7,340.8,1222.6,559.6,1179.7,450.2,1.02,0.77,1.28,-0.05
706,23.533,5,0,person,0.614,606.2,220.8,710.2,469.9,658.2,345.3,4.13,1.18,4.3,0.35
707,23.567,1,0,person,0.752,89.8,472.5,229.9,573.6,159.8,523.1,0.99,0.26,1.02,0.18
707,23.567,119,0,person,0.751,638.6,283.9,793.2,479.0,715.9,381.4,5.42,1.02,5.52,1.17
707,23.567,122,0,person,0.784,926.9,274.9,1050.2,553.1,988.6,414.0,-0.17,-0.12,0.21,-0.45
707,23.567,110,0,person,0.751,836.1,234.3,959.9,508.6,898.0,371.5,2.68,3.69,4.56,5.24
707,23.567,134,0,person,0.416,1137.6,342.7,1222.8,559.5,1180.2,451.1,0.58,0.88,1.05,0.11
707,23.567,5,0,person,0.556,608.7,220.9,717.1,474.7,662.9,347.8,4.76,2.47,5.36,1.29
708,23.6,1,0,person,0.761,90.3,472.8,230.1,573.6,160.2,523.2,0.35,0.16,0.38,-0.11
708,23.6,119,0,person,0.621,653.2,285.4,805.8,479.4,729.5,382.4,13.58,0.98,13.61,-0.04
708,23.6,122,0,person,0.785,927.9,274.8,1050.3,552.9,989.1,413.8,0.51,-0.17,0.54,-0.05
708,23.6,110,0,person,0.752,838.4,237.0,962.0,511.5,900.2,374.3,2.18,2.82,3.56,-0.87
708,23.6,134,0,person,0.393,1138.0,344.7,1222.6,559.3,1180.3,452.0,0.09,0.87,0.88,-0.01
708,23.6,5,0,person,0.519,610.8,220.8,722.8,477.0,666.8,348.9,3.85,1.05,3.99,-1.41
708,23.6,139,36,skateboard,0.396,940.1,444.0,1017.6,551.7,978.8,497.9,0.0,0.0,0.0,0.0
709,23.633,1,0,person,0.766,89.9,473.0,229.6,573.6,159.8,523.3,-0.43,0.08,0.44,-0.07
709,23.633,119,0,person,0.589,657.8,287.1,809.6,481.0,733.7,384.0,4.23,1.62,4.53,0.64
709,23.633,122,0,person,0.765,929.4,274.8,1050.5,552.6,989.9,413.7,0.87,-0.11,0.88,0.05
709,23.633,110,0,person,0.766,844.2,237.1,967.3,511.2,905.7,374.1,5.55,-0.12,5.56,-2.94
709,23.633,134,0,person,0.43,1137.9,344.7,1222.7,559.7,1180.3,452.2,-0.0,0.2,0.2,-0.67
709,23.633,5,0,person,0.587,605.5,220.2,718.1,479.5,661.8,349.9,-4.96,0.99,5.06,-0.06
709,23.633,139,36,skateboard,0.658,939.4,443.2,1017.3,551.4,978.4,497.3,-0.46,-0.61,0.77,-0.61
710,23.667,1,0,person,0.764,88.7,472.8,228.9,573.7,158.8,523.3,-0.96,-0.03,0.96,-0.11
710,23.667,119,0,person,0.706,665.7,288.5,814.6,479.8,740.2,384.2,6.47,0.15,6.47,-1.47
710,23.667,122,0,person,0.768,929.4,274.1,1049.6,552.3,989.5,413.2,-0.46,-0.47,0.66,-0.35
710,23.667,110,0,person,0.759,850.3,236.5,972.4,510.5,911.3,373.5,5.6,-0.67,5.64,-0.55
710,23.667,134,0,person,0.44,1137.5,344.3,1222.4,559.4,1179.9,451.9,-0.38,-0.32,0.5,-0.52
710,23.667,5,0,person,0.361,601.7,222.1,712.8,481.0,657.2,351.6,-4.58,1.7,4.89,0.71
710,23.667,139,36,skateboard,0.519,938.4,442.8,1015.4,549.8,976.9,496.3,-1.44,-1.0,1.75,-0.39
711,23.7,1,0,person,0.743,87.3,472.7,227.7,573.8,157.5,523.3,-1.27,0.02,1.27,0.05
711,23.7,119,0,person,0.623,684.6,288.9,827.8,476.3,756.2,382.6,16.07,-1.56,16.15,-1.71
711,23.7,122,0,person,0.808,929.2,273.6,1048.9,552.6,989.0,413.1,-0.44,-0.17,0.47,0.3
711,23.7,110,0,person,0.795,853.6,232.3,976.6,510.5,915.1,371.4,3.75,-2.06,4.28,-1.39
711,23.7,134,0,person,0.49,1136.7,343.2,1222.1,559.4,1179.4,451.3,-0.51,-0.54,0.74,-0.22
711,23.7,5,0,person,0.407,600.6,220.7,711.5,480.3,656.1,350.5,-1.16,-1.08,1.58,-2.78
712,23.733,1,0,person,0.73,85.8,472.6,226.6,573.9,156.2,523.2,-1.31,-0.04,1.31,-0.06
712,23.733,119,0,person,0.579,687.4,288.8,829.5,478.0,758.4,383.4,2.2,0.76,2.33,2.32
712,23.733,122,0,person,0.81,928.5,272.4,1047.6,551.4,988.1,411.9,-0.99,-1.17,1.53,-1.0
712,23.733,110,0,person,0.799,854.8,231.5,977.4,510.4,916.1,370.9,1.01,-0.49,1.12,1.57
712,23.733,134,0,person,0.566,1136.5,345.4,1221.3,559.7,1178.9,452.6,-0.55,1.26,1.37,1.8
712,23.733,5,0,person,0.517,600.5,220.6,710.3,478.7,655.4,349.6,-0.7,-0.84,1.09,0.24
713,23.767,1,0,person,0.715,84.4,472.2,225.8,573.9,155.1,523.0,-1.15,-0.22,1.17,-0.18
713,23.767,119,0,person,0.76,697.0,288.5,836.3,477.0,766.7,382.8,8.22,-0.65,8.25,-1.41
713,23.767,122,0,person,0.8,928.6,271.3,1047.5,551.3,988.0,411.3,-0.01,-0.59,0.59,0.59
713,23.767,110,0,person,0.751,855.7,232.8,978.4,512.7,917.1,372.7,0.96,1.83,2.07,2.32
713,23.767,134,0,person,0.48,1135.9,347.3,1220.2,559.8,1178.0,453.5,-0.86,0.97,1.3,-0.28
713,23.767,5,0,person,0.469,600.5,220.0,710.4,478.8,655.4,349.4,0.06,-0.23,0.23,0.62
714,23.8,1,0,person,0.733,83.5,472.1,225.2,573.9,154.4,523.0,-0.7,-0.03,0.7,0.18
714,23.8,119,0,person,0.742,707.8,288.9,845.0,476.6,776.4,382.8,9.78,0.0,9.78,0.65
714,23.8,122,0,person,0.787,931.1,271.0,1048.3,548.5,989.7,409.8,1.67,-1.55,2.28,-0.96
714,23.8,110,0,person,0.702,856.2,233.3,978.5,511.3,917.3,372.3,0.28,-0.44,0.52,-2.27
714,23.8,134,0,person,0.481,1135.3,346.5,1219.9,559.5,1177.6,453.0,-0.41,-0.52,0.66,-1.5
714,23.8,5,0,person,0.484,600.0,219.9,709.8,478.4,654.9,349.1,-0.55,-0.3,0.63,-0.07
715,23.833,1,0,person,0.717,82.6,472.1,224.4,574.0,153.5,523.0,-0.87,0.05,0.87,0.08
715,23.833,119,0,person,0.678,723.9,289.7,859.2,476.0,791.5,382.8,15.09,0.09,15.09,0.09
715,23.833,122,0,person,0.757,934.3,269.9,1050.5,547.4,992.4,408.6,2.7,-1.12,2.92,0.43
715,23.833,110,0,person,0.702,856.8,232.2,979.7,510.3,918.3,371.3,0.92,-1.06,1.4,-0.62
715,23.833,134,0,person,0.52,1135.3,347.3,1219.9,559.5,1177.6,453.4,-0.02,0.37,0.37,0.9
715,23.833,5,0,person,0.326,599.5,221.7,708.0,477.9,653.7,349.8,-1.15,0.69,1.34,0.98
716,23.867,1,0,person,0.732,82.2,472.1,223.9,574.0,153.1,523.0,-0.43,-0.01,0.43,-0.07
716,23.867,119,0,person,0.755,732.2,288.0,867.8,475.7,800.0,381.8,8.46,-1.02,8.52,-1.11
716,23.867,122,0,person,0.736,938.5,268.6,1052.6,544.4,995.5,406.5,3.12,-2.11,3.76,-0.98
716,23.867,110,0,person,0.546,861.9,238.4,979.1,502.1,920.5,370.3,2.2,-0.99,2.42,0.07
716,23.867,134,0,person,0.44,1135.2,348.1,1219.6,559.4,1177.4,453.8,-0.18,0.37,0.41,0.0
716,23.867,5,0,person,0.371,598.1,223.6,705.2,478.2,651.7,350.9,-2.06,1.08,2.33,0.39
717,23.9,1,0,person,0.748,81.2,471.6,223.3,573.8,152.3,522.7,-0.8,-0.31,0.86,-0.3
717,23.9,119,0,person,0.655,741.6,286.5,877.4,476.1,809.5,381.3,9.5,-0.52,9.52,0.5
717,23.9,122,0,person,0.711,939.2,267.3,1052.4,542.8,995.8,405.1,0.29,-1.46,1.49,0.64
717,23.9,110,0,person,0.453,867.8,234.0,976.3,471.9,922.0,352.9,1.57,-17.35,17.42,-16.35
717,23.9,134,0,person,0.439,1134.5,345.4,1219.9,559.1,1177.2,452.3,-0.2,-1.49,1.51,-1.87
717,23.9,5,0,person,0.648,597.4,222.6,704.1,477.7,650.8,350.1,-0.92,-0.73,1.17,-1.81
718,23.933,1,0,person,0.743,79.9,471.3,222.4,573.6,151.2,522.5,-1.12,-0.24,1.15,0.07
718,23.933,119,0,person,0.705,743.7,285.9,878.9,476.3,811.3,381.1,1.8,-0.22,1.82,0.3
718,23.933,122,0,person,0.746,939.4,266.5,1052.4,543.2,995.9,404.8,0.1,-0.21,0.24,1.25
718,23.933,110,0,person,0.499,868.0,233.9,974.1,460.9,921.1,347.4,-0.98,-5.5,5.58,11.85
718,23.933,134,0,person,0.537,1133.6,340.4,1220.6,558.5,1177.1,449.5,-0.12,-2.81,2.82,-1.32
718,23.933,5,0,person,0.606,597.0,221.5,703.3,476.9,650.2,349.2,-0.6,-0.96,1.13,-0.23
718,23.933,140,0,person,0.325,148.7,217.0,288.7,513.4,218.7,365.2,0.0,0.0,0.0,0.0
719,23.967,1,0,person,0.739,79.0,471.0,222.1,573.6,150.6,522.3,-0.59,-0.16,0.61,0.08
719,23.967,119,0,person,0.657,748.4,285.0,883.8,476.7,816.1,380.9,4.83,-0.21,4.84,0.01
719,23.967,122,0,person,0.704,942.5,265.9,1054.1,541.9,998.3,403.9,2.36,-0.99,2.56,-0.78
719,23.967,110,0,person,0.465,869.2,233.0,975.4,454.5,922.3,343.7,1.23,-3.68,3.88,1.82
719,23.967,134,0,person,0.596,1133.9,340.6,1220.8,558.4,1177.3,449.5,0.21,0.06,0.22,2.87
719,23.967,5,0,person,0.587,596.3,222.4,701.4,476.6,648.8,349.5,-1.32,0.3,1.36,1.26
720,24.0,1,0,person,0.735,78.4,470.7,221.8,573.5,150.1,522.1,-0.44,-0.18,0.48,-0.02
720,24.0,119,0,person,0.729,757.8,285.0,892.5,476.5,825.2,380.7,9.06,-0.13,9.06,0.08
720,24.0,122,0,person,0.699,946.6,263.0,1057.4,540.7,1002.0,401.9,3.71,-2.0,4.21,-1.0
720,24.0,110,0,person,0.34,874.3,231.3,980.6,449.8,927.4,340.5,5.13,-3.22,6.06,0.46
720,24.0,134,0,person,0.521,1134.6,341.2,1221.5,558.5,1178.1,449.9,0.73,0.35,0.81,0.29
720,24.0,5,0,person,0.436,595.8,223.3,699.9,476.8,647.9,350.1,-0.97,0.57,1.12,0.27
720,24.0,140,0,person,0.314,135.2,214.5,277.2,516.1,206.2,365.3,-6.24,0.07,6.24,0.03
721,24.033,1,0,person,0.723,78.5,470.9,221.7,573.5,150.1,522.2,0.02,0.09,0.09,0.27
721,24.033,119,0,person,0.745,768.9,284.1,904.1,475.9,836.5,380.0,11.33,-0.74,11.36,-0.62
721,24.033,122,0,person,0.606,952.8,261.2,1060.3,535.6,1006.6,398.4,4.57,-3.43,5.71,-1.43
721,24.033,110,0,person,0.504,880.7,230.6,987.0,448.5,933.8,339.5,6.42,-0.97,6.49,2.25
721,24.033,134,0,person,0.565,1134.9,339.7,1222.3,558.5,1178.6,449.1,0.55,-0.78,0.96,-1.13
721,24.033,5,0,person,0.436,596.2,223.3,699.8,477.2,648.0,350.2,0.14,0.18,0.23,-0.38
721,24.033,140,0,person,0.311,135.3,213.7,276.5,515.8,205.9,364.8,-0.32,-0.54,0.63,-0.61
722,24.067,1,0,person,0.733,79.5,471.4,222.5,573.6,151.0,522.5,0.86,0.26,0.9,0.17
722,24.067,119,0,person,0.715,777.2,282.5,914.3,477.6,845.7,380.0,9.23,0.05,9.23,0.79
722,24.067,122,0,person,0.34,959.9,262.4,1061.0,523.6,1010.5,393.0,3.92,-5.42,6.69,-1.99
722,24.067,110,0,person,0.434,885.1,231.0,990.7,449.0,937.9,340.0,4.06,0.46,4.09,1.43
722,24.067,134,0,person,0.381,1135.7,339.9,1222.8,558.0,1179.3,449.0,0.65,-0.12,0.66,0.66
722,24.067,5,0,person,0.464,597.9,222.6,701.4,477.9,649.6,350.2,1.63,-0.03,1.63,-0.21
723,24.1,1,0,person,0.752,81.1,471.9,223.4,573.6,152.2,522.8,1.22,0.28,1.25,0.01
723,24.1,119,0,person,0.762,780.1,283.0,917.9,479.8,849.0,381.4,3.24,1.39,3.53,1.35
723,24.1,122,0,person,0.358,964.0,263.7,1062.8,521.2,1013.4,392.4,2.91,-0.58,2.97,4.83
723,24.1,110,0,person,0.458,887.7,232.6,992.5,450.6,940.1,341.6,2.22,1.59,2.73,1.13
723,24.1,5,0,person,0.549,600.6,221.2,704.9,479.2,652.7,350.2,3.11,-0.0,3.11,0.02
724,24.133,1,0,person,0.74,83.3,472.5,225.0,573.6,154.2,523.0,1.94,0.25,1.95,-0.02
724,24.133,119,0,person,0.775,791.3,283.7,929.0,479.0,860.1,381.4,11.15,-0.08,11.15,-1.47
724,24.133,122,0,person,0.347,969.5,281.8,1059.9,515.3,1014.7,398.6,1.28,6.12,6.25,6.7
724,24.133,5,0,person,0.543,601.6,221.9,705.5,479.9,653.6,350.9,0.82,0.71,1.08,0.71
724,24.133,134,0,person,0.328,1138.8,344.7,1224.4,558.0,1181.6,451.4,1.19,1.21,1.7,0.67
725,24.167,1,0,person,0.759,84.4,472.5,226.2,573.5,155.3,523.0,1.1,0.02,1.1,-0.23
725,24.167,119,0,person,0.699,799.0,283.8,937.5,479.2,868.3,381.5,8.11,0.16,8.11,0.24
725,24.167,5,0,person,0.467,602.8,220.7,707.0,479.9,654.9,350.3,1.33,-0.62,1.47,-1.33
725,24.167,134,0,person,0.412,1139.3,340.9,1226.3,558.0,1182.8,449.4,1.18,-1.95,2.28,-3.16
726,24.2,1,0,person,0.776,84.6,472.2,227.2,573.7,155.9,522.9,0.66,-0.09,0.66,-0.11
726,24.2,119,0,person,0.701,810.2,283.7,951.0,480.6,880.6,382.1,12.35,0.62,12.37,0.45
726,24.2,5,0,person,0.507,602.8,220.7,706.8,480.4,654.8,350.6,-0.08,0.26,0.27,0.88
726,24.2,134,0,person,0.465,1139.2,339.8,1226.5,558.0,1182.9,448.9,0.06,-0.52,0.52,1.43
726,24.2,122,0,person,0.432,977.4,287.8,1063.3,509.9,1020.3,398.8,2.84,0.15,2.84,-2.99
727,24.233,1,0,person,0.768,85.0,472.1,228.1,573.9,156.5,523.0,0.59,0.04,0.6,0.13
727,24.233,119,0,person,0.552,824.6,284.3,966.3,480.6,895.5,382.5,14.88,0.32,14.88,-0.3
727,24.233,5,0,person,0.401,602.9,220.0,706.9,480.3,654.9,350.1,0.1,-0.41,0.42,-0.67
728,24.267,1,0,person,0.75,85.5,472.4,228.5,574.0,157.0,523.2,0.46,0.23,0.52,0.19
728,24.267,119,0,person,0.524,835.3,283.2,978.6,479.4,906.9,381.3,11.46,-1.19,11.52,-1.5
728,24.267,5,0,person,0.537,603.7,218.6,707.8,480.1,655.7,349.3,0.83,-0.82,1.16,-0.4
729,24.3,1,0,person,0.761,87.4,473.1,229.1,573.7,158.3,523.4,1.28,0.16,1.29,-0.07
729,24.3,119,0,person,0.52,829.9,281.1,982.1,480.3,906.0,380.7,-0.95,-0.61,1.13,0.57
729,24.3,5,0,person,0.382,604.4,219.3,708.0,480.1,656.2,349.7,0.45,0.38,0.59,1.19
730,24.333,1,0,person,0.747,88.2,473.3,229.4,573.6,158.8,523.4,0.56,0.07,0.56,-0.09
730,24.333,119,0,person,0.563,823.2,279.6,983.4,481.7,903.3,380.6,-2.71,-0.04,2.71,0.57
731,24.367,1,0,person,0.738,89.3,473.7,230.0,573.5,159.6,523.6,0.83,0.14,0.84,0.07
731,24.367,119,0,person,0.715,847.1,282.1,1006.0,483.4,926.5,382.7,23.26,2.1,23.35,2.14
731,24.367,134,0,person,0.302,1140.1,343.2,1226.7,559.4,1183.4,451.3,0.12,0.47,0.49,0.2
731,24.367,5,0,person,0.697,604.6,217.9,708.4,480.4,656.5,349.2,0.14,-0.28,0.31,-0.33
732,24.4,1,0,person,0.738,89.9,473.9,230.1,573.4,160.0,523.7,0.38,0.07,0.38,-0.07
732,24.4,119,0,person,0.633,864.9,285.9,1021.1,485.6,943.0,385.8,16.49,3.05,16.77,0.96
732,24.4,134,0,person,0.491,1140.0,340.2,1227.7,559.4,1183.8,449.8,0.39,-1.51,1.56,-1.98
732,24.4,5,0,person,0.667,604.9,218.0,708.4,480.8,656.6,349.4,0.17,0.24,0.29,0.51
732,24.4,140,0,person,0.371,140.5,221.8,290.8,527.9,215.7,374.9,0.89,0.92,1.28,0.13
733,24.433,1,0,person,0.748,90.7,474.3,230.2,573.4,160.4,523.8,0.42,0.19,0.46,0.12
733,24.433,119,0,person,0.62,877.2,289.9,1025.3,481.1,951.3,385.5,8.21,-0.26,8.22,-3.32
733,24.433,134,0,person,0.509,1140.5,341.0,1227.8,559.7,1184.2,450.4,0.35,0.6,0.69,2.11
733,24.433,5,0,person,0.722,604.5,217.6,707.9,481.4,656.2,349.5,-0.42,0.09,0.43,-0.15
733,24.433,140,0,person,0.445,136.9,224.6,291.9,527.0,214.4,375.8,-1.26,0.93,1.56,0.01
733,24.433,122,0,person,0.479,986.7,258.1,1061.4,440.5,1024.0,349.3,0.53,-7.08,7.1,-1.03
734,24.467,1,0,person,0.732,91.4,474.5,230.5,573.3,161.0,523.9,0.51,0.03,0.51,-0.17
734,24.467,119,0,person,0.608,885.8,290.1,1031.9,482.9,958.8,386.5,7.59,0.95,7.65,1.21
734,24.467,134,0,person,0.533,1141.0,343.1,1227.5,559.7,1184.2,451.4,0.03,1.05,1.05,0.45
734,24.467,5,0,person,0.712,604.5,216.9,707.4,481.2,656.0,349.0,-0.25,-0.45,0.51,-0.53
734,24.467,140,0,person,0.483,134.3,221.7,295.9,526.4,215.1,374.0,0.67,-1.75,1.87,-2.67
734,24.467,122,0,person,0.439,990.1,257.3,1066.2,438.8,1028.2,348.1,4.13,-1.22,4.3,5.86
735,24.5,1,0,person,0.703,91.9,474.6,230.8,573.3,161.4,523.9,0.41,0.06,0.42,0.04
735,24.5,119,0,person,0.692,892.0,291.2,1044.4,498.4,968.2,394.8,9.37,8.34,12.54,7.39
735,24.5,134,0,person,0.497,1141.4,345.2,1227.2,559.8,1184.3,452.5,0.08,1.13,1.13,0.08
735,24.5,5,0,person,0.666,602.5,198.5,711.0,481.1,656.7,339.8,0.77,-9.26,9.29,-8.81
735,24.5,140,0,person,0.44,132.4,217.4,300.5,526.0,216.5,371.7,1.37,-2.35,2.72,-0.61
735,24.5,122,0,person,0.386,994.5,257.6,1072.3,441.2,1033.4,349.4,5.21,1.29,5.37,2.51
736,24.533,1,0,person,0.694,92.6,475.0,231.1,573.3,161.9,524.1,0.49,0.2,0.53,0.13
736,24.533,119,0,person,0.737,893.5,292.0,1049.4,510.5,971.5,401.2,3.27,6.43,7.21,-1.91
736,24.533,134,0,person,0.433,1142.0,348.5,1226.9,560.0,1184.4,454.2,0.14,1.69,1.69,0.56
736,24.533,5,0,person,0.688,603.1,197.5,711.1,481.7,657.1,339.6,0.37,-0.19,0.42,9.07
736,24.533,140,0,person,0.394,129.7,214.8,303.0,526.0,216.4,370.4,-0.1,-1.26,1.26,1.1
736,24.533,122,0,person,0.437,996.5,257.6,1075.2,442.2,1035.9,349.9,2.48,0.55,2.54,-0.74
736,24.533,143,0,person,0.663,821.1,241.1,976.2,515.8,898.7,378.4,0.0,0.0,0.0,0.0
737,24.567,1,0,person,0.694,93.1,475.5,231.2,573.4,162.1,524.4,0.29,0.31,0.43,0.11
737,24.567,119,0,person,0.631,904.0,291.7,1058.9,512.7,981.5,402.2,9.98,0.98,10.03,-5.45
737,24.567,134,0,person,0.549,1142.3,348.7,1227.2,560.0,1184.7,454.3,0.32,0.12,0.35,-1.57
737,24.567,5,0,person,0.665,604.6,205.0,708.9,481.2,656.8,343.1,-0.35,3.52,3.53,3.7
737,24.567,140,0,person,0.398,128.9,212.4,307.1,526.7,218.0,369.5,1.63,-0.89,1.86,0.37
737,24.567,122,0,person,0.406,1003.3,260.8,1079.3,440.1,1041.3,350.4,5.46,0.5,5.48,-0.06
737,24.567,143,0,person,0.789,817.9,240.2,975.9,520.2,896.9,380.2,-1.75,1.8,2.51,1.8
738,24.6,1,0,person,0.714,93.9,476.0,231.4,573.5,162.7,524.8,0.5,0.31,0.59,0.0
738,24.6,119,0,person,0.73,918.9,290.7,1067.0,506.2,993.0,398.4,11.5,-3.78,12.1,-4.76
738,24.6,134,0,person,0.531,1142.3,348.1,1227.5,559.8,1184.9,453.9,0.13,-0.41,0.43,-0.53
738,24.6,5,0,person,0.697,604.0,197.0,710.1,481.2,657.1,339.1,0.28,-4.02,4.03,-7.53
738,24.6,140,0,person,0.4,126.6,212.0,308.1,527.1,217.4,369.5,-0.64,-0.03,0.64,0.86
738,24.6,122,0,person,0.481,1008.9,258.9,1082.1,434.5,1045.5,346.7,4.18,-3.71,5.59,-4.2
738,24.6,143,0,person,0.649,833.0,241.1,992.0,525.0,912.5,383.0,15.59,2.82,15.84,1.02
739,24.633,1,0,person,0.709,94.6,476.6,231.6,573.5,163.1,525.0,0.45,0.27,0.53,-0.04
739,24.633,119,0,person,0.761,930.3,291.2,1075.6,506.6,1002.9,398.9,9.98,0.5,10.0,4.28
739,24.633,134,0,person,0.579,1142.6,349.7,1227.4,559.8,1185.0,454.7,0.11,0.8,0.81,1.21
739,24.633,5,0,person,0.682,606.9,206.9,709.4,481.6,658.2,344.2,1.11,5.11,5.23,9.13
739,24.633,140,0,person,0.413,125.0,211.5,309.4,526.8,217.2,369.2,-0.16,-0.34,0.38,-0.31
739,24.633,143,0,person,0.657,839.5,241.6,998.7,527.8,919.1,384.7,6.63,1.67,6.83,-1.15
740,24.667,1,0,person,0.712,95.3,477.3,231.7,573.5,163.5,525.4,0.41,0.38,0.56,0.11
740,24.667,119,0,person,0.645,941.4,291.3,1082.0,502.1,1011.7,396.7,8.77,-2.24,9.05,-2.74
740,24.667,134,0,person,0.559,1142.6,350.9,1227.4,560.1,1185.0,455.5,-0.0,0.75,0.75,-0.05
740,24.667,5,0,person,0.739,608.5,214.7,708.2,482.4,658.4,348.6,0.2,4.36,4.36,-0.76
740,24.667,140,0,person,0.378,122.9,211.0,309.7,526.8,216.3,368.9,-0.88,-0.25,0.92,0.1
740,24.667,143,0,person,0.696,841.2,242.7,1000.1,529.7,920.7,386.2,1.54,1.53,2.17,-0.14
741,24.7,1,0,person,0.717,97.5,478.3,232.7,573.5,165.1,525.9,1.57,0.54,1.66,0.16
741,24.7,119,0,person,0.665,950.7,289.3,1087.6,496.2,1019.2,392.8,7.45,-3.92,8.41,-1.68
741,24.7,134,0,person,0.585,1143.2,354.3,1227.1,560.7,1185.2,457.5,0.18,1.99,1.99,1.23
741,24.7,5,0,person,0.732,610.2,218.6,708.7,483.3,659.5,351.0,1.11,2.41,2.66,-1.94
741,24.7,140,0,person,0.397,119.8,211.1,307.7,527.0,213.7,369.1,-2.59,0.15,2.6,0.4
741,24.7,143,0,person,0.72,848.9,244.2,1005.9,531.6,927.4,387.9,6.78,1.64,6.97,0.11
742,24.733,1,0,person,0.725,98.4,479.0,232.9,573.5,165.6,526.3,0.53,0.33,0.63,-0.22
742,24.733,119,0,person,0.595,953.7,288.5,1090.6,497.0,1022.1,392.8,2.98,0.02,2.98,3.94
742,24.733,134,0,person,0.59,1143.1,355.5,1227.0,561.2,1185.1,458.4,-0.08,0.88,0.89,-1.1
742,24.733,5,0,person,0.785,610.9,220.7,709.2,485.4,660.1,353.0,0.6,2.06,2.15,-0.35
742,24.733,140,0,person,0.372,117.2,212.3,305.4,527.2,211.3,369.8,-2.39,0.7,2.49,0.54
742,24.733,143,0,person,0.73,851.7,245.0,1006.7,532.6,929.2,388.8,1.8,0.9,2.01,-0.74
743,24.767,1,0,person,0.693,99.0,479.6,232.9,573.6,165.9,526.6,0.32,0.34,0.47,0.01
743,24.767,119,0,person,0.661,933.8,288.1,1101.2,545.2,1017.5,416.7,-4.64,23.89,24.33,23.87
743,24.767,134,0,person,0.556,1143.1,356.9,1227.0,561.5,1185.0,459.2,-0.04,0.88,0.88,-0.0
743,24.767,5,0,person,0.782,610.8,222.1,708.4,485.5,659.6,353.8,-0.47,0.78,0.91,-1.28
743,24.767,140,0,person,0.34,119.6,212.8,309.7,527.6,214.6,370.2,3.32,0.43,3.35,-0.27
743,24.767,143,0,person,0.745,852.2,245.9,1004.6,532.6,928.4,389.2,-0.86,0.48,0.99,-0.42
744,24.8,1,0,person,0.703,99.8,480.2,233.1,573.6,166.4,526.9,0.48,0.29,0.56,-0.05
744,24.8,119,0,person,0.572,952.2,288.2,1105.3,524.0,1028.7,406.1,11.22,-10.58,15.43,-34.47
744,24.8,134,0,person,0.504,1142.6,354.2,1227.6,561.1,1185.1,457.7,0.08,-1.58,1.58,-2.46
744,24.8,5,0,person,0.764,610.4,223.3,707.0,483.9,658.7,353.6,-0.87,-0.21,0.89,-0.98
744,24.8,140,0,person,0.329,118.5,213.3,309.5,527.9,214.0,370.6,-0.64,0.44,0.78,0.01
744,24.8,143,0,person,0.713,852.3,246.4,1001.7,532.2,927.0,389.3,-1.33,0.07,1.33,-0.41
745,24.833,1,0,person,0.713,100.1,480.5,233.2,573.5,166.7,527.0,0.25,0.09,0.26,-0.2
745,24.833,119,0,person,0.685,955.2,287.8,1115.4,538.0,1035.3,412.9,6.54,6.77,9.42,17.36
745,24.833,134,0,person,0.352,1142.5,353.8,1228.0,561.4,1185.2,457.6,0.12,-0.07,0.14,1.51
745,24.833,5,0,person,0.772,610.2,223.4,706.4,483.3,658.3,353.4,-0.38,-0.23,0.45,-0.03
745,24.833,143,0,person,0.68,857.1,246.4,1002.2,528.9,929.7,387.7,2.62,-1.65,3.09,-1.72
745,24.833,145,0,person,0.5,782.5,262.1,882.3,446.6,832.4,354.3,0.0,0.0,0.0,0.0
746,24.867,1,0,person,0.691,100.7,480.7,233.6,573.4,167.2,527.1,0.5,0.08,0.5,-0.01
746,24.867,119,0,person,0.716,956.9,287.7,1123.0,549.8,1039.9,418.7,4.65,5.86,7.48,-0.92
746,24.867,134,0,person,0.319,1142.6,353.0,1228.5,561.6,1185.5,457.3,0.3,-0.32,0.44,-0.25
746,24.867,5,0,person,0.782,610.6,223.1,707.5,485.4,659.1,354.3,0.73,0.92,1.17,1.16
746,24.867,143,0,person,0.73,857.7,248.0,1000.5,531.0,929.1,389.5,-0.54,1.83,1.91,3.48
746,24.867,145,0,person,0.406,780.6,278.9,873.0,449.9,826.8,364.4,-5.57,10.08,11.52,10.08
747,24.9,1,0,person,0.698,101.2,481.2,234.2,573.7,167.7,527.5,0.51,0.38,0.64,0.3
747,24.9,119,0,person,0.724,957.7,287.3,1130.3,562.9,1044.0,425.1,4.09,6.36,7.56,0.51
747,24.9,134,0,person,0.335,1142.6,351.5,1229.1,561.7,1185.9,456.6,0.3,-0.69,0.75,-0.37
747,24.9,5,0,person,0.803,612.1,223.1,708.9,484.6,660.5,353.9,1.41,-0.42,1.47,-1.34
747,24.9,143,0,person,0.762,859.1,249.8,999.1,532.3,929.1,391.1,0.03,1.57,1.57,-0.26
747,24.9,145,0,person,0.491,776.4,277.0,867.9,446.3,822.2,361.6,-4.66,-2.77,5.42,-12.85
748,24.933,1,0,person,0.698,101.8,481.6,234.3,573.7,168.1,527.7,0.4,0.22,0.46,-0.16
748,24.933,119,0,person,0.779,959.6,288.2,1134.1,570.0,1046.8,429.1,2.83,3.99,4.9,-2.37
748,24.933,5,0,person,0.807,613.2,223.7,710.3,485.3,661.7,354.5,1.27,0.64,1.42,1.06
748,24.933,143,0,person,0.771,859.9,251.1,997.5,534.1,928.7,392.6,-0.41,1.52,1.58,-0.04
748,24.933,145,0,person,0.513,774.6,271.3,869.7,447.8,822.2,359.6,0.02,-2.08,2.08,0.69
749,24.967,1,0,person,0.691,102.8,481.9,235.0,573.8,168.9,527.8,0.82,0.16,0.83,-0.06
749,24.967,119,0,person,0.819,963.1,288.8,1138.5,574.3,1050.8,431.5,3.99,2.47,4.69,-1.52
749,24.967,5,0,person,0.794,612.9,224.3,710.3,486.7,661.6,355.5,-0.1,0.99,1.0,0.36
749,24.967,143,0,person,0.763,861.9,251.8,996.5,533.6,929.2,392.7,0.47,0.14,0.49,-1.38
749,24.967,145,0,person,0.549,766.0,268.7,863.8,450.2,814.9,359.5,-7.28,-0.08,7.28,1.99
750,25.0,1,0,person,0.658,103.8,482.2,235.7,573.7,169.8,527.9,0.86,0.1,0.87,-0.06
750,25.0,119,0,person,0.842,969.0,290.1,1142.4,574.5,1055.7,432.3,4.86,0.76,4.91,-1.72
750,25.0,5,0,person,0.786,613.1,224.5,710.4,485.8,661.7,355.1,0.09,-0.38,0.39,-1.37
750,25.0,143,0,person,0.794,863.9,252.5,996.5,535.6,930.2,394.1,1.0,1.33,1.67,1.19
750,25.0,145,0,person,0.415,761.6,266.5,861.3,452.8,811.4,359.6,-3.49,0.15,3.49,0.23
750,25.0,146,0,person,0.492,951.8,258.7,1059.8,475.4,1005.8,367.0,0.0,0.0,0.0,0.0
751,25.033,1,0,person,0.652,105.7,482.7,236.7,573.6,171.2,528.1,1.45,0.18,1.46,0.08
751,25.033,119,0,person,0.795,974.2,288.6,1147.1,574.7,1060.7,431.7,4.98,-0.65,5.02,-1.4
751,25.033,5,0,person,0.796,612.9,224.6,710.3,486.0,661.6,355.3,-0.12,0.18,0.22,0.56
751,25.033,143,0,person,0.808,866.9,253.0,996.4,534.8,931.7,393.9,1.44,-0.17,1.45,-1.5
751,25.033,145,0,person,0.576,747.6,264.6,858.1,473.9,802.9,369.3,-8.56,9.63,12.89,9.48
751,25.033,146,0,person,0.513,954.2,259.0,1062.4,476.5,1008.3,367.7,2.47,0.72,2.58,0.72
752,25.067,1,0,person,0.683,107.2,483.1,237.6,573.5,172.4,528.3,1.21,0.17,1.22,-0.01
752,25.067,119,0,person,0.678,982.0,286.3,1153.7,573.6,1067.8,430.0,7.17,-1.7,7.37,-1.05
752,25.067,5,0,person,0.811,613.5,224.9,710.9,485.7,662.2,355.3,0.56,0.01,0.56,-0.17
752,25.067,143,0,person,0.783,868.5,253.3,995.5,534.5,932.0,393.9,0.35,0.0,0.35,0.17
752,25.067,145,0,person,0.615,741.0,263.9,854.0,481.5,797.5,372.7,-5.31,3.45,6.33,-6.18
752,25.067,146,0,person,0.514,951.5,259.4,1070.6,500.4,1011.1,379.9,2.81,12.17,12.49,11.45
753,25.1,1,0,person,0.696,108.7,483.6,238.6,573.5,173.6,528.5,1.21,0.23,1.24,0.06
753,25.1,119,0,person,0.562,987.9,284.1,1159.4,574.4,1073.7,429.2,5.83,-0.71,5.87,0.98
753,25.1,5,0,person,0.796,613.3,224.6,710.7,485.6,662.0,355.1,-0.2,-0.2,0.29,-0.21
753,25.1,143,0,person,0.74,870.5,254.9,994.2,534.1,932.3,394.5,0.31,0.63,0.7,0.63
753,25.1,145,0,person,0.627,737.3,262.3,851.4,485.1,794.3,373.7,-3.2,1.0,3.35,-2.45
753,25.1,146,0,person,0.519,956.4,259.4,1072.9,496.9,1014.6,378.2,3.55,-1.74,3.95,-13.91
754,25.133,1,0,person,0.739,110.3,484.0,239.7,573.5,175.0,528.8,1.39,0.24,1.41,0.01
754,25.133,119,0,person,0.576,991.0,282.5,1161.8,574.7,1076.4,428.6,2.72,-0.61,2.79,0.1
754,25.133,5,0,person,0.81,613.3,224.4,710.9,485.9,662.1,355.1,0.15,0.02,0.15,0.22
754,25.133,143,0,person,0.771,873.3,255.8,994.2,533.3,933.8,394.5,1.45,0.03,1.45,-0.6
754,25.133,145,0,person,0.679,738.5,262.1,851.6,486.0,795.1,374.1,0.73,0.38,0.83,-0.62
754,25.133,146,0,person,0.574,958.4,259.4,1073.7,496.9,1016.0,378.1,1.41,-0.01,1.41,1.74
755,25.167,1,0,person,0.755,111.4,484.3,240.6,573.6,176.0,529.0,1.01,0.2,1.03,-0.04
755,25.167,119,0,person,0.513,996.5,281.8,1165.2,573.8,1080.9,427.8,4.49,-0.82,4.56,-0.2
755,25.167,5,0,person,0.799,613.1,224.9,710.6,486.7,661.8,355.8,-0.28,0.64,0.7,0.62
755,25.167,143,0,person,0.797,876.8,256.2,994.8,531.4,935.8,393.8,2.03,-0.75,2.17,-0.79
755,25.167,145,0,person,0.685,739.9,261.2,852.1,486.4,796.0,373.8,0.91,-0.31,0.96,-0.7
755,25.167,146,0,person,0.562,951.3,260.9,1080.9,531.7,1016.1,396.3,0.04,18.18,18.18,18.19
756,25.2,1,0,person,0.762,112.5,485.0,240.9,573.6,176.7,529.3,0.7,0.31,0.77,0.11
756,25.2,119,0,person,0.586,997.1,280.6,1164.3,572.6,1080.7,426.6,-0.16,-1.23,1.24,-0.42
756,25.2,5,0,person,0.794,613.0,224.3,710.7,487.7,661.9,356.0,0.04,0.23,0.23,-0.41
756,25.2,143,0,person,0.81,878.5,256.7,994.3,530.4,936.4,393.5,0.62,-0.26,0.68,0.49
756,25.2,145,0,person,0.686,739.4,260.4,850.8,487.2,795.1,373.8,-0.89,0.02,0.89,0.34
756,25.2,146,0,person,0.605,950.9,262.9,1083.0,542.9,1016.9,402.9,0.84,6.56,6.61,-11.62
757,25.233,1,0,person,0.759,113.4,485.4,241.6,573.7,177.5,529.6,0.8,0.29,0.85,-0.02
757,25.233,119,0,person,0.593,997.1,281.9,1159.9,571.7,1078.5,426.8,-2.22,0.25,2.23,1.48
757,25.233,5,0,person,0.764,612.7,225.5,709.9,488.4,661.3,357.0,-0.58,0.96,1.12,0.73
757,25.233,143,0,person,0.812,879.4,256.7,994.2,531.4,936.8,394.0,0.38,0.5,0.63,0.76
757,25.233,145,0,person,0.698,741.7,261.0,851.1,487.7,796.4,374.3,1.29,0.54,1.4,0.51
757,25.233,146,0,person,0.613,952.6,264.3,1083.9,545.9,1018.3,405.1,1.34,2.21,2.59,-4.34
757,25.233,147,0,person,0.361,1060.7,336.4,1231.0,573.3,1145.8,454.9,0.0,0.0,0.0,0.0
758,25.267,1,0,person,0.756,114.2,485.5,242.3,573.6,178.2,529.5,0.72,-0.05,0.72,-0.34
758,25.267,119,0,person,0.612,997.7,281.3,1156.5,572.0,1077.1,426.6,-1.41,-0.19,1.43,-0.44
758,25.267,5,0,person,0.732,613.6,225.9,710.5,488.6,662.1,357.2,0.76,0.28,0.81,-0.68
758,25.267,143,0,person,0.804,880.5,256.8,994.2,532.6,937.4,394.7,0.58,0.66,0.87,0.16
758,25.267,145,0,person,0.663,745.2,262.2,852.1,486.8,798.6,374.5,2.25,0.16,2.26,-0.37
758,25.267,146,0,person,0.592,953.6,264.9,1084.1,548.4,1018.9,406.6,0.59,1.55,1.66,-0.66
758,25.267,147,0,person,0.362,1071.3,362.1,1222.3,571.5,1146.8,466.8,0.96,11.92,11.96,11.92
759,25.3,1,0,person,0.746,114.6,485.6,242.6,573.6,178.6,529.6,0.37,0.07,0.38,0.12
759,25.3,119,0,person,0.647,1001.0,280.6,1156.9,572.4,1079.0,426.5,1.9,-0.15,1.91,0.04
759,25.3,5,0,person,0.75,614.2,226.6,710.4,489.1,662.3,357.9,0.24,0.62,0.67,0.35
759,25.3,143,0,person,0.803,881.2,257.0,994.2,534.4,937.7,395.7,0.29,0.98,1.03,0.33
759,25.3,145,0,person,0.729,744.6,262.5,850.4,487.4,797.5,374.9,-1.1,0.41,1.17,0.25
759,25.3,146,0,person,0.631,950.3,264.9,1081.3,551.9,1015.8,408.4,-3.04,1.73,3.5,0.18
759,25.3,147,0,person,0.441,1078.5,368.4,1225.0,571.2,1151.8,469.8,4.96,3.03,5.81,-8.9
760,25.333,1,0,person,0.727,114.9,485.5,243.0,573.6,178.9,529.5,0.32,-0.06,0.32,-0.13
760,25.333,119,0,person,0.652,1003.7,280.3,1156.8,572.6,1080.3,426.4,1.28,-0.05,1.28,0.1
760,25.333,5,0,person,0.759,616.7,227.2,712.6,488.5,664.7,357.9,2.37,0.01,2.37,-0.61
760,25.333,143,0,person,0.798,881.7,257.1,993.8,535.2,937.7,396.1,0.07,0.46,0.46,-0.53
760,25.333,145,0,person,0.729,743.8,262.2,848.3,487.3,796.0,374.8,-1.52,-0.14,1.53,-0.56
760,25.333,146,0,person,0.635,949.7,265.0,1079.7,552.6,1014.7,408.8,-1.12,0.42,1.2,-1.31
760,25.333,147,0,person,0.453,1080.4,370.6,1225.7,571.1,1153.0,470.9,1.28,1.06,1.66,-1.97
761,25.367,1,0,person,0.722,115.6,486.0,243.4,573.7,179.5,529.8,0.54,0.3,0.62,0.36
761,25.367,119,0,person,0.722,1008.4,280.3,1158.7,572.0,1083.6,426.2,3.31,-0.29,3.32,-0.24
761,25.367,5,0,person,0.771,618.1,227.6,713.9,488.9,666.0,358.3,1.36,0.41,1.42,0.4
761,25.367,143,0,person,0.779,883.3,256.9,994.1,534.7,938.7,395.8,0.96,-0.34,1.02,-0.8
761,25.367,145,0,person,0.767,744.9,262.8,847.4,487.4,796.1,375.1,0.11,0.32,0.34,0.46
761,25.367,146,0,person,0.696,951.9,265.3,1077.3,546.4,1014.6,405.9,-0.09,-2.93,2.93,-3.35
762,25.4,1,0,person,0.705,116.3,486.3,243.6,573.6,179.9,530.0,0.46,0.12,0.47,-0.18
762,25.4,119,0,person,0.775,1011.2,279.6,1160.4,573.0,1085.8,426.3,2.2,0.11,2.2,0.4
762,25.4,5,0,person,0.701,616.5,228.7,711.5,489.7,664.0,359.2,-2.03,0.92,2.22,0.51
762,25.4,143,0,person,0.794,884.9,256.8,995.2,535.3,940.1,396.0,1.36,0.24,1.38,0.57
762,25.4,145,0,person,0.756,747.1,263.5,847.9,487.7,797.5,375.6,1.37,0.5,1.46,0.19
762,25.4,146,0,person,0.722,954.5,265.8,1074.6,538.2,1014.6,402.0,-0.04,-3.89,3.89,-0.96
763,25.433,1,0,person,0.701,117.3,486.6,244.6,573.8,181.0,530.2,1.03,0.26,1.06,0.14
763,25.433,119,0,person,0.795,1013.3,279.1,1161.2,573.3,1087.2,426.2,1.47,-0.05,1.47,-0.16
763,25.433,5,0,person,0.727,619.3,227.7,714.5,489.3,666.9,358.5,2.88,-0.71,2.97,-1.62
763,25.433,143,0,person,0.78,886.6,256.4,996.0,534.3,941.3,395.4,1.23,-0.68,1.41,-0.91
763,25.433,145,0,person,0.67,750.8,265.5,847.2,483.3,799.0,374.4,1.54,-1.17,1.93,-1.67
763,25.433,146,0,person,0.748,957.0,266.1,1073.1,532.9,1015.1,399.5,0.52,-2.47,2.52,1.42
764,25.467,1,0,person,0.695,118.2,486.7,245.6,574.0,181.9,530.4,0.98,0.12,0.99,-0.14
764,25.467,119,0,person,0.818,1015.6,278.3,1162.4,573.1,1089.0,425.7,1.79,-0.53,1.86,-0.49
764,25.467,5,0,person,0.77,620.8,227.3,716.2,489.2,668.5,358.2,1.64,-0.26,1.66,0.45
764,25.467,143,0,person,0.806,887.6,256.1,996.5,533.9,942.0,395.0,0.75,-0.31,0.81,0.37
764,25.467,145,0,person,0.623,753.4,267.1,845.9,479.0,799.6,373.0,0.59,-1.41,1.53,-0.24
764,25.467,146,0,person,0.758,955.9,264.6,1071.6,533.0,1013.8,398.8,-1.29,-0.71,1.47,1.76
765,25.5,1,0,person,0.751,118.9,486.9,246.3,574.1,182.6,530.5,0.65,0.14,0.67,0.01
765,25.5,119,0,person,0.81,1017.7,277.5,1163.7,572.9,1090.7,425.2,1.71,-0.51,1.78,0.02
765,25.5,5,0,person,0.787,621.5,227.5,716.8,488.9,669.2,358.2,0.67,-0.06,0.67,0.2
765,25.5,143,0,person,0.809,886.6,255.9,995.9,534.7,941.2,395.3,-0.78,0.25,0.82,0.56
765,25.5,145,0,person,0.615,754.1,269.2,845.3,480.6,799.7,374.9,0.04,1.9,1.9,3.3
765,25.5,146,0,person,0.751,955.3,263.9,1071.2,535.6,1013.3,399.8,-0.51,0.96,1.09,1.67
766,25.533,1,0,person,0.763,119.0,486.8,246.5,574.2,182.8,530.5,0.17,-0.01,0.17,-0.15
766,25.533,119,0,person,0.819,1019.0,277.0,1164.3,572.9,1091.7,425.0,0.95,-0.21,0.97,0.3
766,25.533,5,0,person,0.796,622.1,227.6,717.6,489.1,669.8,358.4,0.65,0.17,0.67,0.23
766,25.533,143,0,person,0.816,886.6,255.7,995.6,534.2,941.1,395.0,-0.14,-0.34,0.37,-0.59
766,25.533,145,0,person,0.618,755.0,270.2,845.5,482.3,800.2,376.3,0.57,1.38,1.49,-0.52
766,25.533,146,0,person,0.762,955.5,263.9,1070.6,536.9,1013.1,400.4,-0.22,0.63,0.66,-0.33
767,25.567,1,0,person,0.755,119.9,486.9,247.0,574.2,183.4,530.5,0.67,0.05,0.67,0.06
767,25.567,119,0,person,0.81,1021.6,276.6,1166.1,572.6,1093.9,424.6,2.21,-0.32,2.23,-0.11
767,25.567,5,0,person,0.801,621.5,228.5,716.8,489.5,669.2,359.0,-0.68,0.65,0.94,0.48
767,25.567,143,0,person,0.801,886.3,255.6,995.8,535.0,941.1,395.3,-0.04,0.34,0.34,0.68
767,25.567,145,0,person,0.692,756.0,271.0,846.8,485.7,801.4,378.3,1.15,2.03,2.34,0.66
767,25.567,146,0,person,0.752,956.9,265.6,1069.3,534.5,1013.1,400.1,0.04,-0.3,0.3,-0.93
768,25.6,1,0,person,0.747,121.3,487.2,247.7,574.0,184.5,530.6,1.09,0.05,1.09,-0.0
768,25.6,119,0,person,0.787,1025.3,276.9,1169.7,571.8,1097.5,424.3,3.63,-0.3,3.64,0.02
768,25.6,5,0,person,0.785,622.2,228.2,718.0,489.9,670.1,359.0,0.93,0.04,0.93,-0.61
768,25.6,143,0,person,0.797,887.7,255.6,996.7,534.0,942.2,394.8,1.14,-0.51,1.25,-0.85
768,25.6,145,0,person,0.634,758.9,272.4,848.1,485.0,803.5,378.7,2.1,0.4,2.14,-1.64
768,25.6,146,0,person,0.743,958.0,264.4,1070.5,536.2,1014.3,400.3,1.16,0.21,1.18,0.51
769,25.633,1,0,person,0.738,122.7,487.4,248.8,574.0,185.8,530.7,1.24,0.14,1.24,0.09
769,25.633,119,0,person,0.757,1026.9,276.9,1171.2,571.0,1099.1,424.0,1.54,-0.36,1.58,-0.06
769,25.633,5,0,person,0.809,623.1,228.8,718.9,489.7,671.0,359.2,0.9,0.18,0.92,0.14
769,25.633,143,0,person,0.796,889.4,255.8,998.5,534.4,943.9,395.1,1.71,0.3,1.73,0.81
769,25.633,145,0,person,0.653,760.7,273.4,849.1,486.0,804.9,379.7,1.36,0.95,1.66,0.55
769,25.633,146,0,person,0.701,961.9,264.0,1073.4,534.8,1017.7,399.4,3.42,-0.9,3.54,-1.11
770,25.667,1,0,person,0.72,124.3,488.2,249.5,574.0,186.9,531.1,1.16,0.36,1.21,0.22
770,25.667,119,0,person,0.755,1028.1,277.2,1172.3,570.4,1100.2,423.8,1.14,-0.2,1.16,0.16
770,25.667,5,0,person,0.81,624.2,229.5,720.0,489.8,672.1,359.6,1.12,0.42,1.2,0.25
770,25.667,143,0,person,0.789,890.6,255.6,999.9,534.6,945.2,395.1,1.31,0.05,1.31,-0.25
770,25.667,145,0,person,0.57,767.5,273.6,848.3,469.8,807.9,371.7,3.06,-7.95,8.52,-8.9
770,25.667,146,0,person,0.643,962.7,263.5,1072.5,532.5,1017.6,398.0,-0.08,-1.4,1.4,-0.5
771,25.7,1,0,person,0.727,125.7,488.7,250.5,573.9,188.1,531.3,1.17,0.23,1.19,-0.13
771,25.7,119,0,person,0.842,1030.1,277.3,1174.4,570.4,1102.3,423.8,2.07,0.06,2.07,0.26
771,25.7,5,0,person,0.786,624.8,230.4,721.0,491.4,672.9,360.9,0.77,1.28,1.49,0.85
771,25.7,143,0,person,0.775,890.8,255.6,1000.9,536.5,945.9,396.0,0.64,0.89,1.09,0.84
771,25.7,145,0,person,0.554,772.1,274.6,849.4,464.1,810.7,369.3,2.81,-2.38,3.68,5.58
771,25.7,146,0,person,0.756,965.2,264.2,1074.3,533.5,1019.8,398.8,2.17,0.82,2.32,2.22
772,25.733,1,0,person,0.729,126.9,489.2,251.7,574.0,189.3,531.6,1.2,0.25,1.23,0.02
772,25.733,119,0,person,0.839,1032.1,277.6,1176.4,570.2,1104.3,423.9,2.0,0.06,2.0,0.0
772,25.733,5,0,person,0.783,626.5,232.1,722.5,491.4,674.5,361.7,1.59,0.84,1.8,-0.44
772,25.733,143,0,person,0.762,892.3,256.3,1002.4,537.7,947.3,397.0,1.48,0.96,1.77,0.07
772,25.733,145,0,person,0.616,772.7,275.3,849.3,464.3,811.0,369.8,0.25,0.45,0.51,2.83
772,25.733,146,0,person,0.712,967.9,264.5,1075.8,533.1,1021.9,398.8,2.09,-0.05,2.09,-0.87
773,25.767,1,0,person,0.723,128.7,489.9,253.4,574.1,191.1,532.0,1.76,0.47,1.82,0.22
773,25.767,119,0,person,0.852,1035.8,277.2,1181.0,570.4,1108.4,423.8,4.13,-0.12,4.13,-0.18
773,25.767,5,0,person,0.792,626.7,232.3,723.3,492.2,675.0,362.2,0.53,0.5,0.72,-0.34
773,25.767,143,0,person,0.766,892.7,256.5,1003.5,539.7,948.1,398.1,0.74,1.09,1.31,0.12
773,25.767,145,0,person,0.601,774.0,275.8,848.9,461.4,811.5,368.6,0.49,-1.15,1.25,-1.61
773,25.767,146,0,person,0.692,970.0,263.0,1076.4,530.8,1023.2,396.9,1.33,-1.88,2.3,-1.83
774,25.8,1,0,person,0.723,130.4,490.3,255.3,574.0,192.9,532.2,1.8,0.11,1.8,-0.35
774,25.8,119,0,person,0.825,1037.4,276.6,1183.5,570.1,1110.4,423.4,2.04,-0.4,2.08,-0.28
774,25.8,5,0,person,0.749,625.0,232.2,721.7,493.2,673.4,362.7,-1.65,0.43,1.71,-0.06
774,25.8,143,0,person,0.751,894.3,256.2,1004.8,539.3,949.5,397.8,1.43,-0.29,1.46,-1.38
774,25.8,145,0,person,0.575,775.6,275.9,850.7,463.3,813.1,369.6,1.67,0.96,1.92,2.11
774,25.8,146,0,person,0.71,971.2,261.5,1076.1,529.3,1023.7,395.4,0.49,-1.5,1.58,0.38
775,25.833,1,0,person,0.747,131.3,490.3,257.0,574.0,194.2,532.1,1.32,-0.01,1.32,-0.13
775,25.833,119,0,person,0.807,1038.5,275.7,1185.8,570.1,1112.2,422.9,1.73,-0.49,1.8,-0.08
775,25.833,5,0,person,0.753,626.0,231.5,723.3,493.7,674.7,362.6,1.34,-0.1,1.34,-0.53
775,25.833,143,0,person,0.692,896.7,256.3,1006.1,537.0,951.4,396.7,1.88,-1.13,2.2,-0.84
775,25.833,145,0,person,0.559,776.8,276.6,850.9,461.8,813.9,369.2,0.72,-0.39,0.81,-1.34
775,25.833,146,0,person,0.661,971.8,260.8,1075.9,530.3,1023.8,395.5,0.17,0.13,0.21,1.63
776,25.867,1,0,person,0.724,132.0,490.5,258.2,573.9,195.1,532.2,0.89,0.08,0.9,0.09
776,25.867,119,0,person,0.818,1038.8,274.8,1188.0,570.4,1113.4,422.6,1.23,-0.28,1.26,0.21
776,25.867,5,0,person,0.786,627.1,232.0,724.6,493.5,675.9,362.8,1.2,0.17,1.21,0.27
776,25.867,143,0,person,0.716,895.5,256.3,1005.4,538.4,950.4,397.3,-0.97,0.7,1.2,1.82
776,25.867,145,0,person,0.605,779.2,277.4,852.9,462.8,816.1,370.1,2.23,0.86,2.39,1.25
776,25.867,146,0,person,0.682,970.5,260.4,1075.4,535.8,1022.9,398.1,-0.9,2.57,2.72,2.44
777,25.9,1,0,person,0.734,132.9,491.2,258.9,573.9,195.9,532.5,0.86,0.33,0.92,0.25
777,25.9,119,0,person,0.849,1040.4,274.3,1191.5,571.0,1115.9,422.7,2.51,0.05,2.51,0.33
777,25.9,5,0,person,0.797,626.9,232.0,724.8,494.2,675.9,363.1,-0.03,0.37,0.37,0.2
777,25.9,143,0,person,0.704,894.8,256.1,1005.3,539.8,950.0,398.0,-0.38,0.61,0.72,-0.08
777,25.9,145,0,person,0.56,779.9,278.4,858.6,479.6,819.2,379.0,3.14,8.9,9.44,8.04
777,25.9,146,0,person,0.737,969.1,260.3,1075.2,542.0,1022.2,401.2,-0.75,3.12,3.21,0.55
778,25.933,1,0,person,0.715,133.4,491.5,259.6,573.9,196.5,532.7,0.56,0.18,0.59,-0.14
778,25.933,119,0,person,0.856,1042.3,274.3,1194.5,571.2,1118.4,422.7,2.48,0.07,2.48,0.02
778,25.933,5,0,person,0.808,628.3,233.1,725.7,493.4,677.0,363.2,1.16,0.11,1.17,-0.27
778,25.933,143,0,person,0.717,897.7,255.5,1007.1,538.2,952.4,396.8,2.38,-1.13,2.63,-1.75
778,25.933,145,0,person,0.641,781.6,278.3,862.1,486.5,821.8,382.4,2.6,3.43,4.3,-5.47
778,25.933,146,0,person,0.743,968.4,261.5,1073.9,544.1,1021.1,402.8,-1.05,1.6,1.91,-1.52
779,25.967,1,0,person,0.674,134.1,491.9,260.5,573.8,197.3,532.8,0.83,0.11,0.83,-0.08
779,25.967,119,0,person,0.868,1044.3,273.8,1196.8,569.0,1120.5,421.4,2.16,-1.38,2.56,-1.45
779,25.967,5,0,person,0.782,629.2,234.3,726.6,493.7,677.9,364.0,0.88,0.8,1.19,0.69
779,25.967,143,0,person,0.708,898.4,255.3,1007.1,537.9,952.7,396.6,0.33,-0.19,0.38,0.95
779,25.967,145,0,person,0.601,782.0,279.0,862.5,488.4,822.2,383.7,0.41,1.28,1.34,-2.15
779,25.967,146,0,person,0.796,967.7,262.3,1073.7,548.3,1020.7,405.3,-0.46,2.51,2.55,0.91
780,26.0,1,0,person,0.62,135.4,492.3,261.8,573.7,198.6,533.0,1.27,0.19,1.28,0.09
780,26.0,119,0,person,0.871,1047.4,272.7,1199.6,565.3,1123.5,419.0,2.92,-2.36,3.76,-0.99
780,26.0,5,0,person,0.737,629.3,234.9,726.9,494.0,678.1,364.4,0.2,0.42,0.46,-0.38
780,26.0,143,0,person,0.719,899.9,255.9,1006.9,536.1,953.4,396.0,0.67,-0.64,0.93,-0.46
780,26.0,145,0,person,0.643,784.2,279.9,864.4,490.1,824.3,385.0,2.07,1.32,2.45,0.04
780,26.0,146,0,person,0.802,967.4,262.9,1072.8,549.1,1020.1,406.0,-0.56,0.7,0.9,-1.8
781,26.033,1,0,person,0.617,136.2,492.1,263.7,573.7,199.9,532.9,1.35,-0.12,1.35,-0.32
781,26.033,119,0,person,0.853,1052.4,273.5,1203.2,561.4,1127.8,417.5,4.36,-1.5,4.61,0.86
781,26.033,5,0,person,0.786,630.1,234.8,728.1,494.3,679.1,364.6,0.97,0.13,0.98,-0.28
781,26.033,143,0,person,0.714,900.5,256.2,1006.6,535.6,953.6,395.9,0.15,-0.11,0.19,0.53
781,26.033,145,0,person,0.625,785.6,280.7,865.2,491.0,825.4,385.8,1.09,0.83,1.37,-0.49
781,26.033,146,0,person,0.791,969.0,263.1,1073.5,549.7,1021.3,406.4,1.15,0.38,1.21,-0.33
782,26.067,1,0,person,0.61,137.7,491.9,266.1,573.7,201.9,532.8,1.97,-0.11,1.97,0.01
782,26.067,119,0,person,0.865,1057.6,273.7,1207.4,558.7,1132.5,416.2,4.64,-1.24,4.81,0.26
782,26.067,5,0,person,0.805,630.6,234.3,728.8,494.4,679.7,364.3,0.65,-0.24,0.69,-0.37
782,26.067,143,0,person,0.726,901.8,256.5,1006.9,535.1,954.4,395.8,0.78,-0.09,0.79,0.02
782,26.067,145,0,person,0.563,784.9,281.8,863.9,490.6,824.4,386.2,-0.99,0.37,1.06,-0.45
782,26.067,146,0,person,0.797,971.0,263.1,1074.4,550.3,1022.7,406.7,1.46,0.29,1.49,-0.08
783,26.1,1,0,person,0.627,139.2,491.8,268.1,573.5,203.6,532.6,1.73,-0.18,1.74,-0.07
783,26.1,119,0,person,0.857,1059.6,272.5,1209.4,556.8,1134.5,414.6,2.01,-1.61,2.58,-0.37
783,26.1,5,0,person,0.77,630.8,234.5,729.1,494.6,679.9,364.6,0.19,0.23,0.3,0.47
783,26.1,143,0,person,0.705,900.2,257.6,1005.3,536.1,952.7,396.8,-1.63,1.05,1.94,1.14
783,26.1,145,0,person,0.68,786.7,282.3,865.4,491.6,826.1,386.9,1.66,0.73,1.81,0.35
783,26.1,146,0,person,0.777,973.0,263.3,1074.9,549.8,1024.0,406.6,1.24,-0.12,1.25,-0.41
784,26.133,1,0,person,0.659,140.6,492.0,269.2,573.4,204.9,532.7,1.22,0.08,1.22,0.26
784,26.133,119,0,person,0.864,1061.6,272.0,1211.4,555.6,1136.5,413.8,2.03,-0.8,2.18,0.81
784,26.133,5,0,person,0.733,631.9,234.7,730.2,494.5,681.1,364.6,1.15,0.02,1.15,-0.21
784,26.133,143,0,person,0.714,899.5,257.5,1005.4,537.4,952.4,397.4,-0.28,0.59,0.66,-0.46
784,26.133,145,0,person,0.649,787.1,282.7,863.6,486.7,825.3,384.7,-0.73,-2.21,2.33,-2.94
784,26.133,146,0,person,0.77,975.7,263.2,1075.6,547.9,1025.6,405.6,1.67,-1.0,1.94,-0.89
785,26.167,1,0,person,0.687,141.9,492.2,270.3,573.3,206.1,532.8,1.25,0.09,1.26,0.01
785,26.167,119,0,person,0.856,1062.5,270.9,1212.2,553.1,1137.4,412.0,0.85,-1.79,1.98,-0.99
785,26.167,5,0,person,0.676,632.2,235.2,730.7,494.9,681.5,365.0,0.41,0.46,0.61,0.43
785,26.167,143,0,person,0.716,901.5,258.8,1007.2,537.2,954.4,398.0,1.94,0.54,2.01,-0.05
785,26.167,145,0,person,0.652,787.5,283.0,864.6,488.7,826.0,385.9,0.7,1.17,1.36,3.38
785,26.167,146,0,person,0.773,979.1,263.4,1075.5,541.4,1027.3,402.4,1.65,-3.16,3.57,-2.16
786,26.2,1,0,person,0.696,143.2,492.7,271.2,573.4,207.2,533.0,1.09,0.23,1.11,0.14
786,26.2,119,0,person,0.838,1063.9,270.2,1214.1,552.8,1139.0,411.5,1.63,-0.53,1.71,1.27
786,26.2,5,0,person,0.655,632.5,235.6,731.0,495.7,681.8,365.6,0.3,0.57,0.64,0.11
786,26.2,143,0,person,0.719,899.8,259.2,1006.0,537.9,952.9,398.6,-1.44,0.57,1.55,0.03
786,26.2,145,0,person,0.672,788.1,283.4,865.9,492.6,827.0,388.0,0.99,2.13,2.35,0.97
786,26.2,146,0,person,0.755,979.8,263.8,1075.7,543.3,1027.8,403.6,0.47,1.17,1.26,4.33
787,26.233,1,0,person,0.7,143.9,493.2,271.4,573.5,207.7,533.3,0.45,0.28,0.53,0.05
787,26.233,119,0,person,0.86,1062.4,269.7,1213.8,553.4,1138.1,411.6,-0.88,0.05,0.88,0.58
787,26.233,5,0,person,0.758,633.1,235.9,731.7,496.3,682.4,366.1,0.65,0.47,0.8,-0.1
787,26.233,143,0,person,0.695,899.6,258.9,1006.2,538.3,952.9,398.6,-0.02,0.03,0.04,-0.55
787,26.233,145,0,person,0.677,789.2,283.5,867.0,494.4,828.1,389.0,1.1,0.95,1.45,-1.18
787,26.233,146,0,person,0.761,980.5,269.2,1074.9,545.9,1027.7,407.5,-0.05,3.98,3.98,2.81
788,26.267,1,0,person,0.694,144.7,493.2,272.3,573.5,208.5,533.4,0.85,0.05,0.86,-0.23
788,26.267,119,0,person,0.86,1061.0,269.1,1214.2,554.9,1137.6,412.0,-0.5,0.47,0.69,0.42
788,26.267,5,0,person,0.759,633.9,235.4,732.5,496.4,683.2,365.9,0.79,-0.16,0.8,-0.63
788,26.267,143,0,person,0.692,902.8,259.3,1008.6,538.3,955.7,398.8,2.8,0.22,2.81,0.19
788,26.267,145,0,person,0.679,790.5,283.9,868.2,495.0,829.4,389.5,1.24,0.51,1.34,-0.43
788,26.267,146,0,person,0.764,980.8,271.0,1074.4,546.5,1027.6,408.8,-0.1,1.26,1.26,-2.72
789,26.3,1,0,person,0.68,145.2,493.1,273.2,573.5,209.2,533.3,0.72,-0.02,0.72,-0.07
789,26.3,119,0,person,0.861,1059.5,268.5,1213.9,555.3,1136.7,411.9,-0.95,-0.17,0.97,-0.65
789,26.3,5,0,person,0.787,634.4,235.4,733.1,496.7,683.7,366.1,0.54,0.16,0.56,0.32
789,26.3,143,0,person,0.692,901.9,261.0,1007.2,538.3,954.6,399.6,-1.13,0.81,1.39,0.6
789,26.3,145,0,person,0.663,787.8,283.3,866.4,495.3,827.1,389.3,-2.28,-0.14,2.29,-0.65
789,26.3,146,0,person,0.764,981.3,272.5,1074.1,546.8,1027.7,409.7,0.09,0.88,0.88,-0.38
790,26.333,1,0,person,0.677,145.4,493.2,273.7,573.6,209.5,533.4,0.29,0.07,0.3,0.09
790,26.333,119,0,person,0.864,1057.8,267.9,1213.8,556.4,1135.8,412.2,-0.87,0.32,0.93,0.49
790,26.333,5,0,person,0.778,634.5,235.2,733.0,496.4,683.8,365.8,0.02,-0.25,0.25,-0.41
790,26.333,143,0,person,0.711,900.3,262.3,1005.6,538.2,953.0,400.2,-1.65,0.61,1.76,-0.21
790,26.333,145,0,person,0.711,790.7,284.3,868.7,495.4,829.7,389.8,2.62,0.51,2.66,0.65
790,26.333,146,0,person,0.761,981.8,268.3,1075.2,546.3,1028.5,407.3,0.83,-2.38,2.53,-3.26
790,26.333,149,0,person,0.376,181.9,135.7,209.4,200.9,195.6,168.3,0.0,0.0,0.0,0.0
791,26.367,1,0,person,0.67,145.2,493.2,273.8,573.6,209.5,533.4,-0.01,-0.02,0.02,-0.09
791,26.367,119,0,person,0.867,1056.5,267.6,1214.0,557.7,1135.3,412.6,-0.55,0.45,0.71,0.13
791,26.367,5,0,person,0.792,634.9,235.6,733.1,496.6,684.0,366.1,0.25,0.26,0.36,0.51
791,26.367,143,0,person,0.739,898.8,262.3,1004.7,538.1,951.7,400.2,-1.22,0.01,1.22,-0.6
791,26.367,145,0,person,0.663,790.7,284.7,868.1,495.4,829.4,390.0,-0.3,0.19,0.36,-0.32
791,26.367,146,0,person,0.764,982.3,266.7,1075.5,545.2,1028.9,406.0,0.37,-1.34,1.39,1.05
791,26.367,149,0,person,0.341,182.3,136.8,209.4,200.8,195.8,168.8,0.2,0.46,0.5,0.46
792,26.4,1,0,person,0.65,145.2,493.3,273.7,573.6,209.4,533.5,-0.06,0.06,0.09,0.08
792,26.4,119,0,person,0.869,1055.1,266.9,1214.0,558.4,1134.6,412.7,-0.69,0.03,0.69,-0.42
792,26.4,5,0,person,0.781,634.8,236.1,732.4,496.6,683.6,366.4,-0.37,0.27,0.46,0.01
792,26.4,143,0,person,0.715,899.5,262.6,1005.3,538.0,952.4,400.3,0.67,0.06,0.67,0.05
792,26.4,145,0,person,0.667,790.5,284.1,867.7,495.4,829.1,389.7,-0.29,-0.31,0.43,-0.5
792,26.4,146,0,person,0.758,982.9,271.5,1074.7,545.3,1028.8,408.4,-0.07,2.42,2.42,3.76
792,26.4,149,0,person,0.337,182.4,136.3,209.6,200.6,196.0,168.5,0.17,-0.29,0.34,-0.75
793,26.433,1,0,person,0.637,145.2,493.3,274.0,573.7,209.6,533.5,0.17,0.04,0.17,-0.02
793,26.433,119,0,person,0.869,1054.4,266.3,1214.2,558.6,1134.3,412.4,-0.27,-0.22,0.35,-0.25
793,26.433,5,0,person,0.751,635.1,235.9,732.4,496.5,683.8,366.2,0.14,-0.16,0.21,-0.43
793,26.433,143,0,person,0.705,898.0,264.2,1004.0,539.2,951.0,401.7,-1.38,1.4,1.96,1.34
793,26.433,145,0,person,0.717,790.7,283.3,867.7,495.3,829.2,389.3,0.1,-0.42,0.43,-0.12
793,26.433,146,0,person,0.754,982.1,267.7,1075.0,545.5,1028.5,406.6,-0.3,-1.77,1.8,-4.19
794,26.467,1,0,person,0.64,145.2,493.3,274.2,573.6,209.7,533.5,0.07,-0.02,0.07,-0.06
794,26.467,119,0,person,0.863,1054.7,265.9,1214.8,558.6,1134.7,412.3,0.42,-0.19,0.47,0.03
794,26.467,5,0,person,0.765,635.7,235.3,732.8,495.7,684.2,365.5,0.46,-0.69,0.83,-0.53
794,26.467,143,0,person,0.72,896.9,264.1,1003.7,540.6,950.3,402.4,-0.73,0.67,0.99,-0.73
794,26.467,145,0,person,0.708,790.3,282.4,867.3,495.0,828.8,388.7,-0.41,-0.6,0.73,-0.18
794,26.467,146,0,person,0.769,981.9,266.4,1074.9,545.0,1028.4,405.7,-0.12,-0.91,0.91,0.87
795,26.5,1,0,person,0.635,145.0,493.1,274.4,573.6,209.7,533.4,0.01,-0.12,0.12,-0.1
795,26.5,119,0,person,0.829,1063.2,265.0,1220.7,557.1,1142.0,411.1,7.23,-1.18,7.33,-0.99
795,26.5,5,0,person,0.783,635.5,235.9,732.4,496.5,684.0,366.2,-0.27,0.7,0.76,1.4
795,26.5,143,0,person,0.683,896.7,265.0,1003.8,541.4,950.2,403.2,-0.08,0.88,0.88,0.21
795,26.5,145,0,person,0.684,791.0,281.9,867.9,495.0,829.5,388.5,0.66,-0.23,0.7,0.37
795,26.5,146,0,person,0.755,982.6,272.3,1073.9,545.7,1028.3,409.0,-0.1,3.28,3.28,4.19
796,26.533,1,0,person,0.617,145.3,493.1,274.7,573.6,210.0,533.4,0.3,0.02,0.3,0.14
796,26.533,119,0,person,0.825,1068.8,264.6,1223.6,556.4,1146.2,410.5,4.25,-0.59,4.29,0.59
796,26.533,5,0,person,0.76,635.7,235.3,732.5,496.4,684.1,365.8,0.17,-0.39,0.43,-1.1
796,26.533,143,0,person,0.717,895.7,266.2,1003.2,543.0,949.5,404.6,-0.75,1.36,1.55,0.48
796,26.533,145,0,person,0.612,791.9,283.8,867.6,494.9,829.7,389.3,0.26,0.86,0.9,1.1
796,26.533,146,0,person,0.758,982.9,274.9,1073.7,546.7,1028.3,410.8,0.03,1.8,1.8,-1.48
797,26.567,1,0,person,0.626,145.3,493.0,275.1,573.7,210.2,533.4,0.16,-0.02,0.17,-0.05
797,26.567,119,0,person,0.822,1071.6,263.9,1223.6,555.5,1147.6,409.7,1.4,-0.75,1.59,-0.17
797,26.567,5,0,person,0.775,636.2,234.9,732.8,496.0,684.5,365.5,0.35,-0.35,0.49,0.05
797,26.567,143,0,person,0.706,894.7,267.3,1002.4,544.1,948.6,405.7,-0.9,1.15,1.46,-0.21
797,26.567,145,0,person,0.634,792.3,287.5,866.7,495.0,829.5,391.2,-0.22,1.92,1.93,1.05
797,26.567,146,0,person,0.762,982.6,275.8,1073.6,548.0,1028.1,411.9,-0.23,1.09,1.12,-0.71
798,26.6,1,0,person,0.632,145.3,493.0,275.3,573.7,210.3,533.4,0.15,0.01,0.15,0.04
798,26.6,119,0,person,0.823,1073.0,262.8,1222.5,554.4,1147.7,408.6,0.14,-1.16,1.16,-0.4
798,26.6,5,0,person,0.749,636.2,234.8,732.6,496.2,684.4,365.5,-0.03,0.02,0.04,0.37
798,26.6,143,0,person,0.714,894.4,269.2,1001.9,544.7,948.1,406.9,-0.42,1.18,1.25,0.03
798,26.6,145,0,person,0.664,791.5,285.3,866.5,495.2,829.0,390.2,-0.5,-1.01,1.13,-2.92
798,26.6,146,0,person,0.764,982.4,271.7,1074.6,548.1,1028.5,409.9,0.39,-1.96,2.0,-3.06
799,26.633,1,0,person,0.679,145.3,492.8,275.7,573.8,210.5,533.3,0.2,-0.06,0.2,-0.07
799,26.633,119,0,person,0.811,1073.5,261.9,1219.7,551.6,1146.6,406.8,-1.13,-1.81,2.13,-0.65
799,26.633,5,0,person,0.762,637.0,235.4,733.1,495.9,685.1,365.6,0.61,0.16,0.63,0.14
799,26.633,143,0,person,0.683,894.8,267.2,1002.8,544.5,948.8,405.9,0.64,-1.07,1.25,-2.25
799,26.633,145,0,person,0.622,792.2,282.0,867.9,495.3,830.0,388.7,1.06,-1.58,1.91,-0.57
799,26.633,146,0,person,0.762,981.7,267.0,1075.3,548.4,1028.5,407.7,0.02,-2.18,2.18,-0.22
800,26.667,1,0,person,0.649,146.1,493.3,276.0,573.9,211.1,533.6,0.57,0.27,0.63,0.32
800,26.667,119,0,person,0.807,1069.2,260.2,1213.2,549.7,1141.2,404.9,-5.39,-1.83,5.7,-0.02
800,26.667,5,0,person,0.776,637.4,236.0,733.4,496.8,685.4,366.4,0.31,0.76,0.83,0.6
800,26.667,143,0,person,0.716,893.7,266.1,1002.4,545.3,948.1,405.7,-0.72,-0.16,0.74,0.91
800,26.667,145,0,person,0.624,793.4,282.2,868.4,495.4,830.9,388.8,0.85,0.15,0.86,1.73
800,26.667,146,0,person,0.758,980.8,265.9,1074.8,548.6,1027.8,407.2,-0.72,-0.5,0.88,1.68
801,26.7,1,0,person,0.624,147.2,493.8,276.1,573.8,211.7,533.8,0.61,0.23,0.65,-0.03
801,26.7,119,0,person,0.803,1063.9,259.5,1205.5,545.9,1134.7,402.7,-6.5,-2.26,6.88,-0.43
801,26.7,5,0,person,0.78,638.1,236.0,734.0,496.8,686.1,366.4,0.71,0.01,0.71,-0.75
801,26.7,143,0,person,0.725,895.7,265.4,1004.4,545.3,950.0,405.3,1.99,-0.37,2.03,-0.22
801,26.7,145,0,person,0.546,792.8,281.8,867.7,495.7,830.3,388.8,-0.62,-0.05,0.62,-0.2
801,26.7,146,0,person,0.764,981.5,265.8,1075.4,549.0,1028.5,407.4,0.68,0.18,0.7,0.68
802,26.733,1,0,person,0.648,148.2,493.9,276.5,573.6,212.4,533.7,0.68,-0.08,0.68,-0.31
802,26.733,119,0,person,0.803,1060.4,258.6,1200.1,541.9,1130.3,400.2,-4.46,-2.46,5.09,-0.19
802,26.733,5,0,person,0.661,638.6,237.5,733.8,497.0,686.2,367.3,0.14,0.84,0.85,0.83
802,26.733,143,0,person,0.718,897.8,265.4,1005.9,545.8,951.8,405.6,1.77,0.29,1.79,0.66
802,26.733,145,0,person,0.454,793.5,281.5,867.2,495.2,830.4,388.3,0.1,-0.41,0.42,-0.36
802,26.733,146,0,person,0.772,982.0,266.9,1075.1,547.7,1028.5,407.3,0.06,-0.1,0.12,-0.28
803,26.767,1,0,person,0.63,149.0,494.1,276.6,573.5,212.8,533.8,0.44,0.06,0.45,0.14
803,26.767,119,0,person,0.81,1059.2,258.3,1198.0,540.4,1128.6,399.3,-1.64,-0.9,1.88,1.55
803,26.767,5,0,person,0.795,640.0,237.1,735.6,497.8,687.8,367.4,1.57,0.18,1.58,-0.66
803,26.767,143,0,person,0.762,899.1,265.3,1006.7,546.0,952.9,405.7,1.09,0.07,1.09,-0.22
803,26.767,145,0,person,0.635,793.5,280.0,867.4,495.8,830.5,387.9,0.09,-0.45,0.46,-0.05
803,26.767,146,0,person,0.778,982.6,266.6,1075.5,546.7,1029.1,406.7,0.52,-0.65,0.83,-0.55
804,26.8,1,0,person,0.617,149.8,494.4,276.7,573.5,213.2,533.9,0.43,0.13,0.45,0.07
804,26.8,119,0,person,0.808,1059.2,259.6,1194.7,535.9,1127.0,397.7,-1.63,-1.57,2.26,-0.67
804,26.8,5,0,person,0.756,640.2,237.8,735.7,498.8,687.9,368.3,0.14,0.87,0.88,0.69
804,26.8,143,0,person,0.766,900.1,265.8,1007.0,546.1,953.5,405.9,0.61,0.26,0.66,0.19
804,26.8,145,0,person,0.582,794.1,278.0,868.0,495.9,831.0,387.0,0.58,-0.91,1.08,-0.46
804,26.8,146,0,person,0.773,983.7,269.4,1075.6,546.8,1029.7,408.1,0.62,1.44,1.57,2.09
805,26.833,1,0,person,0.621,150.6,494.5,276.9,573.4,213.7,534.0,0.51,0.06,0.52,-0.07
805,26.833,119,0,person,0.813,1060.1,258.2,1193.1,530.3,1126.6,394.3,-0.39,-3.47,3.49,-1.9
805,26.833,5,0,person,0.758,640.5,238.2,735.9,499.7,688.2,368.9,0.27,0.63,0.69,-0.24
805,26.833,143,0,person,0.766,900.6,266.3,1006.7,546.0,953.7,406.1,0.14,0.2,0.24,-0.06
805,26.833,145,0,person,0.648,794.1,276.8,867.6,496.2,830.8,386.5,-0.22,-0.48,0.53,0.43
805,26.833,146,0,person,0.77,984.7,273.9,1075.0,546.6,1029.8,410.3,0.16,2.16,2.16,0.71
806,26.867,1,0,person,0.616,150.9,494.4,277.3,573.4,214.1,533.9,0.36,-0.1,0.37,-0.16
806,26.867,119,0,person,0.796,1061.0,257.2,1192.6,527.7,1126.8,392.4,0.21,-1.84,1.86,1.63
806,26.867,5,0,person,0.743,641.3,238.8,736.1,498.9,688.7,368.9,0.46,-0.09,0.47,-0.73
806,26.867,143,0,person,0.798,901.6,266.5,1007.0,546.0,954.3,406.2,0.63,0.1,0.63,-0.11
806,26.867,145,0,person,0.613,793.7,275.2,866.7,495.9,830.2,385.5,-0.61,-0.98,1.15,-0.5
806,26.867,146,0,person,0.774,985.6,275.5,1075.3,546.9,1030.5,411.2,0.62,0.93,1.12,-1.23
807,26.9,1,0,person,0.611,151.5,494.7,277.2,573.4,214.4,534.0,0.25,0.12,0.28,0.22
807,26.9,119,0,person,0.805,1060.3,256.1,1190.7,525.1,1125.5,390.6,-1.28,-1.85,2.26,-0.01
807,26.9,5,0,person,0.756,641.7,238.7,736.6,499.6,689.2,369.1,0.5,0.27,0.57,0.37
807,26.9,143,0,person,0.807,902.9,266.7,1007.7,545.9,955.3,406.3,0.98,0.03,0.98,-0.06
807,26.9,145,0,person,0.639,795.1,274.8,867.7,496.0,831.4,385.4,1.21,-0.15,1.22,0.82
807,26.9,146,0,person,0.777,985.9,276.7,1075.4,548.1,1030.6,412.4,0.18,1.19,1.2,0.26
808,26.933,1,0,person,0.635,152.6,495.2,277.1,573.3,214.9,534.2,0.5,0.23,0.55,0.11
808,26.933,119,0,person,0.813,1060.5,255.8,1189.6,523.7,1125.0,389.7,-0.47,-0.85,0.97,1.0
808,26.933,5,0,person,0.778,642.1,240.3,736.6,500.3,689.4,370.3,0.19,1.13,1.15,0.86
808,26.933,143,0,person,0.818,903.2,267.4,1007.2,545.6,955.2,406.5,-0.08,0.23,0.25,0.2
808,26.933,145,0,person,0.677,794.6,275.5,866.8,496.3,830.7,385.9,-0.73,0.53,0.9,0.68
808,26.933,146,0,person,0.791,986.3,279.1,1075.2,549.4,1030.7,414.2,0.07,1.85,1.85,0.67
808,26.933,154,0,person,0.319,1169.3,368.6,1260.4,578.4,1214.8,473.5,0.0,0.0,0.0,0.0
809,26.967,1,0,person,0.641,153.8,495.5,277.7,573.3,215.7,534.4,0.88,0.17,0.9,-0.06
809,26.967,119,0,person,0.825,1061.0,255.9,1189.1,523.2,1125.1,389.5,0.01,-0.2,0.2,0.65
809,26.967,5,0,person,0.791,642.5,240.3,736.8,499.8,689.7,370.1,0.29,-0.21,0.36,-1.34
809,26.967,143,0,person,0.816,903.7,268.0,1006.9,544.9,955.3,406.5,0.12,-0.05,0.13,-0.29
809,26.967,145,0,person,0.632,792.1,275.4,864.9,496.7,828.5,386.0,-2.18,0.14,2.19,-0.39
809,26.967,146,0,person,0.786,986.2,279.8,1074.9,549.7,1030.5,414.8,-0.16,0.56,0.58,-1.29
810,27.0,1,0,person,0.648,154.8,495.8,278.6,573.3,216.7,534.6,0.96,0.15,0.98,-0.01
810,27.0,119,0,person,0.844,1061.0,255.7,1187.6,521.0,1124.3,388.3,-0.74,-1.18,1.39,-0.98
810,27.0,5,0,person,0.727,642.8,240.5,736.9,500.0,689.8,370.2,0.2,0.19,0.28,0.4
810,27.0,143,0,person,0.823,904.3,268.7,1006.7,544.4,955.5,406.6,0.2,0.12,0.23,0.17
810,27.0,145,0,person,0.553,789.9,275.9,863.0,496.9,826.4,386.4,-2.07,0.38,2.1,0.24
810,27.0,146,0,person,0.785,986.9,280.1,1075.3,549.7,1031.1,414.9,0.53,0.08,0.53,-0.48
811,27.033,1,0,person,0.627,155.7,496.1,279.2,573.5,217.4,534.8,0.75,0.24,0.79,0.09
811,27.033,119,0,person,0.85,1059.9,255.5,1185.1,518.2,1122.5,386.9,-1.81,-1.46,2.33,-0.29
811,27.033,5,0,person,0.785,643.5,241.2,737.7,501.0,690.6,371.1,0.76,0.82,1.12,0.63
811,27.033,143,0,person,0.821,904.5,269.6,1007.0,546.3,955.8,407.9,0.26,1.37,1.39,1.25
811,27.033,145,0,person,0.638,790.6,275.8,864.1,497.3,827.3,386.5,0.89,0.1,0.9,-0.27
811,27.033,146,0,person,0.784,986.8,277.9,1075.6,549.9,1031.2,413.9,0.1,-0.95,0.95,-1.03
812,27.067,1,0,person,0.618,156.5,496.2,280.0,573.5,218.2,534.9,0.78,0.06,0.78,-0.19
812,27.067,119,0,person,0.852,1059.4,255.6,1184.0,517.3,1121.7,386.5,-0.82,-0.43,0.92,1.04
812,27.067,5,0,person,0.822,644.1,241.4,738.5,501.3,691.3,371.3,0.71,0.24,0.75,-0.58
812,27.067,143,0,person,0.829,905.5,269.8,1007.8,546.8,956.7,408.3,0.9,0.36,0.97,-1.0
812,27.067,145,0,person,0.627,790.5,275.9,864.4,497.3,827.4,386.6,0.12,0.05,0.13,-0.06
812,27.067,146,0,person,0.773,986.6,276.0,1075.8,550.1,1031.2,413.1,0.05,-0.87,0.87,0.08
812,27.067,154,0,person,0.334,1171.3,368.2,1262.5,578.6,1216.9,473.4,0.52,-0.03,0.52,-0.01
813,27.1,1,0,person,0.62,157.5,496.5,280.8,573.6,219.2,535.1,0.94,0.19,0.96,0.14
813,27.1,119,0,person,0.835,1059.5,256.0,1183.6,517.4,1121.5,386.7,-0.15,0.25,0.3,0.68
813,27.1,5,0,person,0.817,645.3,242.3,739.7,501.9,692.5,372.1,1.19,0.8,1.43,0.56
813,27.1,143,0,person,0.83,906.3,270.4,1008.2,547.1,957.3,408.8,0.59,0.44,0.74,0.08
813,27.1,145,0,person,0.596,790.4,277.6,864.4,497.6,827.4,387.6,-0.09,1.0,1.01,0.95
813,27.1,146,0,person,0.786,986.9,273.2,1076.8,550.9,1031.9,412.1,0.66,-1.01,1.21,-0.15
814,27.133,1,0,person,0.647,158.3,496.9,281.1,573.7,219.7,535.3,0.52,0.21,0.56,0.02
814,27.133,119,0,person,0.836,1060.2,257.2,1183.6,517.3,1121.9,387.3,0.37,0.55,0.66,0.3
814,27.133,5,0,person,0.792,645.3,243.0,739.7,502.6,692.5,372.8,-0.04,0.71,0.71,-0.1
814,27.133,143,0,person,0.824,906.4,271.0,1008.4,547.9,957.4,409.4,0.17,0.67,0.69,0.23
814,27.133,145,0,person,0.603,789.2,276.4,864.7,498.5,827.0,387.4,-0.38,-0.14,0.41,-1.14
814,27.133,146,0,person,0.801,987.7,273.0,1077.4,551.6,1032.6,412.3,0.69,0.25,0.74,1.26
815,27.167,1,0,person,0.656,159.1,497.3,280.7,573.3,219.9,535.3,0.22,0.03,0.22,-0.18
815,27.167,119,0,person,0.838,1060.7,258.0,1183.6,517.4,1122.1,387.7,0.23,0.44,0.5,-0.11
815,27.167,5,0,person,0.812,645.8,243.5,740.0,502.2,692.9,372.8,0.46,-0.01,0.46,-0.72
815,27.167,143,0,person,0.82,906.3,271.2,1008.7,549.3,957.5,410.3,0.07,0.83,0.83,0.16
815,27.167,145,0,person,0.636,789.3,276.4,865.4,498.9,827.4,387.6,0.38,0.19,0.42,0.33
815,27.167,146,0,person,0.805,988.4,272.5,1077.9,552.1,1033.2,412.3,0.59,-0.01,0.59,-0.26
815,27.167,155,0,person,0.43,219.6,233.1,353.2,507.9,286.4,370.5,0.0,0.0,0.0,0.0
816,27.2,1,0,person,0.65,159.9,497.5,281.0,573.2,220.5,535.4,0.55,0.08,0.55,0.05
816,27.2,119,0,person,0.824,1061.4,257.8,1183.9,516.6,1122.7,387.2,0.52,-0.48,0.71,-0.92
816,27.2,5,0,person,0.824,646.1,243.2,740.7,502.7,693.4,373.0,0.47,0.17,0.5,0.18
816,27.2,143,0,person,0.826,906.4,271.5,1009.0,550.0,957.7,410.7,0.21,0.47,0.52,-0.36
816,27.2,145,0,person,0.639,790.5,275.8,867.0,499.3,828.7,387.6,1.38,-0.06,1.39,-0.26
816,27.2,146,0,person,0.804,988.5,273.8,1077.5,552.5,1033.0,413.2,-0.15,0.88,0.89,0.89
816,27.2,155,0,person,0.497,219.4,231.6,354.1,508.7,286.7,370.2,0.39,-0.32,0.51,-0.32
817,27.233,119,0,person,0.856,1061.4,257.9,1183.3,515.2,1122.3,386.5,-0.33,-0.68,0.76,-0.21
817,27.233,5,0,person,0.791,646.3,243.3,740.6,502.0,693.4,372.6,0.04,-0.33,0.33,-0.5
817,27.233,143,0,person,0.819,906.3,271.5,1009.3,550.6,957.8,411.1,0.08,0.33,0.34,-0.14
817,27.233,145,0,person,0.578,791.7,275.3,867.8,499.9,829.8,387.6,1.04,0.03,1.04,0.09
817,27.233,146,0,person,0.803,988.2,272.8,1077.5,553.2,1032.9,413.0,-0.15,-0.15,0.21,-1.03
817,27.233,155,0,person,0.52,221.3,233.3,352.9,503.8,287.1,368.6,0.34,-1.61,1.64,-1.29
817,27.233,154,0,person,0.364,1173.0,369.4,1265.7,584.2,1219.3,476.8,0.49,0.68,0.83,0.14
818,27.267,119,0,person,0.875,1060.6,258.1,1182.6,515.7,1121.6,386.9,-0.76,0.38,0.85,1.06
818,27.267,5,0,person,0.817,646.4,244.0,740.6,502.2,693.5,373.1,0.06,0.45,0.45,0.78
818,27.267,143,0,person,0.822,905.7,271.3,1009.0,550.6,957.3,411.0,-0.45,-0.06,0.45,-0.39
818,27.267,145,0,person,0.569,792.3,276.2,867.3,500.1,829.8,388.2,0.02,0.57,0.57,0.54
818,27.267,146,0,person,0.808,988.0,272.7,1077.0,552.6,1032.5,412.7,-0.35,-0.36,0.51,-0.21
818,27.267,155,0,person,0.492,222.0,233.5,352.2,501.0,287.1,367.2,-0.02,-1.33,1.33,0.28
818,27.267,156,0,person,0.871,148.6,498.2,365.7,718.0,257.2,608.1,0.0,0.0,0.0,0.0
818,27.267,154,0,person,0.373,1173.1,368.4,1265.8,584.6,1219.4,476.5,0.08,-0.27,0.28,-0.94
819,27.3,119,0,person,0.881,1059.6,257.8,1182.6,517.6,1121.1,387.7,-0.47,0.75,0.88,0.37
819,27.3,5,0,person,0.824,646.2,243.6,740.7,502.1,693.5,372.8,-0.01,-0.26,0.26,-0.7
819,27.3,143,0,person,0.825,905.4,271.3,1008.9,550.0,957.1,410.7,-0.18,-0.34,0.39,-0.28
819,27.3,145,0,person,0.528,791.5,275.1,866.6,500.0,829.0,387.6,-0.78,-0.59,0.98,-1.16
819,27.3,146,0,person,0.798,987.6,272.7,1076.7,553.2,1032.1,412.9,-0.4,0.28,0.49,0.65
819,27.3,155,0,person,0.5,222.1,233.5,352.6,501.6,287.3,367.6,0.28,0.32,0.42,1.65
819,27.3,156,0,person,0.87,148.6,498.2,365.7,718.0,257.1,608.1,-0.04,-0.03,0.05,-0.03
819,27.3,154,0,person,0.394,1173.5,370.2,1265.1,584.7,1219.3,477.5,-0.1,0.94,0.95,1.21
820,27.333,119,0,person,0.872,1058.7,257.6,1182.3,518.7,1120.5,388.1,-0.63,0.47,0.78,-0.28
820,27.333,5,0,person,0.82,646.1,244.0,740.7,502.5,693.4,373.2,-0.09,0.42,0.42,0.67
820,27.333,143,0,person,0.822,905.2,271.4,1008.9,549.9,957.1,410.7,-0.06,0.02,0.06,0.36
820,27.333,145,0,person,0.492,791.8,276.4,866.0,499.9,828.9,388.2,-0.12,0.58,0.59,1.17
820,27.333,146,0,person,0.79,987.5,273.4,1076.4,553.0,1032.0,413.2,-0.12,0.26,0.29,-0.02
820,27.333,155,0,person,0.45,222.1,233.8,352.5,501.6,287.3,367.7,-0.06,0.16,0.17,-0.16
820,27.333,156,0,person,0.865,148.1,498.2,365.1,717.9,256.6,608.0,-0.49,-0.05,0.49,-0.02
820,27.333,154,0,person,0.362,1173.8,370.3,1265.2,585.3,1219.5,477.8,0.15,0.35,0.38,-0.59
821,27.367,119,0,person,0.876,1058.3,257.5,1182.1,519.1,1120.2,388.3,-0.24,0.17,0.29,-0.3
821,27.367,5,0,person,0.837,646.0,244.2,740.8,502.7,693.4,373.4,0.03,0.17,0.18,-0.24
821,27.367,143,0,person,0.823,905.1,271.6,1008.9,549.5,957.0,410.6,-0.14,-0.1,0.17,-0.12
821,27.367,145,0,person,0.481,792.7,279.7,866.0,500.1,829.4,389.9,0.46,1.78,1.84,1.2
821,27.367,146,0,person,0.792,987.1,273.8,1076.0,552.9,1031.6,413.4,-0.41,0.16,0.44,-0.1
821,27.367,155,0,person,0.393,221.8,234.1,352.5,502.2,287.1,368.1,-0.15,0.42,0.44,0.26
821,27.367,156,0,person,0.856,147.5,498.2,364.3,717.8,255.9,608.0,-0.69,-0.02,0.69,0.03
821,27.367,154,0,person,0.392,1173.7,369.4,1265.2,585.4,1219.5,477.4,-0.02,-0.43,0.43,-0.78
822,27.4,119,0,person,0.828,1057.5,255.9,1182.1,519.1,1119.8,387.5,-0.42,-0.77,0.88,-0.94
822,27.4,5,0,person,0.83,646.1,243.7,741.2,502.9,693.7,373.3,0.24,-0.08,0.26,-0.26
822,27.4,143,0,person,0.822,905.5,272.1,1009.8,550.6,957.6,411.4,0.68,0.78,1.04,0.88
822,27.4,145,0,person,0.608,790.6,280.7,864.4,500.6,827.5,390.6,-1.85,0.71,1.98,-1.07
822,27.4,146,0,person,0.781,986.1,272.4,1075.4,550.8,1030.7,411.6,-0.85,-1.76,1.95,-1.92
822,27.4,156,0,person,0.905,147.1,498.5,364.1,718.5,255.6,608.5,-0.32,0.5,0.59,0.51
822,27.4,154,0,person,0.443,1174.5,372.5,1265.1,587.3,1219.8,479.9,0.35,2.51,2.53,2.94
823,27.433,119,0,person,0.845,1057.7,255.2,1182.9,519.8,1120.3,387.5,0.46,-0.04,0.46,0.74
823,27.433,5,0,person,0.837,647.0,243.4,742.3,502.6,694.7,373.0,1.02,-0.37,1.09,-0.28
823,27.433,143,0,person,0.828,905.9,272.3,1010.8,551.5,958.4,411.9,0.73,0.57,0.93,-0.21
823,27.433,145,0,person,0.538,792.5,285.6,864.8,501.1,828.6,393.3,1.11,2.69,2.91,1.98
823,27.433,146,0,person,0.778,986.0,272.4,1075.6,550.4,1030.8,411.4,0.08,-0.2,0.22,1.55
823,27.433,156,0,person,0.86,147.6,498.4,364.3,718.1,255.9,608.2,0.34,-0.26,0.43,-0.76
823,27.433,154,0,person,0.312,1175.1,369.6,1266.5,587.8,1220.8,478.7,1.02,-1.21,1.58,-3.72
824,27.467,119,0,person,0.841,1057.5,255.1,1183.1,520.4,1120.3,387.7,0.05,0.25,0.26,0.29
824,27.467,5,0,person,0.83,647.8,242.8,743.9,504.2,695.9,373.5,1.17,0.53,1.29,0.9
824,27.467,143,0,person,0.827,906.4,273.1,1011.5,552.3,958.9,412.7,0.55,0.76,0.94,0.19
824,27.467,145,0,person,0.503,791.4,278.2,866.0,501.4,828.7,389.8,0.07,-3.54,3.54,-6.23
824,27.467,146,0,person,0.773,985.4,271.7,1076.4,552.1,1030.9,411.9,0.05,0.5,0.5,0.7
824,27.467,156,0,person,0.856,148.5,498.6,364.4,717.6,256.5,608.1,0.54,-0.17,0.57,0.09
824,27.467,158,2,car,0.387,162.6,152.0,242.8,214.9,202.7,183.4,0.0,0.0,0.0,0.0
825,27.5,119,0,person,0.839,1059.5,255.4,1184.6,520.6,1122.0,388.0,1.71,0.3,1.73,0.05
825,27.5,5,0,person,0.838,648.0,243.5,744.2,504.2,696.1,373.9,0.24,0.37,0.44,-0.16
825,27.5,143,0,person,0.831,906.9,273.8,1012.3,552.6,959.6,413.2,0.69,0.49,0.85,-0.27
825,27.5,145,0,person,0.539,795.2,282.4,865.8,496.2,830.5,389.3,1.82,-0.47,1.88,3.06
825,27.5,146,0,person,0.777,986.3,273.3,1078.0,554.1,1032.2,413.7,1.29,1.77,2.19,1.27
825,27.5,156,0,person,0.844,149.2,498.6,364.6,717.3,256.9,607.9,0.43,-0.15,0.45,0.02
825,27.5,154,0,person,0.38,1173.8,355.1,1270.3,588.6,1222.1,471.8,0.63,-3.43,3.48,-1.11
826,27.533,119,0,person,0.817,1060.2,255.7,1185.1,521.4,1122.7,388.5,0.64,0.48,0.8,0.18
826,27.533,5,0,person,0.817,648.7,244.4,744.7,504.1,696.7,374.2,0.63,0.36,0.73,-0.01
826,27.533,143,0,person,0.827,907.3,274.2,1012.9,552.6,960.1,413.4,0.46,0.26,0.53,-0.23
826,27.533,145,0,person,0.545,796.8,283.1,867.4,500.3,832.1,391.7,1.59,2.41,2.89,2.88
826,27.533,146,0,person,0.779,987.4,275.8,1079.0,554.7,1033.2,415.2,1.07,1.58,1.91,-0.19
826,27.533,156,0,person,0.834,149.7,498.3,365.0,717.2,257.4,607.8,0.45,-0.15,0.48,0.0
826,27.533,154,0,person,0.346,1174.2,353.7,1270.3,588.8,1222.2,471.3,0.16,-0.55,0.58,2.87
827,27.567,119,0,person,0.824,1060.5,255.9,1185.1,522.0,1122.8,389.0,0.14,0.43,0.45,-0.05
827,27.567,5,0,person,0.807,649.2,244.8,745.3,505.1,697.2,374.9,0.51,0.67,0.85,0.31
827,27.567,143,0,person,0.822,907.4,274.5,1013.3,552.9,960.3,413.7,0.24,0.25,0.35,-0.01
827,27.567,145,0,person,0.573,797.3,283.9,867.5,502.0,832.4,393.0,0.3,1.23,1.27,-1.18
827,27.567,146,0,person,0.791,987.9,277.1,1079.7,555.0,1033.8,416.0,0.58,0.77,0.96,-0.81
827,27.567,156,0,person,0.831,150.1,498.3,364.9,717.0,257.5,607.6,0.13,-0.14,0.19,0.01
827,27.567,154,0,person,0.377,1174.7,353.9,1270.0,589.2,1222.4,471.5,0.15,0.27,0.31,0.83
827,27.567,155,0,person,0.312,224.2,258.3,348.8,509.2,286.5,383.8,-0.11,2.6,2.61,0.36
828,27.6,119,0,person,0.827,1060.7,255.9,1185.1,522.3,1122.9,389.1,0.07,0.14,0.15,-0.3
828,27.6,5,0,person,0.816,649.4,244.8,745.6,505.4,697.5,375.1,0.25,0.17,0.31,-0.5
828,27.6,143,0,person,0.821,907.5,274.8,1013.7,553.0,960.6,413.9,0.29,0.21,0.36,-0.04
828,27.6,145,0,person,0.61,799.2,288.2,867.6,502.4,833.4,395.3,1.02,2.33,2.55,1.1
828,27.6,146,0,person,0.812,988.4,278.0,1080.5,555.2,1034.4,416.6,0.64,0.61,0.88,-0.16
828,27.6,156,0,person,0.823,150.5,498.3,364.8,716.9,257.6,607.6,0.14,-0.03,0.14,0.11
828,27.6,154,0,person,0.379,1174.5,349.6,1270.6,589.4,1222.5,469.5,0.15,-2.03,2.03,-2.3
829,27.633,119,0,person,0.845,1059.8,255.7,1184.4,523.0,1122.1,389.4,-0.76,0.29,0.81,0.16
829,27.633,5,0,person,0.824,650.0,245.1,745.8,504.6,697.9,374.9,0.41,-0.21,0.46,-0.38
829,27.633,143,0,person,0.818,908.1,275.1,1014.3,552.6,961.2,413.9,0.57,-0.01,0.57,-0.22
829,27.633,145,0,person,0.627,798.1,290.4,865.6,503.1,831.8,396.7,-1.59,1.44,2.15,-0.89
829,27.633,146,0,person,0.805,988.0,278.5,1080.3,555.5,1034.2,417.0,-0.28,0.39,0.48,-0.22
829,27.633,156,0,person,0.818,151.2,498.5,365.2,716.9,258.2,607.7,0.58,0.09,0.58,0.12
829,27.633,154,0,person,0.397,1174.5,347.3,1270.7,589.9,1222.6,468.6,0.09,-0.92,0.92,1.11
830,27.667,119,0,person,0.84,1059.6,255.8,1184.1,523.7,1121.8,389.8,-0.26,0.39,0.47,0.09
830,27.667,5,0,person,0.812,650.3,245.5,745.8,503.9,698.1,374.7,0.17,-0.19,0.26,0.01
830,27.667,143,0,person,0.823,908.3,275.1,1014.4,551.6,961.4,413.3,0.17,-0.55,0.57,-0.54
830,27.667,145,0,person,0.655,800.9,290.5,867.7,503.2,834.3,396.8,2.53,0.07,2.53,-1.37
830,27.667,146,0,person,0.804,988.2,279.0,1080.7,555.3,1034.5,417.2,0.33,0.15,0.36,-0.24
830,27.667,156,0,person,0.823,152.1,498.9,366.0,717.2,259.0,608.0,0.8,0.35,0.87,0.25
830,27.667,154,0,person,0.406,1174.4,339.7,1272.4,590.3,1223.4,465.0,0.74,-3.62,3.7,-2.71
831,27.7,119,0,person,0.833,1059.0,254.5,1184.3,524.8,1121.7,389.6,-0.17,-0.12,0.21,-0.5
831,27.7,5,0,person,0.834,650.7,246.6,745.8,503.8,698.2,375.2,0.17,0.52,0.54,0.71
831,27.7,143,0,person,0.813,908.6,275.1,1014.9,551.5,961.7,413.3,0.36,-0.03,0.36,0.52
831,27.7,145,0,person,0.711,803.0,290.2,870.0,503.6,836.5,396.9,2.15,0.09,2.16,0.02
831,27.7,146,0,person,0.806,988.6,279.7,1081.1,555.7,1034.8,417.7,0.37,0.53,0.65,0.38
831,27.7,156,0,person,0.829,153.3,499.5,367.3,717.5,260.3,608.5,1.27,0.48,1.36,0.14
831,27.7,154,0,person,0.437,1175.4,340.3,1272.3,590.6,1223.9,465.4,0.5,0.46,0.67,4.08
832,27.733,119,0,person,0.826,1060.5,254.8,1184.8,524.6,1122.7,389.7,1.0,0.05,1.0,0.17
832,27.733,5,0,person,0.835,651.7,247.8,746.5,503.9,699.1,375.9,0.83,0.66,1.06,0.14
832,27.733,143,0,person,0.822,910.1,275.3,1016.6,552.1,963.4,413.7,1.65,0.4,1.7,0.43
832,27.733,145,0,person,0.692,803.9,291.3,870.2,503.8,837.0,397.6,0.53,0.65,0.84,0.56
832,27.733,146,0,person,0.794,988.1,280.0,1081.0,556.0,1034.6,418.0,-0.28,0.33,0.43,-0.21
832,27.733,156,0,person,0.854,153.1,499.7,367.8,718.2,260.5,609.0,0.19,0.45,0.49,-0.03
832,27.733,154,0,person,0.478,1176.8,343.0,1272.0,591.0,1224.4,467.0,0.53,1.53,1.62,1.08
833,27.767,119,0,person,0.829,1060.2,254.1,1185.0,525.9,1122.6,390.0,-0.08,0.33,0.34,0.28
833,27.767,5,0,person,0.82,651.6,247.2,746.7,503.9,699.1,375.5,0.04,-0.31,0.32,-0.97
833,27.767,143,0,person,0.828,910.9,275.3,1016.9,551.1,963.9,413.2,0.53,-0.51,0.73,-0.91
833,27.767,145,0,person,0.661,805.1,291.7,870.9,503.0,838.0,397.4,1.0,-0.19,1.02,-0.84
833,27.767,146,0,person,0.781,988.8,280.2,1081.6,554.9,1035.2,417.6,0.62,-0.46,0.77,-0.78
833,27.767,156,0,person,0.839,153.4,499.6,367.9,717.8,260.6,608.7,0.18,-0.26,0.31,-0.71
833,27.767,154,0,person,0.504,1179.0,349.9,1271.1,591.5,1225.0,470.7,0.62,3.76,3.81,2.23
834,27.8,119,0,person,0.814,1060.8,254.6,1185.2,526.8,1123.0,390.7,0.41,0.67,0.79,0.34
834,27.8,5,0,person,0.816,652.8,247.9,748.2,505.2,700.5,376.6,1.43,1.04,1.77,1.35
834,27.8,143,0,person,0.829,912.0,275.9,1017.5,550.4,964.7,413.1,0.86,-0.06,0.86,0.44
834,27.8,145,0,person,0.688,805.9,292.2,871.7,503.8,838.8,398.0,0.75,0.65,0.99,0.84
834,27.8,146,0,person,0.775,990.3,280.0,1082.6,552.9,1036.4,416.5,1.26,-1.11,1.68,-0.65
834,27.8,156,0,person,0.836,153.5,499.6,369.6,719.2,261.6,609.4,0.93,0.69,1.15,0.94
834,27.8,154,0,person,0.534,1180.3,354.8,1270.3,592.0,1225.3,473.4,0.31,2.66,2.68,-1.1
835,27.833,119,0,person,0.795,1063.0,255.0,1186.2,526.4,1124.6,390.7,1.6,-0.03,1.6,-0.7
835,27.833,5,0,person,0.799,654.0,248.3,749.4,505.8,701.7,377.0,1.15,0.47,1.24,-0.57
835,27.833,143,0,person,0.828,913.2,276.4,1018.2,549.8,965.7,413.1,0.97,-0.0,0.97,0.06
835,27.833,145,0,person,0.62,806.9,291.7,871.8,501.1,839.3,396.4,0.54,-1.63,1.72,-2.29
835,27.833,146,0,person,0.788,992.0,279.8,1084.1,552.2,1038.1,416.0,1.64,-0.46,1.7,0.65
835,27.833,156,0,person,0.828,154.2,499.9,370.8,719.8,262.5,609.9,0.97,0.46,1.07,-0.23
835,27.833,154,0,person,0.556,1181.3,356.0,1270.5,592.4,1225.9,474.2,0.6,0.82,1.02,-1.83
836,27.867,119,0,person,0.784,1065.1,255.2,1186.9,526.1,1126.0,390.7,1.41,-0.01,1.41,0.02
836,27.867,5,0,person,0.799,655.6,248.5,751.1,505.5,703.4,377.0,1.68,-0.05,1.68,-0.52
836,27.867,143,0,person,0.808,913.8,277.4,1018.5,550.9,966.1,414.1,0.42,1.02,1.1,1.02
836,27.867,145,0,person,0.636,807.7,292.0,872.0,500.6,839.9,396.3,0.52,-0.06,0.53,1.58
836,27.867,146,0,person,0.798,991.9,280.1,1084.5,553.3,1038.2,416.7,0.11,0.69,0.7,1.16
836,27.867,156,0,person,0.843,155.0,500.2,371.9,720.0,263.5,610.1,0.93,0.22,0.96,-0.24
836,27.867,154,0,person,0.536,1181.4,349.9,1272.2,592.7,1226.8,471.3,0.87,-2.95,3.07,-3.77
836,27.867,158,2,car,0.335,170.0,155.0,255.4,221.4,212.7,188.2,0.83,0.4,0.92,0.03
837,27.9,119,0,person,0.793,1065.9,255.6,1186.7,525.8,1126.3,390.7,0.27,0.04,0.28,0.05
837,27.9,5,0,person,0.809,656.7,248.7,752.6,506.1,704.6,377.4,1.26,0.42,1.33,0.48
837,27.9,143,0,person,0.815,915.0,278.1,1019.5,552.4,967.3,415.2,1.11,1.1,1.57,0.09
837,27.9,145,0,person,0.639,807.8,293.2,872.6,503.2,840.2,398.2,0.36,1.87,1.9,1.92
837,27.9,146,0,person,0.778,991.8,280.4,1084.9,554.0,1038.4,417.2,0.2,0.52,0.56,-0.17
837,27.9,156,0,person,0.851,155.7,500.3,373.0,720.0,264.4,610.1,0.9,0.06,0.91,-0.16
837,27.9,154,0,person,0.492,1182.2,345.5,1274.1,593.1,1228.1,469.3,1.33,-1.97,2.38,0.97
837,27.9,158,2,car,0.375,170.2,154.8,257.1,221.8,213.6,188.3,0.92,0.09,0.92,-0.31
838,27.933,119,0,person,0.803,1067.0,256.0,1186.7,525.0,1126.8,390.5,0.56,-0.21,0.6,-0.25
838,27.933,5,0,person,0.811,656.9,248.6,753.0,506.3,705.0,377.5,0.33,0.05,0.33,-0.38
838,27.933,143,0,person,0.829,916.9,278.4,1021.2,553.1,969.0,415.7,1.78,0.49,1.85,-0.61
838,27.933,145,0,person,0.585,807.3,294.8,871.6,503.7,839.5,399.3,-0.75,1.08,1.31,-0.79
838,27.933,146,0,person,0.782,991.3,280.3,1085.2,554.5,1038.2,417.4,-0.15,0.16,0.22,-0.36
838,27.933,156,0,person,0.843,156.3,500.5,373.8,720.0,265.1,610.3,0.71,0.14,0.72,0.08
838,27.933,154,0,person,0.439,1183.2,341.6,1275.9,593.1,1229.5,467.3,1.4,-1.96,2.4,0.01
838,27.933,158,2,car,0.33,170.3,154.2,258.5,221.9,214.4,188.1,0.75,-0.24,0.79,-0.33
839,27.967,119,0,person,0.812,1067.9,256.3,1186.9,525.1,1127.4,390.7,0.53,0.19,0.57,0.4
839,27.967,5,0,person,0.804,656.8,248.4,753.4,507.1,705.1,377.7,0.14,0.28,0.31,0.23
839,27.967,143,0,person,0.832,918.0,278.7,1022.0,553.5,970.0,416.1,0.95,0.35,1.01,-0.14
839,27.967,145,0,person,0.608,808.8,295.8,873.5,505.1,841.2,400.4,1.72,1.17,2.07,0.09
839,27.967,146,0,person,0.787,990.7,280.1,1085.3,555.2,1038.0,417.6,-0.23,0.25,0.34,0.1
839,27.967,156,0,person,0.845,156.6,500.6,374.6,720.0,265.6,610.3,0.49,0.03,0.49,-0.11
839,27.967,154,0,person,0.436,1184.0,340.9,1276.5,593.3,1230.3,467.1,0.74,-0.28,0.79,1.68
839,27.967,158,2,car,0.4,171.0,153.8,259.8,221.8,215.4,187.8,1.0,-0.22,1.03,0.02
840,28.0,119,0,person,0.826,1068.6,256.2,1186.9,524.4,1127.8,390.3,0.38,-0.38,0.54,-0.57
840,28.0,5,0,person,0.724,657.1,248.9,754.1,507.9,705.6,378.4,0.53,0.62,0.81,0.34
840,28.0,143,0,person,0.828,919.0,278.7,1022.7,553.7,970.8,416.2,0.85,0.11,0.86,-0.24
840,28.0,145,0,person,0.628,809.9,295.3,875.5,506.1,842.7,400.7,1.5,0.28,1.53,-0.88
840,28.0,146,0,person,0.784,990.3,280.4,1085.5,555.7,1037.9,418.0,-0.13,0.39,0.41,0.14
840,28.0,156,0,person,0.844,157.9,501.9,374.7,719.5,266.3,610.7,0.75,0.38,0.84,0.35
840,28.0,154,0,person,0.431,1184.2,337.3,1277.4,593.4,1230.8,465.4,0.54,-1.7,1.78,-1.42
840,28.0,158,2,car,0.388,172.0,153.9,260.2,221.7,216.1,187.8,0.74,-0.03,0.74,0.19
841,28.033,119,0,person,0.827,1069.5,256.1,1186.8,523.4,1128.1,389.7,0.35,-0.55,0.65,-0.16
841,28.033,5,0,person,0.753,657.1,248.9,754.1,507.4,705.6,378.1,-0.03,-0.23,0.23,-0.85
841,28.033,143,0,person,0.833,919.6,278.8,1022.7,553.3,971.2,416.0,0.32,-0.15,0.35,-0.26
841,28.033,145,0,person,0.592,810.5,296.2,876.0,506.4,843.3,401.3,0.58,0.56,0.81,0.28
841,28.033,146,0,person,0.794,990.3,280.8,1086.0,555.6,1038.2,418.2,0.26,0.21,0.34,-0.18
841,28.033,156,0,person,0.842,158.5,502.4,375.2,719.1,266.8,610.7,0.52,0.06,0.53,-0.32
841,28.033,154,0,person,0.467,1184.7,336.7,1277.6,593.6,1231.2,465.1,0.38,-0.21,0.43,1.49
842,28.067,119,0,person,0.822,1070.3,256.5,1186.8,523.0,1128.6,389.7,0.46,-0.02,0.46,0.53
842,28.067,5,0,person,0.773,657.2,249.7,754.3,508.0,705.8,378.9,0.16,0.74,0.76,0.97
842,28.067,143,0,person,0.832,920.2,279.0,1022.9,553.3,971.6,416.1,0.4,0.08,0.41,0.24
842,28.067,145,0,person,0.547,811.4,296.5,876.1,504.0,843.8,400.2,0.51,-1.03,1.15,-1.59
842,28.067,146,0,person,0.799,990.6,281.3,1086.5,555.6,1038.5,418.4,0.38,0.19,0.43,-0.03
842,28.067,156,0,person,0.838,158.0,501.7,376.3,719.7,267.1,610.7,0.3,-0.07,0.3,-0.13
842,28.067,154,0,person,0.506,1185.0,335.4,1278.0,594.3,1231.5,464.8,0.33,-0.31,0.46,-0.1
843,28.1,119,0,person,0.81,1070.7,256.9,1186.4,522.8,1128.6,389.8,0.0,0.09,0.09,0.11
843,28.1,5,0,person,0.778,657.9,249.7,755.3,508.7,706.6,379.2,0.8,0.35,0.88,-0.39
843,28.1,143,0,person,0.83,920.9,279.8,1023.3,554.0,972.1,416.9,0.51,0.78,0.93,0.7
843,28.1,145,0,person,0.64,812.8,296.8,878.7,506.7,845.7,401.8,1.97,1.53,2.5,2.57
843,28.1,146,0,person,0.803,990.9,281.9,1086.9,555.6,1038.9,418.7,0.33,0.32,0.46,0.14
843,28.1,156,0,person,0.837,157.4,501.4,376.2,719.9,266.8,610.7,-0.33,-0.0,0.33,0.07
843,28.1,154,0,person,0.486,1185.9,335.9,1278.6,594.8,1232.2,465.3,0.73,0.51,0.88,0.82
843,28.1,155,0,person,0.405,238.4,254.3,362.5,502.4,300.5,378.4,0.87,-0.34,0.94,-0.18
844,28.133,119,0,person,0.809,1071.3,257.0,1186.2,522.6,1128.8,389.8,0.18,-0.04,0.19,-0.13
844,28.133,5,0,person,0.783,657.8,250.9,754.2,507.2,706.0,379.0,-0.57,-0.21,0.61,-0.56
844,28.133,143,0,person,0.837,921.4,280.6,1023.3,553.8,972.4,417.2,0.29,0.28,0.41,-0.5
844,28.133,145,0,person,0.673,812.0,297.8,877.6,507.0,844.8,402.4,-0.94,0.62,1.12,-0.92
844,28.133,146,0,person,0.808,991.1,282.5,1087.0,555.2,1039.0,418.8,0.16,0.07,0.18,-0.25
844,28.133,156,0,person,0.831,157.6,502.5,374.8,719.2,266.2,610.9,-0.65,0.19,0.68,0.19
844,28.133,154,0,person,0.495,1186.6,337.7,1278.7,595.0,1232.7,466.3,0.42,0.99,1.08,0.48
844,28.133,155,0,person,0.428,239.6,253.1,364.1,501.4,301.9,377.3,1.39,-1.07,1.76,-0.73
844,28.133,158,2,car,0.378,176.2,157.4,260.6,221.9,218.4,189.7,0.57,0.47,0.74,0.13
845,28.167,119,0,person,0.813,1072.4,256.8,1186.5,521.8,1129.5,389.3,0.73,-0.48,0.87,-0.45
845,28.167,5,0,person,0.788,658.2,250.8,754.9,508.0,706.5,379.4,0.51,0.39,0.64,0.6
845,28.167,143,0,person,0.836,922.2,281.3,1023.5,553.6,972.8,417.4,0.5,0.25,0.55,-0.04
845,28.167,145,0,person,0.681,812.5,296.9,879.1,508.5,845.8,402.7,1.05,0.31,1.1,-0.31
845,28.167,146,0,person,0.803,991.4,283.1,1087.6,555.5,1039.5,419.3,0.44,0.45,0.63,0.38
845,28.167,156,0,person,0.852,157.0,501.9,375.0,719.7,266.0,610.8,-0.17,-0.04,0.17,-0.23
845,28.167,154,0,person,0.52,1188.0,345.6,1277.4,595.6,1232.7,470.6,0.04,4.24,4.24,3.24
845,28.167,155,0,person,0.47,238.9,244.7,367.1,502.5,303.0,373.6,1.12,-3.68,3.85,-2.61
845,28.167,158,2,car,0.384,177.0,158.1,260.9,221.9,218.9,190.0,0.53,0.31,0.61,-0.16
846,28.2,119,0,person,0.826,1073.5,256.8,1186.8,521.7,1130.2,389.3,0.7,-0.02,0.7,0.46
846,28.2,5,0,person,0.766,658.8,251.4,754.8,506.8,706.8,379.1,0.28,-0.31,0.42,-0.69
846,28.2,143,0,person,0.826,922.9,282.4,1024.1,554.5,973.5,418.5,0.62,1.02,1.19,0.77
846,28.2,145,0,person,0.694,814.1,296.6,881.4,509.1,847.7,402.8,1.89,0.13,1.9,-0.18
846,28.2,146,0,person,0.79,991.7,283.5,1088.0,555.6,1039.8,419.5,0.36,0.24,0.43,-0.21
846,28.2,156,0,person,0.86,156.9,501.8,374.7,719.9,265.8,610.9,-0.2,0.06,0.21,0.1
846,28.2,154,0,person,0.499,1188.4,347.0,1277.4,596.0,1232.9,471.5,0.18,0.95,0.97,-3.28
846,28.2,155,0,person,0.438,238.4,241.9,368.6,503.4,303.5,372.6,0.51,-0.97,1.1,2.71
846,28.2,158,2,car,0.429,178.9,158.9,263.8,223.0,221.4,190.9,2.42,0.92,2.59,0.61
847,28.233,119,0,person,0.845,1073.3,257.1,1186.4,522.7,1129.9,389.9,-0.32,0.62,0.7,0.63
847,28.233,5,0,person,0.786,659.2,251.7,755.4,508.4,707.3,380.1,0.52,0.98,1.11,1.29
847,28.233,143,0,person,0.825,923.5,283.0,1024.6,554.7,974.1,418.8,0.59,0.39,0.71,-0.63
847,28.233,145,0,person,0.686,814.7,297.4,882.4,509.6,848.6,403.5,0.85,0.64,1.06,0.51
847,28.233,146,0,person,0.797,992.0,283.8,1088.7,556.7,1040.4,420.2,0.53,0.73,0.9,0.49
847,28.233,156,0,person,0.854,158.0,502.0,375.5,720.0,266.8,611.0,0.96,0.15,0.97,0.09
847,28.233,154,0,person,0.471,1187.9,341.3,1279.0,596.1,1233.4,468.7,0.54,-2.78,2.83,-3.73
847,28.233,158,2,car,0.383,179.0,158.8,265.5,223.7,222.2,191.2,0.87,0.33,0.93,-0.59
848,28.267,119,0,person,0.85,1072.8,257.1,1185.8,523.4,1129.3,390.3,-0.56,0.36,0.67,-0.25
848,28.267,5,0,person,0.805,659.3,251.7,755.7,509.3,707.5,380.5,0.19,0.42,0.46,-0.56
848,28.267,143,0,person,0.823,924.3,283.6,1025.2,555.0,974.8,419.3,0.72,0.47,0.86,0.09
848,28.267,145,0,person,0.706,815.6,297.6,883.8,509.6,849.7,403.6,1.15,0.11,1.16,-0.53
848,28.267,146,0,person,0.799,992.2,284.2,1089.3,557.5,1040.7,420.8,0.37,0.57,0.68,-0.17
848,28.267,156,0,person,0.847,159.2,502.0,376.8,720.0,268.0,611.0,1.26,0.0,1.26,-0.14
848,28.267,154,0,person,0.455,1187.6,338.9,1279.6,596.3,1233.6,467.6,0.15,-1.14,1.15,1.64
848,28.267,158,2,car,0.368,178.8,158.6,266.3,224.0,222.5,191.3,0.3,0.09,0.31,-0.24
849,28.3,119,0,person,0.863,1072.1,257.0,1185.2,524.2,1128.7,390.6,-0.65,0.35,0.73,-0.02
849,28.3,5,0,person,0.821,659.8,252.2,756.0,509.7,707.9,381.0,0.4,0.46,0.61,0.04
849,28.3,143,0,person,0.823,924.5,283.8,1025.4,555.3,974.9,419.6,0.16,0.26,0.3,-0.21
849,28.3,145,0,person,0.704,815.1,296.6,883.9,509.6,849.5,403.1,-0.22,-0.51,0.55,-0.62
849,28.3,146,0,person,0.807,992.0,284.2,1089.7,558.3,1040.9,421.3,0.15,0.44,0.47,-0.13
849,28.3,156,0,person,0.837,160.3,501.7,378.4,720.0,269.3,610.8,1.33,-0.18,1.34,-0.19
849,28.3,154,0,person,0.486,1188.5,344.5,1278.7,596.6,1233.6,470.5,0.06,2.94,2.94,4.08
849,28.3,158,2,car,0.333,178.1,158.5,266.3,224.3,222.2,191.4,-0.32,0.04,0.33,-0.05
850,28.333,119,0,person,0.855,1071.7,257.0,1184.7,524.6,1128.2,390.8,-0.45,0.19,0.49,-0.15
850,28.333,5,0,person,0.827,660.5,252.3,756.6,509.6,708.5,381.0,0.62,0.01,0.62,-0.45
850,28.333,143,0,person,0.819,924.7,283.9,1025.6,555.5,975.1,419.7,0.19,0.12,0.23,-0.13
850,28.333,145,0,person,0.701,814.1,296.6,883.1,509.6,848.6,403.1,-0.9,0.02,0.9,0.53
850,28.333,146,0,person,0.806,991.9,284.1,1089.8,558.5,1040.9,421.3,-0.01,0.05,0.05,-0.39
850,28.333,156,0,person,0.839,161.4,501.6,380.1,720.0,270.7,610.8,1.4,-0.05,1.4,0.14
850,28.333,154,0,person,0.456,1188.8,346.1,1278.5,596.9,1233.7,471.5,0.01,0.94,0.94,-2.0
851,28.367,119,0,person,0.856,1070.6,256.7,1184.0,525.6,1127.3,391.2,-0.91,0.36,0.98,0.17
851,28.367,5,0,person,0.812,660.3,252.6,756.1,509.8,708.2,381.2,-0.34,0.24,0.42,0.22
851,28.367,143,0,person,0.824,924.6,284.1,1025.5,555.7,975.1,419.9,-0.06,0.21,0.22,0.09
851,28.367,145,0,person,0.719,813.7,296.6,883.0,509.6,848.3,403.1,-0.29,-0.02,0.3,-0.05
851,28.367,146,0,person,0.81,991.7,283.7,1090.1,558.9,1040.9,421.3,0.04,-0.0,0.04,-0.05
851,28.367,156,0,person,0.842,161.3,501.4,380.5,720.0,270.9,610.7,0.2,-0.08,0.21,-0.03
851,28.367,154,0,person,0.46,1187.9,341.4,1279.2,596.7,1233.5,469.1,-0.11,-2.42,2.42,-3.36
852,28.4,119,0,person,0.86,1070.2,256.4,1183.5,525.5,1126.8,391.0,-0.46,-0.18,0.49,-0.55
852,28.4,5,0,person,0.813,660.1,252.4,756.0,510.2,708.1,381.3,-0.13,0.07,0.15,-0.16
852,28.4,143,0,person,0.822,924.4,284.2,1025.2,555.8,974.8,420.0,-0.24,0.09,0.26,-0.13
852,28.4,145,0,person,0.689,813.9,296.6,883.3,509.8,848.6,403.2,0.29,0.12,0.32,0.14
852,28.4,146,0,person,0.814,991.5,283.7,1089.8,559.0,1040.7,421.3,-0.25,0.05,0.25,0.05
852,28.4,156,0,person,0.835,160.2,501.2,379.7,720.0,270.0,610.6,-0.97,-0.11,0.98,-0.03
852,28.4,154,0,person,0.439,1187.4,338.8,1279.5,596.1,1233.5,467.5,-0.05,-1.57,1.58,0.84
852,28.4,158,2,car,0.374,177.4,158.3,265.2,223.9,221.3,191.1,-0.3,-0.1,0.32,-0.05
853,28.433,119,0,person,0.861,1069.9,256.1,1183.0,525.6,1126.5,390.9,-0.38,-0.11,0.39,0.07
853,28.433,5,0,person,0.824,660.5,252.1,756.3,509.7,708.4,380.9,0.29,-0.4,0.5,-0.47
853,28.433,143,0,person,0.824,924.3,284.0,1025.0,555.6,974.6,419.8,-0.21,-0.18,0.28,-0.27
853,28.433,145,0,person,0.708,813.9,297.8,882.7,509.8,848.3,403.8,-0.29,0.6,0.67,0.48
853,28.433,146,0,person,0.811,991.1,283.2,1089.5,558.4,1040.3,420.8,-0.34,-0.54,0.64,-0.59
853,28.433,156,0,person,0.835,158.6,501.0,378.1,720.0,268.4,610.5,-1.57,-0.08,1.57,0.03
853,28.433,154,0,person,0.439,1187.4,338.2,1279.5,595.7,1233.4,467.0,-0.06,-0.51,0.51,1.07
853,28.433,158,2,car,0.412,177.1,158.3,264.6,223.5,220.9,190.9,-0.43,-0.17,0.46,-0.07
853,28.433,155,0,person,0.359,240.4,245.4,369.9,505.6,305.1,375.5,0.24,0.41,0.47,0.2
854,28.467,119,0,person,0.856,1070.0,256.0,1182.7,525.3,1126.4,390.7,-0.1,-0.2,0.22,-0.09
854,28.467,5,0,person,0.822,660.6,251.7,756.0,508.4,708.3,380.0,-0.07,-0.86,0.87,-0.46
854,28.467,143,0,person,0.823,923.3,283.5,1024.0,555.7,973.6,419.6,-0.99,-0.19,1.0,-0.0
854,28.467,145,0,person,0.715,814.5,297.2,883.5,509.9,849.0,403.6,0.67,-0.23,0.71,-0.83
854,28.467,146,0,person,0.815,990.7,283.4,1088.6,557.3,1039.7,420.4,-0.65,-0.45,0.78,0.1
854,28.467,156,0,person,0.824,157.9,500.8,377.6,720.0,267.7,610.4,-0.66,-0.12,0.67,-0.04
854,28.467,154,0,person,0.456,1187.4,343.8,1277.2,595.9,1232.3,469.9,-1.15,2.87,3.09,3.38
854,28.467,158,2,car,0.418,176.8,158.5,263.8,223.3,220.3,190.9,-0.59,0.01,0.59,0.18
854,28.467,155,0,person,0.327,239.4,244.0,370.0,507.5,304.7,375.7,-0.48,0.23,0.53,-0.19
855,28.5,119,0,person,0.853,1069.6,255.6,1182.1,524.9,1125.9,390.3,-0.46,-0.4,0.61,-0.2
855,28.5,5,0,person,0.8,659.8,250.9,755.4,507.9,707.6,379.4,-0.7,-0.63,0.94,0.23
855,28.5,143,0,person,0.85,922.3,283.4,1022.7,554.7,972.5,419.1,-1.1,-0.58,1.25,-0.39
855,28.5,145,0,person,0.729,814.6,296.7,883.7,509.8,849.2,403.2,0.19,-0.34,0.39,-0.11
855,28.5,146,0,person,0.828,989.8,283.4,1087.4,556.7,1038.6,420.0,-1.06,-0.31,1.11,0.13
855,28.5,156,0,person,0.816,157.6,500.8,377.1,719.4,267.4,610.1,-0.37,-0.28,0.46,-0.16
855,28.5,154,0,person,0.505,1186.8,345.8,1275.4,595.5,1231.1,470.7,-1.14,0.81,1.39,-2.06
855,28.5,158,2,car,0.377,175.0,157.9,262.7,223.2,218.8,190.5,-1.44,-0.4,1.49,-0.41
856,28.533,119,0,person,0.838,1069.3,255.0,1181.5,524.0,1125.4,389.5,-0.49,-0.8,0.94,-0.4
856,28.533,5,0,person,0.783,658.5,250.7,753.9,507.1,706.2,378.9,-1.4,-0.46,1.47,0.18
856,28.533,143,0,person,0.853,921.0,282.8,1021.2,553.9,971.1,418.4,-1.45,-0.68,1.6,-0.1
856,28.533,145,0,person,0.739,814.1,296.5,883.1,509.6,848.6,403.1,-0.58,-0.14,0.59,0.19
856,28.533,146,0,person,0.822,988.6,283.4,1086.1,556.2,1037.4,419.8,-1.24,-0.27,1.27,0.05
856,28.533,156,0,person,0.815,157.0,500.3,376.9,719.1,266.9,609.7,-0.44,-0.4,0.6,-0.13
856,28.533,154,0,person,0.467,1185.2,342.2,1273.8,593.6,1229.5,467.9,-1.66,-2.75,3.21,-3.56
856,28.533,158,2,car,0.339,173.6,157.8,260.5,222.5,217.0,190.2,-1.79,-0.33,1.82,0.07
857,28.567,119,0,person,0.839,1070.2,254.7,1181.6,523.1,1125.9,388.9,0.5,-0.55,0.74,0.25
857,28.567,5,0,person,0.796,658.2,250.5,753.6,507.0,705.9,378.7,-0.26,-0.19,0.32,0.27
857,28.567,143,0,person,0.858,920.1,282.6,1020.1,553.1,970.1,417.8,-0.98,-0.55,1.12,0.13
857,28.567,145,0,person,0.692,812.9,297.4,881.3,508.2,847.1,402.8,-1.51,-0.31,1.55,-0.17
857,28.567,146,0,person,0.818,988.2,283.3,1085.5,555.4,1036.8,419.4,-0.52,-0.41,0.66,-0.14
857,28.567,156,0,person,0.811,156.1,500.0,376.5,719.2,266.3,609.6,-0.66,-0.12,0.67,0.29
857,28.567,154,0,person,0.514,1184.2,342.0,1272.3,593.4,1228.3,467.7,-1.2,-0.18,1.22,2.57
858,28.6,119,0,person,0.84,1071.2,254.5,1182.5,522.9,1126.9,388.7,0.97,-0.25,1.01,0.3
858,28.6,5,0,person,0.822,657.5,250.4,753.1,507.0,705.3,378.7,-0.62,-0.05,0.62,0.14
858,28.6,143,0,person,0.854,919.7,282.4,1019.5,552.9,969.6,417.7,-0.53,-0.16,0.55,0.39
858,28.6,145,0,person,0.69,810.9,297.2,879.8,508.6,845.4,402.9,-1.72,0.14,1.73,0.45
858,28.6,146,0,person,0.82,987.9,283.3,1085.2,555.1,1036.5,419.2,-0.3,-0.13,0.33,0.28
858,28.6,156,0,person,0.833,155.1,499.2,376.5,719.3,265.8,609.2,-0.46,-0.36,0.59,-0.25
858,28.6,154,0,person,0.537,1184.2,344.6,1271.1,593.7,1227.6,469.1,-0.67,1.41,1.56,1.6
859,28.633,119,0,person,0.837,1071.5,254.4,1182.9,523.0,1127.2,388.7,0.32,0.04,0.33,0.29
859,28.633,5,0,person,0.812,657.3,249.6,753.3,506.8,705.3,378.2,0.01,-0.48,0.48,-0.44
859,28.633,143,0,person,0.85,919.0,282.7,1018.8,553.5,968.9,418.1,-0.7,0.4,0.81,0.56
859,28.633,145,0,person,0.686,809.9,297.2,879.1,508.8,844.5,403.0,-0.87,0.07,0.88,-0.07
859,28.633,146,0,person,0.826,987.5,283.6,1084.7,555.2,1036.1,419.4,-0.45,0.15,0.47,0.28
859,28.633,156,0,person,0.839,154.5,498.9,376.2,719.2,265.3,609.0,-0.47,-0.19,0.51,0.18
859,28.633,154,0,person,0.561,1185.0,355.0,1268.5,595.1,1226.7,475.0,-0.89,5.88,5.95,4.47
860,28.667,119,0,person,0.831,1071.6,254.6,1183.4,523.0,1127.5,388.8,0.32,0.05,0.32,0.01
860,28.667,5,0,person,0.772,657.1,250.4,752.5,506.3,704.8,378.4,-0.51,0.16,0.53,0.64
860,28.667,143,0,person,0.85,918.4,283.1,1018.0,553.5,968.2,418.3,-0.69,0.24,0.73,-0.16
860,28.667,145,0,person,0.608,809.4,298.7,878.4,509.0,843.9,403.8,-0.6,0.85,1.04,0.78
860,28.667,146,0,person,0.825,987.1,283.8,1084.5,555.6,1035.8,419.7,-0.31,0.31,0.44,0.16
860,28.667,156,0,person,0.835,154.1,498.5,376.1,719.1,265.1,608.8,-0.26,-0.24,0.35,-0.05
860,28.667,154,0,person,0.601,1184.9,355.6,1268.2,595.5,1226.6,475.5,-0.17,0.51,0.54,-5.38
861,28.7,119,0,person,0.817,1071.5,254.6,1183.8,523.0,1127.6,388.8,0.11,0.02,0.11,-0.03
861,28.7,5,0,person,0.776,656.8,250.9,752.2,506.8,704.5,378.8,-0.3,0.48,0.56,0.32
861,28.7,143,0,person,0.85,917.8,283.3,1017.3,553.9,967.6,418.6,-0.63,0.28,0.69,0.04
861,28.7,145,0,person,0.597,809.3,298.8,878.5,509.3,843.9,404.0,0.01,0.2,0.2,-0.65
861,28.7,146,0,person,0.833,986.7,283.9,1084.0,556.1,1035.4,420.0,-0.4,0.36,0.54,0.05
861,28.7,156,0,person,0.839,154.1,498.3,376.4,719.3,265.3,608.8,0.19,-0.04,0.19,0.2
861,28.7,154,0,person,0.64,1185.6,364.4,1266.4,596.4,1226.0,480.4,-0.59,4.86,4.89,4.35
862,28.733,119,0,person,0.808,1071.5,254.8,1184.7,523.5,1128.1,389.1,0.47,0.36,0.59,0.34
862,28.733,5,0,person,0.826,656.6,252.2,751.7,507.3,704.2,379.8,-0.34,0.93,0.99,0.46
862,28.733,143,0,person,0.844,916.8,283.6,1016.7,555.2,966.7,419.4,-0.8,0.83,1.15,0.55
862,28.733,145,0,person,0.647,809.0,298.7,878.4,509.8,843.7,404.3,-0.21,0.21,0.3,0.01
862,28.733,146,0,person,0.83,986.8,284.3,1084.0,556.6,1035.4,420.5,-0.04,0.44,0.44,0.08
862,28.733,156,0,person,0.85,154.3,498.4,376.5,719.4,265.4,608.9,0.12,0.16,0.2,0.2
862,28.733,154,0,person,0.632,1185.9,367.7,1265.8,596.6,1225.8,482.2,-0.15,1.79,1.79,-3.07
862,28.733,158,2,car,0.349,173.2,159.5,257.6,222.3,215.4,190.9,-0.28,0.12,0.3,0.08
863,28.767,119,0,person,0.801,1070.3,255.0,1184.8,524.2,1127.6,389.6,-0.54,0.49,0.73,0.13
863,28.767,5,0,person,0.787,656.0,252.4,751.4,508.3,703.7,380.3,-0.46,0.56,0.72,-0.37
863,28.767,143,0,person,0.835,915.9,284.0,1016.1,556.4,966.0,420.2,-0.76,0.8,1.1,-0.03
863,28.767,145,0,person,0.611,808.9,299.0,878.1,509.9,843.5,404.4,-0.2,0.17,0.26,-0.04
863,28.767,146,0,person,0.825,986.9,284.9,1084.0,557.5,1035.5,421.2,0.11,0.69,0.7,0.26
863,28.767,156,0,person,0.852,154.7,498.9,376.9,719.7,265.8,609.3,0.41,0.39,0.56,0.23
863,28.767,154,0,person,0.616,1185.2,363.3,1266.8,596.6,1226.0,479.9,0.18,-2.23,2.23,-4.01
863,28.767,158,2,car,0.332,173.5,159.4,258.0,222.4,215.7,190.9,0.33,-0.0,0.33,-0.13
864,28.8,119,0,person,0.802,1071.1,256.2,1186.0,523.9,1128.5,390.0,0.98,0.39,1.05,-0.1
864,28.8,5,0,person,0.813,655.4,252.5,750.6,508.7,703.0,380.6,-0.66,0.28,0.72,-0.28
864,28.8,143,0,person,0.82,915.5,284.1,1015.8,556.7,965.7,420.4,-0.29,0.18,0.34,-0.62
864,28.8,145,0,person,0.599,808.1,299.2,877.5,510.2,842.8,404.7,-0.69,0.28,0.75,0.11
864,28.8,146,0,person,0.824,986.6,285.5,1083.7,558.3,1035.1,421.9,-0.33,0.7,0.77,0.01
864,28.8,156,0,person,0.847,154.8,498.7,377.2,719.7,266.0,609.2,0.2,-0.15,0.26,-0.54
864,28.8,154,0,person,0.586,1184.6,363.2,1266.6,597.2,1225.6,480.2,-0.4,0.22,0.46,2.45
864,28.8,158,2,car,0.358,173.6,158.8,258.7,222.5,216.1,190.7,0.42,-0.26,0.5,-0.26
865,28.833,119,0,person,0.801,1071.3,257.0,1186.6,523.6,1128.9,390.3,0.4,0.27,0.48,-0.12
865,28.833,5,0,person,0.764,654.8,252.7,749.9,508.9,702.4,380.8,-0.67,0.18,0.69,-0.11
865,28.833,143,0,person,0.81,914.3,284.0,1014.9,557.4,964.6,420.7,-1.1,0.32,1.15,0.14
865,28.833,145,0,person,0.666,806.0,299.5,875.3,509.7,840.6,404.6,-2.17,-0.12,2.18,-0.41
865,28.833,146,0,person,0.817,986.0,286.0,1082.9,559.0,1034.4,422.5,-0.71,0.61,0.94,-0.09
865,28.833,156,0,person,0.849,154.5,498.7,376.6,719.5,265.5,609.1,-0.46,-0.06,0.46,0.09
865,28.833,154,0,person,0.592,1183.5,362.3,1266.4,597.6,1224.9,479.9,-0.65,-0.24,0.69,-0.46
865,28.833,158,2,car,0.371,173.6,158.8,258.6,222.6,216.1,190.7,-0.02,0.04,0.04,0.3
866,28.867,119,0,person,0.784,1069.9,257.4,1186.4,523.9,1128.1,390.7,-0.79,0.38,0.88,0.11
866,28.867,5,0,person,0.795,654.2,252.3,749.7,510.4,702.0,381.3,-0.42,0.54,0.68,0.36
866,28.867,143,0,person,0.798,912.8,283.7,1014.1,558.4,963.5,421.1,-1.12,0.36,1.17,0.04
866,28.867,145,0,person,0.703,802.6,300.1,872.6,509.6,837.6,404.8,-3.02,0.26,3.03,0.38
866,28.867,146,0,person,0.811,985.3,286.1,1082.0,558.8,1033.7,422.5,-0.75,0.0,0.75,-0.6
866,28.867,156,0,person,0.847,154.2,498.9,376.1,719.1,265.1,609.0,-0.41,-0.13,0.43,-0.07
866,28.867,154,0,person,0.62,1182.7,362.7,1265.7,597.6,1224.2,480.2,-0.76,0.23,0.79,0.47
866,28.867,158,2,car,0.48,173.3,159.2,258.0,222.7,215.7,190.9,-0.46,0.22,0.51,0.19
867,28.9,119,0,person,0.755,1067.9,257.8,1185.3,523.7,1126.6,390.7,-1.53,0.08,1.53,-0.3
867,28.9,5,0,person,0.727,654.0,252.7,748.8,509.7,701.4,381.2,-0.56,-0.11,0.57,-0.65
867,28.9,143,0,person,0.777,910.6,282.9,1012.5,558.6,961.6,420.8,-1.91,-0.33,1.94,-0.68
867,28.9,145,0,person,0.673,804.8,299.9,874.5,509.7,839.6,404.8,2.03,-0.01,2.03,-0.27
867,28.9,146,0,person,0.803,984.1,286.0,1080.9,559.1,1032.5,422.6,-1.15,0.07,1.15,0.06
867,28.9,156,0,person,0.862,153.4,499.0,375.0,718.8,264.2,608.9,-0.97,-0.07,0.97,0.06
867,28.9,154,0,person,0.646,1182.1,364.5,1264.7,596.8,1223.4,480.6,-0.83,0.49,0.96,0.27
867,28.9,158,2,car,0.449,172.9,158.9,257.7,222.5,215.3,190.7,-0.36,-0.21,0.42,-0.43
868,28.933,119,0,person,0.791,1066.0,257.3,1185.1,524.6,1125.5,391.0,-1.06,0.21,1.08,0.13
868,28.933,5,0,person,0.723,652.5,252.1,747.5,510.1,700.0,381.1,-1.39,-0.09,1.39,0.02
868,28.933,143,0,person,0.769,909.5,282.5,1011.5,557.4,960.5,419.9,-1.03,-0.82,1.32,-0.49
868,28.933,145,0,person,0.742,802.9,299.3,872.9,509.3,837.9,404.3,-1.76,-0.5,1.83,-0.49
868,28.933,146,0,person,0.799,982.8,285.8,1079.8,559.0,1031.3,422.4,-1.24,-0.17,1.25,-0.24
868,28.933,156,0,person,0.864,151.4,499.0,373.0,718.8,262.2,608.9,-1.96,-0.03,1.96,0.04
868,28.933,154,0,person,0.563,1181.4,365.4,1263.7,595.9,1222.5,480.7,-0.81,0.01,0.81,-0.48
868,28.933,158,2,car,0.466,172.7,158.7,257.0,222.1,214.9,190.4,-0.42,-0.33,0.53,-0.12
869,28.967,119,0,person,0.782,1064.7,257.3,1184.8,524.8,1124.8,391.0,-0.79,0.05,0.79,-0.16
869,28.967,5,0,person,0.787,652.4,252.6,746.8,509.1,699.6,380.9,-0.4,-0.25,0.47,-0.16
869,28.967,143,0,person,0.777,908.7,282.3,1011.0,557.0,959.9,419.7,-0.65,-0.27,0.71,0.54
869,28.967,145,0,person,0.73,801.5,299.7,871.5,508.7,836.5,404.2,-1.34,-0.12,1.34,0.38
869,28.967,146,0,person,0.792,982.1,285.7,1078.9,558.3,1030.5,422.0,-0.8,-0.36,0.88,-0.19
869,28.967,156,0,person,0.871,149.9,498.7,371.9,718.8,260.9,608.8,-1.31,-0.11,1.31,-0.08
869,28.967,154,0,person,0.554,1180.1,365.6,1262.8,596.0,1221.5,480.8,-1.06,0.14,1.07,0.13
869,28.967,158,2,car,0.434,171.8,158.8,256.0,222.2,213.9,190.5,-0.97,0.1,0.97,0.43
870,29.0,119,0,person,0.811,1064.0,256.6,1185.0,524.8,1124.5,390.7,-0.26,-0.33,0.42,-0.39
870,29.0,5,0,person,0.801,651.7,252.4,746.5,510.6,699.1,381.5,-0.53,0.59,0.8,0.84
870,29.0,143,0,person,0.779,908.7,282.3,1010.7,556.1,959.7,419.2,-0.13,-0.42,0.44,-0.14
870,29.0,145,0,person,0.777,802.4,299.3,872.7,508.9,837.6,404.1,1.01,-0.07,1.01,0.06
870,29.0,146,0,person,0.789,981.8,285.7,1078.4,557.7,1030.1,421.7,-0.38,-0.34,0.51,0.02
870,29.0,156,0,person,0.874,148.5,498.5,371.0,719.1,259.7,608.8,-1.17,0.03,1.17,0.14
870,29.0,154,0,person,0.547,1179.1,367.8,1261.6,596.5,1220.3,482.2,-1.15,1.36,1.78,1.22
870,29.0,158,2,car,0.439,170.9,158.6,255.5,222.3,213.2,190.4,-0.71,-0.04,0.71,-0.15
871,29.033,119,0,person,0.821,1062.5,256.0,1184.6,525.2,1123.5,390.6,-0.96,-0.04,0.96,0.29
871,29.033,5,0,person,0.828,651.3,252.1,745.6,509.2,698.5,380.6,-0.6,-0.83,1.03,-1.43
871,29.033,143,0,person,0.787,909.2,282.4,1010.8,555.1,960.0,418.7,0.27,-0.5,0.57,-0.09
871,29.033,145,0,person,0.758,801.9,299.2,872.4,508.7,837.1,403.9,-0.41,-0.19,0.45,-0.13
871,29.033,146,0,person,0.776,981.4,285.8,1078.1,557.9,1029.7,421.8,-0.39,0.16,0.42,0.5
871,29.033,156,0,person,0.885,147.4,498.4,370.2,718.9,258.8,608.7,-0.93,-0.12,0.94,-0.16
871,29.033,154,0,person,0.556,1178.5,371.1,1260.6,597.5,1219.6,484.3,-0.78,2.17,2.3,0.81
871,29.033,158,2,car,0.419,170.2,158.7,254.4,222.2,212.3,190.4,-0.9,-0.01,0.9,0.03
872,29.067,119,0,person,0.819,1061.1,255.1,1184.0,524.7,1122.6,389.9,-0.98,-0.71,1.21,-0.67
872,29.067,5,0,person,0.798,650.5,252.0,745.3,510.7,697.9,381.3,-0.56,0.7,0.9,1.54
872,29.067,143,0,person,0.785,908.8,282.8,1010.4,555.0,959.6,418.9,-0.43,0.17,0.46,0.68
872,29.067,145,0,person,0.758,800.6,299.6,871.3,508.9,835.9,404.2,-1.21,0.27,1.24,0.46
872,29.067,146,0,person,0.778,979.9,286.1,1076.8,558.7,1028.4,422.4,-1.36,0.55,1.47,0.39
872,29.067,156,0,person,0.888,146.5,498.2,369.4,718.6,257.9,608.4,-0.86,-0.3,0.91,-0.17
872,29.067,154,0,person,0.608,1177.8,375.6,1259.3,598.0,1218.6,486.8,-1.0,2.47,2.67,0.31
872,29.067,158,2,car,0.316,169.5,158.9,253.1,222.2,211.3,190.6,-0.97,0.12,0.98,0.13
873,29.1,119,0,person,0.838,1060.1,254.3,1183.5,523.9,1121.8,389.1,-0.78,-0.81,1.12,-0.1
873,29.1,5,0,person,0.789,649.4,252.0,743.4,509.0,696.4,380.5,-1.54,-0.82,1.74,-1.52
873,29.1,143,0,person,0.801,907.7,283.0,1009.2,554.9,958.5,418.9,-1.12,0.04,1.12,-0.13
873,29.1,145,0,person,0.722,798.3,299.4,869.3,509.4,833.8,404.4,-2.15,0.16,2.16,-0.11
873,29.1,146,0,person,0.772,979.6,284.0,1077.6,560.1,1028.6,422.0,0.24,-0.37,0.44,-0.92
873,29.1,156,0,person,0.888,145.9,497.9,369.1,718.2,257.5,608.1,-0.45,-0.32,0.55,-0.02
873,29.1,154,0,person,0.618,1176.5,375.0,1258.7,597.7,1217.6,486.4,-0.98,-0.44,1.08,-2.91
874,29.133,119,0,person,0.829,1060.1,254.7,1183.1,522.8,1121.6,388.7,-0.2,-0.39,0.44,0.42
874,29.133,5,0,person,0.781,648.3,251.5,742.1,508.5,695.2,380.0,-1.17,-0.52,1.28,0.3
874,29.133,143,0,person,0.808,906.4,282.9,1008.0,555.1,957.2,419.0,-1.3,0.01,1.3,-0.03
874,29.133,145,0,person,0.725,797.7,298.6,869.6,509.3,833.7,404.0,-0.13,-0.41,0.43,-0.57
874,29.133,146,0,person,0.773,979.1,283.5,1077.0,560.1,1028.1,421.8,-0.55,-0.19,0.58,0.18
874,29.133,156,0,person,0.883,145.3,497.8,368.9,718.3,257.1,608.0,-0.42,-0.05,0.42,0.27
874,29.133,154,0,person,0.536,1175.0,371.7,1258.6,596.7,1216.8,484.2,-0.78,-2.15,2.29,-1.71
875,29.167,119,0,person,0.827,1060.1,255.5,1182.7,522.1,1121.4,388.8,-0.2,0.09,0.22,0.49
875,29.167,5,0,person,0.758,648.2,251.7,741.9,508.4,695.0,380.0,-0.15,0.04,0.15,0.56
875,29.167,143,0,person,0.815,905.0,282.8,1006.8,555.6,955.9,419.2,-1.23,0.25,1.25,0.24
875,29.167,145,0,person,0.721,799.3,298.3,871.1,508.6,835.2,403.4,1.53,-0.51,1.62,-0.1
875,29.167,146,0,person,0.772,977.8,283.1,1075.8,559.9,1026.8,421.5,-1.24,-0.35,1.29,-0.16
875,29.167,156,0,person,0.884,143.2,496.6,368.0,718.1,255.6,607.3,-1.46,-0.69,1.61,-0.64
875,29.167,154,0,person,0.539,1174.2,371.1,1258.1,595.9,1216.1,483.5,-0.7,-0.69,0.98,1.46
876,29.2,119,0,person,0.842,1058.0,255.5,1181.4,522.7,1119.7,389.1,-1.67,0.31,1.69,0.21
876,29.2,5,0,person,0.799,647.3,251.1,740.8,507.7,694.0,379.4,-1.0,-0.67,1.2,-0.71
876,29.2,143,0,person,0.827,903.8,282.8,1005.5,555.2,954.7,419.0,-1.27,-0.25,1.3,-0.5
876,29.2,145,0,person,0.66,797.9,298.9,869.2,507.9,833.5,403.4,-1.66,-0.03,1.66,0.48
876,29.2,146,0,person,0.773,976.6,283.2,1074.6,559.5,1025.6,421.3,-1.21,-0.14,1.22,0.22
876,29.2,156,0,person,0.88,143.0,497.1,367.4,717.9,255.2,607.5,-0.42,0.13,0.44,0.82
876,29.2,154,0,person,0.542,1173.0,369.9,1257.2,594.7,1215.1,482.3,-0.98,-1.21,1.56,-0.52
877,29.233,119,0,person,0.854,1056.6,255.0,1180.9,523.1,1118.7,389.0,-1.01,-0.09,1.01,-0.39
877,29.233,5,0,person,0.77,646.1,250.9,739.6,507.5,692.8,379.2,-1.22,-0.14,1.23,0.53
877,29.233,143,0,person,0.827,903.5,282.4,1005.0,554.3,954.2,418.4,-0.42,-0.61,0.74,-0.36
877,29.233,145,0,person,0.589,797.7,298.0,869.0,508.1,833.4,403.0,-0.18,-0.39,0.43,-0.36
877,29.233,146,0,person,0.795,973.8,285.5,1071.8,560.6,1022.8,423.0,-2.83,1.67,3.28,1.8
877,29.233,156,0,person,0.9,142.1,497.2,366.6,717.9,254.3,607.5,-0.86,0.06,0.86,-0.07
877,29.233,154,0,person,0.553,1171.3,371.2,1255.6,595.2,1213.4,483.2,-1.69,0.89,1.91,2.09
878,29.267,119,0,person,0.851,1054.8,253.7,1180.1,523.3,1117.5,388.5,-1.26,-0.52,1.36,-0.43
878,29.267,5,0,person,0.82,646.0,251.8,739.2,507.7,692.6,379.7,-0.21,0.51,0.55,0.65
878,29.267,143,0,person,0.807,901.6,282.4,1003.2,554.1,952.4,418.2,-1.85,-0.13,1.86,0.48
878,29.267,145,0,person,0.668,797.2,298.7,867.9,506.9,832.5,402.8,-0.84,-0.23,0.87,0.16
878,29.267,146,0,person,0.8,973.4,286.3,1071.3,561.1,1022.4,423.7,-0.43,0.67,0.79,-1.0
878,29.267,156,0,person,0.904,140.9,496.8,365.9,717.8,253.4,607.3,-0.94,-0.2,0.96,-0.26
878,29.267,154,0,person,0.556,1170.3,371.5,1254.5,594.4,1212.4,483.0,-1.03,-0.25,1.06,-1.13
879,29.3,119,0,person,0.855,1053.0,252.6,1179.6,523.9,1116.3,388.3,-1.15,-0.23,1.18,0.29
879,29.3,5,0,person,0.815,645.9,252.0,738.5,506.2,692.2,379.1,-0.46,-0.65,0.79,-1.16
879,29.3,143,0,person,0.811,900.3,282.1,1001.7,552.7,951.0,417.4,-1.41,-0.85,1.64,-0.72
879,29.3,145,0,person,0.652,793.2,298.1,864.6,506.5,828.9,402.3,-3.65,-0.53,3.69,-0.3
879,29.3,146,0,person,0.801,973.2,286.2,1071.0,561.0,1022.1,423.6,-0.25,-0.1,0.27,-0.76
879,29.3,156,0,person,0.91,139.7,496.8,365.0,717.8,252.4,607.3,-1.04,-0.03,1.04,0.17
879,29.3,154,0,person,0.53,1169.0,370.4,1253.9,594.4,1211.5,482.4,-0.91,-0.55,1.07,-0.31
879,29.3,158,2,car,0.377,162.5,158.9,245.4,221.4,204.0,190.2,-1.05,-0.06,1.05,-0.03
880,29.333,119,0,person,0.855,1051.5,252.2,1178.8,524.4,1115.2,388.3,-1.12,-0.02,1.12,0.21
880,29.333,5,0,person,0.823,645.3,251.5,738.0,506.2,691.7,378.8,-0.48,-0.28,0.56,0.37
880,29.333,143,0,person,0.798,898.7,282.2,1000.2,552.3,949.5,417.2,-1.51,-0.16,1.52,0.68
880,29.333,145,0,person,0.691,794.7,298.8,865.4,505.7,830.1,402.3,1.21,-0.02,1.21,0.51
880,29.333,146,0,person,0.799,972.9,286.4,1070.0,560.2,1021.5,423.3,-0.64,-0.26,0.69,-0.16
880,29.333,156,0,person,0.911,138.8,496.8,364.4,718.0,251.6,607.4,-0.76,0.13,0.77,0.16
880,29.333,154,0,person,0.5,1168.0,369.2,1253.6,594.5,1210.8,481.9,-0.68,-0.54,0.87,0.02
880,29.333,158,2,car,0.416,161.7,158.6,244.9,221.2,203.3,189.9,-0.69,-0.26,0.74,-0.2
881,29.367,119,0,person,0.852,1050.9,252.1,1178.5,524.6,1114.7,388.3,-0.47,0.06,0.47,0.09
881,29.367,5,0,person,0.826,645.0,251.3,737.6,505.8,691.3,378.6,-0.39,-0.24,0.46,0.04
881,29.367,143,0,person,0.783,897.9,282.1,999.3,551.6,948.6,416.9,-0.89,-0.38,0.96,-0.21
881,29.367,145,0,person,0.642,793.2,298.6,864.0,506.0,828.6,402.3,-1.46,0.05,1.46,0.07
881,29.367,146,0,person,0.799,972.2,286.6,1069.3,559.8,1020.7,423.2,-0.74,-0.13,0.75,0.13
881,29.367,156,0,person,0.909,138.1,497.0,363.9,718.2,251.0,607.6,-0.6,0.18,0.62,0.05
881,29.367,154,0,person,0.461,1167.8,368.0,1254.0,594.5,1210.9,481.2,0.06,-0.64,0.64,-0.1
881,29.367,158,2,car,0.335,161.0,158.6,244.6,221.3,202.8,190.0,-0.49,0.06,0.49,0.32
882,29.4,119,0,person,0.85,1050.7,251.7,1178.7,524.6,1114.7,388.1,-0.02,-0.18,0.18,-0.24
882,29.4,5,0,person,0.817,644.9,251.6,737.6,506.6,691.3,379.1,-0.02,0.48,0.48,0.72
882,29.4,143,0,person,0.781,897.8,281.9,999.2,551.7,948.5,416.8,-0.08,-0.03,0.09,0.34
882,29.4,145,0,person,0.679,794.5,298.7,864.8,505.9,829.7,402.3,1.04,-0.02,1.04,-0.07
882,29.4,146,0,person,0.793,971.9,286.7,1068.9,559.4,1020.4,423.0,-0.3,-0.16,0.34,-0.03
882,29.4,156,0,person,0.906,137.6,497.0,363.4,718.2,250.5,607.6,-0.5,0.0,0.5,-0.17
882,29.4,154,0,person,0.481,1167.4,367.0,1254.2,594.6,1210.8,480.8,-0.08,-0.41,0.42,0.23
883,29.433,119,0,person,0.859,1050.4,251.4,1178.6,524.7,1114.5,388.1,-0.17,-0.1,0.19,0.08
883,29.433,5,0,person,0.828,645.2,251.4,737.5,505.2,691.4,378.3,0.13,-0.8,0.81,-1.28
883,29.433,143,0,person,0.782,897.5,281.5,999.2,551.9,948.3,416.7,-0.16,-0.12,0.2,-0.09
883,29.433,145,0,person,0.592,795.3,298.5,864.8,504.5,830.1,401.5,0.41,-0.74,0.85,-0.72
883,29.433,146,0,person,0.788,972.0,286.6,1068.8,558.6,1020.4,422.6,-0.01,-0.41,0.41,-0.25
883,29.433,156,0,person,0.902,137.2,496.9,363.2,718.0,250.2,607.4,-0.29,-0.15,0.33,-0.15
883,29.433,154,0,person,0.472,1167.4,367.9,1253.9,594.3,1210.7,481.1,-0.13,0.33,0.36,0.74
884,29.467,119,0,person,0.866,1049.9,251.4,1178.1,524.8,1114.0,388.1,-0.56,0.05,0.56,0.15
884,29.467,5,0,person,0.829,645.1,250.9,737.7,505.5,691.4,378.2,-0.01,-0.08,0.08,0.72
884,29.467,143,0,person,0.783,897.2,281.3,999.1,552.1,948.1,416.7,-0.2,0.04,0.2,0.17
884,29.467,145,0,person,0.64,795.1,297.2,865.0,505.2,830.1,401.2,0.03,-0.34,0.34,0.41
884,29.467,146,0,person,0.779,972.1,286.6,1068.8,558.0,1020.5,422.3,0.04,-0.32,0.32,0.09
884,29.467,156,0,person,0.898,136.8,497.1,363.1,718.2,249.9,607.6,-0.26,0.18,0.32,0.34
884,29.467,154,0,person,0.473,1167.4,369.5,1253.5,594.2,1210.4,481.9,-0.21,0.74,0.77,0.41
885,29.5,119,0,person,0.87,1049.6,251.4,1177.8,525.0,1113.7,388.2,-0.28,0.12,0.3,0.06
885,29.5,5,0,person,0.82,644.2,250.6,736.8,505.0,690.5,377.8,-0.88,-0.41,0.97,-0.33
885,29.5,143,0,person,0.782,896.8,281.5,998.5,551.7,947.7,416.6,-0.46,-0.14,0.48,-0.18
885,29.5,145,0,person,0.615,795.2,296.6,865.1,505.7,830.2,401.1,0.08,-0.08,0.11,0.26
885,29.5,146,0,person,0.787,971.9,286.6,1068.4,557.4,1020.2,422.0,-0.31,-0.28,0.41,0.04
885,29.5,156,0,person,0.904,136.3,497.1,362.7,718.1,249.5,607.6,-0.46,-0.04,0.46,-0.22
885,29.5,154,0,person,0.487,1166.6,369.3,1253.3,595.0,1209.9,482.1,-0.5,0.26,0.57,-0.48
886,29.533,119,0,person,0.863,1049.5,251.3,1177.5,525.0,1113.5,388.2,-0.18,-0.07,0.19,-0.19
886,29.533,5,0,person,0.812,644.1,250.1,736.6,504.2,690.4,377.2,-0.1,-0.61,0.62,-0.2
886,29.533,143,0,person,0.776,896.2,281.5,998.2,552.1,947.2,416.8,-0.47,0.23,0.52,0.37
886,29.533,145,0,person,0.644,794.1,296.1,864.2,505.4,829.2,400.8,-1.0,-0.35,1.05,-0.27
886,29.533,146,0,person,0.782,971.7,286.6,1068.0,556.9,1019.8,421.7,-0.34,-0.31,0.46,-0.04
886,29.533,156,0,person,0.908,135.7,497.1,362.5,718.2,249.1,607.6,-0.35,0.05,0.35,0.09
886,29.533,154,0,person,0.498,1166.5,373.3,1252.2,595.3,1209.4,484.3,-0.59,2.18,2.26,1.92
887,29.567,119,0,person,0.852,1049.1,251.2,1177.1,524.9,1113.1,388.0,-0.41,-0.12,0.43,-0.05
887,29.567,5,0,person,0.813,644.0,249.7,736.9,504.8,690.5,377.3,0.08,0.08,0.11,0.69
887,29.567,143,0,person,0.774,895.2,281.5,997.5,552.5,946.3,417.0,-0.86,0.2,0.88,-0.03
887,29.567,145,0,person,0.642,793.8,296.3,863.8,505.7,828.8,401.0,-0.41,0.23,0.47,0.58
887,29.567,146,0,person,0.771,971.2,286.4,1067.3,556.6,1019.3,421.5,-0.54,-0.2,0.58,0.11
887,29.567,156,0,person,0.909,135.1,496.9,362.7,718.7,248.9,607.8,-0.2,0.18,0.27,0.13
887,29.567,154,0,person,0.468,1166.4,373.4,1252.2,594.8,1209.3,484.1,-0.05,-0.23,0.24,-2.41
888,29.6,119,0,person,0.851,1048.4,251.2,1176.3,524.9,1112.4,388.0,-0.72,0.01,0.72,0.13
888,29.6,5,0,person,0.808,643.6,249.5,736.1,503.3,689.8,376.4,-0.63,-0.86,1.07,-0.95
888,29.6,143,0,person,0.779,894.6,281.4,996.9,552.1,945.7,416.7,-0.61,-0.3,0.68,-0.5
888,29.6,145,0,person,0.619,792.9,297.0,863.0,506.2,828.0,401.6,-0.81,0.6,1.01,0.37
888,29.6,146,0,person,0.776,970.9,286.7,1066.9,557.1,1018.9,421.9,-0.38,0.4,0.56,0.61
888,29.6,156,0,person,0.904,134.6,497.1,362.3,718.9,248.5,608.0,-0.46,0.15,0.49,-0.03
888,29.6,154,0,person,0.457,1166.2,375.0,1251.6,594.6,1208.9,484.8,-0.37,0.69,0.78,0.92
889,29.633,119,0,person,0.856,1046.3,252.1,1174.0,525.9,1110.1,389.0,-2.22,0.97,2.42,0.96
889,29.633,5,0,person,0.795,642.8,249.1,735.6,503.3,689.2,376.2,-0.65,-0.17,0.67,0.69
889,29.633,143,0,person,0.768,893.9,281.5,996.3,552.3,945.1,416.9,-0.67,0.19,0.7,0.49
889,29.633,145,0,person,0.628,792.2,296.6,862.7,506.5,827.5,401.5,-0.5,-0.06,0.51,-0.66
889,29.633,146,0,person,0.785,968.9,286.7,1065.2,557.3,1017.1,422.0,-1.82,0.09,1.82,-0.31
889,29.633,156,0,person,0.899,133.8,496.9,361.6,719.0,247.7,608.0,-0.78,-0.02,0.78,-0.18
889,29.633,154,0,person,0.436,1165.5,373.6,1251.2,593.7,1208.4,483.7,-0.56,-1.1,1.23,-1.79
890,29.667,119,0,person,0.862,1044.4,252.6,1171.6,526.4,1108.0,389.5,-2.14,0.49,2.19,-0.48
890,29.667,5,0,person,0.791,641.5,249.1,734.0,502.3,687.8,375.7,-1.43,-0.55,1.53,-0.38
890,29.667,143,0,person,0.761,893.2,281.6,996.1,552.9,944.6,417.3,-0.42,0.37,0.56,0.18
890,29.667,145,0,person,0.52,791.5,296.3,862.3,505.7,826.9,401.0,-0.53,-0.54,0.76,-0.48
890,29.667,146,0,person,0.794,967.3,286.5,1064.0,557.9,1015.7,422.2,-1.39,0.17,1.4,0.08
890,29.667,156,0,person,0.896,132.9,496.6,361.0,719.2,246.9,607.9,-0.76,-0.06,0.76,-0.03
890,29.667,154,0,person,0.396,1164.4,370.9,1251.0,593.0,1207.7,481.9,-0.64,-1.75,1.87,-0.65
891,29.7,119,0,person,0.867,1043.5,252.6,1170.2,526.5,1106.9,389.6,-1.15,0.09,1.16,-0.4
891,29.7,5,0,person,0.796,641.1,249.2,733.7,502.9,687.4,376.0,-0.37,0.35,0.51,0.9
891,29.7,143,0,person,0.764,892.9,281.6,996.2,553.4,944.6,417.5,-0.06,0.23,0.23,-0.14
891,29.7,145,0,person,0.555,791.3,295.6,862.9,505.9,827.1,400.8,0.18,-0.24,0.3,0.3
891,29.7,146,0,person,0.802,966.4,285.9,1063.8,558.3,1015.1,422.1,-0.57,-0.09,0.58,-0.27
891,29.7,156,0,person,0.896,132.7,496.4,360.9,719.3,246.8,607.9,-0.16,-0.03,0.16,0.02
891,29.7,154,0,person,0.338,1164.6,368.9,1251.5,592.2,1208.1,480.6,0.34,-1.34,1.39,0.41
892,29.733,119,0,person,0.869,1043.1,252.8,1169.1,526.7,1106.1,389.8,-0.75,0.18,0.77,0.09
892,29.733,5,0,person,0.8,640.6,249.5,733.5,503.4,687.1,376.4,-0.34,0.39,0.52,0.04
892,29.733,143,0,person,0.764,892.8,281.8,996.6,553.8,944.7,417.8,0.14,0.27,0.3,0.04
892,29.733,145,0,person,0.553,791.4,295.7,863.0,506.0,827.2,400.8,0.09,0.08,0.12,0.31
892,29.733,146,0,person,0.784,965.6,285.7,1063.2,558.5,1014.4,422.1,-0.68,0.03,0.68,0.13
892,29.733,156,0,person,0.889,132.3,496.2,360.6,719.6,246.4,607.9,-0.36,0.01,0.36,0.04
892,29.733,154,0,person,0.349,1162.9,369.6,1249.9,592.2,1206.4,480.9,-1.69,0.31,1.72,1.66
893,29.767,119,0,person,0.872,1043.0,253.0,1168.4,526.8,1105.7,389.9,-0.41,0.12,0.43,-0.06
893,29.767,5,0,person,0.78,640.2,249.3,733.5,503.9,686.9,376.6,-0.19,0.18,0.26,-0.21
893,29.767,143,0,person,0.759,892.8,281.7,996.8,553.9,944.8,417.8,0.09,0.03,0.1,-0.23
893,29.767,145,0,person,0.586,791.4,296.9,862.8,506.0,827.1,401.4,-0.11,0.58,0.59,0.5
893,29.767,146,0,person,0.797,965.2,285.8,1062.9,558.6,1014.0,422.2,-0.38,0.09,0.39,0.05
893,29.767,156,0,person,0.891,131.8,495.5,360.5,719.6,246.2,607.5,-0.23,-0.36,0.42,-0.37
893,29.767,154,0,person,0.333,1162.0,367.9,1249.6,591.7,1205.8,479.8,-0.56,-1.09,1.23,-1.4
894,29.8,119,0,person,0.879,1043.0,253.1,1167.9,527.0,1105.5,390.0,-0.23,0.15,0.28,0.03
894,29.8,5,0,person,0.734,639.9,251.0,732.7,503.9,686.3,377.4,-0.61,0.84,1.04,0.66
894,29.8,143,0,person,0.769,893.2,282.0,997.3,553.9,945.2,418.0,0.4,0.17,0.44,0.13
894,29.8,145,0,person,0.696,791.7,298.1,862.8,506.3,827.3,402.2,0.16,0.76,0.78,0.18
894,29.8,146,0,person,0.785,966.4,286.0,1063.8,558.1,1015.1,422.0,1.02,-0.18,1.04,-0.27
894,29.8,156,0,person,0.9,132.3,495.3,361.0,719.6,246.6,607.5,0.45,-0.06,0.45,0.3
894,29.8,154,0,person,0.371,1161.4,370.7,1248.5,592.3,1204.9,481.5,-0.88,1.69,1.9,2.78
895,29.833,119,0,person,0.878,1043.1,253.3,1167.5,527.0,1105.3,390.2,-0.15,0.13,0.2,-0.03
895,29.833,5,0,person,0.762,639.0,251.5,731.5,503.4,685.3,377.5,-0.98,0.06,0.99,-0.78
895,29.833,143,0,person,0.768,892.9,282.2,997.1,553.8,945.0,418.0,-0.18,-0.01,0.18,-0.17
895,29.833,145,0,person,0.676,790.6,298.8,861.8,506.6,826.2,402.7,-1.06,0.55,1.19,-0.22
895,29.833,146,0,person,0.795,967.0,286.3,1064.1,558.0,1015.6,422.2,0.49,0.13,0.51,0.32
895,29.833,156,0,person,0.902,132.8,496.1,360.6,719.8,246.7,608.0,0.06,0.51,0.51,0.56
895,29.833,154,0,person,0.47,1160.6,375.2,1246.9,593.2,1203.7,484.2,-1.19,2.69,2.94,1.0
896,29.867,119,0,person,0.877,1042.9,253.0,1166.6,526.0,1104.8,389.5,-0.52,-0.66,0.84,-0.79
896,29.867,5,0,person,0.775,638.4,251.5,730.9,503.6,684.6,377.6,-0.64,0.08,0.65,0.02
896,29.867,143,0,person,0.785,892.4,282.8,996.9,554.2,944.7,418.5,-0.38,0.53,0.65,0.53
896,29.867,145,0,person,0.683,789.6,299.1,860.7,506.3,825.1,402.7,-1.04,-0.04,1.04,-0.58
896,29.867,146,0,person,0.801,967.9,286.3,1064.4,557.6,1016.2,421.9,0.63,-0.21,0.66,-0.35
896,29.867,156,0,person,0.894,132.2,496.1,359.5,719.9,245.9,608.0,-0.82,0.03,0.82,-0.48
896,29.867,154,0,person,0.494,1158.8,374.8,1245.6,593.4,1202.2,484.1,-1.52,-0.04,1.52,-2.73
897,29.9,119,0,person,0.871,1042.3,252.4,1165.5,525.0,1103.9,388.7,-0.88,-0.82,1.2,-0.16
897,29.9,5,0,person,0.783,636.9,251.3,729.6,504.0,683.3,377.7,-1.36,0.12,1.36,0.05
897,29.9,143,0,person,0.802,892.5,283.1,996.8,553.9,944.6,418.5,-0.0,0.0,0.0,-0.53
897,29.9,145,0,person,0.685,788.9,299.1,859.9,506.0,824.4,402.5,-0.75,-0.15,0.77,-0.12
897,29.9,146,0,person,0.789,969.1,286.4,1064.5,556.1,1016.8,421.3,0.59,-0.67,0.89,-0.45
897,29.9,156,0,person,0.879,131.6,496.4,357.8,719.6,244.7,608.0,-1.18,0.02,1.18,-0.02
897,29.9,154,0,person,0.569,1157.4,371.5,1245.4,593.3,1201.4,482.4,-0.78,-1.71,1.88,-1.66
898,29.933,119,0,person,0.842,1042.4,252.0,1164.5,522.8,1103.5,387.4,-0.43,-1.28,1.35,-0.46
898,29.933,5,0,person,0.706,635.1,250.4,728.2,504.5,681.7,377.5,-1.61,-0.23,1.63,-0.36
898,29.933,143,0,person,0.811,892.4,283.2,995.8,551.4,944.1,417.3,-0.54,-1.18,1.29,-1.18
898,29.933,145,0,person,0.675,786.9,297.9,857.7,505.0,822.3,401.5,-2.09,-1.09,2.36,-0.94
898,29.933,146,0,person,0.775,966.8,285.5,1062.3,555.3,1014.6,420.4,-2.22,-0.85,2.38,-0.18
898,29.933,156,0,person,0.842,130.2,495.9,356.2,719.3,243.2,607.6,-1.49,-0.45,1.56,-0.47
898,29.933,154,0,person,0.547,1157.2,371.0,1244.8,592.7,1201.0,481.9,-0.45,-0.56,0.72,1.15
899,29.967,119,0,person,0.834,1040.7,251.0,1162.7,522.4,1101.7,386.7,-1.77,-0.74,1.92,0.54
899,29.967,5,0,person,0.802,633.9,248.3,727.5,503.6,680.7,375.9,-0.92,-1.53,1.78,-1.29
899,29.967,143,0,person,0.828,891.0,282.5,994.2,550.2,942.6,416.4,-1.48,-0.97,1.77,0.21
899,29.967,145,0,person,0.707,784.4,297.3,855.2,504.4,819.8,400.8,-2.52,-0.61,2.59,0.48
899,29.967,146,0,person,0.78,963.8,282.3,1060.4,555.2,1012.1,418.7,-2.47,-1.68,2.98,-0.83
899,29.967,156,0,person,0.856,128.8,494.6,355.5,719.3,242.2,607.0,-1.05,-0.6,1.21,-0.15
899,29.967,154,0,person,0.463,1154.2,365.1,1243.6,592.0,1198.9,478.6,-2.11,-3.31,3.92,-2.75
900,30.0,119,0,person,0.829,1039.1,250.3,1161.2,522.4,1100.2,386.4,-1.53,-0.31,1.56,0.43
900,30.0,5,0,person,0.822,633.1,247.7,726.9,502.7,680.0,375.2,-0.7,-0.72,1.01,0.81
900,30.0,143,0,person,0.832,889.5,282.2,992.8,550.2,941.1,416.2,-1.49,-0.19,1.5,0.77
900,30.0,145,0,person,0.675,783.0,296.0,853.9,504.2,818.5,400.1,-1.33,-0.74,1.52,-0.12
900,30.0,146,0,person,0.791,962.3,280.8,1059.1,554.6,1010.7,417.7,-1.39,-1.04,1.73,0.64
900,30.0,156,0,person,0.876,128.0,494.1,354.8,719.3,241.4,606.7,-0.79,-0.26,0.83,0.34
900,30.0,154,0,person,0.431,1154.0,364.0,1243.1,591.5,1198.6,477.7,-0.33,-0.83,0.89,2.48
901,30.033,119,0,person,0.823,1039.3,250.4,1160.5,522.1,1099.9,386.2,-0.25,-0.15,0.29,0.17
901,30.033,5,0,person,0.812,632.0,247.6,726.1,502.8,679.1,375.2,-0.98,0.01,0.98,0.72
901,30.033,143,0,person,0.836,889.0,282.0,992.0,550.2,940.5,416.1,-0.61,-0.1,0.62,0.1
901,30.033,145,0,person,0.667,782.3,295.9,853.3,504.2,817.8,400.1,-0.68,-0.04,0.68,0.7
901,30.033,146,0,person,0.794,962.5,280.8,1059.5,555.4,1011.0,418.1,0.27,0.41,0.49,1.45
901,30.033,156,0,person,0.884,128.0,494.4,354.2,719.4,241.1,606.9,-0.24,0.19,0.31,0.45
901,30.033,154,0,person,0.47,1153.9,364.5,1242.2,591.6,1198.1,478.1,-0.48,0.31,0.57,1.14
902,30.067,119,0,person,0.824,1038.8,250.5,1159.2,522.1,1099.0,386.3,-0.96,0.1,0.96,0.24
902,30.067,5,0,person,0.798,631.8,247.8,726.2,503.3,679.0,375.6,-0.04,0.35,0.35,0.34
902,30.067,143,0,person,0.842,889.4,282.4,991.7,549.8,940.5,416.1,0.01,-0.0,0.01,0.09
902,30.067,145,0,person,0.649,782.2,295.7,853.1,504.0,817.7,399.9,-0.1,-0.19,0.21,-0.16
902,30.067,146,0,person,0.796,963.9,281.1,1060.4,554.8,1012.1,418.0,1.14,-0.15,1.15,-0.55
902,30.067,156,0,person,0.879,128.4,494.6,354.3,719.7,241.3,607.2,0.22,0.27,0.35,0.08
902,30.067,154,0,person,0.489,1153.8,364.2,1241.7,591.7,1197.8,477.9,-0.32,-0.11,0.34,-0.43
903,30.1,119,0,person,0.835,1037.7,250.5,1157.4,522.6,1097.6,386.5,-1.4,0.21,1.41,0.11
903,30.1,5,0,person,0.816,631.8,247.7,726.5,503.4,679.2,375.6,0.15,0.01,0.15,-0.34
903,30.1,143,0,person,0.844,889.5,282.3,991.5,549.3,940.5,415.8,-0.01,-0.24,0.24,-0.23
903,30.1,145,0,person,0.659,782.0,296.0,852.9,504.1,817.4,400.0,-0.26,0.17,0.31,0.36
903,30.1,146,0,person,0.797,964.3,281.0,1060.7,554.4,1012.5,417.7,0.39,-0.26,0.47,-0.11
903,30.1,156,0,person,0.871,128.5,494.8,354.0,719.9,241.2,607.4,-0.11,0.2,0.23,-0.07
903,30.1,154,0,person,0.499,1153.8,362.9,1241.7,591.8,1197.8,477.3,0.01,-0.6,0.6,-0.48
904,30.133,119,0,person,0.842,1037.0,250.5,1156.0,522.8,1096.5,386.7,-1.08,0.14,1.09,-0.07
904,30.133,5,0,person,0.821,631.9,248.1,726.7,503.7,679.3,375.9,0.13,0.3,0.33,0.29
904,30.133,143,0,person,0.846,889.5,282.8,991.0,549.1,940.3,416.0,-0.24,0.14,0.27,0.38
904,30.133,145,0,person,0.647,782.2,296.9,852.8,503.7,817.5,400.3,0.08,0.26,0.27,0.09
904,30.133,146,0,person,0.8,964.8,282.1,1060.7,554.1,1012.7,418.1,0.22,0.37,0.43,0.63
904,30.133,156,0,person,0.873,128.8,494.9,353.9,720.0,241.4,607.4,0.14,0.08,0.16,-0.12
904,30.133,154,0,person,0.488,1153.7,361.2,1241.5,591.9,1197.6,476.5,-0.16,-0.8,0.81,-0.2
905,30.167,119,0,person,0.841,1036.8,250.6,1155.1,523.2,1096.0,386.9,-0.53,0.24,0.58,0.09
905,30.167,5,0,person,0.803,631.8,248.8,726.6,503.8,679.2,376.3,-0.1,0.41,0.42,0.11
905,30.167,143,0,person,0.846,889.7,283.2,990.7,549.1,940.2,416.1,-0.08,0.19,0.2,0.05
905,30.167,145,0,person,0.632,781.8,297.4,852.3,504.0,817.0,400.7,-0.44,0.38,0.59,0.12
905,30.167,146,0,person,0.798,965.0,283.0,1060.8,554.0,1012.9,418.5,0.15,0.42,0.45,0.05
905,30.167,156,0,person,0.872,129.2,495.7,353.4,720.0,241.3,607.8,-0.08,0.38,0.39,0.3
905,30.167,154,0,person,0.461,1153.4,358.3,1241.7,591.9,1197.5,475.1,-0.08,-1.45,1.45,-0.65
906,30.2,119,0,person,0.838,1036.8,250.8,1154.6,523.2,1095.7,387.0,-0.27,0.1,0.29,-0.14
906,30.2,5,0,person,0.814,631.7,249.0,726.6,504.1,679.2,376.5,-0.03,0.24,0.24,-0.17
906,30.2,143,0,person,0.844,889.4,283.2,990.4,549.4,939.9,416.3,-0.31,0.18,0.36,-0.01
906,30.2,145,0,person,0.687,782.7,296.7,853.2,503.6,817.9,400.2,0.86,-0.51,1.0,-0.89
906,30.2,146,0,person,0.79,965.5,283.7,1061.2,554.0,1013.3,418.9,0.45,0.36,0.57,-0.07
906,30.2,156,0,person,0.877,129.4,496.4,352.8,720.0,241.1,608.2,-0.2,0.39,0.44,0.01
906,30.2,154,0,person,0.455,1153.3,357.4,1241.3,591.9,1197.3,474.6,-0.24,-0.46,0.52,0.99
907,30.233,119,0,person,0.838,1036.9,250.6,1153.7,522.7,1095.3,386.6,-0.39,-0.37,0.54,-0.47
907,30.233,5,0,person,0.822,630.7,249.5,725.6,504.3,678.1,376.9,-1.02,0.38,1.09,0.14
907,30.233,143,0,person,0.845,888.7,282.9,989.9,550.3,939.3,416.6,-0.61,0.25,0.66,0.07
907,30.233,145,0,person,0.678,782.4,296.1,853.2,503.8,817.8,399.9,-0.11,-0.24,0.26,0.28
907,30.233,146,0,person,0.796,965.8,284.0,1061.4,553.9,1013.6,419.0,0.24,0.09,0.26,-0.26
907,30.233,156,0,person,0.883,129.3,496.7,352.3,720.0,240.8,608.4,-0.27,0.14,0.3,-0.25
907,30.233,154,0,person,0.439,1153.3,358.7,1240.3,591.8,1196.8,475.2,-0.49,0.6,0.78,1.07
908,30.267,119,0,person,0.842,1035.9,250.0,1152.2,522.6,1094.0,386.3,-1.27,-0.35,1.31,0.02
908,30.267,5,0,person,0.823,630.0,249.3,724.7,503.4,677.4,376.3,-0.79,-0.59,0.98,-0.97
908,30.267,143,0,person,0.841,887.8,282.4,989.1,550.9,938.4,416.7,-0.85,0.09,0.86,-0.17
908,30.267,145,0,person,0.632,781.2,295.9,852.0,504.1,816.6,400.0,-1.2,0.05,1.2,0.28
908,30.267,146,0,person,0.787,964.9,284.2,1060.6,553.3,1012.8,418.8,-0.82,-0.2,0.84,-0.29
908,30.267,156,0,person,0.884,128.9,496.9,351.6,720.0,240.3,608.5,-0.55,0.1,0.56,-0.05
908,30.267,154,0,person,0.457,1153.9,364.0,1238.5,591.6,1196.2,477.8,-0.58,2.53,2.6,1.92
909,30.3,119,0,person,0.831,1034.1,250.0,1150.0,523.0,1092.1,386.5,-1.97,0.21,1.98,0.55
909,30.3,5,0,person,0.815,629.1,250.1,723.7,503.8,676.4,376.9,-0.94,0.61,1.12,1.2
909,30.3,143,0,person,0.843,886.5,282.0,987.7,550.9,937.1,416.5,-1.32,-0.19,1.33,-0.28
909,30.3,145,0,person,0.597,779.9,296.4,850.4,503.8,815.1,400.1,-1.45,0.08,1.45,0.03
909,30.3,146,0,person,0.797,963.9,284.3,1059.6,552.9,1011.8,418.6,-1.0,-0.12,1.0,0.08
909,30.3,156,0,person,0.889,128.6,496.9,351.3,720.0,240.0,608.4,-0.33,-0.01,0.33,-0.11
909,30.3,154,0,person,0.566,1153.8,367.8,1237.0,591.7,1195.4,479.7,-0.8,1.97,2.13,-0.56
910,30.333,119,0,person,0.828,1033.2,249.8,1148.4,522.4,1090.8,386.1,-1.26,-0.4,1.32,-0.61
910,30.333,5,0,person,0.837,628.3,250.4,722.9,503.9,675.6,377.2,-0.82,0.23,0.85,-0.38
910,30.333,143,0,person,0.84,885.8,281.7,987.1,551.3,936.4,416.5,-0.68,0.03,0.68,0.22
910,30.333,145,0,person,0.554,777.7,295.1,848.3,504.1,813.0,399.6,-2.14,-0.5,2.2,-0.58
910,30.333,146,0,person,0.787,963.4,284.8,1059.3,552.8,1011.3,418.8,-0.44,0.19,0.48,0.31
910,30.333,156,0,person,0.874,127.5,496.6,350.5,720.0,239.0,608.3,-0.92,-0.17,0.93,-0.15
910,30.333,154,0,person,0.601,1153.7,369.4,1236.2,591.3,1195.0,480.3,-0.42,0.6,0.73,-1.37
911,30.367,119,0,person,0.827,1032.6,249.5,1147.6,522.7,1090.1,386.1,-0.7,0.01,0.7,0.41
911,30.367,5,0,person,0.819,627.7,250.1,722.5,504.0,675.1,377.1,-0.53,-0.1,0.54,-0.32
911,30.367,143,0,person,0.846,885.5,281.4,986.5,551.2,936.0,416.3,-0.45,-0.25,0.52,-0.28
911,30.367,145,0,person,0.655,776.6,295.1,846.7,504.3,811.6,399.7,-1.38,0.1,1.38,0.6
911,30.367,146,0,person,0.779,963.5,285.5,1059.6,553.1,1011.6,419.3,0.25,0.43,0.5,0.24
911,30.367,156,0,person,0.875,126.8,496.4,349.8,720.0,238.3,608.2,-0.72,-0.06,0.72,0.1
911,30.367,154,0,person,0.592,1154.2,373.2,1235.4,590.9,1194.8,482.1,-0.2,1.72,1.73,1.12
912,30.4,119,0,person,0.821,1033.0,249.7,1147.2,522.4,1090.1,386.1,0.01,-0.05,0.05,-0.06
912,30.4,5,0,person,0.82,627.5,250.1,722.2,503.9,674.8,377.0,-0.23,-0.06,0.23,0.04
912,30.4,143,0,person,0.844,885.3,281.2,986.3,551.4,935.8,416.3,-0.17,0.06,0.18,0.31
912,30.4,145,0,person,0.679,776.8,294.9,846.6,504.1,811.7,399.5,0.07,-0.17,0.18,-0.27
912,30.4,146,0,person,0.769,963.5,286.2,1059.8,552.9,1011.7,419.6,0.1,0.3,0.32,-0.13
912,30.4,156,0,person,0.881,126.6,496.7,349.3,720.0,238.0,608.4,-0.36,0.14,0.39,0.21
912,30.4,154,0,person,0.604,1154.7,376.5,1234.9,591.1,1194.8,483.8,-0.04,1.74,1.74,0.02
913,30.433,119,0,person,0.822,1033.0,249.9,1146.8,522.7,1089.9,386.3,-0.21,0.28,0.35,0.33
913,30.433,5,0,person,0.814,627.7,250.0,722.6,504.1,675.1,377.1,0.31,0.09,0.32,0.14
913,30.433,143,0,person,0.845,885.2,281.3,986.0,551.5,935.6,416.4,-0.21,0.09,0.22,0.03
913,30.433,145,0,person,0.679,777.9,295.0,847.5,503.9,812.7,399.4,1.01,-0.08,1.02,0.09
913,30.433,146,0,person,0.784,963.4,287.6,1060.0,553.3,1011.7,420.4,0.0,0.88,0.88,0.58
913,30.433,156,0,person,0.886,126.8,497.0,349.3,720.0,238.1,608.5,0.1,0.15,0.18,0.0
913,30.433,154,0,person,0.616,1154.5,376.3,1235.0,591.2,1194.7,483.8,-0.01,-0.05,0.05,-1.79
914,30.467,119,0,person,0.822,1033.0,249.9,1146.3,521.8,1089.7,385.8,-0.23,-0.51,0.56,-0.79
914,30.467,5,0,person,0.804,627.3,250.0,722.1,503.8,674.7,376.9,-0.47,-0.17,0.5,-0.26
914,30.467,143,0,person,0.845,884.7,281.0,985.5,551.5,935.1,416.3,-0.53,-0.16,0.56,-0.25
914,30.467,145,0,person,0.726,778.0,293.4,848.4,504.5,813.2,398.9,0.47,-0.48,0.67,-0.4
914,30.467,146,0,person,0.769,963.1,288.0,1060.4,553.9,1011.7,420.9,0.08,0.5,0.5,-0.38
914,30.467,156,0,person,0.884,126.4,496.9,348.9,720.0,237.6,608.5,-0.45,-0.04,0.45,-0.19
914,30.467,154,0,person,0.635,1154.8,379.7,1234.4,591.0,1194.6,485.4,-0.14,1.61,1.61,1.65
915,30.5,119,0,person,0.818,1033.1,249.6,1145.8,520.9,1089.4,385.3,-0.23,-0.56,0.61,-0.05
915,30.5,5,0,person,0.762,626.7,249.4,721.4,502.9,674.0,376.1,-0.66,-0.78,1.02,-0.61
915,30.5,143,0,person,0.842,883.9,280.5,984.8,551.6,934.3,416.1,-0.78,-0.18,0.8,-0.02
915,30.5,145,0,person,0.755,777.0,291.7,847.9,504.1,812.5,397.9,-0.71,-1.04,1.26,-0.56
915,30.5,146,0,person,0.753,962.8,287.7,1061.2,555.3,1012.0,421.5,0.23,0.51,0.56,0.01
915,30.5,156,0,person,0.881,125.1,496.5,347.8,720.0,236.4,608.3,-1.19,-0.21,1.21,-0.16
915,30.5,154,0,person,0.649,1154.6,380.7,1234.1,590.7,1194.3,485.7,-0.27,0.33,0.42,-1.28
916,30.533,119,0,person,0.806,1033.6,249.5,1145.5,519.5,1089.6,384.5,0.15,-0.77,0.79,-0.21
916,30.533,5,0,person,0.8,626.1,249.3,720.6,502.7,673.3,376.0,-0.69,-0.14,0.7,0.63
916,30.533,143,0,person,0.843,883.7,280.1,984.4,551.2,934.1,415.7,-0.23,-0.38,0.45,-0.2
916,30.533,145,0,person,0.76,776.8,290.6,848.0,504.3,812.4,397.4,-0.1,-0.47,0.48,0.58
916,30.533,146,0,person,0.741,963.5,287.6,1062.5,556.3,1013.0,422.0,1.04,0.5,1.16,-0.01
916,30.533,156,0,person,0.886,124.7,496.7,347.2,720.0,236.0,608.3,-0.44,0.07,0.45,0.27
916,30.533,154,0,person,0.648,1154.5,381.8,1233.9,590.6,1194.2,486.2,-0.17,0.55,0.57,0.22
917,30.567,119,0,person,0.801,1034.0,249.6,1145.3,518.6,1089.7,384.1,0.1,-0.38,0.39,0.39
917,30.567,5,0,person,0.801,626.3,249.0,721.4,504.1,673.9,376.5,0.54,0.52,0.75,0.67
917,30.567,143,0,person,0.843,883.6,280.1,984.1,551.2,933.8,415.7,-0.25,-0.02,0.25,0.36
917,30.567,145,0,person,0.761,776.1,288.7,847.9,504.3,812.0,396.5,-0.39,-0.89,0.97,-0.42
917,30.567,146,0,person,0.744,963.9,287.0,1063.5,556.5,1013.7,421.7,0.67,-0.22,0.71,-0.72
917,30.567,156,0,person,0.891,125.2,497.3,347.1,720.0,236.2,608.7,0.17,0.34,0.38,0.28
917,30.567,154,0,person,0.647,1154.0,381.3,1234.0,590.9,1194.0,486.1,-0.19,-0.14,0.24,-0.68
918,30.6,119,0,person,0.801,1034.6,249.8,1145.4,517.9,1090.0,383.8,0.31,-0.27,0.42,0.11
918,30.6,5,0,person,0.781,625.9,249.8,720.7,504.9,673.3,377.4,-0.58,0.88,1.05,0.36
918,30.6,143,0,person,0.837,883.0,280.2,983.5,551.4,933.3,415.8,-0.54,0.17,0.57,0.19
918,30.6,145,0,person,0.757,775.7,288.8,847.4,504.7,811.6,396.7,-0.42,0.2,0.47,1.09
918,30.6,146,0,person,0.753,963.8,287.3,1064.1,557.2,1013.9,422.2,0.22,0.51,0.55,0.73
918,30.6,156,0,person,0.89,126.3,497.9,347.8,720.0,237.0,609.0,0.88,0.29,0.93,-0.06
918,30.6,154,0,person,0.653,1153.9,381.1,1234.2,591.0,1194.0,486.1,0.05,-0.03,0.06,0.11
919,30.633,119,0,person,0.794,1036.3,250.3,1146.2,516.8,1091.3,383.5,1.29,-0.33,1.33,-0.05
919,30.633,5,0,person,0.815,626.3,250.5,721.1,505.4,673.7,377.9,0.41,0.55,0.69,-0.32
919,30.633,143,0,person,0.837,883.4,280.7,983.5,551.0,933.4,415.8,0.15,0.01,0.15,-0.16
919,30.633,145,0,person,0.759,775.1,289.0,846.5,504.8,810.8,396.9,-0.75,0.16,0.76,-0.04
919,30.633,146,0,person,0.752,963.1,288.8,1063.7,557.1,1013.4,423.0,-0.52,0.71,0.88,0.2
919,30.633,156,0,person,0.89,127.4,498.4,348.6,720.0,238.0,609.2,0.98,0.25,1.01,-0.04
919,30.633,154,0,person,0.652,1153.7,381.1,1234.3,591.3,1194.0,486.2,-0.02,0.15,0.15,0.18
920,30.667,119,0,person,0.785,1038.2,250.8,1147.3,515.9,1092.7,383.4,1.44,-0.15,1.44,0.17
920,30.667,5,0,person,0.818,626.8,250.6,721.9,505.9,674.4,378.2,0.67,0.3,0.73,-0.26
920,30.667,143,0,person,0.836,883.6,280.9,983.6,550.7,933.6,415.8,0.15,-0.04,0.16,-0.04
920,30.667,145,0,person,0.748,775.2,288.1,846.9,505.0,811.1,396.6,0.24,-0.34,0.42,-0.5
920,30.667,146,0,person,0.75,964.3,290.1,1065.4,557.4,1014.8,423.7,1.46,0.79,1.66,0.09
920,30.667,156,0,person,0.89,127.9,498.9,348.9,720.0,238.4,609.5,0.41,0.26,0.48,0.01
920,30.667,154,0,person,0.611,1153.3,379.6,1234.7,591.3,1194.0,485.4,-0.03,-0.78,0.78,-0.93
921,30.7,119,0,person,0.797,1039.9,251.0,1148.4,515.4,1094.1,383.2,1.42,-0.16,1.43,-0.01
921,30.7,5,0,person,0.831,626.4,250.0,722.1,506.8,674.3,378.4,-0.11,0.14,0.18,-0.16
921,30.7,143,0,person,0.844,883.2,280.9,983.2,550.7,933.2,415.8,-0.41,-0.0,0.41,0.04
921,30.7,145,0,person,0.764,775.4,285.9,847.5,504.8,811.5,395.3,0.42,-1.23,1.3,-0.89
921,30.7,146,0,person,0.722,966.5,291.5,1067.8,557.5,1017.1,424.5,2.3,0.77,2.43,-0.03
921,30.7,156,0,person,0.895,128.3,499.2,349.5,720.0,238.9,609.6,0.49,0.13,0.51,-0.13
921,30.7,154,0,person,0.594,1153.5,382.2,1234.3,591.5,1193.9,486.9,-0.09,1.44,1.44,2.21
922,30.733,119,0,person,0.778,1040.3,251.4,1148.5,514.5,1094.4,382.9,0.28,-0.27,0.39,-0.11
922,30.733,5,0,person,0.806,626.6,249.7,722.2,506.3,674.4,378.0,0.15,-0.38,0.41,-0.52
922,30.733,143,0,person,0.838,882.4,280.9,982.7,550.9,932.6,415.9,-0.63,0.12,0.64,0.12
922,30.733,145,0,person,0.781,775.3,284.3,847.6,504.6,811.4,394.4,-0.05,-0.89,0.9,0.34
922,30.733,146,0,person,0.646,968.2,292.4,1069.7,557.4,1019.0,424.9,1.84,0.38,1.88,-0.38
922,30.733,156,0,person,0.892,128.1,499.1,349.7,720.0,238.9,609.6,-0.0,-0.04,0.04,-0.18
922,30.733,154,0,person,0.589,1153.5,383.5,1234.1,591.6,1193.8,487.5,-0.05,0.66,0.66,-0.77
922,30.733,162,2,car,0.307,143.9,158.5,229.6,222.1,186.7,190.3,0.0,0.0,0.0,0.0
922,30.733,163,0,person,0.31,204.4,247.1,328.6,514.0,266.5,380.6,0.0,0.0,0.0,0.0
923,30.767,119,0,person,0.775,1041.6,251.6,1149.1,513.4,1095.4,382.5,0.95,-0.44,1.05,-0.16
923,30.767,5,0,person,0.801,626.7,249.7,722.5,506.3,674.6,378.0,0.17,0.03,0.17,0.42
923,30.767,143,0,person,0.838,882.2,280.9,982.5,550.9,932.4,415.9,-0.21,0.0,0.21,-0.11
923,30.767,145,0,person,0.765,775.1,282.6,847.8,504.5,811.4,393.6,0.01,-0.86,0.86,0.04
923,30.767,146,0,person,0.618,968.4,293.2,1070.4,557.3,1019.4,425.3,0.41,0.36,0.54,-0.03
923,30.767,156,0,person,0.89,127.9,499.3,349.8,720.0,238.8,609.6,-0.08,0.08,0.11,0.13
923,30.767,154,0,person,0.566,1153.6,384.0,1234.2,591.5,1193.9,487.7,0.05,0.19,0.19,-0.47
924,30.8,119,0,person,0.775,1043.2,251.9,1150.0,512.5,1096.6,382.2,1.24,-0.27,1.27,0.17
924,30.8,5,0,person,0.804,626.2,250.5,721.8,506.5,674.0,378.5,-0.57,0.45,0.72,0.42
924,30.8,143,0,person,0.841,882.1,280.9,982.6,551.0,932.3,416.0,-0.01,0.03,0.04,0.03
924,30.8,145,0,person,0.774,775.1,282.0,848.1,504.9,811.6,393.4,0.15,-0.14,0.2,0.72
924,30.8,146,0,person,0.581,968.1,293.3,1070.4,557.4,1019.3,425.4,-0.13,0.1,0.16,-0.26
924,30.8,156,0,person,0.89,127.7,498.7,350.5,720.0,239.1,609.4,0.3,-0.27,0.4,-0.35
924,30.8,154,0,person,0.531,1153.5,383.6,1234.4,591.6,1194.0,487.6,0.07,-0.14,0.15,-0.32
924,30.8,162,2,car,0.378,143.6,158.6,229.7,222.5,186.6,190.6,-0.05,0.13,0.14,0.06
925,30.833,119,0,person,0.781,1044.3,252.3,1150.3,511.7,1097.3,382.0,0.7,-0.22,0.73,0.04
925,30.833,5,0,person,0.823,626.0,250.2,722.1,507.1,674.1,378.7,0.06,0.17,0.18,-0.28
925,30.833,143,0,person,0.844,882.0,281.3,982.6,551.2,932.3,416.3,-0.06,0.29,0.3,0.26
925,30.833,145,0,person,0.778,775.9,281.1,849.4,504.9,812.6,393.0,1.05,-0.44,1.14,-0.31
925,30.833,146,0,person,0.633,970.7,293.8,1074.0,557.6,1022.4,425.7,3.12,0.32,3.14,0.21
925,30.833,156,0,person,0.889,127.8,499.4,350.3,720.0,239.1,609.7,-0.06,0.3,0.31,0.57
925,30.833,154,0,person,0.552,1153.5,383.2,1234.8,591.9,1194.1,487.6,0.15,-0.01,0.15,0.13
925,30.833,162,2,car,0.36,144.0,158.6,230.2,222.7,187.1,190.7,0.46,0.13,0.48,-0.0
926,30.867,119,0,person,0.782,1046.4,252.8,1151.3,510.9,1098.9,381.8,1.54,-0.17,1.55,0.05
926,30.867,5,0,person,0.817,626.2,250.6,722.1,507.0,674.1,378.8,0.06,0.15,0.16,-0.02
926,30.867,143,0,person,0.836,881.9,281.5,982.6,551.6,932.3,416.6,-0.01,0.33,0.33,0.04
926,30.867,145,0,person,0.745,776.5,281.4,849.9,504.4,813.2,392.9,0.61,-0.11,0.62,0.33
926,30.867,146,0,person,0.538,969.8,294.7,1073.6,557.2,1021.7,425.9,-0.68,0.27,0.73,-0.04
926,30.867,156,0,person,0.886,128.3,499.8,350.8,720.0,239.5,609.9,0.43,0.22,0.49,-0.09
926,30.867,154,0,person,0.534,1153.5,383.7,1234.8,592.2,1194.1,487.9,0.03,0.35,0.35,0.36
927,30.9,119,0,person,0.777,1048.5,253.2,1152.3,509.9,1100.4,381.6,1.51,-0.28,1.54,-0.11
927,30.9,5,0,person,0.82,626.7,250.8,722.7,507.2,674.7,379.0,0.55,0.21,0.59,0.05
927,30.9,143,0,person,0.828,881.3,281.8,982.3,552.5,931.8,417.2,-0.48,0.59,0.76,0.26
927,30.9,145,0,person,0.777,777.9,281.5,851.5,504.8,814.7,393.1,1.47,0.22,1.48,0.33
927,30.9,146,0,person,0.603,964.2,295.1,1067.4,557.5,1015.8,426.3,-5.94,0.34,5.95,0.07
927,30.9,156,0,person,0.884,128.6,500.0,351.2,720.0,239.9,610.0,0.43,0.12,0.44,-0.09
927,30.9,154,0,person,0.552,1153.4,383.6,1235.0,592.6,1194.2,488.1,0.04,0.2,0.21,-0.15
928,30.933,119,0,person,0.778,1048.3,253.8,1151.7,510.4,1100.0,382.1,-0.41,0.51,0.66,0.8
928,30.933,5,0,person,0.81,627.0,251.7,722.3,506.9,674.6,379.3,-0.05,0.32,0.33,0.12
928,30.933,143,0,person,0.827,880.6,282.8,981.9,553.7,931.3,418.3,-0.52,1.1,1.22,0.51
928,30.933,145,0,person,0.761,779.0,284.3,852.1,505.8,815.5,395.0,0.82,1.93,2.1,1.71
928,30.933,146,0,person,0.622,962.6,295.9,1064.7,557.4,1013.6,426.7,-2.13,0.39,2.16,0.05
928,30.933,156,0,person,0.889,129.0,499.5,352.4,720.0,240.7,609.7,0.77,-0.28,0.82,-0.4
928,30.933,154,0,person,0.567,1153.0,382.1,1235.2,592.9,1194.1,487.5,-0.06,-0.61,0.62,-0.81
928,30.933,163,0,person,0.395,202.1,243.1,341.1,542.2,271.6,392.7,0.86,2.02,2.19,0.34
929,30.967,119,0,person,0.771,1047.6,254.0,1151.0,511.1,1099.3,382.6,-0.66,0.49,0.82,-0.02
929,30.967,5,0,person,0.809,627.6,252.1,723.1,507.8,675.4,380.0,0.74,0.64,0.99,0.32
929,30.967,143,0,person,0.822,880.1,283.2,981.8,554.6,930.9,418.9,-0.34,0.62,0.7,-0.48
929,30.967,145,0,person,0.765,780.0,283.2,853.5,506.1,816.8,394.7,1.23,-0.4,1.29,-2.33
929,30.967,146,0,person,0.596,962.7,297.0,1064.1,557.7,1013.4,427.3,-0.24,0.66,0.7,0.27
929,30.967,156,0,person,0.885,129.2,499.2,353.1,720.0,241.2,609.6,0.46,-0.14,0.48,0.14
929,30.967,154,0,person,0.574,1152.5,380.2,1235.5,593.2,1194.0,486.7,-0.11,-0.81,0.82,-0.2
929,30.967,163,0,person,0.385,203.3,243.6,341.5,541.3,272.4,392.4,0.77,-0.24,0.81,-2.26
930,31.0,119,0,person,0.768,1046.2,254.4,1149.9,512.1,1098.1,383.3,-1.22,0.73,1.42,0.24
930,31.0,5,0,person,0.808,627.8,252.8,723.3,508.4,675.6,380.6,0.19,0.58,0.61,-0.06
930,31.0,143,0,person,0.817,879.9,283.7,981.6,554.9,930.8,419.3,-0.17,0.39,0.43,-0.22
930,31.0,145,0,person,0.78,780.5,283.0,854.3,506.5,817.4,394.8,0.64,0.12,0.65,0.51
930,31.0,146,0,person,0.569,963.7,297.8,1064.8,558.3,1014.2,428.0,0.81,0.7,1.08,0.04
930,31.0,156,0,person,0.88,130.0,499.8,353.3,720.0,241.6,609.9,0.48,0.33,0.58,0.48
930,31.0,154,0,person,0.584,1152.0,378.3,1235.7,593.3,1193.9,485.8,-0.13,-0.93,0.93,-0.11
931,31.033,119,0,person,0.752,1044.6,254.4,1148.9,513.0,1096.7,383.7,-1.36,0.44,1.43,-0.3
931,31.033,5,0,person,0.778,628.2,253.5,723.3,508.2,675.8,380.8,0.2,0.27,0.33,-0.31
931,31.033,143,0,person,0.809,879.9,284.0,981.8,555.3,930.9,419.7,0.08,0.38,0.38,-0.02
931,31.033,145,0,person,0.752,781.1,283.9,854.8,507.2,818.0,395.5,0.57,0.77,0.95,0.65
931,31.033,146,0,person,0.588,962.2,298.7,1063.2,558.9,1012.7,428.8,-1.51,0.77,1.7,0.07
931,31.033,156,0,person,0.878,130.6,500.2,353.5,720.0,242.0,610.1,0.39,0.17,0.43,-0.16
931,31.033,154,0,person,0.57,1151.6,376.0,1236.0,593.3,1193.8,484.6,-0.06,-1.13,1.13,-0.2
932,31.067,119,0,person,0.751,1046.4,254.7,1149.8,511.6,1098.1,383.2,1.4,-0.55,1.51,-0.99
932,31.067,5,0,person,0.784,628.7,253.6,723.7,508.1,676.2,380.9,0.41,0.05,0.41,-0.23
932,31.067,143,0,person,0.82,879.9,284.2,981.9,555.5,930.9,419.8,0.05,0.16,0.17,-0.22
932,31.067,145,0,person,0.75,782.2,285.5,855.5,507.5,818.8,396.5,0.87,0.95,1.29,0.19
932,31.067,146,0,person,0.524,963.8,300.2,1063.9,558.5,1013.9,429.4,1.17,0.54,1.29,-0.23
932,31.067,156,0,person,0.88,130.9,500.4,353.6,720.0,242.3,610.2,0.22,0.12,0.25,-0.05
932,31.067,154,0,person,0.563,1151.2,373.2,1236.4,593.3,1193.8,483.2,-0.05,-1.4,1.4,-0.27
933,31.1,119,0,person,0.752,1043.2,254.7,1147.9,513.6,1095.5,384.2,-2.6,0.98,2.77,1.53
933,31.1,5,0,person,0.769,628.7,254.2,723.7,508.2,676.2,381.2,0.02,0.3,0.31,0.26
933,31.1,143,0,person,0.814,879.7,284.4,982.0,555.6,930.9,420.0,-0.01,0.16,0.16,0.0
933,31.1,145,0,person,0.758,782.9,286.2,855.9,507.0,819.4,396.6,0.59,0.11,0.6,-0.84
933,31.1,146,0,person,0.563,963.3,301.6,1063.1,558.5,1013.2,430.1,-0.67,0.7,0.96,0.16
933,31.1,156,0,person,0.88,131.0,500.6,353.7,720.0,242.4,610.3,0.12,0.06,0.14,-0.06
933,31.1,154,0,person,0.567,1150.9,370.7,1236.8,593.3,1193.9,482.0,0.08,-1.23,1.23,0.17
934,31.133,119,0,person,0.75,1039.3,254.9,1146.3,517.0,1092.8,386.0,-2.72,1.82,3.28,0.85
934,31.133,5,0,person,0.771,629.0,254.1,724.2,508.4,676.6,381.2,0.39,0.04,0.39,-0.26
934,31.133,143,0,person,0.804,879.5,284.6,982.1,555.7,930.8,420.1,-0.08,0.17,0.19,0.01
934,31.133,145,0,person,0.763,783.3,287.2,856.2,507.0,819.8,397.1,0.36,0.5,0.61,0.39
934,31.133,146,0,person,0.607,961.1,302.9,1061.5,559.1,1011.3,431.0,-1.88,0.96,2.12,0.27
934,31.133,156,0,person,0.882,131.0,500.6,353.8,720.0,242.4,610.3,0.04,0.0,0.04,-0.06
934,31.133,154,0,person,0.541,1151.4,372.3,1236.4,593.4,1193.9,482.8,0.05,0.81,0.81,2.04
934,31.133,163,0,person,0.302,199.9,250.6,333.7,537.0,266.8,393.8,-1.12,0.27,1.15,0.1
935,31.167,119,0,person,0.75,1037.9,254.9,1146.3,519.0,1092.1,387.0,-0.71,0.98,1.21,-0.85
935,31.167,5,0,person,0.772,628.9,254.5,723.8,507.9,676.4,381.2,-0.21,0.0,0.21,-0.04
935,31.167,143,0,person,0.812,879.2,284.8,982.1,556.2,930.7,420.5,-0.15,0.37,0.4,0.21
935,31.167,145,0,person,0.769,783.3,287.4,856.2,506.8,819.8,397.1,-0.02,0.01,0.03,-0.49
935,31.167,146,0,person,0.581,961.3,303.9,1062.3,560.9,1011.8,432.4,0.49,1.37,1.46,0.41
935,31.167,156,0,person,0.881,130.9,500.5,353.8,720.0,242.3,610.3,-0.08,-0.02,0.08,-0.02
935,31.167,154,0,person,0.584,1151.7,373.6,1236.1,593.3,1193.9,483.4,-0.02,0.59,0.59,-0.22
936,31.2,119,0,person,0.749,1036.5,254.9,1146.5,521.0,1091.5,387.9,-0.62,1.0,1.17,0.02
936,31.2,5,0,person,0.784,628.4,254.1,723.8,509.0,676.1,381.5,-0.29,0.31,0.42,0.31
936,31.2,143,0,person,0.818,878.6,284.9,982.0,556.6,930.3,420.8,-0.38,0.25,0.45,-0.13
936,31.2,145,0,person,0.788,783.5,288.6,856.1,506.9,819.8,397.8,0.01,0.65,0.65,0.64
936,31.2,146,0,person,0.588,961.1,304.0,1062.5,560.9,1011.8,432.5,-0.03,0.09,0.1,-1.28
936,31.2,156,0,person,0.877,130.5,500.5,353.5,720.0,242.0,610.3,-0.34,-0.01,0.34,0.01
936,31.2,154,0,person,0.612,1151.8,373.2,1236.1,593.3,1194.0,483.2,0.09,-0.17,0.19,-0.76
936,31.2,165,0,person,0.325,1032.1,328.3,1088.6,507.3,1060.3,417.8,0.0,0.0,0.0,0.0
937,31.233,119,0,person,0.754,1035.0,254.8,1146.4,523.0,1090.7,388.9,-0.79,0.97,1.25,-0.03
937,31.233,5,0,person,0.765,627.9,253.9,723.8,510.0,675.9,382.0,-0.2,0.44,0.49,0.14
937,31.233,143,0,person,0.816,878.3,285.0,981.9,556.6,930.1,420.8,-0.19,0.03,0.19,-0.22
937,31.233,145,0,person,0.785,783.7,291.1,855.7,506.8,819.7,399.0,-0.11,1.21,1.21,0.55
937,31.233,146,0,person,0.642,960.4,304.3,1062.5,561.5,1011.4,432.9,-0.35,0.41,0.54,0.32
937,31.233,156,0,person,0.878,129.7,499.8,353.6,720.0,241.6,609.9,-0.37,-0.34,0.5,-0.33
937,31.233,154,0,person,0.589,1151.8,373.3,1236.1,593.3,1194.0,483.3,-0.0,0.03,0.03,0.21
938,31.267,119,0,person,0.753,1033.8,254.9,1145.9,523.6,1089.9,389.2,-0.83,0.31,0.89,-0.66
938,31.267,5,0,person,0.792,628.0,253.8,723.6,509.1,675.8,381.4,-0.08,-0.54,0.55,-0.98
938,31.267,143,0,person,0.808,878.2,284.9,981.8,556.1,930.0,420.5,-0.06,-0.29,0.3,-0.32
938,31.267,145,0,person,0.778,784.7,291.8,857.1,507.1,820.9,399.4,1.25,0.47,1.33,-0.73
938,31.267,146,0,person,0.631,960.8,304.8,1063.2,561.7,1012.0,433.3,0.53,0.39,0.66,-0.02
938,31.267,156,0,person,0.871,129.6,500.4,353.2,720.0,241.4,610.2,-0.23,0.27,0.35,0.61
938,31.267,154,0,person,0.606,1151.5,372.5,1236.0,593.5,1193.7,483.0,-0.22,-0.26,0.34,-0.29
938,31.267,163,0,person,0.349,201.3,246.8,336.5,535.9,268.9,391.3,0.53,-0.61,0.81,-0.22
938,31.267,165,0,person,0.32,1032.0,326.9,1091.0,514.4,1061.5,420.7,0.56,1.41,1.52,0.71
939,31.3,119,0,person,0.741,1032.8,255.1,1145.4,523.9,1089.1,389.5,-0.75,0.3,0.81,-0.01
939,31.3,5,0,person,0.777,627.8,254.0,723.0,508.6,675.4,381.3,-0.38,-0.1,0.4,0.44
939,31.3,143,0,person,0.801,878.9,284.4,982.4,555.4,930.7,419.9,0.63,-0.64,0.89,-0.34
939,31.3,145,0,person,0.741,786.5,293.2,859.1,506.8,822.8,400.0,1.92,0.55,2.0,0.08
939,31.3,146,0,person,0.642,958.6,305.3,1061.6,561.9,1010.1,433.6,-1.88,0.33,1.91,-0.06
939,31.3,156,0,person,0.871,129.4,500.6,352.9,720.0,241.2,610.3,-0.23,0.09,0.25,-0.17
939,31.3,154,0,person,0.621,1151.6,374.0,1235.5,593.4,1193.5,483.7,-0.23,0.67,0.71,0.93
939,31.3,163,0,person,0.325,201.7,247.2,336.8,535.9,269.3,391.6,0.34,0.21,0.4,0.82
939,31.3,165,0,person,0.402,1031.4,325.5,1091.0,515.9,1061.2,420.7,-0.26,0.02,0.26,-1.39
940,31.333,119,0,person,0.748,1032.0,255.5,1145.0,524.3,1088.5,389.9,-0.62,0.38,0.73,0.09
940,31.333,5,0,person,0.785,628.1,254.1,723.3,509.0,675.7,381.5,0.28,0.19,0.34,0.29
940,31.333,143,0,person,0.794,879.9,284.1,983.3,555.5,931.6,419.8,0.92,-0.07,0.93,0.56
940,31.333,145,0,person,0.737,787.5,294.0,860.7,506.5,824.1,400.3,1.25,0.29,1.28,-0.27
940,31.333,146,0,person,0.658,956.3,306.2,1059.6,561.9,1007.9,434.0,-2.13,0.43,2.17,0.1
940,31.333,156,0,person,0.871,129.2,500.7,352.7,720.0,241.0,610.3,-0.22,0.07,0.23,-0.02
940,31.333,154,0,person,0.622,1151.0,371.5,1235.7,593.3,1193.3,482.4,-0.16,-1.28,1.29,-1.94
940,31.333,163,0,person,0.338,202.5,248.9,337.8,537.2,270.1,393.0,0.86,1.47,1.7,1.26
940,31.333,165,0,person,0.373,1030.4,325.8,1089.6,515.9,1060.0,420.8,-1.23,0.17,1.24,0.15
941,31.367,119,0,person,0.764,1031.4,255.7,1144.6,524.5,1088.0,390.1,-0.46,0.2,0.5,-0.19
941,31.367,5,0,person,0.781,627.9,253.9,723.4,510.0,675.6,382.0,-0.06,0.43,0.44,0.24
941,31.367,143,0,person,0.794,881.1,283.6,983.9,554.0,932.5,418.8,0.88,-0.98,1.32,-0.91
941,31.367,145,0,person,0.759,788.3,294.2,862.5,506.9,825.4,400.6,1.3,0.31,1.33,0.02
941,31.367,146,0,person,0.659,954.9,305.8,1059.2,562.8,1007.1,434.3,-0.86,0.29,0.91,-0.14
941,31.367,156,0,person,0.872,128.6,500.1,352.8,720.0,240.7,610.1,-0.26,-0.28,0.38,-0.35
941,31.367,154,0,person,0.611,1150.8,370.3,1235.8,593.3,1193.3,481.8,-0.09,-0.59,0.6,0.68
941,31.367,163,0,person,0.318,203.1,255.7,337.6,540.6,270.3,398.2,0.22,5.17,5.18,3.7
941,31.367,165,0,person,0.361,1030.1,326.7,1088.2,513.7,1059.1,420.2,-0.85,-0.62,1.05,-0.79
942,31.4,119,0,person,0.767,1031.5,255.9,1144.7,524.2,1088.1,390.1,0.05,-0.03,0.06,-0.23
942,31.4,5,0,person,0.787,628.1,254.5,723.2,510.0,675.7,382.2,0.03,0.27,0.27,-0.17
942,31.4,143,0,person,0.794,881.6,283.5,984.0,553.7,932.8,418.6,0.36,-0.25,0.44,0.73
942,31.4,145,0,person,0.747,788.6,295.1,863.2,506.4,825.9,400.8,0.53,0.17,0.55,-0.14
942,31.4,146,0,person,0.693,953.4,305.4,1058.9,564.3,1006.1,434.8,-0.95,0.49,1.07,0.19
942,31.4,156,0,person,0.884,128.0,500.0,352.6,720.0,240.3,610.0,-0.4,-0.07,0.41,0.21
942,31.4,154,0,person,0.609,1150.4,369.9,1235.4,593.2,1192.9,481.6,-0.35,-0.25,0.43,0.34
942,31.4,165,0,person,0.326,1029.7,328.0,1086.7,512.4,1058.2,420.2,-0.93,-0.06,0.93,0.56
943,31.433,119,0,person,0.769,1031.7,256.1,1144.5,523.4,1088.1,389.7,0.03,-0.34,0.34,-0.31
943,31.433,5,0,person,0.793,627.3,253.6,722.0,508.7,674.7,381.2,-0.99,-1.07,1.46,-1.33
943,31.433,143,0,person,0.789,881.5,283.6,984.3,555.9,932.9,419.7,0.08,1.18,1.18,1.43
943,31.433,145,0,person,0.693,788.7,295.4,865.0,506.6,826.9,401.0,0.97,0.25,1.0,0.08
943,31.433,146,0,person,0.73,949.8,305.3,1057.1,567.0,1003.5,436.2,-2.67,1.33,2.98,0.84
943,31.433,156,0,person,0.883,127.8,500.0,352.5,720.0,240.2,610.0,-0.11,0.01,0.11,0.07
943,31.433,154,0,person,0.621,1150.0,369.4,1235.1,593.1,1192.5,481.3,-0.36,-0.31,0.48,-0.06
943,31.433,165,0,person,0.392,1030.4,332.3,1085.1,509.4,1057.8,420.9,-0.43,0.72,0.84,0.78
944,31.467,119,0,person,0.777,1032.4,256.4,1144.6,522.6,1088.5,389.5,0.4,-0.22,0.46,0.12
944,31.467,5,0,person,0.812,627.5,254.2,722.3,509.8,674.9,382.0,0.27,0.81,0.85,1.87
944,31.467,143,0,person,0.774,880.5,284.0,984.7,561.2,932.6,422.6,-0.28,2.89,2.9,1.71
944,31.467,145,0,person,0.663,790.7,296.2,868.6,506.4,829.6,401.3,2.77,0.3,2.79,0.05
944,31.467,146,0,person,0.682,952.5,306.0,1057.6,563.8,1005.1,434.9,1.59,-1.27,2.03,-2.6
944,31.467,156,0,person,0.873,127.6,500.1,352.3,720.0,240.0,610.0,-0.19,0.03,0.2,0.03
944,31.467,154,0,person,0.57,1149.3,365.4,1235.8,593.3,1192.5,479.3,-0.03,-1.93,1.93,-1.62
945,31.5,119,0,person,0.784,1032.8,256.5,1144.5,521.7,1088.7,389.1,0.16,-0.41,0.44,-0.19
945,31.5,5,0,person,0.801,627.6,254.7,722.4,510.2,675.0,382.5,0.05,0.48,0.48,-0.33
945,31.5,143,0,person,0.755,879.7,284.7,983.4,561.5,931.5,423.1,-1.09,0.5,1.2,-2.39
945,31.5,145,0,person,0.615,792.5,295.8,872.6,506.2,832.6,401.0,2.91,-0.31,2.93,-0.62
945,31.5,146,0,person,0.655,951.4,306.4,1055.4,563.5,1003.4,434.9,-1.63,0.06,1.63,1.32
945,31.5,156,0,person,0.867,128.0,500.2,352.7,720.0,240.3,610.1,0.34,0.07,0.35,0.04
945,31.5,154,0,person,0.541,1148.6,360.3,1236.5,592.7,1192.5,476.5,0.03,-2.81,2.81,-0.88
945,31.5,163,0,person,0.385,199.7,252.6,338.8,546.2,269.3,399.4,-0.27,0.29,0.4,-1.22
946,31.533,119,0,person,0.785,1033.2,256.9,1144.7,521.6,1088.9,389.3,0.26,0.17,0.31,0.58
946,31.533,5,0,person,0.791,628.2,255.0,723.2,511.5,675.7,383.3,0.7,0.83,1.09,0.35
946,31.533,143,0,person,0.749,879.5,285.6,982.4,560.8,930.9,423.2,-0.59,0.03,0.59,-0.46
946,31.533,145,0,person,0.439,792.4,293.4,875.5,505.8,834.0,399.6,1.4,-1.42,1.99,-1.1
946,31.533,146,0,person,0.644,955.2,307.4,1056.2,560.2,1005.7,433.8,2.31,-1.13,2.57,-1.18
946,31.533,156,0,person,0.861,128.1,500.0,352.7,720.0,240.4,610.0,0.07,-0.09,0.12,-0.17
946,31.533,154,0,person,0.549,1149.5,362.5,1236.2,592.6,1192.8,477.6,0.3,1.05,1.09,3.86
946,31.533,163,0,person,0.324,199.4,252.7,337.9,543.6,268.6,398.1,-0.65,-1.23,1.39,-1.52
947,31.567,119,0,person,0.784,1033.4,257.3,1144.9,522.2,1089.1,389.7,0.23,0.46,0.52,0.29
947,31.567,5,0,person,0.814,628.7,255.2,723.5,511.3,676.1,383.3,0.4,-0.03,0.4,-0.86
947,31.567,143,0,person,0.732,880.0,286.5,981.6,558.8,930.8,422.7,-0.15,-0.49,0.52,-0.53
947,31.567,145,0,person,0.456,792.3,293.4,877.4,505.6,834.8,399.5,0.87,-0.07,0.87,1.34
947,31.567,146,0,person,0.621,955.9,309.3,1056.5,562.1,1006.2,435.7,0.42,1.85,1.9,2.98
947,31.567,156,0,person,0.863,128.1,499.9,352.8,720.0,240.5,610.0,0.06,-0.05,0.08,0.04
947,31.567,154,0,person,0.537,1149.7,363.1,1236.0,592.4,1192.8,477.7,0.0,0.18,0.18,-0.87
947,31.567,163,0,person,0.302,200.0,256.3,336.3,540.4,268.1,398.3,-0.5,0.19,0.53,1.42
948,31.6,119,0,person,0.795,1033.9,257.3,1145.2,522.4,1089.6,389.8,0.41,0.1,0.42,-0.37
948,31.6,5,0,person,0.803,627.6,254.7,722.0,510.4,674.8,382.5,-1.31,-0.72,1.5,-0.69
948,31.6,143,0,person,0.663,880.0,287.1,981.1,558.1,930.5,422.6,-0.25,-0.07,0.26,0.42
948,31.6,146,0,person,0.607,956.6,309.7,1056.8,561.4,1006.7,435.6,0.53,-0.08,0.53,-1.93
948,31.6,156,0,person,0.855,128.0,499.9,352.4,720.0,240.2,609.9,-0.23,-0.01,0.23,0.04
948,31.6,154,0,person,0.5,1149.5,363.7,1235.4,592.3,1192.5,478.0,-0.39,0.28,0.48,0.09
948,31.6,163,0,person,0.331,199.4,260.9,334.0,539.4,266.7,400.1,-1.44,1.8,2.31,1.61
949,31.633,119,0,person,0.8,1034.2,257.5,1145.2,522.7,1089.7,390.1,0.13,0.26,0.29,0.17
949,31.633,5,0,person,0.779,627.7,254.9,722.3,510.7,675.0,382.8,0.23,0.27,0.36,1.0
949,31.633,143,0,person,0.701,879.8,287.2,980.4,555.9,930.1,421.6,-0.44,-1.04,1.14,-0.97
949,31.633,146,0,person,0.586,933.0,312.1,1041.0,575.3,987.0,443.7,-19.66,8.11,21.27,8.19
949,31.633,156,0,person,0.853,127.8,499.8,352.2,720.0,240.0,609.9,-0.24,-0.06,0.25,-0.04
949,31.633,154,0,person,0.488,1149.3,365.7,1234.5,592.4,1191.9,479.0,-0.55,1.02,1.16,0.75
949,31.633,163,0,person,0.377,198.1,263.7,333.5,542.4,265.8,403.0,-0.87,2.88,3.01,1.08
949,31.633,145,0,person,0.357,804.3,285.9,897.8,505.4,851.1,395.6,8.13,-1.93,8.36,-0.93
950,31.667,119,0,person,0.806,1034.3,257.8,1145.0,523.1,1089.6,390.4,-0.06,0.34,0.35,0.08
950,31.667,5,0,person,0.782,627.9,255.0,722.5,510.6,675.2,382.8,0.17,-0.02,0.17,-0.29
950,31.667,143,0,person,0.706,880.0,287.7,979.9,554.3,930.0,421.0,-0.13,-0.52,0.53,0.53
950,31.667,146,0,person,0.654,925.7,313.4,1040.4,582.7,983.0,448.0,-3.98,4.32,5.87,-3.79
950,31.667,156,0,person,0.856,127.9,499.8,352.1,720.0,240.0,609.9,-0.01,-0.01,0.01,0.05
950,31.667,154,0,person,0.49,1149.3,367.4,1234.0,592.5,1191.7,479.9,-0.23,0.87,0.9,-0.15
950,31.667,163,0,person,0.393,197.0,263.0,334.4,544.5,265.7,403.7,-0.1,0.74,0.74,-2.15
950,31.667,145,0,person,0.368,804.2,273.8,907.0,504.2,855.6,389.0,4.51,-6.6,8.0,-4.67
951,31.7,119,0,person,0.817,1034.0,258.1,1144.9,524.5,1089.4,391.3,-0.18,0.88,0.89,0.53
951,31.7,5,0,person,0.807,628.0,255.5,722.8,511.4,675.4,383.5,0.19,0.67,0.7,0.69
951,31.7,143,0,person,0.664,878.3,289.0,977.1,554.2,927.7,421.6,-2.27,0.55,2.34,1.07
951,31.7,146,0,person,0.721,918.1,313.3,1038.3,587.3,978.2,450.3,-4.82,2.26,5.32,-2.06
951,31.7,156,0,person,0.858,128.3,500.0,352.1,720.0,240.2,610.0,0.22,0.11,0.25,0.12
951,31.7,154,0,person,0.489,1149.1,366.2,1234.5,592.9,1191.8,479.5,0.12,-0.41,0.43,-1.29
951,31.7,163,0,person,0.377,196.7,263.4,335.3,545.9,266.0,404.7,0.31,0.94,0.99,0.2
951,31.7,145,0,person,0.311,801.2,279.6,902.1,497.4,851.7,388.5,-3.94,-0.55,3.97,6.05
952,31.733,119,0,person,0.822,1034.4,258.6,1144.6,523.9,1089.5,391.2,0.04,-0.1,0.11,-0.98
952,31.733,5,0,person,0.822,627.9,255.2,722.5,511.2,675.2,383.2,-0.21,-0.24,0.32,-0.92
952,31.733,143,0,person,0.664,878.4,290.2,975.6,552.9,927.0,421.6,-0.69,-0.04,0.69,-0.59
952,31.733,146,0,person,0.659,915.6,316.0,1038.7,588.5,977.1,452.2,-1.08,1.96,2.24,-0.3
952,31.733,156,0,person,0.854,128.9,500.1,352.3,720.0,240.6,610.0,0.41,0.05,0.41,-0.07
952,31.733,154,0,person,0.508,1149.4,365.8,1234.9,593.3,1192.2,479.5,0.36,0.03,0.36,0.44
952,31.733,163,0,person,0.437,196.4,263.2,335.8,546.6,266.1,404.9,0.03,0.24,0.24,-0.7
953,31.767,119,0,person,0.833,1035.1,258.8,1144.5,522.7,1089.8,390.8,0.33,-0.42,0.53,-0.32
953,31.767,5,0,person,0.804,628.3,255.1,723.0,511.2,675.6,383.2,0.46,-0.03,0.46,0.21
953,31.767,143,0,person,0.685,878.5,289.6,974.9,552.8,926.7,421.2,-0.27,-0.34,0.44,-0.3
953,31.767,146,0,person,0.625,929.8,317.3,1046.2,574.4,988.0,445.9,10.84,-6.38,12.57,-8.33
953,31.767,156,0,person,0.853,129.5,500.4,352.4,720.0,240.9,610.2,0.35,0.15,0.38,0.1
953,31.767,154,0,person,0.529,1151.1,374.0,1234.1,593.9,1192.6,483.9,0.45,4.41,4.43,4.38
953,31.767,163,0,person,0.442,195.6,263.6,335.3,546.8,265.4,405.2,-0.63,0.27,0.69,0.04
953,31.767,145,0,person,0.469,796.7,261.7,913.2,506.7,854.9,384.2,1.64,-2.14,2.69,-0.79
954,31.8,119,0,person,0.829,1035.4,259.3,1144.7,523.2,1090.1,391.2,0.26,0.41,0.49,0.83
954,31.8,5,0,person,0.813,628.5,255.2,723.2,511.9,675.8,383.5,0.2,0.34,0.4,0.37
954,31.8,143,0,person,0.664,877.5,288.9,973.5,553.4,925.5,421.2,-1.24,-0.03,1.24,0.31
954,31.8,146,0,person,0.621,915.4,317.4,1041.1,588.0,978.3,452.7,-9.7,6.84,11.87,13.22
954,31.8,156,0,person,0.851,129.8,500.4,352.3,720.0,241.0,610.2,0.09,0.03,0.1,-0.11
954,31.8,154,0,person,0.467,1150.7,371.0,1234.7,594.0,1192.7,482.5,0.1,-1.47,1.48,-5.88
954,31.8,163,0,person,0.322,199.5,277.9,330.8,540.9,265.2,409.4,-0.25,4.21,4.22,3.94
954,31.8,145,0,person,0.459,793.1,255.9,916.8,511.3,854.9,383.6,-0.03,-0.59,0.59,1.54
955,31.833,119,0,person,0.82,1034.5,259.7,1144.2,524.1,1089.4,391.9,-0.7,0.7,0.99,0.29
955,31.833,5,0,person,0.822,628.4,255.1,723.1,511.9,675.7,383.5,-0.09,-0.0,0.09,-0.35
955,31.833,143,0,person,0.532,876.0,290.0,970.9,554.2,923.5,422.1,-2.03,0.93,2.23,0.96
955,31.833,146,0,person,0.656,907.8,318.8,1038.7,594.6,973.3,456.7,-4.97,3.99,6.38,-2.85
955,31.833,156,0,person,0.853,130.2,500.5,352.4,720.0,241.3,610.3,0.3,0.05,0.3,0.01
955,31.833,154,0,person,0.451,1150.2,368.6,1235.1,594.4,1192.7,481.5,-0.03,-1.0,1.0,0.48
955,31.833,163,0,person,0.342,194.7,267.7,332.5,544.2,263.6,405.9,-1.56,-3.47,3.8,-7.68
955,31.833,145,0,person,0.451,801.3,256.2,932.7,515.7,867.0,386.0,12.07,2.36,12.29,2.96
956,31.867,119,0,person,0.845,1031.5,261.4,1141.6,524.9,1086.6,393.1,-2.79,1.23,3.05,0.53
956,31.867,5,0,person,0.81,628.2,255.2,722.8,512.1,675.5,383.6,-0.23,0.12,0.26,0.12
956,31.867,143,0,person,0.514,874.2,290.9,968.3,555.7,921.3,423.3,-2.18,1.2,2.49,0.27
956,31.867,146,0,person,0.671,905.1,319.3,1036.6,592.5,970.9,455.9,-2.43,-0.79,2.56,-4.78
956,31.867,156,0,person,0.852,130.1,500.5,352.1,720.0,241.1,610.2,-0.26,-0.03,0.26,-0.08
956,31.867,154,0,person,0.487,1149.9,366.7,1235.3,594.4,1192.6,480.6,-0.06,-0.9,0.9,0.1
956,31.867,163,0,person,0.365,195.6,264.9,336.6,546.7,266.1,405.8,2.5,-0.12,2.51,3.35
956,31.867,145,0,person,0.419,801.9,256.3,939.8,519.5,870.9,387.9,3.88,1.92,4.33,-0.45
957,31.9,119,0,person,0.85,1029.5,262.1,1140.4,525.2,1085.0,393.6,-1.62,0.49,1.69,-0.74
957,31.9,5,0,person,0.816,627.8,255.0,722.1,511.4,675.0,383.2,-0.53,-0.4,0.66,-0.51
957,31.9,143,0,person,0.423,875.9,305.8,964.2,557.3,920.0,431.6,-1.25,8.28,8.37,7.08
957,31.9,146,0,person,0.74,917.2,319.1,1040.2,577.3,978.7,448.2,7.81,-7.7,10.96,-6.9
957,31.9,156,0,person,0.845,129.8,500.2,351.9,720.0,240.8,610.1,-0.26,-0.16,0.31,-0.13
957,31.9,154,0,person,0.418,1149.9,367.1,1235.1,594.1,1192.5,480.6,-0.09,0.04,0.1,0.94
957,31.9,145,0,person,0.561,799.5,250.1,945.3,521.3,872.4,385.7,1.57,-2.21,2.71,-4.12
958,31.933,119,0,person,0.847,1029.8,262.2,1141.2,525.4,1085.5,393.8,0.49,0.16,0.52,-0.33
958,31.933,5,0,person,0.782,627.5,255.1,721.5,511.3,674.5,383.2,-0.47,-0.02,0.47,0.37
958,31.933,143,0,person,0.348,873.7,302.7,962.4,558.2,918.0,430.5,-2.02,-1.13,2.31,-9.41
958,31.933,146,0,person,0.746,922.2,319.8,1040.4,571.4,981.3,445.6,2.66,-2.6,3.72,5.1
958,31.933,156,0,person,0.846,129.8,500.0,351.8,720.0,240.8,610.0,-0.02,-0.06,0.07,0.1
958,31.933,154,0,person,0.443,1150.1,368.9,1234.7,594.2,1192.4,481.6,-0.09,0.95,0.95,0.9
958,31.933,145,0,person,0.548,797.9,245.8,949.4,521.4,873.7,383.6,1.22,-2.09,2.42,0.12
958,31.933,166,26,package,0.402,898.8,382.2,952.4,456.1,925.6,419.2,0.0,0.0,0.0,0.0
959,31.967,119,0,person,0.839,1030.9,262.6,1142.3,525.2,1086.6,393.9,1.17,0.11,1.17,-0.05
959,31.967,5,0,person,0.808,628.2,255.0,722.2,511.4,675.2,383.2,0.7,-0.01,0.7,0.01
959,31.967,146,0,person,0.729,924.3,320.3,1039.9,569.5,982.1,444.9,0.79,-0.69,1.05,1.92
959,31.967,156,0,person,0.856,130.5,500.3,352.0,720.0,241.3,610.2,0.46,0.15,0.48,0.21
959,31.967,154,0,person,0.444,1151.5,376.8,1233.6,594.8,1192.5,485.8,0.13,4.23,4.23,3.28
959,31.967,145,0,person,0.524,796.7,243.9,952.9,523.1,874.8,383.5,1.13,-0.11,1.13,1.98
959,31.967,166,26,package,0.365,898.7,384.9,951.2,457.2,925.0,421.1,-0.65,1.88,1.99,1.88
960,32.0,119,0,person,0.835,1031.4,262.7,1143.2,525.7,1087.3,394.2,0.63,0.28,0.68,0.16
960,32.0,5,0,person,0.8,628.3,255.2,722.2,511.8,675.3,383.5,0.08,0.32,0.33,0.33
960,32.0,146,0,person,0.615,919.2,323.0,1033.6,571.8,976.4,447.4,-5.71,2.51,6.24,3.2
960,32.0,156,0,person,0.868,131.2,500.5,352.4,720.0,241.8,610.3,0.56,0.11,0.57,-0.04
960,32.0,154,0,person,0.396,1150.6,372.2,1234.7,595.5,1192.7,483.8,0.1,-1.96,1.96,-6.19
960,32.0,145,0,person,0.383,785.0,259.6,927.4,517.2,856.2,388.4,-18.55,4.87,19.18,4.98
961,32.033,119,0,person,0.835,1031.7,262.7,1143.9,526.0,1087.8,394.3,0.56,0.15,0.58,-0.12
961,32.033,5,0,person,0.792,628.8,255.5,722.7,512.3,675.7,383.9,0.44,0.37,0.58,0.05
961,32.033,146,0,person,0.64,901.7,324.4,1024.5,588.8,963.1,456.6,-13.29,9.17,16.15,6.66
961,32.033,156,0,person,0.872,131.5,500.6,352.6,720.0,242.1,610.3,0.28,0.04,0.28,-0.07
961,32.033,154,0,person,0.386,1151.1,374.0,1234.6,595.8,1192.8,484.9,0.19,1.07,1.09,3.03
961,32.033,145,0,person,0.382,794.5,254.4,942.3,515.5,868.4,385.0,12.15,-3.41,12.62,-8.28
961,32.033,143,0,person,0.445,872.9,332.3,953.2,564.6,913.0,448.5,-1.66,6.0,6.23,2.38
962,32.067,119,0,person,0.841,1031.1,262.4,1143.8,526.4,1087.5,394.4,-0.34,0.05,0.35,-0.1
962,32.067,5,0,person,0.806,628.5,255.6,722.2,512.1,675.4,383.8,-0.35,-0.04,0.35,-0.41
962,32.067,146,0,person,0.641,893.9,324.9,1020.6,595.9,957.3,460.4,-5.84,3.79,6.96,-5.39
962,32.067,156,0,person,0.864,131.5,500.5,352.5,720.0,242.0,610.3,-0.09,-0.04,0.1,-0.07
962,32.067,154,0,person,0.349,1150.2,369.8,1235.2,595.8,1192.7,482.8,-0.14,-2.09,2.1,-3.16
962,32.067,145,0,person,0.371,783.4,262.3,924.0,513.9,853.7,388.1,-14.67,3.13,15.0,6.54
962,32.067,143,0,person,0.303,872.7,334.4,950.7,562.3,911.7,448.3,-1.34,-0.14,1.34,-6.15
963,32.1,119,0,person,0.848,1030.5,261.9,1143.6,526.2,1087.0,394.0,-0.46,-0.37,0.6,-0.43
963,32.1,5,0,person,0.828,628.8,255.4,722.7,512.1,675.7,383.7,0.34,-0.11,0.35,-0.07
963,32.1,146,0,person,0.641,889.5,325.2,1017.4,597.4,953.5,461.3,-3.8,0.95,3.92,-2.84
963,32.1,156,0,person,0.86,131.1,500.5,352.1,720.0,241.6,610.2,-0.44,-0.02,0.44,0.01
963,32.1,154,0,person,0.497,1151.2,378.0,1233.4,595.7,1192.3,486.9,-0.38,4.05,4.07,6.15
963,32.1,145,0,person,0.352,779.5,255.4,920.2,510.6,849.9,383.0,-3.82,-5.08,6.36,-8.21
963,32.1,163,0,person,0.363,195.0,259.0,336.2,542.2,265.6,400.6,-0.07,-0.74,0.75,-0.09
964,32.133,119,0,person,0.856,1029.2,261.2,1143.1,526.5,1086.2,393.8,-0.84,-0.16,0.85,0.21
964,32.133,5,0,person,0.816,629.1,255.4,722.7,510.4,675.9,382.9,0.17,-0.83,0.85,-0.72
964,32.133,146,0,person,0.627,882.3,324.9,1012.2,598.2,947.2,461.5,-6.23,0.2,6.24,-0.75
964,32.133,156,0,person,0.862,130.8,500.5,351.7,720.0,241.2,610.2,-0.33,-0.02,0.33,0.01
964,32.133,154,0,person,0.579,1151.5,381.9,1232.5,595.6,1192.0,488.8,-0.32,1.89,1.91,-2.17
964,32.133,167,36,skateboard,0.343,781.6,483.0,852.1,513.2,816.9,498.1,0.0,0.0,0.0,0.0
964,32.133,163,0,person,0.398,196.4,255.6,339.5,543.1,268.0,399.4,2.37,-1.27,2.69,-0.53
965,32.167,119,0,person,0.847,1029.0,260.4,1143.4,526.1,1086.2,393.3,0.02,-0.6,0.6,-0.44
965,32.167,5,0,person,0.829,628.3,254.8,722.2,510.8,675.2,382.8,-0.66,-0.08,0.66,0.75
965,32.167,146,0,person,0.724,881.2,325.6,1011.4,597.4,946.3,461.5,-0.91,-0.04,0.91,-0.24
965,32.167,156,0,person,0.862,130.4,500.3,351.5,720.0,241.0,610.1,-0.27,-0.08,0.29,-0.07
965,32.167,154,0,person,0.611,1151.4,382.8,1232.4,595.3,1191.9,489.1,-0.13,0.32,0.34,-1.57
965,32.167,163,0,person,0.387,196.0,252.3,341.7,545.0,268.8,398.6,0.86,-0.72,1.12,0.55
965,32.167,145,0,person,0.324,786.2,243.5,933.3,509.9,859.7,376.7,4.92,-3.15,5.84,0.96
966,32.2,119,0,person,0.846,1028.1,259.4,1143.6,526.4,1085.8,392.9,-0.36,-0.38,0.53,0.21
966,32.2,5,0,person,0.816,628.7,255.2,722.7,511.1,675.7,383.2,0.48,0.36,0.6,0.44
966,32.2,146,0,person,0.709,878.0,326.4,1008.7,598.7,943.3,462.6,-2.99,1.07,3.18,1.11
966,32.2,156,0,person,0.856,130.1,500.2,351.3,720.0,240.7,610.1,-0.25,-0.07,0.26,0.01
966,32.2,154,0,person,0.658,1151.0,383.2,1232.1,594.7,1191.6,489.0,-0.32,-0.11,0.33,-0.42
966,32.2,163,0,person,0.326,197.0,249.0,339.2,535.1,268.1,392.0,-0.72,-6.59,6.63,-5.88
967,32.233,119,0,person,0.835,1028.3,258.9,1144.5,526.5,1086.4,392.7,0.59,-0.16,0.61,0.22
967,32.233,5,0,person,0.806,628.5,255.4,722.5,511.1,675.5,383.3,-0.21,0.09,0.23,-0.27
967,32.233,146,0,person,0.718,876.2,326.2,1007.1,599.2,941.7,462.7,-1.68,0.11,1.68,-0.96
967,32.233,156,0,person,0.855,130.1,500.1,351.2,720.0,240.7,610.0,-0.05,-0.04,0.06,0.04
967,32.233,154,0,person,0.654,1150.6,384.3,1231.7,594.5,1191.2,489.4,-0.4,0.48,0.62,0.58
967,32.233,163,0,person,0.33,198.2,252.0,336.7,530.4,267.5,391.2,-0.65,-0.84,1.06,5.75
967,32.233,145,0,person,0.304,798.6,239.2,932.8,487.3,865.7,363.3,3.0,-6.72,7.36,-1.78
968,32.267,119,0,person,0.825,1029.0,258.6,1145.9,526.4,1087.4,392.5,1.01,-0.21,1.03,-0.05
968,32.267,5,0,person,0.801,628.2,254.6,722.7,511.2,675.5,382.9,-0.03,-0.37,0.37,-0.47
968,32.267,146,0,person,0.709,876.2,326.9,1007.7,601.2,942.0,464.1,0.33,1.38,1.42,1.27
968,32.267,156,0,person,0.859,130.2,500.2,351.0,720.0,240.6,610.1,-0.05,0.07,0.08,0.1
968,32.267,154,0,person,0.693,1148.0,384.4,1230.2,594.7,1189.1,489.6,-2.06,0.14,2.07,-0.34
968,32.267,163,0,person,0.369,196.8,252.2,337.2,534.4,267.0,393.3,-0.45,2.11,2.15,2.95
968,32.267,145,0,person,0.308,815.9,242.0,951.7,487.6,883.8,364.8,18.1,1.56,18.17,8.28
969,32.3,119,0,person,0.82,1029.4,258.4,1147.1,526.2,1088.2,392.3,0.79,-0.2,0.82,0.01
969,32.3,5,0,person,0.805,627.8,255.5,721.9,511.2,674.8,383.3,-0.63,0.43,0.77,0.8
969,32.3,146,0,person,0.679,873.1,326.9,1007.1,606.5,940.1,466.7,-1.92,2.62,3.25,1.24
969,32.3,156,0,person,0.859,130.3,500.4,350.8,720.0,240.5,610.2,-0.06,0.11,0.12,0.04
969,32.3,154,0,person,0.693,1145.8,384.9,1229.0,594.7,1187.4,489.8,-1.68,0.19,1.7,0.05
969,32.3,163,0,person,0.329,196.7,251.1,336.9,532.9,266.8,392.0,-0.22,-1.3,1.32,-3.4
969,32.3,167,36,skateboard,0.462,774.0,482.9,846.3,513.5,810.1,498.2,-1.35,0.03,1.35,0.01
970,32.333,119,0,person,0.832,1030.3,258.3,1148.6,526.2,1089.4,392.3,1.23,-0.01,1.23,0.19
970,32.333,5,0,person,0.803,627.4,255.7,721.9,512.9,674.6,384.3,-0.2,0.93,0.95,0.5
970,32.333,146,0,person,0.705,868.8,328.0,1006.3,615.5,937.5,471.8,-2.56,5.09,5.7,2.47
970,32.333,156,0,person,0.86,130.3,500.5,350.7,720.0,240.5,610.3,-0.04,0.04,0.05,-0.07
970,32.333,154,0,person,0.565,1144.2,385.7,1228.3,594.5,1186.3,490.1,-1.14,0.35,1.19,0.16
970,32.333,167,36,skateboard,0.412,774.0,482.9,847.4,513.6,810.7,498.2,0.57,0.02,0.57,-0.0
970,32.333,145,0,person,0.305,809.0,238.2,947.2,496.7,878.1,367.4,-2.86,1.32,3.15,-0.12
971,32.367,119,0,person,0.832,1031.4,258.3,1150.1,525.7,1090.7,392.0,1.26,-0.31,1.3,-0.3
971,32.367,5,0,person,0.809,627.2,256.1,722.0,514.1,674.6,385.1,-0.02,0.83,0.83,-0.1
971,32.367,146,0,person,0.508,873.3,328.5,997.1,582.5,935.2,455.5,-2.28,-16.28,16.44,-21.38
971,32.367,156,0,person,0.86,130.4,500.5,350.8,720.0,240.6,610.3,0.09,0.02,0.09,-0.01
971,32.367,154,0,person,0.658,1140.7,385.7,1226.4,593.8,1183.5,489.7,-2.72,-0.37,2.74,-0.72
971,32.367,167,36,skateboard,0.4,772.4,483.3,846.4,513.7,809.4,498.5,-1.31,0.24,1.33,0.21
972,32.4,119,0,person,0.835,1031.3,258.4,1150.7,525.8,1091.0,392.1,0.3,0.16,0.33,0.47
972,32.4,5,0,person,0.797,626.7,256.5,721.2,514.4,673.9,385.5,-0.7,0.36,0.79,-0.47
972,32.4,146,0,person,0.486,877.4,328.8,998.0,575.2,937.7,452.0,2.44,-3.51,4.27,12.77
972,32.4,156,0,person,0.86,130.4,500.6,350.7,720.0,240.5,610.3,-0.05,0.03,0.06,0.01
972,32.4,154,0,person,0.658,1137.5,385.4,1225.3,593.7,1181.4,489.6,-2.15,-0.2,2.16,0.17
972,32.4,167,36,skateboard,0.351,771.4,483.1,847.1,513.8,809.3,498.5,-0.14,-0.03,0.14,-0.27
973,32.433,119,0,person,0.835,1032.0,258.5,1152.0,526.2,1092.0,392.4,0.99,0.25,1.02,0.09
973,32.433,5,0,person,0.802,626.6,256.9,720.7,514.3,673.6,385.6,-0.29,0.12,0.31,-0.24
973,32.433,146,0,person,0.533,882.7,331.0,995.4,566.1,939.0,448.6,1.32,-3.41,3.65,0.1
973,32.433,156,0,person,0.855,129.6,500.4,349.9,720.0,239.8,610.2,-0.77,-0.08,0.77,-0.1
973,32.433,154,0,person,0.692,1134.1,382.3,1225.3,594.5,1179.7,488.4,-1.72,-1.11,2.04,-0.91
973,32.433,145,0,person,0.378,829.9,254.4,967.9,508.6,898.9,381.5,6.94,4.69,8.38,1.12
974,32.467,119,0,person,0.842,1032.7,258.9,1153.8,527.6,1093.2,393.3,1.22,0.87,1.5,0.62
974,32.467,5,0,person,0.82,626.0,257.4,719.5,513.6,672.8,385.5,-0.85,-0.07,0.85,-0.18
974,32.467,146,0,person,0.455,884.8,332.6,993.9,563.6,939.3,448.1,0.31,-0.49,0.58,2.92
974,32.467,156,0,person,0.855,128.5,500.3,348.6,720.0,238.6,610.1,-1.22,-0.09,1.23,-0.02
974,32.467,154,0,person,0.672,1128.7,377.9,1224.1,594.1,1176.4,486.0,-3.31,-2.45,4.12,-1.34
974,32.467,145,0,person,0.322,836.9,264.4,971.8,508.5,904.3,386.4,5.4,4.92,7.31,0.23
975,32.5,119,0,person,0.839,1033.4,259.3,1154.9,527.5,1094.2,393.4,0.95,0.14,0.96,-0.74
975,32.5,5,0,person,0.819,626.2,257.3,720.1,514.5,673.1,385.9,0.36,0.42,0.56,0.49
975,32.5,146,0,person,0.567,882.9,334.0,990.4,563.1,936.7,448.6,-2.66,0.46,2.7,0.96
975,32.5,156,0,person,0.857,127.8,500.2,347.4,720.0,237.6,610.1,-0.95,-0.02,0.95,0.07
975,32.5,154,0,person,0.592,1122.8,364.2,1225.9,595.2,1174.4,479.7,-2.0,-6.27,6.58,-3.82
975,32.5,145,0,person,0.317,835.0,264.4,975.4,516.1,905.2,390.2,0.84,3.8,3.89,-1.13
976,32.533,119,0,person,0.832,1032.9,259.6,1155.4,528.3,1094.1,393.9,-0.03,0.53,0.53,0.39
976,32.533,5,0,person,0.825,625.9,258.3,719.5,514.6,672.7,386.5,-0.46,0.52,0.7,0.1
976,32.533,146,0,person,0.483,882.6,335.2,990.7,565.9,936.6,450.5,-0.01,1.98,1.98,1.51
976,32.533,156,0,person,0.858,127.4,500.3,346.5,720.0,237.0,610.2,-0.64,0.06,0.64,0.09
976,32.533,154,0,person,0.618,1116.8,353.9,1226.2,595.1,1171.5,474.5,-2.86,-5.23,5.96,1.04
976,32.533,145,0,person,0.366,833.2,282.6,972.8,533.0,903.0,407.8,-2.2,17.56,17.7,13.77
977,32.567,119,0,person,0.811,1032.4,260.3,1156.0,529.3,1094.2,394.8,0.08,0.88,0.88,0.35
977,32.567,5,0,person,0.819,625.8,258.6,719.5,515.0,672.7,386.8,-0.01,0.34,0.34,-0.18
977,32.567,146,0,person,0.471,877.9,335.3,987.7,567.8,932.8,451.6,-3.82,1.03,3.96,-0.95
977,32.567,156,0,person,0.858,127.8,500.9,346.1,720.0,236.9,610.4,-0.05,0.28,0.28,0.21
977,32.567,154,0,person,0.58,1113.0,349.3,1226.4,596.7,1169.7,473.0,-1.81,-1.52,2.37,3.71
977,32.567,145,0,person,0.424,830.6,277.9,967.8,523.8,899.2,400.9,-3.8,-6.92,7.89,-24.48
978,32.6,119,0,person,0.812,1032.7,261.7,1157.3,530.8,1095.0,396.3,0.78,1.47,1.66,0.59
978,32.6,5,0,person,0.796,626.4,259.3,720.4,516.6,673.4,387.9,0.73,1.12,1.33,0.78
978,32.6,146,0,person,0.482,866.9,337.1,987.7,590.8,927.3,464.0,-5.53,12.41,13.58,11.38
978,32.6,156,0,person,0.861,128.5,501.8,345.6,720.0,237.1,610.9,0.14,0.48,0.5,0.2
978,32.6,154,0,person,0.607,1110.9,344.4,1228.0,598.4,1169.4,471.4,-0.28,-1.57,1.6,-0.05
979,32.633,119,0,person,0.82,1033.5,262.6,1159.3,532.4,1096.4,397.5,1.37,1.24,1.85,-0.22
979,32.633,5,0,person,0.812,628.5,261.1,722.5,517.8,675.5,389.5,2.08,1.57,2.61,0.46
979,32.633,146,0,person,0.449,859.7,338.7,984.3,598.0,922.0,468.4,-5.29,4.4,6.89,-8.0
979,32.633,156,0,person,0.867,128.8,502.9,344.5,720.0,236.6,611.5,-0.45,0.55,0.71,0.07
979,32.633,154,0,person,0.648,1111.2,344.2,1229.9,599.6,1170.5,471.9,1.12,0.48,1.21,2.06
979,32.633,163,0,person,0.302,190.7,272.1,330.4,547.2,260.5,409.7,-0.63,1.77,1.87,0.31
979,32.633,145,0,person,0.328,834.1,288.3,962.6,515.7,898.4,402.0,-0.41,0.55,0.69,3.73
980,32.667,119,0,person,0.837,1035.4,264.4,1161.6,533.5,1098.5,399.0,2.13,1.47,2.59,0.22
980,32.667,5,0,person,0.836,628.6,262.2,722.9,519.0,675.8,390.6,0.29,1.1,1.13,-0.48
980,32.667,146,0,person,0.55,857.3,342.6,973.9,579.4,915.6,461.0,-6.35,-7.36,9.72,-11.76
980,32.667,156,0,person,0.871,129.6,504.6,343.3,720.0,236.5,612.3,-0.12,0.81,0.82,0.26
980,32.667,154,0,person,0.684,1111.8,345.6,1231.3,601.2,1171.5,473.4,1.01,1.54,1.85,1.06
981,32.7,119,0,person,0.843,1035.2,266.2,1162.6,535.6,1098.9,400.9,0.41,1.9,1.95,0.44
981,32.7,5,0,person,0.842,628.6,264.2,723.2,521.1,675.9,392.6,0.12,2.04,2.04,0.94
981,32.7,146,0,person,0.7,855.4,347.1,986.4,612.4,920.9,479.8,5.24,18.76,19.48,26.12
981,32.7,156,0,person,0.878,129.2,505.9,341.1,720.0,235.1,612.9,-1.35,0.67,1.51,-0.13
981,32.7,154,0,person,0.712,1112.0,350.4,1231.3,603.4,1171.7,476.9,0.12,3.48,3.48,1.94
981,32.7,145,0,person,0.516,835.9,294.9,965.0,521.7,900.4,408.3,1.04,3.15,3.32,1.3
982,32.733,119,0,person,0.844,1033.4,267.1,1162.6,537.0,1098.0,402.0,-0.91,1.14,1.45,-0.77
982,32.733,5,0,person,0.842,628.5,264.5,723.4,521.9,675.9,393.2,0.04,0.56,0.56,-1.48
982,32.733,146,0,person,0.769,854.9,349.8,991.0,626.2,923.0,488.0,2.1,8.25,8.51,-10.51
982,32.733,156,0,person,0.868,128.3,506.1,339.6,720.0,233.9,613.1,-1.19,0.11,1.19,-0.56
982,32.733,154,0,person,0.738,1110.8,348.8,1231.9,604.5,1171.4,476.7,-0.29,-0.24,0.37,-3.72
982,32.733,145,0,person,0.54,833.3,293.4,965.5,524.4,899.4,408.9,-1.06,0.6,1.22,-2.56
983,32.767,119,0,person,0.848,1032.5,267.7,1162.8,536.8,1097.6,402.2,-0.38,0.23,0.44,-0.9
983,32.767,5,0,person,0.83,626.8,264.5,721.5,521.9,674.2,393.2,-1.77,0.04,1.77,-0.53
983,32.767,146,0,person,0.796,858.1,352.6,993.5,627.4,925.8,490.0,2.8,1.98,3.43,-6.27
983,32.767,156,0,person,0.87,126.2,506.3,337.4,720.0,231.8,613.2,-2.17,0.1,2.17,-0.01
983,32.767,154,0,person,0.765,1108.1,338.9,1233.5,603.7,1170.8,471.3,-0.56,-5.38,5.41,-5.14
983,32.767,145,0,person,0.53,833.3,291.3,966.9,523.6,900.1,407.5,0.73,-1.42,1.6,-2.02
984,32.8,119,0,person,0.84,1032.0,268.0,1163.8,537.5,1097.9,402.7,0.27,0.5,0.57,0.27
984,32.8,5,0,person,0.827,625.7,264.5,721.2,522.8,673.5,393.6,-0.72,0.42,0.83,0.38
984,32.8,146,0,person,0.833,853.4,355.1,998.3,652.3,925.9,503.7,0.12,13.67,13.67,11.69
984,32.8,156,0,person,0.869,120.5,506.6,331.1,720.0,225.8,613.3,-5.98,0.16,5.98,0.06
984,32.8,154,0,person,0.829,1106.8,331.2,1235.2,602.9,1171.0,467.0,0.19,-4.25,4.26,1.13
984,32.8,145,0,person,0.395,839.5,294.0,965.0,506.7,902.3,400.4,2.17,-7.12,7.45,-5.7
984,32.8,163,0,person,0.408,176.3,294.3,306.6,555.7,241.5,425.0,-3.81,3.06,4.89,0.26
985,32.833,119,0,person,0.84,1032.3,268.0,1165.6,538.2,1098.9,403.1,1.03,0.38,1.1,-0.12
985,32.833,5,0,person,0.851,621.3,264.7,717.0,523.8,669.1,394.2,-4.31,0.58,4.35,0.16
985,32.833,146,0,person,0.833,850.5,356.3,999.0,663.2,924.7,509.7,-1.18,6.06,6.17,-7.61
985,32.833,156,0,person,0.862,115.3,508.8,324.0,720.0,219.6,614.4,-6.15,1.06,6.24,0.9
985,32.833,154,0,person,0.814,1106.1,328.6,1235.9,604.3,1171.0,466.4,-0.03,-0.59,0.59,3.66
985,32.833,163,0,person,0.431,167.1,280.8,308.2,558.7,237.6,419.7,-3.83,-5.21,6.46,-8.27
986,32.867,119,0,person,0.864,1035.5,267.6,1170.6,539.5,1103.1,403.6,4.13,0.44,4.15,0.06
986,32.867,5,0,person,0.837,618.6,263.6,714.9,524.6,666.7,394.1,-2.41,-0.14,2.41,-0.71
986,32.867,146,0,person,0.811,848.4,356.8,999.5,670.9,924.0,513.9,-0.74,4.13,4.2,-1.93
986,32.867,156,0,person,0.875,109.6,510.6,316.8,720.0,213.2,615.3,-6.44,0.94,6.51,-0.12
986,32.867,154,0,person,0.806,1106.9,327.3,1237.8,606.5,1172.4,466.9,1.39,0.47,1.47,1.06
986,32.867,163,0,person,0.338,165.2,279.0,302.1,556.6,233.7,417.8,-3.97,-1.91,4.41,3.3
986,32.867,145,0,person,0.34,836.2,280.6,962.6,492.3,899.4,386.5,-1.43,-6.94,7.09,0.09
987,32.9,119,0,person,0.877,1038.1,267.8,1174.8,541.7,1106.4,404.8,3.36,1.21,3.57,0.77
987,32.9,5,0,person,0.856,616.9,262.7,714.5,526.5,665.7,394.6,-1.04,0.52,1.17,0.66
987,32.9,146,0,person,0.798,849.2,359.1,999.9,673.5,924.6,516.3,0.59,2.43,2.5,-1.7
987,32.9,156,0,person,0.887,104.3,512.3,310.3,720.0,207.3,616.2,-5.93,0.85,5.99,-0.09
987,32.9,154,0,person,0.84,1107.9,326.5,1239.2,607.8,1173.5,467.2,1.17,0.27,1.2,-0.2
988,32.933,119,0,person,0.879,1039.8,268.1,1178.8,546.0,1109.3,407.0,2.86,2.27,3.65,1.06
988,32.933,5,0,person,0.833,615.7,263.1,714.3,528.4,665.0,395.7,-0.67,1.11,1.3,0.59
988,32.933,146,0,person,0.797,847.8,357.5,999.9,675.0,923.8,516.2,-0.73,-0.06,0.73,-2.49
988,32.933,156,0,person,0.871,99.8,514.4,304.2,720.0,202.0,617.2,-5.31,1.03,5.41,0.18
988,32.933,154,0,person,0.855,1109.9,327.4,1240.7,608.9,1175.3,468.2,1.75,1.0,2.01,0.73
989,32.967,119,0,person,0.877,1042.5,268.2,1182.6,548.5,1112.5,408.4,3.25,1.33,3.51,-0.94
989,32.967,5,0,person,0.789,614.1,264.0,713.4,531.3,663.8,397.6,-1.25,1.93,2.3,0.82
989,32.967,146,0,person,0.81,849.4,355.8,1001.2,672.5,925.3,514.1,1.43,-2.11,2.55,-2.05
989,32.967,156,0,person,0.879,96.2,516.0,299.4,720.0,197.8,618.0,-4.2,0.83,4.28,-0.2
989,32.967,154,0,person,0.855,1111.7,327.5,1242.6,610.8,1177.1,469.1,1.84,0.96,2.07,-0.04
989,32.967,145,0,person,0.322,850.5,294.7,968.7,483.5,909.6,389.1,3.38,0.87,3.49,2.6
990,33.0,119,0,person,0.872,1044.6,268.1,1185.5,550.1,1115.0,409.1,2.5,0.77,2.61,-0.56
990,33.0,5,0,person,0.818,613.2,263.5,713.5,533.5,663.4,398.5,-0.38,0.88,0.95,-1.06
990,33.0,146,0,person,0.848,846.8,351.6,1002.9,678.3,924.8,514.9,-0.45,0.8,0.92,2.91
990,33.0,156,0,person,0.891,92.4,518.0,294.6,720.0,193.5,619.0,-4.3,0.99,4.41,0.16
990,33.0,154,0,person,0.836,1116.4,327.2,1247.2,611.5,1181.8,469.4,4.65,0.24,4.65,-0.72
991,33.033,119,0,person,0.871,1045.4,267.9,1186.4,550.6,1115.9,409.3,0.84,0.15,0.85,-0.62
991,33.033,5,0,person,0.861,613.8,262.3,715.0,533.7,664.4,398.0,1.0,-0.52,1.13,-1.39
991,33.033,146,0,person,0.841,844.0,349.8,1002.3,680.8,923.1,515.3,-1.68,0.34,1.71,-0.46
991,33.033,156,0,person,0.908,88.6,517.8,291.9,720.0,190.3,618.9,-3.22,-0.11,3.22,-1.1
991,33.033,154,0,person,0.836,1117.4,325.6,1249.3,613.7,1183.4,469.7,1.62,0.3,1.65,0.07
992,33.067,119,0,person,0.873,1044.1,267.1,1184.4,549.2,1114.2,408.1,-1.64,-1.14,1.99,-1.29
992,33.067,5,0,person,0.822,612.5,260.2,713.6,531.6,663.1,395.9,-1.33,-2.12,2.51,-1.61
992,33.067,146,0,person,0.88,839.5,348.8,999.6,682.0,919.6,515.4,-3.58,0.15,3.58,-0.2
992,33.067,156,0,person,0.894,86.0,516.3,291.3,720.0,188.6,618.2,-1.62,-0.75,1.79,-0.64
992,33.067,154,0,person,0.861,1112.2,324.9,1246.2,615.8,1179.2,470.3,-4.18,0.67,4.23,0.37
993,33.1,119,0,person,0.865,1043.0,266.5,1182.0,547.8,1112.5,407.2,-1.74,-0.96,1.99,0.18
993,33.1,5,0,person,0.817,612.4,260.4,712.8,529.7,662.6,395.1,-0.48,-0.82,0.95,1.31
993,33.1,146,0,person,0.871,833.6,347.9,995.7,681.5,914.6,514.7,-4.94,-0.7,4.99,-0.85
993,33.1,156,0,person,0.905,83.3,514.8,290.8,720.0,187.1,617.4,-1.57,-0.73,1.73,0.01
993,33.1,154,0,person,0.855,1103.6,324.4,1240.9,618.5,1172.2,471.4,-6.97,1.1,7.06,0.43
994,33.133,119,0,person,0.866,1042.8,266.7,1180.8,547.8,1111.8,407.3,-0.72,0.07,0.72,1.02
994,33.133,5,0,person,0.817,611.9,260.0,712.2,529.0,662.1,394.5,-0.52,-0.6,0.79,0.22
994,33.133,146,0,person,0.864,829.7,347.5,993.6,680.9,911.7,514.2,-2.96,-0.54,3.01,0.16
994,33.133,156,0,person,0.909,82.2,514.0,290.9,720.0,186.6,617.0,-0.48,-0.41,0.63,0.32
994,33.133,154,0,person,0.848,1094.7,324.9,1234.9,618.0,1164.8,471.4,-7.48,-0.03,7.48,-1.13
995,33.167,119,0,person,0.853,1043.3,267.4,1180.3,548.2,1111.8,407.8,0.03,0.54,0.54,0.47
995,33.167,5,0,person,0.819,611.8,259.4,712.7,529.9,662.3,394.6,0.19,0.14,0.24,0.74
995,33.167,146,0,person,0.845,825.9,347.2,992.5,682.2,909.2,514.7,-2.47,0.52,2.53,1.06
995,33.167,156,0,person,0.899,83.4,514.4,292.1,720.0,187.8,617.2,1.18,0.2,1.2,0.61
995,33.167,154,0,person,0.864,1089.3,325.2,1233.3,619.3,1161.3,472.3,-3.46,0.84,3.56,0.87
996,33.2,119,0,person,0.835,1045.0,269.1,1180.6,549.1,1112.8,409.1,0.96,1.32,1.63,0.77
996,33.2,5,0,person,0.81,614.2,260.9,715.5,531.5,664.8,396.2,2.59,1.6,3.04,1.46
996,33.2,146,0,person,0.852,821.8,363.8,986.2,686.6,904.0,525.2,-5.17,10.52,11.73,10.0
996,33.2,156,0,person,0.888,86.2,514.9,294.7,720.0,190.5,617.5,2.73,0.26,2.74,0.06
996,33.2,154,0,person,0.856,1087.6,325.4,1234.2,619.2,1160.9,472.3,-0.38,0.06,0.39,-0.77
997,33.233,119,0,person,0.805,1046.7,270.6,1181.4,550.4,1114.1,410.5,1.31,1.43,1.94,0.11
997,33.233,5,0,person,0.791,617.3,262.7,718.5,532.5,667.9,397.6,3.07,1.42,3.39,-0.18
997,33.233,146,0,person,0.822,818.6,367.5,985.7,690.1,902.2,528.8,-1.86,3.54,4.0,-6.98
997,33.233,156,0,person,0.876,90.7,516.0,298.3,720.0,194.5,618.0,4.02,0.54,4.06,0.28
997,33.233,154,0,person,0.836,1089.4,326.2,1238.5,620.2,1163.9,473.2,3.02,0.85,3.14,0.79
998,33.267,119,0,person,0.808,1048.1,272.9,1181.6,551.8,1114.8,412.4,0.75,1.84,1.99,0.42
998,33.267,5,0,person,0.775,618.7,263.9,719.6,533.9,669.2,398.9,1.24,1.24,1.75,-0.18
998,33.267,146,0,person,0.84,828.1,367.9,993.5,687.7,910.8,527.8,8.64,-0.94,8.69,-4.48
998,33.267,156,0,person,0.883,94.7,516.4,302.1,720.0,198.4,618.2,3.92,0.22,3.93,-0.31
998,33.267,154,0,person,0.849,1090.6,326.4,1241.9,620.5,1166.2,473.5,2.27,0.31,2.29,-0.54
998,33.267,163,0,person,0.386,152.0,259.1,295.2,565.0,223.6,412.1,-0.84,-0.48,0.96,0.12
999,33.3,119,0,person,0.787,1048.6,275.4,1180.7,552.8,1114.6,414.1,-0.19,1.75,1.76,-0.1
999,33.3,5,0,person,0.756,619.6,265.2,719.4,534.1,669.5,399.6,0.39,0.77,0.87,-0.47
999,33.3,146,0,person,0.841,830.9,365.4,995.9,686.5,913.4,526.0,2.58,-1.85,3.17,-0.9
999,33.3,156,0,person,0.892,98.6,517.0,305.6,720.0,202.1,618.5,3.65,0.3,3.67,0.07
999,33.3,154,0,person,0.839,1090.2,327.2,1243.1,620.6,1166.6,473.9,0.43,0.41,0.59,0.09
1000,33.333,119,0,person,0.682,1050.3,278.7,1181.2,553.3,1115.7,416.0,1.09,1.89,2.18,0.14
1000,33.333,5,0,person,0.785,622.8,265.4,722.1,533.0,672.4,399.2,2.9,-0.43,2.93,-1.2
1000,33.333,146,0,person,0.844,834.5,378.0,991.8,685.2,913.1,531.6,-0.23,5.6,5.6,7.45
1000,33.333,156,0,person,0.914,102.0,517.4,308.9,720.0,205.4,618.7,3.35,0.17,3.36,-0.13
1000,33.333,154,0,person,0.85,1089.5,330.1,1243.0,620.5,1166.2,475.3,-0.4,1.41,1.46,1.0
1001,33.367,119,0,person,0.733,1048.4,281.2,1178.5,554.2,1113.4,417.7,-2.28,1.68,2.83,-0.21
1001,33.367,5,0,person,0.752,622.9,267.1,721.1,533.8,672.0,400.5,-0.44,1.23,1.31,1.66
1001,33.367,146,0,person,0.856,836.4,384.8,989.5,684.7,913.0,534.7,-0.16,3.18,3.18,-2.42
1001,33.367,156,0,person,0.916,104.7,517.6,311.4,720.0,208.1,618.8,2.65,0.12,2.66,-0.05
1001,33.367,154,0,person,0.841,1087.0,331.6,1241.4,620.0,1164.2,475.8,-2.02,0.47,2.07,-0.94
1001,33.367,163,0,person,0.409,167.4,270.3,302.8,567.4,235.1,418.8,3.83,2.26,4.45,0.91
1002,33.4,119,0,person,0.776,1045.1,283.6,1173.8,554.3,1109.5,418.9,-3.99,1.24,4.18,-0.44
1002,33.4,5,0,person,0.796,623.2,269.4,720.3,534.1,671.8,401.8,-0.25,1.33,1.35,0.1
1002,33.4,146,0,person,0.852,837.5,389.5,987.6,685.3,912.6,537.4,-0.42,2.63,2.67,-0.54
1002,33.4,156,0,person,0.919,106.8,517.6,313.6,720.0,210.2,618.8,2.11,0.01,2.11,-0.11
1002,33.4,154,0,person,0.836,1084.8,334.6,1240.5,622.0,1162.7,478.3,-1.56,2.52,2.96,2.05
1002,33.4,163,0,person,0.415,173.1,274.8,300.5,560.1,236.8,417.5,1.64,-1.35,2.13,-3.61
1003,33.433,119,0,person,0.776,1042.1,284.8,1169.6,553.4,1105.8,419.1,-3.64,0.18,3.64,-1.06
1003,33.433,5,0,person,0.793,624.7,271.7,721.0,533.5,672.9,402.6,1.09,0.83,1.37,-0.5
1003,33.433,146,0,person,0.839,839.1,391.9,986.7,684.9,912.9,538.4,0.37,1.01,1.08,-1.62
1003,33.433,156,0,person,0.919,108.3,517.7,315.1,720.0,211.7,618.8,1.5,0.02,1.5,0.01
1003,33.433,154,0,person,0.837,1082.0,334.2,1240.0,623.3,1161.0,478.7,-1.67,0.45,1.73,-2.07
1003,33.433,163,0,person,0.314,175.7,276.5,302.7,562.2,239.2,419.4,2.38,1.89,3.04,3.24
1004,33.467,119,0,person,0.775,1039.5,285.6,1165.9,552.6,1102.7,419.1,-3.13,0.0,3.13,-0.18
1004,33.467,5,0,person,0.788,624.4,273.2,720.2,533.8,672.3,403.5,-0.54,0.88,1.03,0.05
1004,33.467,146,0,person,0.818,840.7,395.0,985.7,684.5,913.2,539.7,0.25,1.33,1.35,0.32
1004,33.467,156,0,person,0.921,109.4,517.6,316.3,720.0,212.9,618.8,1.17,-0.04,1.17,-0.05
1004,33.467,154,0,person,0.847,1079.2,334.4,1239.3,624.9,1159.2,479.7,-1.75,0.95,2.0,0.51
1004,33.467,163,0,person,0.309,177.4,276.9,303.7,562.8,240.5,419.8,1.38,0.45,1.45,-1.44
1004,33.467,145,0,person,0.388,894.7,303.7,983.7,438.4,939.2,371.1,1.97,-1.2,2.31,-0.14
1005,33.5,119,0,person,0.789,1038.1,286.5,1163.7,552.6,1100.9,419.6,-1.8,0.46,1.86,0.46
1005,33.5,5,0,person,0.773,623.7,274.5,718.8,533.9,671.3,404.2,-1.05,0.72,1.27,-0.16
1005,33.5,146,0,person,0.79,842.3,397.8,984.9,683.8,913.6,540.8,0.41,1.12,1.2,-0.21
1005,33.5,156,0,person,0.921,110.7,517.9,317.5,720.0,214.1,619.0,1.22,0.16,1.23,0.2
1005,33.5,154,0,person,0.834,1076.7,334.7,1238.5,626.1,1157.6,480.4,-1.62,0.73,1.77,-0.23
1005,33.5,163,0,person,0.432,178.0,270.9,307.5,566.3,242.8,418.6,2.23,-1.23,2.55,-1.69
1005,33.5,145,0,person,0.441,894.8,305.0,984.1,434.7,939.4,369.8,0.25,-1.22,1.24,-0.02
1006,33.533,119,0,person,0.797,1037.1,287.1,1162.3,552.4,1099.7,419.7,-1.17,0.17,1.18,-0.29
1006,33.533,5,0,person,0.78,623.9,274.6,718.9,534.4,671.4,404.5,0.14,0.31,0.34,-0.41
1006,33.533,146,0,person,0.835,836.9,398.4,980.0,684.3,908.5,541.3,-5.15,0.49,5.18,-0.63
1006,33.533,156,0,person,0.916,111.7,518.6,317.9,720.0,214.8,619.3,0.72,0.34,0.8,0.18
1006,33.533,154,0,person,0.819,1075.3,334.8,1237.9,625.6,1156.6,480.2,-1.03,-0.2,1.05,-0.92
1006,33.533,163,0,person,0.439,176.0,269.9,304.6,567.4,240.3,418.6,-2.48,0.05,2.48,1.29
1006,33.533,145,0,person,0.345,892.9,305.1,985.7,437.1,939.3,371.1,-0.13,1.23,1.24,2.45
1007,33.567,119,0,person,0.788,1035.5,287.7,1160.3,552.2,1097.9,419.9,-1.82,0.18,1.83,0.01
1007,33.567,5,0,person,0.793,623.8,275.6,718.3,534.4,671.1,405.0,-0.35,0.48,0.6,0.17
1007,33.567,146,0,person,0.693,834.9,401.6,976.6,684.2,905.8,542.9,-2.67,1.57,3.09,1.07
1007,33.567,156,0,person,0.916,112.1,519.0,318.2,720.0,215.2,619.5,0.37,0.19,0.41,-0.15
1007,33.567,154,0,person,0.835,1074.2,334.1,1238.2,625.4,1156.2,479.7,-0.42,-0.47,0.63,-0.28
1007,33.567,163,0,person,0.401,174.1,268.2,301.6,566.9,237.9,417.6,-2.45,-1.06,2.66,-1.11
1008,33.6,119,0,person,0.772,1034.9,288.0,1159.6,552.2,1097.3,420.1,-0.63,0.19,0.66,0.01
1008,33.6,5,0,person,0.798,623.6,275.8,717.5,534.4,670.5,405.1,-0.51,0.1,0.52,-0.38
1008,33.6,146,0,person,0.725,833.0,404.2,973.7,683.2,903.4,543.7,-2.42,0.8,2.55,-0.77
1008,33.6,156,0,person,0.918,112.4,519.3,318.4,720.0,215.4,619.6,0.2,0.16,0.25,-0.03
1008,33.6,154,0,person,0.839,1072.7,334.5,1236.8,624.4,1154.8,479.5,-1.4,-0.29,1.43,0.18
1008,33.6,163,0,person,0.385,173.0,266.0,297.9,563.4,235.5,414.7,-2.4,-2.9,3.76,-1.84
1009,33.633,119,0,person,0.77,1034.5,288.3,1158.8,551.9,1096.7,420.1,-0.58,0.02,0.58,-0.17
1009,33.633,5,0,person,0.807,623.4,275.5,717.2,534.1,670.3,404.8,-0.23,-0.3,0.38,-0.4
1009,33.633,146,0,person,0.769,831.3,404.3,972.4,683.0,901.9,543.7,-1.5,-0.03,1.5,-0.83
1009,33.633,156,0,person,0.92,112.0,519.4,318.1,720.0,215.1,619.7,-0.29,0.08,0.3,-0.08
1009,33.633,154,0,person,0.826,1071.3,334.7,1235.4,623.7,1153.4,479.2,-1.39,-0.29,1.42,0.0
1009,33.633,163,0,person,0.375,175.4,266.5,299.7,565.5,237.5,416.0,2.08,1.3,2.45,4.2
1009,33.633,175,24,package,0.411,863.9,460.0,946.8,580.2,905.4,520.1,0.0,0.0,0.0,0.0
1009,33.633,176,0,person,0.315,886.7,305.4,989.5,498.8,938.1,402.1,0.0,0.0,0.0,0.0
1010,33.667,119,0,person,0.783,1033.6,288.4,1158.0,551.7,1095.8,420.1,-0.91,-0.04,0.91,-0.06
1010,33.667,5,0,person,0.789,623.0,275.3,716.8,534.4,669.9,404.8,-0.43,0.04,0.44,0.34
1010,33.667,146,0,person,0.662,816.4,340.2,988.6,684.5,902.5,512.4,0.64,-31.31,31.31,-31.27
1010,33.667,156,0,person,0.92,111.5,519.4,317.9,720.0,214.7,619.7,-0.4,-0.01,0.4,-0.09
1010,33.667,154,0,person,0.822,1069.6,334.7,1233.4,622.5,1151.5,478.6,-1.84,-0.61,1.94,-0.32
1010,33.667,163,0,person,0.371,179.4,266.1,304.7,566.4,242.0,416.3,4.49,0.27,4.49,-1.03
1010,33.667,175,24,package,0.405,862.5,461.7,946.0,582.8,904.2,522.3,-1.12,2.12,2.39,2.12
1011,33.7,119,0,person,0.748,1032.3,289.4,1157.8,554.3,1095.1,421.8,-0.7,1.72,1.86,1.76
1011,33.7,5,0,person,0.806,622.8,274.9,716.9,534.7,669.9,404.8,0.0,-0.04,0.04,-0.09
1011,33.7,146,0,person,0.824,822.9,382.5,974.7,685.0,898.8,533.8,-3.74,21.42,21.74,52.73
1011,33.7,156,0,person,0.919,110.7,519.1,317.5,720.0,214.1,619.6,-0.58,-0.14,0.6,-0.13
1011,33.7,154,0,person,0.816,1067.4,334.7,1230.3,621.2,1148.9,478.0,-2.65,-0.58,2.71,0.03
1011,33.7,163,0,person,0.405,185.8,266.8,312.6,565.3,249.2,416.0,7.16,-0.23,7.16,-0.5
1011,33.7,176,0,person,0.345,886.1,307.6,986.3,495.9,936.2,401.8,-0.94,-0.17,0.96,-0.09
1012,33.733,119,0,person,0.762,1030.8,289.9,1157.0,555.3,1093.9,422.6,-1.16,0.81,1.42,-0.91
1012,33.733,5,0,person,0.812,622.2,274.6,716.6,534.9,669.4,404.7,-0.48,-0.09,0.49,-0.05
1012,33.733,146,0,person,0.828,823.6,403.1,964.5,683.6,894.0,543.3,-4.73,9.57,10.68,-11.85
1012,33.733,156,0,person,0.913,110.2,518.9,317.5,720.0,213.9,619.4,-0.25,-0.13,0.28,0.01
1012,33.733,154,0,person,0.805,1065.6,335.0,1227.4,620.3,1146.5,477.6,-2.38,-0.35,2.41,0.22
1012,33.733,176,0,person,0.578,869.2,308.1,1001.1,558.6,935.2,433.4,-1.03,31.63,31.64,31.8
1013,33.767,119,0,person,0.752,1030.3,290.6,1156.9,555.2,1093.6,422.9,-0.32,0.26,0.42,-0.55
1013,33.767,5,0,person,0.807,621.7,275.1,715.9,535.0,668.8,405.0,-0.62,0.34,0.7,0.43
1013,33.767,146,0,person,0.802,821.4,413.5,956.9,683.0,889.1,548.2,-4.89,4.89,6.92,-4.68
1013,33.767,156,0,person,0.915,110.2,519.1,317.4,720.0,213.8,619.5,-0.09,0.1,0.14,0.23
1013,33.767,154,0,person,0.753,1064.1,336.1,1224.6,619.9,1144.3,478.0,-2.19,0.41,2.23,0.76
1013,33.767,176,0,person,0.559,864.9,307.5,1004.8,576.9,934.8,442.2,-0.33,8.84,8.84,-22.79
1013,33.767,163,0,person,0.317,191.5,272.3,316.9,561.9,254.2,417.1,2.52,0.51,2.57,0.37
1014,33.8,119,0,person,0.757,1031.2,291.1,1157.9,554.7,1094.6,422.9,0.99,0.04,0.99,-0.23
1014,33.8,5,0,person,0.763,621.4,275.9,715.3,535.0,668.4,405.5,-0.42,0.42,0.59,0.08
1014,33.8,146,0,person,0.62,820.9,427.9,949.6,684.0,885.3,556.0,-3.85,7.72,8.63,2.83
1014,33.8,156,0,person,0.912,110.5,520.0,317.0,720.0,213.7,620.0,-0.03,0.46,0.46,0.36
1014,33.8,154,0,person,0.711,1063.2,337.4,1222.6,620.0,1142.9,478.7,-1.41,0.7,1.57,0.29
1014,33.8,176,0,person,0.69,864.4,307.2,1005.0,581.9,934.7,444.6,-0.12,2.35,2.36,-6.48
1014,33.8,163,0,person,0.356,183.7,276.5,306.9,563.5,245.3,420.0,-8.89,2.96,9.37,2.45
1015,33.833,119,0,person,0.748,1031.7,291.8,1158.6,554.6,1095.2,423.2,0.58,0.28,0.64,0.25
1015,33.833,5,0,person,0.775,621.2,276.1,715.1,535.5,668.2,405.8,-0.21,0.34,0.4,-0.07
1015,33.833,146,0,person,0.556,822.5,444.1,943.9,684.6,883.2,564.4,-2.08,8.39,8.64,0.67
1015,33.833,156,0,person,0.915,110.9,520.8,317.0,720.0,213.9,620.4,0.21,0.4,0.46,-0.05
1015,33.833,154,0,person,0.706,1063.6,339.1,1221.7,619.7,1142.6,479.4,-0.26,0.63,0.69,-0.07
1015,33.833,176,0,person,0.709,865.6,307.5,1004.3,583.2,935.0,445.4,0.25,0.79,0.83,-1.56
1016,33.867,119,0,person,0.766,1032.8,292.6,1159.2,552.9,1096.0,422.7,0.86,-0.48,0.99,-0.76
1016,33.867,5,0,person,0.782,621.9,276.9,715.3,535.7,668.6,406.3,0.42,0.51,0.66,0.17
1016,33.867,146,0,person,0.752,819.1,437.3,943.5,685.6,881.3,561.4,-1.87,-2.94,3.48,-11.33
1016,33.867,156,0,person,0.911,111.3,521.3,316.9,720.0,214.1,620.7,0.17,0.25,0.31,-0.15
1016,33.867,154,0,person,0.737,1063.5,340.4,1220.6,620.2,1142.1,480.3,-0.57,0.92,1.08,0.28
1016,33.867,176,0,person,0.707,867.2,307.3,1002.9,581.7,935.0,444.5,0.08,-0.9,0.91,-1.69
1016,33.867,163,0,person,0.34,182.6,297.8,299.5,569.7,241.0,433.7,-2.14,6.85,7.18,1.95
1017,33.9,119,0,person,0.755,1033.3,293.4,1160.0,552.7,1096.6,423.1,0.61,0.37,0.71,0.85
1017,33.9,5,0,person,0.734,622.4,277.6,715.4,535.7,668.9,406.6,0.33,0.32,0.46,-0.19
1017,33.9,146,0,person,0.758,820.5,441.0,943.2,686.6,881.8,563.8,0.48,2.39,2.44,5.33
1017,33.9,156,0,person,0.915,111.6,521.6,317.1,720.0,214.3,620.8,0.23,0.16,0.28,-0.1
1017,33.9,154,0,person,0.71,1063.4,342.1,1219.9,621.0,1141.7,481.5,-0.4,1.26,1.32,0.34
1017,33.9,176,0,person,0.672,868.0,307.8,1001.5,582.2,934.8,445.0,-0.27,0.53,0.59,1.43
1017,33.9,163,0,person,0.383,183.2,308.2,296.7,572.0,239.9,440.1,-1.1,6.38,6.47,-0.48
1018,33.933,119,0,person,0.759,1033.5,294.4,1160.7,553.1,1097.1,423.8,0.43,0.68,0.8,0.31
1018,33.933,5,0,person,0.728,622.6,277.6,715.4,535.7,669.0,406.7,0.12,0.05,0.13,-0.27
1018,33.933,146,0,person,0.803,819.9,437.4,944.0,686.1,882.0,561.8,0.13,-2.05,2.05,-4.43
1018,33.933,156,0,person,0.917,111.8,521.8,317.2,720.0,214.5,620.9,0.13,0.08,0.15,-0.08
1018,33.933,154,0,person,0.736,1065.0,344.8,1220.9,622.7,1143.0,483.8,1.29,2.24,2.59,0.98
1018,33.933,176,0,person,0.669,869.8,308.1,1000.6,581.7,935.2,444.9,0.4,-0.08,0.41,-0.61
1018,33.933,163,0,person,0.453,182.9,307.9,296.7,572.7,239.8,440.3,-0.17,0.2,0.26,-6.18
1019,33.967,119,0,person,0.758,1033.6,294.8,1161.2,552.8,1097.4,423.8,0.37,0.04,0.37,-0.64
1019,33.967,5,0,person,0.717,622.6,277.2,715.6,536.4,669.1,406.8,0.06,0.09,0.1,0.04
1019,33.967,146,0,person,0.819,819.0,433.1,944.8,685.9,881.9,559.5,-0.08,-2.26,2.26,-0.22
1019,33.967,156,0,person,0.917,112.0,522.1,317.2,720.0,214.6,621.0,0.11,0.14,0.18,0.06
1019,33.967,154,0,person,0.75,1065.6,345.8,1221.1,623.4,1143.3,484.6,0.37,0.79,0.87,-1.46
1019,33.967,176,0,person,0.673,871.7,308.9,999.6,581.1,935.6,445.0,0.47,0.06,0.47,0.14
1019,33.967,163,0,person,0.497,181.7,300.6,298.2,572.8,239.9,436.7,0.16,-3.63,3.63,-3.83
1020,34.0,119,0,person,0.749,1034.4,295.4,1162.2,552.1,1098.3,423.7,0.91,-0.07,0.91,-0.1
1020,34.0,5,0,person,0.726,622.6,277.5,715.3,536.2,669.0,406.8,-0.11,0.07,0.13,-0.02
1020,34.0,146,0,person,0.845,817.3,431.5,944.5,686.1,880.9,558.8,-0.96,-0.7,1.19,1.56
1020,34.0,156,0,person,0.917,111.9,522.4,316.8,720.0,214.3,621.2,-0.24,0.18,0.3,0.04
1020,34.0,154,0,person,0.726,1066.3,347.0,1220.9,622.7,1143.6,484.9,0.3,0.29,0.41,-0.5
1020,34.0,176,0,person,0.692,873.3,308.8,998.7,580.6,936.0,444.7,0.35,-0.29,0.45,-0.35
1020,34.0,163,0,person,0.539,181.6,300.1,297.6,572.3,239.6,436.2,-0.34,-0.47,0.58,3.17
1021,34.033,119,0,person,0.731,1034.4,295.8,1162.8,551.7,1098.6,423.7,0.28,0.02,0.28,0.09
1021,34.033,5,0,person,0.699,622.7,277.5,715.3,535.9,669.0,406.7,0.02,-0.1,0.1,-0.17
1021,34.033,146,0,person,0.806,816.4,433.8,943.0,685.9,879.7,559.9,-1.22,1.1,1.64,1.8
1021,34.033,156,0,person,0.916,111.4,522.8,316.0,720.0,213.7,621.4,-0.69,0.17,0.71,-0.01
1021,34.033,154,0,person,0.712,1067.2,350.0,1220.2,622.4,1143.7,486.2,0.09,1.33,1.34,1.04
1021,34.033,176,0,person,0.694,874.3,308.7,997.3,580.3,935.8,444.5,-0.18,-0.18,0.25,0.11
1021,34.033,163,0,person,0.481,182.0,302.8,296.3,572.0,239.2,437.4,-0.41,1.15,1.22,1.62
1022,34.067,119,0,person,0.691,1035.7,296.1,1164.6,551.3,1100.2,423.7,1.56,-0.05,1.56,-0.07
1022,34.067,5,0,person,0.82,623.2,277.2,716.1,535.9,669.6,406.6,0.64,-0.17,0.66,-0.07
1022,34.067,146,0,person,0.78,813.0,434.0,940.4,686.7,876.7,560.3,-3.01,0.45,3.04,-0.65
1022,34.067,156,0,person,0.916,110.6,522.9,315.2,720.0,212.9,621.4,-0.75,0.04,0.75,-0.13
1022,34.067,154,0,person,0.747,1065.3,346.8,1219.9,621.8,1142.6,484.3,-1.1,-1.92,2.21,-3.25
1022,34.067,176,0,person,0.717,874.4,308.2,995.6,579.9,935.0,444.1,-0.79,-0.45,0.91,-0.27
1022,34.067,163,0,person,0.406,183.3,305.1,296.6,572.0,239.9,438.6,0.74,1.2,1.41,0.05
1023,34.1,119,0,person,0.681,1037.7,294.2,1168.7,552.5,1103.2,423.3,3.06,-0.37,3.08,-0.32
1023,34.1,5,0,person,0.811,623.3,277.2,716.4,536.0,669.9,406.6,0.23,0.06,0.23,0.23
1023,34.1,146,0,person,0.775,805.4,433.8,934.8,686.8,870.1,560.3,-6.61,-0.03,6.61,-0.48
1023,34.1,156,0,person,0.917,109.8,522.8,314.5,720.0,212.1,621.4,-0.76,-0.05,0.77,-0.09
1023,34.1,154,0,person,0.737,1064.7,346.7,1219.3,621.5,1142.0,484.1,-0.6,-0.2,0.63,1.72
1023,34.1,176,0,person,0.69,875.5,309.2,994.3,579.6,934.9,444.4,-0.1,0.37,0.39,0.82
1023,34.1,163,0,person,0.329,184.0,310.8,294.1,570.1,239.0,440.4,-0.91,1.89,2.09,0.69
1024,34.133,119,0,person,0.677,1039.3,293.5,1171.5,553.1,1105.4,423.3,2.19,-0.05,2.2,0.32
1024,34.133,5,0,person,0.82,623.2,277.7,716.4,536.6,669.8,407.1,-0.05,0.49,0.49,0.43
1024,34.133,146,0,person,0.777,798.0,430.8,931.5,687.2,864.7,559.0,-5.34,-1.34,5.51,-1.31
1024,34.133,156,0,person,0.916,109.4,523.0,314.1,720.0,211.8,621.5,-0.4,0.11,0.41,0.16
1024,34.133,154,0,person,0.725,1064.0,348.4,1217.9,621.8,1140.9,485.1,-1.07,0.98,1.46,1.18
1024,34.133,176,0,person,0.64,876.0,308.2,993.4,579.7,934.7,444.0,-0.18,-0.49,0.52,-0.86
1024,34.133,163,0,person,0.356,184.2,311.0,294.6,570.9,239.4,440.9,0.35,0.51,0.61,-1.38
1025,34.167,119,0,person,0.647,1040.7,293.3,1174.6,554.8,1107.6,424.0,2.21,0.77,2.34,0.83
1025,34.167,5,0,person,0.801,623.2,277.8,716.6,536.9,669.9,407.4,0.13,0.26,0.29,-0.23
1025,34.167,146,0,person,0.707,786.8,429.3,925.3,688.9,856.0,559.1,-8.72,0.12,8.72,1.46
1025,34.167,156,0,person,0.918,109.7,523.6,313.9,720.0,211.8,621.8,0.06,0.32,0.32,0.21
1025,34.167,154,0,person,0.721,1063.0,350.3,1216.4,622.0,1139.7,486.2,-1.23,1.09,1.64,0.1
1025,34.167,176,0,person,0.721,874.4,305.7,991.6,580.3,933.0,443.0,-1.75,-0.91,1.97,-0.42
1025,34.167,163,0,person,0.35,185.1,316.6,293.2,570.9,239.1,443.8,-0.24,2.84,2.85,2.34
1026,34.2,5,0,person,0.778,623.0,278.5,716.4,537.3,669.7,407.9,-0.25,0.56,0.61,0.3
1026,34.2,146,0,person,0.772,776.7,428.1,919.1,689.1,847.9,558.6,-8.14,-0.5,8.16,-0.62
1026,34.2,156,0,person,0.92,110.0,524.0,314.0,720.0,212.0,622.0,0.16,0.16,0.23,-0.16
1026,34.2,154,0,person,0.664,1058.6,347.2,1214.9,623.3,1136.8,485.3,-2.94,-0.9,3.07,-1.98
1026,34.2,176,0,person,0.707,874.0,303.5,990.6,580.2,932.3,441.8,-0.69,-1.22,1.41,-0.32
1026,34.2,163,0,person,0.429,184.3,315.2,292.4,569.3,238.4,442.2,-0.77,-1.57,1.75,-4.42
1027,34.233,5,0,person,0.768,623.3,278.8,716.5,537.4,669.9,408.1,0.22,0.17,0.28,-0.39
1027,34.233,146,0,person,0.8,771.3,427.3,917.5,689.7,844.4,558.5,-3.47,-0.11,3.47,0.39
1027,34.233,156,0,person,0.916,110.9,524.2,314.7,720.0,212.8,622.1,0.83,0.14,0.84,-0.02
1027,34.233,154,0,person,0.694,1057.7,342.1,1216.1,622.5,1136.9,482.3,0.11,-2.94,2.94,-2.05
1027,34.233,176,0,person,0.746,875.2,303.5,990.4,580.1,932.8,441.8,0.5,-0.03,0.5,1.19
1027,34.233,163,0,person,0.501,184.4,317.1,292.3,570.8,238.4,444.0,0.01,1.74,1.74,3.31
1028,34.267,5,0,person,0.828,624.0,279.1,717.3,537.7,670.7,408.4,0.75,0.27,0.79,0.1
1028,34.267,146,0,person,0.77,764.0,426.0,914.4,690.4,839.2,558.2,-5.21,-0.26,5.22,-0.14
1028,34.267,156,0,person,0.916,111.3,524.5,314.9,720.0,213.1,622.3,0.33,0.15,0.36,0.02
1028,34.267,154,0,person,0.696,1056.6,339.3,1216.0,622.1,1136.3,480.7,-0.59,-1.63,1.73,1.31
1028,34.267,176,0,person,0.78,877.1,306.6,990.0,581.0,933.5,443.8,0.76,2.0,2.14,2.03
1028,34.267,163,0,person,0.484,184.3,318.1,291.7,570.0,238.0,444.0,-0.37,0.08,0.38,-1.66
1029,34.3,5,0,person,0.821,624.4,279.4,717.8,537.7,671.1,408.6,0.46,0.2,0.5,-0.07
1029,34.3,146,0,person,0.695,755.7,426.6,909.5,691.2,832.6,558.9,-6.6,0.68,6.64,0.94
1029,34.3,156,0,person,0.918,111.4,524.5,315.1,720.0,213.3,622.3,0.12,-0.0,0.12,-0.16
1029,34.3,154,0,person,0.652,1051.4,332.4,1214.7,622.5,1133.0,477.5,-3.26,-3.22,4.58,-1.59
1029,34.3,176,0,person,0.796,877.1,302.2,990.6,581.6,933.9,441.9,0.3,-1.85,1.88,-3.85
1029,34.3,163,0,person,0.476,184.6,320.1,290.7,568.4,237.7,444.3,-0.35,0.23,0.42,0.15
1030,34.333,5,0,person,0.769,624.3,279.3,717.9,538.0,671.1,408.7,-0.02,0.08,0.09,-0.12
1030,34.333,146,0,person,0.641,745.1,428.2,902.5,695.0,823.8,561.6,-8.84,2.7,9.24,2.02
1030,34.333,156,0,person,0.919,111.2,524.5,315.1,720.0,213.1,622.2,-0.12,-0.03,0.13,-0.02
1030,34.333,154,0,person,0.699,1051.1,329.1,1215.5,622.3,1133.3,475.7,0.28,-1.77,1.79,1.45
1030,34.333,176,0,person,0.789,878.2,302.8,990.2,582.3,934.2,442.6,0.33,0.62,0.7,2.47
1030,34.333,163,0,person,0.517,185.3,322.2,291.4,570.3,238.4,446.3,0.71,1.99,2.11,1.76
1031,34.367,5,0,person,0.812,624.2,279.5,718.1,538.9,671.2,409.2,0.09,0.49,0.5,0.41
1031,34.367,146,0,person,0.614,734.9,426.9,896.7,697.7,815.8,562.3,-7.96,0.73,7.99,-1.97
1031,34.367,156,0,person,0.918,111.0,524.8,314.6,720.0,212.8,622.4,-0.34,0.16,0.38,0.19
1031,34.367,154,0,person,0.733,1049.9,325.4,1215.4,621.8,1132.7,473.6,-0.64,-2.12,2.21,-0.35
1031,34.367,176,0,person,0.83,879.0,303.1,989.9,583.2,934.5,443.2,0.28,0.62,0.68,0.0
1031,34.367,163,0,person,0.524,185.8,323.1,291.6,570.6,238.7,446.8,0.33,0.55,0.64,-1.44
1032,34.4,5,0,person,0.778,623.6,279.5,717.8,539.6,670.7,409.5,-0.46,0.38,0.59,-0.12
1032,34.4,146,0,person,0.605,725.2,424.1,893.6,702.3,809.4,563.2,-6.4,0.82,6.46,0.09
1032,34.4,156,0,person,0.919,110.9,525.1,314.4,720.0,212.6,622.6,-0.15,0.16,0.22,0.0
1032,34.4,154,0,person,0.758,1046.8,326.7,1212.1,621.8,1129.5,474.3,-3.19,0.68,3.26,2.8
1032,34.4,176,0,person,0.824,880.2,306.1,989.1,584.2,934.6,445.1,0.17,1.94,1.95,1.32
1032,34.4,163,0,person,0.471,186.3,324.4,291.4,570.0,238.9,447.2,0.18,0.39,0.43,-0.16
1033,34.433,5,0,person,0.81,623.9,279.4,718.3,539.8,671.1,409.6,0.37,0.1,0.39,-0.28
1033,34.433,146,0,person,0.629,720.6,423.4,891.9,703.6,806.3,563.5,-3.14,0.32,3.16,-0.5
1033,34.433,156,0,person,0.919,111.0,525.3,314.5,720.0,212.7,622.6,0.11,0.07,0.13,-0.1
1033,34.433,154,0,person,0.773,1046.0,328.4,1210.6,621.2,1128.3,474.8,-1.16,0.57,1.29,-0.1
1033,34.433,176,0,person,0.816,881.4,307.9,988.8,584.7,935.1,446.3,0.47,1.18,1.27,-0.76
1033,34.433,163,0,person,0.48,186.7,325.4,290.4,567.3,238.6,446.4,-0.31,-0.84,0.9,-1.23
1034,34.467,5,0,person,0.825,624.4,279.6,718.5,539.0,671.5,409.3,0.35,-0.36,0.5,-0.45
1034,34.467,146,0,person,0.799,722.6,421.9,892.8,701.5,807.7,561.7,1.42,-1.78,2.28,-2.11
1034,34.467,156,0,person,0.92,111.6,525.1,315.2,720.0,213.4,622.5,0.66,-0.1,0.66,-0.16
1034,34.467,154,0,person,0.777,1046.7,334.2,1208.8,620.8,1127.8,477.5,-0.55,2.65,2.71,2.08
1034,34.467,176,0,person,0.828,882.0,310.7,987.9,585.8,935.0,448.3,-0.13,1.96,1.96,0.78
1034,34.467,163,0,person,0.432,186.1,320.0,292.2,567.8,239.2,443.9,0.6,-2.47,2.54,-1.63
1035,34.5,5,0,person,0.764,625.1,279.8,719.1,538.4,672.1,409.1,0.66,-0.15,0.68,0.2
1035,34.5,146,0,person,0.814,723.4,420.4,892.8,700.6,808.1,560.5,0.42,-1.18,1.25,0.6
1035,34.5,156,0,person,0.915,112.0,524.9,315.8,720.0,213.9,622.5,0.53,-0.08,0.53,0.02
1035,34.5,154,0,person,0.716,1048.2,337.3,1209.3,621.0,1128.8,479.2,0.99,1.69,1.96,-0.96
1035,34.5,176,0,person,0.81,882.3,313.0,987.1,586.9,934.7,450.0,-0.26,1.72,1.74,-0.24
1035,34.5,163,0,person,0.357,185.7,320.8,292.1,569.2,238.9,445.0,-0.27,1.11,1.15,3.59
1036,34.533,5,0,person,0.793,625.0,280.1,718.7,538.0,671.9,409.1,-0.25,-0.07,0.26,0.09
1036,34.533,146,0,person,0.853,722.0,418.6,891.0,700.1,806.5,559.4,-1.57,-1.16,1.95,0.02
1036,34.533,156,0,person,0.914,112.8,524.8,316.7,720.0,214.8,622.4,0.83,-0.08,0.83,-0.0
1036,34.533,154,0,person,0.693,1050.1,338.0,1211.6,621.7,1130.9,479.9,2.13,0.69,2.23,-1.0
1036,34.533,176,0,person,0.8,883.5,314.1,987.3,586.8,935.4,450.5,0.69,0.48,0.84,-1.24
1036,34.533,163,0,person,0.416,186.2,323.3,292.5,570.3,239.3,446.8,0.44,1.79,1.85,0.68
1037,34.567,5,0,person,0.785,625.2,280.3,719.2,538.5,672.2,409.4,0.35,0.33,0.48,0.4
1037,34.567,146,0,person,0.864,719.3,417.9,887.7,700.5,803.5,559.2,-3.02,-0.18,3.02,0.98
1037,34.567,156,0,person,0.913,113.6,524.9,317.3,720.0,215.5,622.4,0.71,0.05,0.71,0.13
1037,34.567,154,0,person,0.703,1050.0,338.0,1212.6,622.8,1131.3,480.4,0.39,0.54,0.67,-0.15
1037,34.567,176,0,person,0.794,883.8,314.4,987.0,586.1,935.4,450.2,-0.04,-0.24,0.25,-0.73
1037,34.567,163,0,person,0.327,186.9,320.0,293.3,566.9,240.1,443.4,0.8,-3.36,3.46,-5.16
1038,34.6,5,0,person,0.786,625.0,280.1,719.5,538.9,672.3,409.5,0.06,0.13,0.15,-0.19
1038,34.6,146,0,person,0.861,717.4,416.4,885.2,700.8,801.3,558.6,-2.21,-0.6,2.29,-0.43
1038,34.6,156,0,person,0.912,114.2,525.1,317.8,720.0,216.0,622.5,0.56,0.12,0.57,0.07
1038,34.6,154,0,person,0.665,1048.5,341.4,1211.0,624.8,1129.7,483.1,-1.54,2.67,3.08,2.13
1038,34.6,176,0,person,0.79,882.7,313.6,986.6,586.9,934.7,450.2,-0.7,0.03,0.7,0.27
1038,34.6,163,0,person,0.425,184.5,310.9,297.1,571.9,240.8,441.4,0.67,-2.05,2.16,1.31
1038,34.6,180,0,person,0.425,840.4,319.1,901.0,502.2,870.7,410.6,0.0,0.0,0.0,0.0
1039,34.633,5,0,person,0.778,625.1,280.1,720.1,539.6,672.6,409.8,0.31,0.32,0.44,0.18
1039,34.633,146,0,person,0.86,716.2,416.1,882.4,700.9,799.3,558.5,-2.01,-0.06,2.01,0.54
1039,34.633,156,0,person,0.912,114.4,525.2,318.0,720.0,216.2,622.6,0.19,0.05,0.19,-0.06
1039,34.633,154,0,person,0.68,1053.4,342.5,1214.6,625.2,1134.0,483.9,4.27,0.79,4.34,-1.88
1039,34.633,176,0,person,0.781,881.6,313.0,986.0,587.0,933.8,450.0,-0.84,-0.25,0.88,-0.28
1039,34.633,163,0,person,0.431,182.0,305.1,298.3,573.8,240.1,439.4,-0.67,-1.93,2.04,0.12
1039,34.633,180,0,person,0.384,840.2,318.2,901.4,502.9,870.8,410.6,0.08,-0.05,0.09,-0.05
1040,34.667,5,0,person,0.774,625.5,280.1,720.6,539.1,673.0,409.6,0.44,-0.2,0.48,-0.52
1040,34.667,146,0,person,0.872,713.7,414.1,879.3,701.6,796.5,557.8,-2.8,-0.68,2.88,-0.62
1040,34.667,156,0,person,0.913,114.4,525.1,318.1,720.0,216.3,622.6,0.05,-0.04,0.06,-0.09
1040,34.667,154,0,person,0.67,1056.1,343.8,1215.7,625.3,1135.9,484.6,1.9,0.71,2.02,-0.08
1040,34.667,176,0,person,0.804,881.6,313.8,986.2,587.0,933.9,450.4,0.07,0.41,0.42,0.66
1040,34.667,163,0,person,0.413,180.9,303.2,298.8,574.8,239.9,439.0,-0.27,-0.47,0.55,1.46
1040,34.667,180,0,person,0.441,837.3,320.7,898.5,505.0,867.9,412.8,-2.88,2.26,3.66,2.31
1041,34.7,5,0,person,0.744,625.2,280.8,720.0,539.0,672.6,409.9,-0.41,0.27,0.49,0.48
1041,34.7,146,0,person,0.876,708.7,410.6,873.4,701.5,791.0,556.1,-5.46,-1.78,5.74,-1.1
1041,34.7,156,0,person,0.909,114.5,525.4,318.0,720.0,216.3,622.7,0.02,0.16,0.16,0.2
1041,34.7,154,0,person,0.66,1050.7,344.5,1210.9,626.0,1130.8,485.2,-5.09,0.65,5.13,-0.06
1041,34.7,176,0,person,0.818,880.8,312.7,986.8,587.7,933.8,450.2,-0.07,-0.18,0.19,-0.59
1041,34.7,163,0,person,0.459,180.1,298.9,300.1,575.2,240.1,437.1,0.21,-1.91,1.92,-1.43
1041,34.7,180,0,person,0.45,833.2,321.0,895.3,506.7,864.2,413.8,-3.68,0.99,3.81,-1.27
1042,34.733,5,0,person,0.746,625.1,280.4,720.3,539.2,672.7,409.8,0.09,-0.09,0.13,-0.37
1042,34.733,146,0,person,0.867,705.3,408.0,868.6,702.6,786.9,555.3,-4.12,-0.75,4.19,1.03
1042,34.733,156,0,person,0.906,114.7,525.7,318.0,720.0,216.4,622.9,0.08,0.15,0.17,-0.01
1042,34.733,154,0,person,0.685,1048.9,345.2,1209.4,626.6,1129.2,485.9,-1.65,0.67,1.78,0.03
1042,34.733,176,0,person,0.822,881.0,311.1,988.2,587.8,934.6,449.5,0.82,-0.74,1.11,-0.56
1042,34.733,163,0,person,0.465,179.6,298.6,299.8,575.4,239.7,437.0,-0.36,-0.09,0.37,1.81
1042,34.733,180,0,person,0.432,829.5,328.6,890.0,505.9,859.8,417.2,-4.46,3.41,5.61,2.42
1043,34.767,5,0,person,0.734,625.7,280.2,720.6,538.1,673.1,409.1,0.44,-0.67,0.81,-0.58
1043,34.767,146,0,person,0.862,704.1,407.5,864.2,702.1,784.1,554.8,-2.79,-0.5,2.83,0.25
1043,34.767,156,0,person,0.908,114.9,526.1,318.0,720.0,216.4,623.0,0.08,0.17,0.19,0.02
1043,34.767,154,0,person,0.628,1054.0,345.1,1212.9,625.9,1133.5,485.5,4.32,-0.37,4.33,-1.04
1043,34.767,176,0,person,0.813,881.0,310.7,989.1,587.6,935.0,449.2,0.41,-0.29,0.5,0.45
1043,34.767,163,0,person,0.436,175.4,296.4,296.9,575.6,236.1,436.0,-3.57,-0.95,3.69,-0.86
1043,34.767,180,0,person,0.403,831.6,328.0,892.7,505.2,862.1,416.6,2.37,-0.63,2.45,-4.03
1043,34.767,181,2,car,0.374,139.0,186.1,222.0,251.2,180.5,218.6,0.0,0.0,0.0,0.0
1044,34.8,5,0,person,0.754,625.2,280.4,719.9,537.3,672.6,408.9,-0.57,-0.26,0.62,0.41
1044,34.8,146,0,person,0.863,703.2,406.6,860.5,702.3,781.9,554.4,-2.28,-0.36,2.31,0.14
1044,34.8,156,0,person,0.905,114.8,526.3,317.9,720.0,216.3,623.1,-0.13,0.09,0.15,-0.09
1044,34.8,154,0,person,0.661,1055.9,344.8,1214.0,625.9,1135.0,485.3,1.47,-0.18,1.48,0.19
1044,34.8,176,0,person,0.808,881.3,310.6,990.3,587.3,935.8,449.0,0.79,-0.22,0.82,0.08
1044,34.8,163,0,person,0.436,176.3,295.1,297.9,575.5,237.1,435.3,0.92,-0.74,1.18,0.21
1044,34.8,180,0,person,0.312,832.8,327.7,894.5,504.4,863.7,416.1,1.55,-0.54,1.64,0.08
1044,34.8,181,2,car,0.367,138.9,186.1,222.0,251.4,180.5,218.7,-0.0,0.08,0.08,0.08
1045,34.833,5,0,person,0.759,624.6,280.2,719.7,538.2,672.1,409.2,-0.45,0.34,0.56,0.61
1045,34.833,146,0,person,0.863,703.7,406.0,858.3,702.3,781.0,554.2,-0.84,-0.29,0.89,0.07
1045,34.833,156,0,person,0.906,114.8,526.5,317.8,720.0,216.3,623.3,-0.06,0.14,0.15,0.05
1045,34.833,154,0,person,0.645,1057.1,344.8,1214.1,626.0,1135.6,485.4,0.65,0.09,0.65,0.27
1045,34.833,176,0,person,0.81,881.3,310.8,991.2,587.3,936.2,449.0,0.41,0.08,0.42,0.3
1045,34.833,163,0,person,0.407,173.1,294.8,295.2,575.7,234.2,435.2,-2.89,-0.07,2.89,0.67
1045,34.833,180,0,person,0.322,832.9,323.6,896.8,504.2,864.8,413.9,1.14,-2.2,2.47,-1.65
1045,34.833,181,2,car,0.385,138.6,186.1,222.2,251.7,180.4,218.9,-0.06,0.17,0.17,0.08
1046,34.867,5,0,person,0.736,624.6,280.3,719.9,538.3,672.2,409.3,0.11,0.07,0.13,-0.27
1046,34.867,146,0,person,0.862,702.7,405.0,855.1,702.7,778.9,553.9,-2.1,-0.3,2.12,-0.01
1046,34.867,156,0,person,0.9,115.1,527.3,317.6,720.0,216.4,623.6,0.12,0.36,0.38,0.23
1046,34.867,154,0,person,0.649,1057.8,344.6,1214.2,626.7,1136.0,485.7,0.41,0.24,0.48,0.15
1046,34.867,176,0,person,0.797,881.5,311.1,992.7,587.5,937.1,449.3,0.86,0.23,0.89,0.15
1046,34.867,163,0,person,0.337,175.1,294.1,297.2,575.8,236.2,434.9,1.98,-0.29,2.0,-0.22
1046,34.867,181,2,car,0.39,138.6,185.8,223.3,252.2,181.0,219.0,0.54,0.11,0.55,-0.06
1047,34.9,5,0,person,0.692,624.5,280.7,719.9,538.9,672.2,409.8,-0.02,0.52,0.52,0.45
1047,34.9,146,0,person,0.857,701.9,404.8,851.6,702.7,776.8,553.7,-2.14,-0.12,2.14,0.18
1047,34.9,156,0,person,0.902,115.4,527.4,318.0,720.0,216.7,623.7,0.29,0.06,0.29,-0.3
1047,34.9,154,0,person,0.632,1060.0,343.0,1217.1,627.8,1138.5,485.4,2.51,-0.28,2.53,-0.52
1047,34.9,176,0,person,0.793,883.5,310.1,995.8,586.8,939.7,448.5,2.55,-0.82,2.68,-1.06
1047,34.9,163,0,person,0.386,176.7,292.7,298.9,575.5,237.8,434.1,1.64,-0.82,1.83,-0.53
1047,34.9,181,2,car,0.318,139.1,185.7,224.2,252.4,181.6,219.0,0.67,0.03,0.67,-0.08
1047,34.9,180,0,person,0.377,831.1,333.9,892.6,505.1,861.8,419.5,-1.49,2.81,3.18,2.5
1048,34.933,5,0,person,0.72,624.8,280.7,720.2,538.5,672.5,409.6,0.27,-0.22,0.35,-0.74
1048,34.933,146,0,person,0.834,702.0,405.3,849.2,702.5,775.6,553.9,-1.19,0.16,1.2,0.28
1048,34.933,156,0,person,0.904,115.6,527.6,318.2,720.0,216.9,623.8,0.26,0.1,0.28,0.04
1048,34.933,154,0,person,0.648,1060.4,342.4,1217.4,628.3,1138.9,485.3,0.4,-0.04,0.4,0.24
1048,34.933,176,0,person,0.79,884.2,309.6,998.0,586.8,941.1,448.2,1.47,-0.26,1.49,0.56
1048,34.933,163,0,person,0.434,178.4,290.1,300.3,574.3,239.3,432.2,1.55,-1.93,2.48,-1.11
1048,34.933,180,0,person,0.452,828.8,339.5,889.6,505.6,859.2,422.6,-2.61,3.06,4.02,0.24
1049,34.967,5,0,person,0.72,624.9,280.5,720.7,539.2,672.8,409.8,0.34,0.25,0.42,0.47
1049,34.967,146,0,person,0.845,702.1,405.7,847.0,702.7,774.5,554.2,-1.04,0.27,1.07,0.11
1049,34.967,156,0,person,0.901,115.9,527.8,318.5,720.0,217.2,623.9,0.26,0.1,0.27,-0.0
1049,34.967,154,0,person,0.671,1060.3,342.8,1216.8,628.6,1138.6,485.7,-0.36,0.4,0.53,0.44
1049,34.967,176,0,person,0.79,884.1,309.6,999.3,587.3,941.7,448.4,0.54,0.23,0.58,0.49
1049,34.967,163,0,person,0.441,179.3,285.6,302.8,575.3,241.1,430.4,1.71,-1.73,2.44,0.2
1049,34.967,180,0,person,0.363,824.1,341.2,887.4,509.6,855.7,425.4,-3.51,2.82,4.5,-0.24
1050,35.0,5,0,person,0.702,625.0,281.4,720.7,539.9,672.9,410.7,0.03,0.82,0.83,0.58
1050,35.0,146,0,person,0.793,702.0,407.1,844.9,702.9,773.5,555.0,-1.08,0.84,1.37,0.57
1050,35.0,156,0,person,0.896,116.2,528.2,318.6,720.0,217.4,624.1,0.23,0.18,0.29,0.09
1050,35.0,154,0,person,0.674,1059.3,344.4,1215.5,629.9,1137.4,487.2,-1.19,1.44,1.87,1.05
1050,35.0,176,0,person,0.723,884.3,309.7,1001.2,587.5,942.7,448.6,1.07,0.17,1.08,-0.06
1050,35.0,163,0,person,0.41,188.2,282.5,314.1,573.0,251.1,427.8,10.07,-2.66,10.42,-0.92
1050,35.0,180,0,person,0.457,821.5,338.0,888.1,510.6,854.8,424.3,-0.94,-1.07,1.42,-3.89
1051,35.033,5,0,person,0.73,625.1,282.1,720.7,540.1,672.9,411.1,0.03,0.46,0.46,-0.37
1051,35.033,146,0,person,0.796,700.5,408.0,842.2,703.1,771.4,555.5,-2.12,0.53,2.18,-0.3
1051,35.033,156,0,person,0.897,116.2,528.3,318.5,720.0,217.3,624.2,-0.06,0.08,0.1,-0.11
1051,35.033,154,0,person,0.739,1058.6,345.3,1214.6,630.7,1136.6,488.0,-0.79,0.82,1.14,-0.62
1051,35.033,176,0,person,0.769,884.9,309.0,1004.3,588.4,944.6,448.7,1.89,0.1,1.89,-0.06
1051,35.033,163,0,person,0.422,190.5,282.2,319.0,575.1,254.7,428.6,3.62,0.86,3.72,3.51
1051,35.033,180,0,person,0.515,819.2,323.7,892.9,510.9,856.1,417.3,1.26,-7.01,7.13,-5.94
1052,35.067,5,0,person,0.785,624.7,282.1,720.5,540.7,672.6,411.4,-0.29,0.27,0.39,-0.19
1052,35.067,146,0,person,0.821,699.3,407.6,840.3,703.2,769.8,555.4,-1.53,-0.13,1.54,-0.67
1052,35.067,156,0,person,0.893,116.2,528.3,318.8,720.0,217.5,624.2,0.13,-0.01,0.13,-0.09
1052,35.067,154,0,person,0.676,1058.3,345.6,1213.9,630.2,1136.1,487.9,-0.49,-0.14,0.51,-0.96
1052,35.067,176,0,person,0.764,884.9,308.9,1006.0,589.2,945.5,449.0,0.84,0.35,0.91,0.25
1052,35.067,163,0,person,0.424,189.5,282.9,320.5,576.6,255.0,429.7,0.24,1.09,1.11,0.23
1052,35.067,180,0,person,0.522,818.1,318.2,895.0,510.5,856.6,414.3,0.53,-2.95,2.99,4.07
1053,35.1,5,0,person,0.798,624.3,281.9,720.4,541.4,672.4,411.6,-0.24,0.25,0.35,-0.02
1053,35.1,146,0,person,0.835,698.1,407.9,838.2,703.2,768.2,555.6,-1.64,0.15,1.65,0.29
1053,35.1,156,0,person,0.89,116.1,528.2,319.1,720.0,217.6,624.1,0.14,-0.03,0.14,-0.02
1053,35.1,154,0,person,0.747,1057.8,345.7,1213.7,630.8,1135.8,488.3,-0.33,0.39,0.51,0.53
1053,35.1,176,0,person,0.786,884.9,307.6,1008.3,589.2,946.6,448.4,1.13,-0.68,1.32,-1.03
1053,35.1,163,0,person,0.379,179.7,283.4,309.4,576.4,244.5,429.9,-10.44,0.18,10.45,-0.91
1053,35.1,180,0,person,0.458,820.4,341.5,890.1,510.0,855.3,425.7,-1.3,11.4,11.48,14.35
1054,35.133,5,0,person,0.772,625.2,282.2,720.9,540.8,673.1,411.5,0.7,-0.11,0.7,-0.36
1054,35.133,146,0,person,0.825,694.9,407.4,835.6,703.4,765.2,555.4,-2.96,-0.14,2.97,-0.3
1054,35.133,156,0,person,0.893,116.1,528.3,319.3,720.0,217.7,624.2,0.1,0.03,0.11,0.06
1054,35.133,154,0,person,0.771,1057.8,346.2,1212.8,630.4,1135.3,488.3,-0.48,0.08,0.49,-0.31
1054,35.133,176,0,person,0.79,884.5,305.8,1010.3,589.1,947.4,447.5,0.78,-0.88,1.18,-0.2
1054,35.133,163,0,person,0.376,185.7,282.0,318.0,576.8,251.8,429.4,7.3,-0.49,7.31,-0.67
1054,35.133,180,0,person,0.461,822.3,349.0,889.9,508.9,856.1,429.0,0.8,3.23,3.33,-8.17
1055,35.167,5,0,person,0.787,624.6,282.6,719.9,540.8,672.2,411.7,-0.81,0.17,0.83,0.28
1055,35.167,146,0,person,0.834,696.3,407.8,837.0,703.5,766.6,555.6,1.42,0.23,1.44,0.38
1055,35.167,156,0,person,0.892,115.9,528.5,319.1,720.0,217.5,624.2,-0.2,0.08,0.22,0.06
1055,35.167,154,0,person,0.758,1057.3,346.2,1211.7,630.0,1134.5,488.1,-0.8,-0.2,0.82,-0.28
1055,35.167,176,0,person,0.771,885.4,304.3,1012.3,585.7,948.8,445.0,1.45,-2.51,2.9,-1.62
1055,35.167,163,0,person,0.366,187.2,280.1,321.6,575.9,254.4,428.0,2.54,-1.42,2.91,-0.93
1055,35.167,180,0,person,0.483,820.9,339.0,893.1,508.7,857.0,423.8,0.94,-5.15,5.24,-8.38
1056,35.2,5,0,person,0.797,623.9,282.4,719.3,541.0,671.6,411.7,-0.64,0.02,0.64,-0.14
1056,35.2,146,0,person,0.839,695.8,408.2,836.7,705.0,766.2,556.6,-0.4,0.95,1.03,0.72
1056,35.2,156,0,person,0.89,115.6,528.8,318.7,720.0,217.1,624.4,-0.4,0.15,0.42,0.06
1056,35.2,154,0,person,0.78,1056.9,346.5,1210.6,629.8,1133.7,488.2,-0.75,0.03,0.75,0.24
1056,35.2,176,0,person,0.733,887.9,303.0,1014.4,579.5,951.1,441.2,2.32,-3.73,4.39,-1.22
1056,35.2,163,0,person,0.386,188.1,281.0,324.2,577.5,256.1,429.2,1.73,1.23,2.13,2.65
1056,35.2,180,0,person,0.37,819.1,336.8,893.3,510.4,856.2,423.6,-0.84,-0.27,0.88,4.88
1056,35.2,181,2,car,0.32,142.1,188.9,224.5,253.2,183.3,221.1,0.19,0.22,0.29,0.02
1057,35.233,5,0,person,0.765,623.0,282.9,718.3,541.3,670.7,412.1,-0.93,0.37,1.0,0.35
1057,35.233,146,0,person,0.843,694.3,408.5,834.8,704.1,764.5,556.3,-1.73,-0.28,1.75,-1.23
1057,35.233,156,0,person,0.89,115.0,528.9,318.2,720.0,216.6,624.5,-0.53,0.07,0.54,-0.08
1057,35.233,154,0,person,0.747,1056.8,346.5,1209.9,629.4,1133.4,488.0,-0.38,-0.21,0.43,-0.25
1057,35.233,176,0,person,0.724,892.0,302.3,1018.2,575.4,955.1,438.9,3.95,-2.38,4.61,1.35
1057,35.233,163,0,person,0.365,186.9,279.6,325.1,577.9,256.0,428.8,-0.08,-0.47,0.48,-1.7
1057,35.233,180,0,person,0.433,816.2,318.4,897.8,510.0,857.0,414.2,0.86,-9.37,9.41,-9.1
1057,35.233,181,2,car,0.383,141.4,188.8,224.3,253.2,182.8,221.0,-0.51,-0.05,0.51,-0.27
1058,35.267,5,0,person,0.694,622.8,282.9,717.5,540.4,670.1,411.6,-0.54,-0.45,0.7,-0.82
1058,35.267,146,0,person,0.855,692.4,408.0,833.4,704.8,762.9,556.4,-1.58,0.06,1.58,0.34
1058,35.267,156,0,person,0.892,114.3,529.0,317.6,720.0,215.9,624.5,-0.65,0.04,0.65,-0.03
1058,35.267,154,0,person,0.714,1056.9,346.2,1209.5,629.1,1133.2,487.6,-0.18,-0.31,0.36,-0.1
1058,35.267,176,0,person,0.742,896.6,300.9,1022.5,572.5,959.5,436.7,4.43,-2.16,4.93,0.21
1058,35.267,163,0,person,0.395,176.1,283.5,311.7,577.9,243.9,430.7,-12.17,1.94,12.32,2.41
1058,35.267,180,0,person,0.367,812.1,299.5,899.9,508.8,856.0,404.2,-1.06,-10.01,10.07,-0.64
1058,35.267,181,2,car,0.42,140.5,188.3,224.2,253.2,182.3,220.7,-0.49,-0.26,0.56,-0.22
1059,35.3,5,0,person,0.772,621.6,282.9,716.9,541.9,669.3,412.4,-0.85,0.76,1.14,1.2
1059,35.3,146,0,person,0.853,691.7,407.9,832.9,704.9,762.3,556.4,-0.61,0.0,0.61,-0.06
1059,35.3,156,0,person,0.891,113.2,529.2,316.3,720.0,214.8,624.6,-1.17,0.11,1.18,0.06
1059,35.3,154,0,person,0.699,1056.7,345.9,1208.9,628.8,1132.8,487.4,-0.35,-0.26,0.44,0.05
1059,35.3,176,0,person,0.768,896.1,298.7,1023.7,573.0,959.9,435.8,0.4,-0.88,0.97,1.29
1059,35.3,163,0,person,0.388,173.2,284.2,307.2,577.5,240.2,430.9,-3.67,0.16,3.67,-1.78
1059,35.3,180,0,person,0.454,815.4,336.5,888.2,508.6,851.8,422.6,-4.17,18.42,18.88,28.43
1059,35.3,181,2,car,0.404,139.3,188.3,223.0,253.2,181.1,220.7,-1.2,-0.04,1.2,0.22
1060,35.333,5,0,person,0.78,621.6,282.6,717.0,542.0,669.3,412.3,0.05,-0.07,0.09,-0.83
1060,35.333,146,0,person,0.866,691.2,407.7,832.6,704.9,761.9,556.3,-0.43,-0.05,0.43,-0.05
1060,35.333,156,0,person,0.883,112.0,529.2,315.2,720.0,213.6,624.6,-1.16,-0.02,1.17,-0.13
1060,35.333,154,0,person,0.681,1055.7,345.5,1207.6,628.9,1131.7,487.2,-1.18,-0.22,1.2,0.03
1060,35.333,176,0,person,0.776,894.6,304.4,1020.6,571.0,957.6,437.7,-2.31,1.89,2.99,2.77
1060,35.333,163,0,person,0.423,160.5,286.2,295.3,577.7,227.9,432.0,-12.3,1.11,12.35,0.95
1060,35.333,180,0,person,0.425,814.9,332.8,889.0,508.3,851.9,420.6,0.14,-2.02,2.03,-20.44
1060,35.333,181,2,car,0.347,138.3,188.1,222.3,253.1,180.3,220.6,-0.84,-0.11,0.85,-0.07
1061,35.367,5,0,person,0.784,620.7,282.2,716.4,541.7,668.6,411.9,-0.79,-0.38,0.87,-0.3
1061,35.367,146,0,person,0.86,691.2,408.5,831.9,704.1,761.5,556.3,-0.38,-0.01,0.38,0.04
1061,35.367,156,0,person,0.882,111.0,528.9,314.4,720.0,212.7,624.4,-0.9,-0.15,0.91,-0.13
1061,35.367,154,0,person,0.754,1055.1,345.1,1207.2,629.2,1131.2,487.2,-0.47,-0.01,0.47,0.22
1061,35.367,176,0,person,0.823,901.6,299.3,1027.2,567.3,964.4,433.3,6.77,-4.41,8.08,-6.3
1061,35.367,180,0,person,0.451,816.5,329.0,892.0,507.2,854.3,418.1,2.34,-2.46,3.4,-0.44
1062,35.4,5,0,person,0.795,619.8,282.1,715.6,541.8,667.7,411.9,-0.86,-0.0,0.86,0.38
1062,35.4,146,0,person,0.849,690.2,408.2,831.1,703.6,760.6,555.9,-0.87,-0.41,0.96,-0.4
1062,35.4,156,0,person,0.885,110.0,528.4,314.1,720.0,212.0,624.2,-0.65,-0.27,0.71,-0.12
1062,35.4,154,0,person,0.782,1054.7,345.1,1206.8,629.5,1130.7,487.3,-0.45,0.15,0.47,0.16
1062,35.4,176,0,person,0.795,905.2,298.4,1029.4,565.5,967.3,432.0,2.93,-1.32,3.21,3.1
1062,35.4,180,0,person,0.443,813.9,335.5,885.9,505.8,849.9,420.7,-4.35,2.55,5.05,5.01
1063,35.433,5,0,person,0.783,619.4,282.2,715.2,541.7,667.3,412.0,-0.41,0.03,0.41,0.03
1063,35.433,146,0,person,0.854,689.5,408.7,830.5,703.6,760.0,556.1,-0.62,0.23,0.66,0.64
1063,35.433,156,0,person,0.886,109.1,528.3,313.2,720.0,211.2,624.1,-0.86,-0.03,0.86,0.24
1063,35.433,154,0,person,0.808,1053.7,345.0,1205.7,629.5,1129.7,487.2,-1.06,-0.08,1.06,-0.23
1063,35.433,176,0,person,0.791,898.5,298.5,1023.8,565.6,961.2,432.0,-6.16,0.06,6.16,1.38
1063,35.433,180,0,person,0.474,813.0,330.5,887.2,506.3,850.1,418.4,0.13,-2.27,2.27,-4.82
1064,35.467,5,0,person,0.761,618.8,282.4,714.7,541.7,666.7,412.0,-0.55,0.08,0.56,0.05
1064,35.467,146,0,person,0.852,690.0,409.0,830.8,703.7,760.4,556.3,0.34,0.21,0.4,-0.02
1064,35.467,156,0,person,0.886,108.9,528.3,312.9,720.0,210.9,624.1,-0.31,-0.01,0.31,0.02
1064,35.467,154,0,person,0.797,1053.4,345.0,1205.1,629.5,1129.3,487.2,-0.39,-0.01,0.39,0.07
1064,35.467,176,0,person,0.784,897.8,300.2,1022.9,565.6,960.3,432.9,-0.82,0.88,1.2,0.82
1064,35.467,180,0,person,0.434,812.2,330.1,886.3,506.5,849.2,418.3,-0.82,-0.11,0.83,2.15
1065,35.5,5,0,person,0.786,618.6,282.3,714.7,542.1,666.7,412.2,-0.08,0.19,0.21,0.11
1065,35.5,146,0,person,0.854,691.7,409.4,832.5,703.9,762.1,556.7,1.72,0.32,1.75,0.11
1065,35.5,156,0,person,0.887,108.9,528.4,312.7,720.0,210.8,624.2,-0.07,0.05,0.09,0.06
1065,35.5,154,0,person,0.793,1053.5,345.0,1205.2,629.7,1129.4,487.3,0.07,0.1,0.12,0.11
1065,35.5,176,0,person,0.809,906.7,298.8,1029.8,563.5,968.3,431.1,7.92,-1.78,8.12,-2.66
1065,35.5,180,0,person,0.384,812.5,330.0,886.6,506.9,849.5,418.4,0.29,0.15,0.33,0.26
1066,35.533,5,0,person,0.813,619.3,282.6,715.8,543.1,667.5,412.9,0.89,0.64,1.1,0.45
1066,35.533,146,0,person,0.861,692.1,409.9,833.0,704.2,762.5,557.0,0.44,0.38,0.59,0.06
1066,35.533,156,0,person,0.887,109.8,529.2,312.9,720.0,211.3,624.6,0.52,0.41,0.66,0.36
1066,35.533,154,0,person,0.8,1054.2,345.1,1205.7,629.8,1129.9,487.4,0.58,0.1,0.59,0.0
1066,35.533,176,0,person,0.8,909.1,297.0,1031.5,563.2,970.3,430.1,2.07,-1.04,2.31,0.74
1066,35.533,180,0,person,0.41,812.4,331.8,885.3,506.3,848.8,419.1,-0.71,0.65,0.96,0.5
1066,35.533,163,0,person,0.31,166.3,285.7,300.0,578.7,233.2,432.2,0.88,0.04,0.88,-0.18
1067,35.567,5,0,person,0.776,620.2,282.8,717.2,543.5,668.7,413.1,1.14,0.23,1.17,-0.41
1067,35.567,146,0,person,0.853,690.9,410.3,832.3,704.5,761.6,557.4,-0.96,0.35,1.02,-0.03
1067,35.567,156,0,person,0.892,110.3,529.4,313.1,720.0,211.7,624.7,0.42,0.11,0.43,-0.3
1067,35.567,154,0,person,0.79,1055.0,345.4,1206.2,629.8,1130.6,487.6,0.63,0.17,0.65,0.07
1067,35.567,176,0,person,0.805,912.1,295.7,1033.2,562.4,972.6,429.1,2.3,-1.05,2.52,-0.01
1067,35.567,180,0,person,0.341,813.5,347.0,880.5,506.7,847.0,426.8,-1.82,7.77,7.98,7.12
1067,35.567,163,0,person,0.438,167.1,283.5,300.7,577.2,233.9,430.4,0.71,-1.86,1.99,-1.9
1067,35.567,181,2,car,0.302,137.2,188.1,221.4,253.2,179.3,220.7,-0.14,0.01,0.14,0.02
1068,35.6,5,0,person,0.783,620.3,282.7,717.5,543.4,668.9,413.0,0.23,-0.09,0.24,-0.31
1068,35.6,146,0,person,0.857,691.6,410.1,833.4,704.6,762.5,557.3,0.94,-0.06,0.94,-0.41
1068,35.6,156,0,person,0.895,111.0,529.3,313.8,720.0,212.4,624.7,0.65,-0.02,0.65,-0.13
1068,35.6,154,0,person,0.793,1055.3,345.6,1206.4,629.9,1130.8,487.8,0.28,0.19,0.34,0.02
1068,35.6,176,0,person,0.805,914.9,295.2,1034.4,562.5,974.6,428.8,2.01,-0.2,2.02,0.84
1068,35.6,180,0,person,0.382,814.0,353.0,878.6,506.8,846.3,429.9,-0.69,3.03,3.11,-4.74
1068,35.6,163,0,person,0.485,168.3,283.6,302.5,577.2,235.4,430.4,1.47,0.08,1.47,1.94
1068,35.6,181,2,car,0.359,138.6,188.7,222.2,253.2,180.4,220.9,1.1,0.28,1.14,0.27
1069,35.633,5,0,person,0.807,621.1,283.0,718.2,543.5,669.6,413.2,0.72,0.22,0.75,0.31
1069,35.633,146,0,person,0.848,693.7,410.4,835.4,705.2,764.5,557.8,2.04,0.46,2.09,0.52
1069,35.633,156,0,person,0.898,111.9,529.6,314.5,720.0,213.2,624.8,0.79,0.12,0.8,0.14
1069,35.633,154,0,person,0.838,1055.1,346.0,1206.4,630.5,1130.8,488.3,-0.08,0.48,0.49,0.29
1069,35.633,176,0,person,0.799,916.6,295.0,1034.4,562.9,975.5,428.9,0.86,0.07,0.86,0.27
1069,35.633,180,0,person,0.448,814.0,355.1,877.7,506.6,845.8,430.9,-0.47,0.98,1.09,-2.05
1069,35.633,163,0,person,0.454,170.9,284.2,305.6,578.6,238.2,431.4,2.89,0.96,3.05,0.88
1069,35.633,181,2,car,0.45,139.8,189.4,222.9,253.2,181.4,221.3,0.95,0.36,1.01,0.08
1070,35.667,5,0,person,0.822,621.5,284.0,718.3,543.8,669.9,413.9,0.25,0.66,0.71,0.44
1070,35.667,146,0,person,0.848,695.3,410.9,836.9,705.8,766.1,558.3,1.54,0.54,1.63,0.08
1070,35.667,156,0,person,0.893,113.0,530.1,315.1,720.0,214.0,625.0,0.85,0.23,0.88,0.11
1070,35.667,154,0,person,0.843,1055.7,346.3,1206.9,631.1,1131.3,488.7,0.53,0.45,0.69,-0.03
1070,35.667,176,0,person,0.801,917.8,295.5,1033.7,563.1,975.7,429.3,0.23,0.42,0.48,0.35
1070,35.667,180,0,person,0.505,813.6,355.0,877.6,507.2,845.6,431.1,-0.25,0.27,0.37,-0.71
1070,35.667,163,0,person,0.446,175.7,284.4,309.3,578.9,242.5,431.7,4.21,0.27,4.22,-0.68
1070,35.667,181,2,car,0.45,140.4,190.1,223.6,253.6,182.0,221.9,0.61,0.58,0.85,0.23
1071,35.7,5,0,person,0.79,621.7,284.8,718.4,544.3,670.0,414.6,0.16,0.65,0.67,-0.01
1071,35.7,146,0,person,0.85,695.9,410.2,837.4,704.7,766.6,557.5,0.52,-0.86,1.01,-1.41
1071,35.7,156,0,person,0.895,113.5,530.4,315.4,720.0,214.5,625.2,0.45,0.18,0.49,-0.05
1071,35.7,154,0,person,0.847,1055.9,346.6,1207.2,631.7,1131.5,489.1,0.26,0.42,0.5,-0.02
1071,35.7,176,0,person,0.804,917.1,296.1,1031.6,563.2,974.3,429.6,-1.4,0.29,1.43,-0.13
1071,35.7,180,0,person,0.52,813.3,356.0,877.2,508.2,845.3,432.1,-0.34,0.96,1.02,0.69
1071,35.7,163,0,person,0.43,179.2,285.9,311.3,578.5,245.3,432.2,2.81,0.55,2.86,0.28
1071,35.7,181,2,car,0.429,140.8,190.5,224.1,253.9,182.4,222.2,0.47,0.36,0.59,-0.22
1072,35.733,5,0,person,0.788,621.4,285.2,717.7,544.1,669.6,414.7,-0.49,0.11,0.5,-0.55
1072,35.733,146,0,person,0.855,695.3,409.9,836.7,704.1,766.0,557.0,-0.61,-0.48,0.78,0.38
1072,35.733,156,0,person,0.895,113.8,530.4,315.8,720.0,214.8,625.2,0.27,0.0,0.27,-0.18
1072,35.733,154,0,person,0.847,1055.1,346.8,1206.4,632.0,1130.7,489.4,-0.82,0.24,0.85,-0.18
1072,35.733,176,0,person,0.815,916.8,296.5,1029.8,562.9,973.3,429.7,-1.0,0.07,1.0,-0.22
1072,35.733,180,0,person,0.481,812.8,354.8,877.4,508.7,845.1,431.8,-0.17,-0.33,0.37,-1.29
1072,35.733,163,0,person,0.424,181.2,289.0,311.1,578.4,246.1,433.7,0.84,1.46,1.69,0.91
1072,35.733,181,2,car,0.414,140.8,190.7,224.5,254.1,182.6,222.4,0.21,0.12,0.24,-0.24
1073,35.767,5,0,person,0.786,621.2,284.9,717.6,544.5,669.4,414.7,-0.16,0.07,0.18,-0.04
1073,35.767,146,0,person,0.853,695.4,410.7,836.3,704.4,765.9,557.6,-0.14,0.56,0.57,1.04
1073,35.767,156,0,person,0.898,113.6,530.3,315.8,720.0,214.7,625.1,-0.1,-0.07,0.12,-0.07
1073,35.767,154,0,person,0.832,1053.3,346.5,1204.9,632.7,1129.1,489.6,-1.63,0.21,1.64,-0.03
1073,35.767,176,0,person,0.817,917.0,298.1,1027.8,562.9,972.4,430.5,-0.89,0.84,1.22,0.77
1073,35.767,180,0,person,0.547,813.7,343.8,882.9,508.1,848.3,426.0,3.22,-5.78,6.61,-5.45
1073,35.767,163,0,person,0.458,187.5,286.1,320.9,581.0,254.2,433.5,8.11,-0.14,8.11,-1.6
1073,35.767,181,2,car,0.427,140.2,190.4,224.6,254.2,182.4,222.3,-0.23,-0.09,0.25,-0.21
1074,35.8,5,0,person,0.785,621.2,285.1,717.3,544.1,669.3,414.6,-0.14,-0.15,0.21,-0.22
1074,35.8,146,0,person,0.847,696.0,410.3,836.3,703.7,766.2,557.0,0.3,-0.56,0.63,-1.11
1074,35.8,156,0,person,0.882,113.2,530.5,314.9,720.0,214.1,625.3,-0.58,0.11,0.59,0.18
1074,35.8,154,0,person,0.806,1052.5,347.0,1204.0,633.0,1128.2,490.0,-0.86,0.42,0.95,0.21
1074,35.8,176,0,person,0.804,915.7,297.4,1025.3,562.5,970.5,430.0,-1.91,-0.57,1.99,-1.41
1074,35.8,180,0,person,0.628,815.0,337.4,887.4,508.2,851.2,422.8,2.88,-3.18,4.29,2.6
1074,35.8,181,2,car,0.403,139.8,190.6,224.4,254.4,182.1,222.5,-0.29,0.24,0.37,0.33
1075,35.833,5,0,person,0.756,622.4,285.6,718.8,545.3,670.6,415.5,1.33,0.88,1.6,1.03
1075,35.833,146,0,person,0.856,696.2,410.7,836.1,703.9,766.2,557.3,-0.0,0.3,0.3,0.86
1075,35.833,156,0,person,0.88,113.2,530.8,314.4,720.0,213.8,625.4,-0.27,0.16,0.32,0.05
1075,35.833,154,0,person,0.811,1052.6,347.2,1204.2,633.7,1128.4,490.5,0.16,0.44,0.47,0.02
1075,35.833,176,0,person,0.804,915.0,297.6,1023.0,561.1,969.0,429.4,-1.54,-0.59,1.65,-0.02
1075,35.833,180,0,person,0.614,815.1,335.2,888.9,508.9,852.0,422.1,0.82,-0.76,1.12,2.41
1075,35.833,181,2,car,0.428,139.8,190.5,224.8,254.5,182.3,222.5,0.17,-0.01,0.17,-0.24
1075,35.833,163,0,person,0.337,186.4,277.5,324.5,582.4,255.5,429.9,0.62,-1.81,1.91,-0.83
1076,35.867,5,0,person,0.768,622.5,285.9,718.7,545.4,670.6,415.7,0.02,0.2,0.2,-0.68
1076,35.867,146,0,person,0.859,697.1,410.2,836.7,704.0,766.9,557.1,0.7,-0.24,0.74,-0.54
1076,35.867,156,0,person,0.882,113.3,531.0,314.2,720.0,213.8,625.5,-0.05,0.09,0.1,-0.07
1076,35.867,154,0,person,0.819,1052.8,347.3,1204.6,634.2,1128.7,490.8,0.29,0.33,0.44,-0.11
1076,35.867,176,0,person,0.805,914.6,297.9,1021.0,559.9,967.8,428.9,-1.18,-0.46,1.27,0.13
1076,35.867,180,0,person,0.618,815.2,334.5,889.9,509.4,852.5,421.9,0.54,-0.12,0.55,0.64
1076,35.867,181,2,car,0.419,140.0,190.5,225.2,254.6,182.6,222.6,0.31,0.06,0.32,0.06
1076,35.867,163,0,person,0.309,185.7,275.9,324.7,582.1,255.2,429.0,-0.24,-0.91,0.94,0.9
1077,35.9,5,0,person,0.731,622.7,285.8,719.2,545.6,670.9,415.7,0.33,0.03,0.34,-0.17
1077,35.9,146,0,person,0.858,697.5,410.4,836.5,704.1,767.0,557.3,0.15,0.21,0.25,0.44
1077,35.9,156,0,person,0.882,113.4,531.1,314.0,720.0,213.7,625.5,-0.03,0.03,0.04,-0.06
1077,35.9,154,0,person,0.826,1053.2,347.4,1205.4,634.9,1129.3,491.2,0.65,0.38,0.75,0.05
1077,35.9,176,0,person,0.813,915.2,298.7,1018.6,554.3,966.9,426.5,-0.92,-2.42,2.59,-1.96
1077,35.9,180,0,person,0.633,814.5,334.7,889.1,508.9,851.8,421.8,-0.72,-0.14,0.74,-0.02
1077,35.9,181,2,car,0.417,139.9,190.3,225.5,254.7,182.7,222.5,0.11,-0.07,0.13,-0.13
1077,35.9,163,0,person,0.312,186.1,276.1,325.5,582.4,255.8,429.2,0.55,0.23,0.59,1.14
1078,35.933,5,0,person,0.747,622.1,284.9,719.1,546.3,670.6,415.6,-0.35,-0.09,0.37,-0.12
1078,35.933,146,0,person,0.853,697.6,409.9,836.3,704.2,767.0,557.1,-0.04,-0.18,0.19,-0.39
1078,35.933,156,0,person,0.883,113.5,530.9,314.1,720.0,213.8,625.5,0.06,-0.07,0.09,-0.1
1078,35.933,154,0,person,0.823,1053.2,347.4,1205.5,635.5,1129.3,491.5,-0.03,0.31,0.31,-0.07
1078,35.933,176,0,person,0.806,915.8,297.7,1017.0,548.8,966.4,423.3,-0.46,-3.21,3.24,-0.79
1078,35.933,180,0,person,0.61,813.4,335.3,887.7,508.9,850.6,422.1,-1.24,0.31,1.28,0.45
1078,35.933,181,2,car,0.402,139.6,190.1,225.4,254.6,182.5,222.4,-0.19,-0.12,0.22,-0.05
1079,35.967,5,0,person,0.74,622.0,285.8,718.3,545.0,670.1,415.4,-0.46,-0.22,0.51,-0.12
1079,35.967,146,0,person,0.84,696.6,409.7,835.0,704.2,765.8,556.9,-1.18,-0.17,1.19,0.01
1079,35.967,156,0,person,0.886,113.3,531.0,313.8,720.0,213.5,625.5,-0.26,0.05,0.27,0.12
1079,35.967,154,0,person,0.813,1053.2,347.5,1205.4,635.6,1129.3,491.5,-0.0,0.06,0.06,-0.25
1079,35.967,176,0,person,0.805,916.0,297.6,1016.0,546.6,966.0,422.1,-0.43,-1.17,1.24,2.04
1079,35.967,180,0,person,0.587,813.0,335.7,887.2,509.1,850.1,422.4,-0.51,0.33,0.61,0.03
1079,35.967,181,2,car,0.391,139.4,190.1,225.4,254.7,182.4,222.4,-0.15,0.07,0.16,0.19
1080,36.0,5,0,person,0.754,622.1,284.8,718.7,544.5,670.4,414.7,0.27,-0.71,0.76,-0.49
1080,36.0,146,0,person,0.846,696.4,409.4,834.3,703.8,765.3,556.6,-0.45,-0.33,0.56,-0.17
1080,36.0,156,0,person,0.89,113.1,530.8,313.7,720.0,213.4,625.4,-0.11,-0.11,0.15,-0.16
1080,36.0,154,0,person,0.802,1052.9,347.3,1204.5,634.6,1128.7,491.0,-0.63,-0.53,0.83,-0.59
1080,36.0,176,0,person,0.799,915.8,296.6,1015.4,544.8,965.6,420.7,-0.4,-1.42,1.48,-0.26
1080,36.0,180,0,person,0.636,813.4,335.1,888.0,509.2,850.7,422.2,0.62,-0.27,0.68,-0.6
1080,36.0,181,2,car,0.368,139.0,190.6,224.4,254.6,181.7,222.6,-0.68,0.21,0.71,0.14
1081,36.033,5,0,person,0.715,621.5,285.0,718.7,545.6,670.1,415.3,-0.3,0.62,0.69,1.33
1081,36.033,146,0,person,0.851,696.7,409.6,833.9,703.5,765.3,556.5,-0.01,-0.06,0.06,0.28
1081,36.033,156,0,person,0.891,112.9,530.7,313.5,720.0,213.2,625.4,-0.23,-0.03,0.24,0.08
1081,36.033,154,0,person,0.798,1051.4,347.1,1203.2,634.9,1127.3,491.0,-1.35,0.01,1.35,0.55
1081,36.033,176,0,person,0.777,916.4,296.7,1014.9,542.4,965.7,419.6,0.07,-1.13,1.14,0.29
1081,36.033,180,0,person,0.584,812.6,336.1,886.5,508.7,849.5,422.4,-1.17,0.26,1.2,0.53
1081,36.033,181,2,car,0.413,138.7,190.8,224.0,254.6,181.3,222.7,-0.38,0.05,0.39,-0.16
1082,36.067,5,0,person,0.674,620.7,286.2,717.4,544.9,669.1,415.6,-1.05,0.25,1.08,-0.37
1082,36.067,146,0,person,0.847,696.9,409.9,833.3,703.5,765.1,556.7,-0.21,0.2,0.29,0.25
1082,36.067,156,0,person,0.891,112.7,530.7,313.3,720.0,213.0,625.3,-0.22,-0.02,0.22,0.0
1082,36.067,154,0,person,0.81,1050.9,347.1,1202.7,635.0,1126.8,491.0,-0.53,0.04,0.53,0.03
1082,36.067,176,0,person,0.779,916.6,296.5,1014.5,541.5,965.6,419.0,-0.09,-0.57,0.57,0.57
1082,36.067,180,0,person,0.595,812.3,335.6,886.5,508.9,849.4,422.3,-0.11,-0.16,0.19,-0.42
1082,36.067,181,2,car,0.403,138.5,190.7,224.0,254.7,181.2,222.7,-0.11,0.01,0.11,-0.04
1083,36.1,5,0,person,0.606,620.7,287.2,717.0,544.3,668.9,415.8,-0.18,0.21,0.28,-0.04
1083,36.1,146,0,person,0.848,697.1,410.1,833.0,703.7,765.0,556.9,-0.1,0.19,0.21,-0.01
1083,36.1,156,0,person,0.89,112.5,530.5,313.2,720.0,212.8,625.3,-0.13,-0.08,0.16,-0.06
1083,36.1,154,0,person,0.803,1051.1,347.1,1202.5,634.7,1126.8,490.9,0.02,-0.17,0.17,-0.21
1083,36.1,176,0,person,0.78,917.4,296.4,1014.2,539.0,965.8,417.7,0.22,-1.28,1.3,-0.71
1083,36.1,180,0,person,0.528,813.9,350.7,881.6,508.4,847.7,429.6,-1.67,7.31,7.5,7.47
1083,36.1,181,2,car,0.36,138.2,190.7,224.0,254.7,181.1,222.7,-0.13,-0.01,0.13,-0.02
1084,36.133,5,0,person,0.574,620.3,288.3,716.3,544.0,668.3,416.1,-0.55,0.36,0.65,0.15
1084,36.133,146,0,person,0.866,697.9,410.2,833.6,703.8,765.8,557.0,0.74,0.09,0.74,-0.1
1084,36.133,156,0,person,0.89,112.3,530.5,312.9,720.0,212.6,625.2,-0.2,-0.03,0.2,0.05
1084,36.133,154,0,person,0.814,1050.6,347.0,1202.7,636.1,1126.7,491.6,-0.14,0.7,0.71,0.86
1084,36.133,176,0,person,0.789,916.0,297.9,1012.3,538.8,964.1,418.3,-1.67,0.63,1.79,1.91
1084,36.133,180,0,person,0.523,813.9,352.5,880.9,508.2,847.4,430.4,-0.35,0.79,0.86,-6.52
1084,36.133,181,2,car,0.409,138.0,190.6,223.9,254.6,181.0,222.6,-0.12,-0.08,0.14,-0.06
1085,36.167,5,0,person,0.638,620.4,288.0,716.7,544.3,668.6,416.2,0.24,0.04,0.24,-0.32
1085,36.167,146,0,person,0.869,698.3,410.2,833.9,704.0,766.1,557.1,0.39,0.09,0.4,0.0
1085,36.167,156,0,person,0.887,112.3,530.4,312.8,720.0,212.6,625.2,-0.05,-0.02,0.06,0.01
1085,36.167,154,0,person,0.818,1049.9,348.0,1202.6,637.4,1126.3,492.7,-0.42,1.14,1.21,0.44
1085,36.167,176,0,person,0.778,914.8,300.2,1011.1,540.2,962.9,420.2,-1.18,1.87,2.22,1.24
1085,36.167,180,0,person,0.574,813.0,343.7,883.7,508.4,848.4,426.0,0.96,-4.32,4.43,-5.11
1085,36.167,181,2,car,0.411,138.0,190.7,224.0,254.7,181.0,222.7,0.03,0.07,0.07,0.14
1086,36.2,5,0,person,0.704,620.7,286.1,718.0,544.5,669.3,415.3,0.79,-0.84,1.15,-0.88
1086,36.2,146,0,person,0.868,698.7,410.0,834.4,704.1,766.5,557.0,0.38,-0.05,0.38,-0.14
1086,36.2,156,0,person,0.887,112.4,530.5,312.8,720.0,212.6,625.2,0.06,0.01,0.06,0.04
1086,36.2,154,0,person,0.82,1049.6,347.5,1202.9,638.5,1126.2,493.0,-0.02,0.3,0.3,-0.84
1086,36.2,176,0,person,0.767,914.1,302.7,1010.2,540.3,962.1,421.5,-0.79,1.26,1.49,-0.61
1086,36.2,180,0,person,0.595,813.7,336.6,887.6,508.3,850.6,422.4,2.27,-3.6,4.25,0.73
1086,36.2,181,2,car,0.391,138.1,190.6,224.3,254.7,181.2,222.6,0.18,-0.05,0.19,-0.12
1086,36.2,163,0,person,0.342,179.6,296.4,307.2,581.2,243.4,438.8,-1.38,1.06,1.74,0.09
1087,36.233,5,0,person,0.64,621.0,286.8,717.9,543.6,669.4,415.2,0.09,-0.13,0.15,0.71
1087,36.233,146,0,person,0.86,698.8,409.8,834.7,704.3,766.7,557.1,0.21,0.02,0.21,0.07
1087,36.233,156,0,person,0.886,112.3,530.4,312.6,720.0,212.5,625.2,-0.16,-0.05,0.17,-0.07
1087,36.233,154,0,person,0.825,1050.3,348.4,1202.4,636.3,1126.4,492.4,0.15,-0.65,0.67,-0.95
1087,36.233,176,0,person,0.719,913.3,301.7,1010.2,539.3,961.7,420.5,-0.4,-0.96,1.04,-2.22
1087,36.233,180,0,person,0.616,814.8,334.4,890.0,507.8,852.4,421.1,1.77,-1.35,2.23,2.24
1087,36.233,181,2,car,0.31,138.2,190.5,224.4,254.7,181.3,222.6,0.16,-0.04,0.17,0.01
1088,36.267,5,0,person,0.583,621.2,288.2,717.8,543.6,669.5,415.9,0.04,0.71,0.71,0.84
1088,36.267,146,0,person,0.869,698.9,409.7,834.8,704.5,766.9,557.1,0.12,0.01,0.12,-0.01
1088,36.267,156,0,person,0.887,112.5,530.3,312.6,720.0,212.5,625.1,0.05,-0.03,0.06,0.02
1088,36.267,154,0,person,0.83,1050.4,348.8,1202.1,635.0,1126.3,491.9,-0.12,-0.44,0.46,0.21
1088,36.267,176,0,person,0.734,913.3,301.8,1010.8,539.1,962.0,420.5,0.29,-0.06,0.3,0.9
1088,36.267,180,0,person,0.452,817.0,333.5,892.8,506.9,854.9,420.2,2.52,-0.91,2.68,0.44
1088,36.267,181,2,car,0.317,138.4,190.5,224.6,254.7,181.5,222.6,0.18,0.01,0.18,0.05
1089,36.3,5,0,person,0.685,621.0,287.0,718.2,543.7,669.6,415.3,0.11,-0.57,0.58,-1.28
1089,36.3,146,0,person,0.866,698.7,409.5,834.7,704.7,766.7,557.1,-0.18,0.02,0.19,0.01
1089,36.3,156,0,person,0.888,112.6,530.3,312.5,720.0,212.5,625.1,0.02,-0.0,0.02,0.03
1089,36.3,154,0,person,0.826,1050.3,348.0,1202.0,634.7,1126.1,491.4,-0.15,-0.54,0.56,-0.1
1089,36.3,176,0,person,0.783,911.5,302.2,1010.2,539.5,960.8,420.8,-1.21,0.37,1.27,0.43
1089,36.3,180,0,person,0.515,821.0,333.4,896.3,507.0,858.6,420.2,3.71,0.04,3.71,0.95
1089,36.3,181,2,car,0.319,138.6,190.5,224.9,254.7,181.7,222.6,0.19,0.02,0.19,0.02
1090,36.333,5,0,person,0.727,621.1,287.3,718.3,543.3,669.7,415.3,0.12,-0.02,0.13,0.55
1090,36.333,146,0,person,0.865,699.1,409.0,835.7,705.0,767.4,557.0,0.73,-0.14,0.74,-0.17
1090,36.333,156,0,person,0.889,112.6,530.2,312.4,720.0,212.5,625.1,-0.04,-0.03,0.05,-0.03
1090,36.333,154,0,person,0.823,1050.4,348.6,1201.7,633.9,1126.0,491.3,-0.1,-0.11,0.15,0.43
1090,36.333,176,0,person,0.791,912.0,300.9,1012.3,540.3,962.1,420.6,1.31,-0.25,1.33,-0.63
1090,36.333,180,0,person,0.352,823.7,333.2,898.9,507.6,861.3,420.4,2.66,0.2,2.67,0.15
1090,36.333,181,2,car,0.338,138.8,190.5,225.3,254.7,182.1,222.6,0.35,0.03,0.35,0.01
1091,36.367,5,0,person,0.643,620.7,288.9,717.4,543.5,669.0,416.2,-0.67,0.85,1.08,0.87
1091,36.367,146,0,person,0.87,698.7,409.0,835.2,705.2,766.9,557.1,-0.45,0.12,0.47,0.26
1091,36.367,156,0,person,0.887,112.7,530.3,312.3,720.0,212.5,625.1,0.01,0.02,0.02,0.05
1091,36.367,154,0,person,0.823,1050.6,348.1,1201.9,633.8,1126.3,491.0,0.25,-0.28,0.38,-0.17
1091,36.367,176,0,person,0.746,916.0,299.9,1016.7,540.4,966.4,420.1,4.23,-0.44,4.25,-0.19
1091,36.367,181,2,car,0.395,138.4,190.6,225.0,254.9,181.7,222.8,-0.34,0.11,0.36,0.08
1092,36.4,5,0,person,0.615,620.9,288.4,717.3,542.3,669.1,415.4,0.06,-0.8,0.8,-1.65
1092,36.4,146,0,person,0.86,698.0,409.0,834.4,705.3,766.2,557.1,-0.71,0.06,0.71,-0.06
1092,36.4,156,0,person,0.891,112.5,530.1,312.2,720.0,212.4,625.0,-0.15,-0.09,0.17,-0.11
1092,36.4,154,0,person,0.839,1050.3,349.1,1201.0,632.8,1125.6,491.0,-0.62,-0.03,0.62,0.25
1092,36.4,176,0,person,0.755,922.6,300.1,1018.6,529.3,970.6,414.7,4.19,-5.4,6.83,-4.95
1092,36.4,181,2,car,0.369,137.4,190.8,224.1,255.2,180.8,223.0,-0.96,0.2,0.98,0.09
1093,36.433,5,0,person,0.472,620.1,289.4,716.3,542.9,668.2,416.2,-0.89,0.8,1.19,1.6
1093,36.433,146,0,person,0.863,698.3,410.3,834.3,706.2,766.3,558.2,0.05,1.11,1.12,1.06
1093,36.433,156,0,person,0.89,112.7,529.9,312.4,720.0,212.5,624.9,0.15,-0.11,0.19,-0.02
1093,36.433,154,0,person,0.815,1050.0,349.5,1200.2,631.0,1125.1,490.3,-0.51,-0.7,0.86,-0.66
1093,36.433,176,0,person,0.778,926.2,300.0,1020.6,524.8,973.4,412.4,2.83,-2.36,3.68,3.04
1093,36.433,181,2,car,0.317,137.1,191.3,222.9,255.2,180.0,223.3,-0.75,0.31,0.81,0.11
1094,36.467,5,0,person,0.645,620.0,288.6,716.5,543.0,668.3,415.8,0.09,-0.35,0.36,-1.15
1094,36.467,146,0,person,0.864,698.5,410.6,834.3,706.5,766.4,558.6,0.08,0.33,0.34,-0.79
1094,36.467,156,0,person,0.89,113.1,529.8,312.7,720.0,212.9,624.9,0.38,-0.02,0.38,0.09
1094,36.467,154,0,person,0.812,1050.0,348.2,1201.3,632.0,1125.7,490.1,0.52,-0.13,0.53,0.56
1094,36.467,176,0,person,0.776,927.9,300.8,1021.8,523.6,974.9,412.2,1.47,-0.14,1.48,2.22
1095,36.5,5,0,person,0.692,620.2,288.0,716.8,542.6,668.5,415.3,0.23,-0.54,0.58,-0.18
1095,36.5,146,0,person,0.868,698.9,410.8,834.2,706.0,766.5,558.4,0.16,-0.19,0.25,-0.52
1095,36.5,156,0,person,0.889,113.5,529.9,312.9,720.0,213.2,624.9,0.32,0.02,0.32,0.04
1095,36.5,154,0,person,0.799,1049.6,347.6,1201.6,632.4,1125.6,490.0,-0.04,-0.11,0.12,0.02
1095,36.5,176,0,person,0.687,929.2,305.9,1022.2,523.9,975.7,414.9,0.81,2.67,2.79,2.8
1095,36.5,163,0,person,0.315,179.1,300.1,304.2,582.7,241.6,441.4,-0.19,0.29,0.35,-0.09
1096,36.533,5,0,person,0.606,620.0,288.6,716.7,543.2,668.3,415.9,-0.19,0.63,0.66,1.16
1096,36.533,146,0,person,0.862,699.6,411.1,834.6,706.0,767.1,558.6,0.58,0.17,0.61,0.36
1096,36.533,156,0,person,0.883,113.6,529.8,312.9,720.0,213.2,624.9,0.01,-0.04,0.04,-0.07
1096,36.533,154,0,person,0.786,1049.9,348.5,1201.1,631.6,1125.5,490.0,-0.07,0.03,0.08,0.14
1096,36.533,176,0,person,0.626,931.4,308.5,1024.3,523.9,977.9,416.2,2.18,1.27,2.52,-1.4
1096,36.533,163,0,person,0.383,177.7,299.3,301.4,580.1,239.6,439.7,-2.05,-1.67,2.65,-1.96
1097,36.567,5,0,person,0.647,619.1,288.7,715.8,543.3,667.4,416.0,-0.9,0.09,0.91,-0.54
1097,36.567,146,0,person,0.865,700.9,409.7,835.7,705.3,768.3,557.5,1.18,-1.06,1.58,-1.24
1097,36.567,156,0,person,0.89,113.2,530.0,312.2,720.0,212.7,625.0,-0.51,0.08,0.51,0.12
1097,36.567,154,0,person,0.79,1049.8,348.7,1200.9,631.3,1125.4,490.0,-0.17,-0.02,0.17,-0.05
1097,36.567,176,0,person,0.608,931.9,308.9,1025.5,524.1,978.7,416.5,0.82,0.32,0.88,-0.95
1097,36.567,163,0,person,0.44,172.2,294.8,298.6,581.5,235.4,438.2,-4.17,-1.55,4.45,0.13
1098,36.6,5,0,person,0.682,619.4,288.2,716.4,542.8,667.9,415.5,0.47,-0.49,0.68,-0.58
1098,36.6,146,0,person,0.856,700.6,410.7,834.7,705.8,767.6,558.2,-0.66,0.74,0.99,1.8
1098,36.6,156,0,person,0.891,112.9,529.9,311.7,720.0,212.3,625.0,-0.45,-0.01,0.45,-0.08
1098,36.6,154,0,person,0.788,1049.4,348.6,1200.5,630.6,1125.0,489.6,-0.42,-0.4,0.58,-0.39
1098,36.6,176,0,person,0.566,931.4,308.6,1025.8,523.8,978.6,416.2,-0.08,-0.3,0.31,-0.61
1098,36.6,163,0,person,0.443,163.3,290.6,293.1,579.4,228.2,435.0,-7.2,-3.17,7.86,-1.62
1098,36.6,189,0,person,0.527,936.7,301.3,1033.6,383.1,985.1,342.2,0.0,0.0,0.0,0.0
1099,36.633,5,0,person,0.614,619.8,288.2,717.4,543.8,668.6,416.0,0.68,0.5,0.84,0.99
1099,36.633,146,0,person,0.862,702.4,409.4,835.8,705.0,769.1,557.2,1.48,-1.02,1.8,-1.76
1099,36.633,156,0,person,0.888,112.8,529.9,311.5,720.0,212.1,625.0,-0.13,-0.01,0.13,-0.0
1099,36.633,154,0,person,0.786,1049.2,348.6,1200.3,630.2,1124.7,489.4,-0.22,-0.22,0.31,0.18
1099,36.633,176,0,person,0.506,931.8,308.4,1026.4,523.1,979.1,415.7,0.5,-0.45,0.67,-0.15
1099,36.633,163,0,person,0.367,163.8,290.4,293.6,580.6,228.7,435.5,0.48,0.51,0.7,3.68
1099,36.633,189,0,person,0.551,939.3,303.8,1033.7,383.5,986.5,343.6,1.36,1.38,1.94,1.38
1100,36.667,5,0,person,0.558,619.7,288.5,717.4,544.1,668.5,416.3,-0.05,0.29,0.3,-0.21
1100,36.667,146,0,person,0.864,703.4,408.8,836.0,704.7,769.7,556.8,0.6,-0.45,0.75,0.58
1100,36.667,156,0,person,0.888,112.9,530.0,311.4,720.0,212.1,625.0,-0.01,0.02,0.02,0.02
1100,36.667,154,0,person,0.789,1049.0,348.6,1200.4,630.3,1124.7,489.4,-0.03,0.04,0.05,0.26
1100,36.667,176,0,person,0.541,931.6,306.9,1027.2,522.6,979.4,414.7,0.31,-1.01,1.06,-0.56
1100,36.667,163,0,person,0.346,162.9,290.5,292.7,580.9,227.8,435.7,-0.91,0.18,0.92,-0.34
1100,36.667,189,0,person,0.575,940.0,303.9,1034.4,383.8,987.2,343.8,0.71,0.21,0.74,-1.17
1101,36.7,5,0,person,0.517,619.5,288.4,717.2,543.8,668.3,416.1,-0.18,-0.17,0.25,-0.46
1101,36.7,146,0,person,0.851,704.2,408.5,836.2,704.4,770.2,556.5,0.52,-0.28,0.59,0.16
1101,36.7,156,0,person,0.886,112.9,529.9,311.2,720.0,212.0,625.0,-0.09,-0.01,0.09,-0.03
1101,36.7,154,0,person,0.785,1049.0,348.6,1200.4,630.0,1124.7,489.3,0.0,-0.14,0.14,-0.18
1101,36.7,176,0,person,0.503,932.9,307.3,1028.3,522.1,980.6,414.7,1.18,-0.05,1.18,0.96
1101,36.7,163,0,person,0.354,168.0,291.0,296.3,581.1,232.2,436.0,4.36,0.33,4.37,0.15
1101,36.7,189,0,person,0.61,941.6,305.7,1034.4,384.2,988.0,344.9,0.78,1.09,1.34,0.88
1102,36.733,5,0,person,0.601,620.6,286.7,717.4,539.4,669.0,413.1,0.65,-3.05,3.12,-2.88
1102,36.733,146,0,person,0.813,700.3,408.4,832.3,704.4,766.3,556.4,-3.95,-0.1,3.95,0.19
1102,36.733,156,0,person,0.885,112.9,529.9,311.2,720.0,212.0,625.0,-0.0,0.01,0.01,0.03
1102,36.733,154,0,person,0.779,1048.9,348.5,1200.4,629.7,1124.7,489.1,-0.05,-0.18,0.19,-0.04
1102,36.733,176,0,person,0.45,934.4,308.1,1029.1,521.2,981.7,414.6,1.17,-0.04,1.17,0.01
1102,36.733,163,0,person,0.391,169.2,292.1,296.7,581.6,233.0,436.8,0.81,0.83,1.16,0.5
1102,36.733,189,0,person,0.659,942.2,305.2,1035.7,384.5,988.9,344.9,0.95,-0.07,0.95,-1.15
1103,36.767,5,0,person,0.652,621.2,288.0,716.9,537.8,669.1,412.9,0.08,-0.15,0.17,2.9
1103,36.767,146,0,person,0.836,702.8,407.6,834.1,704.3,768.5,556.0,2.21,-0.44,2.26,-0.34
1103,36.767,156,0,person,0.887,112.8,529.9,311.0,720.0,211.9,625.0,-0.15,-0.01,0.15,-0.02
1103,36.767,154,0,person,0.787,1048.8,348.4,1200.6,630.1,1124.7,489.2,0.06,0.12,0.14,0.3
1103,36.767,176,0,person,0.505,934.8,308.1,1029.2,520.8,982.0,414.4,0.28,-0.23,0.37,-0.19
1103,36.767,163,0,person,0.382,169.6,293.6,295.6,581.1,232.6,437.4,-0.37,0.52,0.64,-0.31
1103,36.767,189,0,person,0.644,942.2,304.4,1036.4,384.5,989.3,344.5,0.33,-0.39,0.51,-0.32
1104,36.8,5,0,person,0.473,622.0,287.3,719.7,541.6,670.9,414.5,1.8,1.56,2.38,1.7
1104,36.8,146,0,person,0.82,703.6,407.0,834.0,704.6,768.8,555.8,0.31,-0.17,0.35,0.27
1104,36.8,156,0,person,0.888,113.1,530.0,311.1,720.0,212.1,625.0,0.17,0.02,0.17,0.02
1104,36.8,154,0,person,0.791,1048.5,347.1,1201.2,630.7,1124.9,488.9,0.13,-0.32,0.35,-0.44
1104,36.8,176,0,person,0.48,935.7,309.4,1029.6,520.9,982.7,415.1,0.63,0.7,0.95,0.94
1104,36.8,163,0,person,0.422,170.8,291.1,296.8,581.0,233.8,436.1,1.2,-1.31,1.78,-1.83
1104,36.8,189,0,person,0.629,944.1,306.9,1035.5,384.5,989.8,345.7,0.54,1.24,1.35,1.62
1105,36.833,5,0,person,0.587,620.8,287.6,718.9,542.6,669.8,415.1,-1.04,0.62,1.21,-0.94
1105,36.833,146,0,person,0.817,703.2,406.9,832.7,705.2,768.0,556.1,-0.82,0.26,0.86,0.43
1105,36.833,156,0,person,0.888,113.4,530.0,311.2,720.0,212.3,625.0,0.24,0.02,0.24,-0.0
1105,36.833,154,0,person,0.8,1048.6,346.7,1201.7,631.2,1125.1,489.0,0.28,0.06,0.29,0.38
1105,36.833,176,0,person,0.492,936.1,311.2,1029.8,521.4,982.9,416.3,0.29,1.21,1.24,0.5
1105,36.833,163,0,person,0.448,171.8,292.0,297.4,582.3,234.6,437.1,0.82,1.06,1.34,2.37
1105,36.833,189,0,person,0.607,946.0,309.9,1034.6,384.9,990.3,347.4,0.45,1.68,1.74,0.45
1106,36.867,5,0,person,0.663,621.9,287.8,718.3,538.1,670.1,412.9,0.23,-2.18,2.19,-2.79
1106,36.867,146,0,person,0.803,704.0,407.1,832.4,705.6,768.2,556.4,0.23,0.32,0.4,0.06
1106,36.867,156,0,person,0.889,113.5,529.9,311.3,720.0,212.4,625.0,0.07,-0.05,0.08,-0.06
1106,36.867,154,0,person,0.797,1049.2,346.6,1202.6,631.9,1125.9,489.2,0.79,0.27,0.83,0.21
1106,36.867,176,0,person,0.468,936.4,312.9,1029.8,521.6,983.1,417.2,0.16,0.91,0.92,-0.3
1106,36.867,163,0,person,0.439,170.0,289.1,296.3,580.4,233.2,434.8,-1.45,-2.33,2.74,-3.38
1106,36.867,189,0,person,0.582,946.8,310.6,1034.9,385.1,990.8,347.8,0.57,0.44,0.72,-1.24
1106,36.867,190,0,person,0.315,791.4,362.1,884.9,520.5,838.1,441.3,0.0,0.0,0.0,0.0
1107,36.9,5,0,person,0.471,623.5,286.4,717.2,527.5,670.3,407.0,0.27,-5.97,5.97,-3.79
1107,36.9,146,0,person,0.706,680.7,408.5,814.2,707.1,747.5,557.8,-20.74,1.45,20.79,1.13
1107,36.9,156,0,person,0.882,114.1,529.8,312.0,720.0,213.0,624.9,0.69,-0.04,0.69,0.01
1107,36.9,154,0,person,0.804,1049.4,346.6,1202.6,631.9,1126.0,489.3,0.06,0.03,0.07,-0.23
1107,36.9,176,0,person,0.431,936.6,317.6,1028.5,521.2,982.6,419.4,-0.55,2.18,2.24,1.27
1107,36.9,163,0,person,0.46,169.7,285.7,297.5,579.4,233.6,432.5,0.42,-2.25,2.29,0.07
1107,36.9,189,0,person,0.597,948.2,313.8,1033.6,385.5,990.9,349.6,0.07,1.8,1.8,1.35
1107,36.9,190,0,person,0.31,791.0,361.8,885.1,521.2,838.0,441.5,-0.09,0.18,0.2,0.18
1108,36.933,5,0,person,0.568,625.5,286.6,717.8,521.7,671.6,404.1,1.29,-2.83,3.11,3.14
1108,36.933,146,0,person,0.77,694.8,408.0,826.7,706.0,760.8,557.0,13.31,-0.83,13.33,-2.28
1108,36.933,156,0,person,0.881,114.5,529.7,312.3,720.0,213.4,624.9,0.35,-0.06,0.35,-0.02
1108,36.933,154,0,person,0.807,1049.7,346.6,1203.2,632.4,1126.5,489.5,0.48,0.25,0.53,0.21
1108,36.933,176,0,person,0.434,936.2,320.7,1027.3,520.3,981.7,420.5,-0.81,1.07,1.34,-1.1
1108,36.933,163,0,person,0.469,170.3,285.4,298.6,579.1,234.5,432.2,0.86,-0.32,0.91,1.93
1108,36.933,189,0,person,0.573,946.1,311.4,1034.6,385.7,990.3,348.5,-0.58,-1.11,1.25,-2.91
1108,36.933,190,0,person,0.354,790.9,360.8,884.7,519.7,837.8,440.3,-0.22,-1.22,1.24,-1.4
1109,36.967,5,0,person,0.438,623.7,286.6,720.5,531.8,672.1,409.2,0.45,5.06,5.08,7.89
1109,36.967,146,0,person,0.806,699.1,407.1,829.8,705.4,764.4,556.2,3.67,-0.77,3.75,0.06
1109,36.967,156,0,person,0.882,114.6,529.7,312.4,720.0,213.5,624.8,0.12,-0.03,0.12,0.03
1109,36.967,154,0,person,0.803,1050.0,346.5,1203.3,632.2,1126.6,489.4,0.17,-0.15,0.23,-0.4
1109,36.967,176,0,person,0.41,936.6,325.4,1026.6,519.7,981.6,422.6,-0.11,2.1,2.11,1.03
1109,36.967,163,0,person,0.448,167.8,283.9,297.6,578.5,232.7,431.2,-1.76,-1.01,2.03,-0.69
1109,36.967,189,0,person,0.475,950.7,320.9,1029.1,385.4,989.9,353.2,-0.41,4.63,4.65,5.74
1109,36.967,190,0,person,0.314,791.1,360.0,886.4,521.6,838.7,440.8,0.91,0.49,1.04,1.71
1110,37.0,5,0,person,0.455,622.0,286.6,721.7,538.5,671.9,412.6,-0.2,3.37,3.37,-1.69
1110,37.0,146,0,person,0.787,700.5,406.3,830.2,704.9,765.4,555.6,0.91,-0.6,1.09,0.16
1110,37.0,156,0,person,0.883,114.4,529.5,312.3,720.0,213.4,624.8,-0.15,-0.06,0.16,-0.03
1110,37.0,154,0,person,0.799,1050.2,346.4,1203.2,631.7,1126.7,489.1,0.07,-0.29,0.3,-0.13
1110,37.0,176,0,person,0.458,935.9,327.3,1026.3,519.8,981.1,423.5,-0.55,0.97,1.12,-1.13
1110,37.0,163,0,person,0.43,168.5,283.2,299.3,579.8,233.9,431.5,1.25,0.31,1.29,1.33
1110,37.0,189,0,person,0.379,952.3,325.7,1025.7,384.7,989.0,355.2,-0.92,2.05,2.25,-2.58
1111,37.033,5,0,person,0.342,624.5,285.5,718.7,520.7,671.6,403.1,-0.3,-9.44,9.45,-12.81
1111,37.033,146,0,person,0.776,699.7,405.3,828.8,704.5,764.2,554.9,-1.12,-0.71,1.33,-0.11
1111,37.033,156,0,person,0.886,113.8,529.5,311.7,720.0,212.7,624.7,-0.62,-0.02,0.62,0.04
1111,37.033,154,0,person,0.805,1050.2,346.2,1203.5,631.9,1126.9,489.1,0.17,0.0,0.17,0.29
1111,37.033,176,0,person,0.58,935.0,329.2,1025.3,519.1,980.2,424.2,-0.92,0.62,1.11,-0.35
1111,37.033,163,0,person,0.46,163.3,284.9,293.9,578.0,228.6,431.5,-5.38,-0.04,5.38,-0.35
1112,37.067,5,0,person,0.429,623.9,285.2,716.2,513.3,670.0,399.3,-1.58,-3.86,4.17,5.59
1112,37.067,146,0,person,0.774,699.7,405.1,827.8,703.8,763.8,554.4,-0.44,-0.47,0.64,0.24
1112,37.067,156,0,person,0.89,113.4,529.4,311.4,720.0,212.4,624.7,-0.36,-0.06,0.36,-0.04
1112,37.067,154,0,person,0.801,1049.7,346.0,1203.1,631.6,1126.4,488.8,-0.46,-0.32,0.56,-0.32
1112,37.067,176,0,person,0.627,934.0,329.5,1025.0,518.9,979.5,424.2,-0.68,-0.01,0.68,-0.63
1112,37.067,163,0,person,0.452,158.6,287.4,289.6,577.2,224.1,432.3,-4.43,0.82,4.51,0.86
1113,37.1,5,0,person,0.307,623.0,285.2,716.1,513.2,669.6,399.2,-0.45,-0.09,0.45,3.77
1113,37.1,146,0,person,0.701,694.8,404.7,823.0,703.1,758.9,553.9,-4.92,-0.54,4.95,-0.07
1113,37.1,156,0,person,0.886,113.4,529.2,311.4,720.0,212.4,624.6,0.01,-0.06,0.07,-0.0
1113,37.1,154,0,person,0.806,1049.0,345.7,1202.1,630.7,1125.6,488.2,-0.85,-0.56,1.02,-0.24
1113,37.1,176,0,person,0.547,933.3,329.3,1025.7,519.5,979.5,424.4,0.04,0.2,0.2,0.21
1113,37.1,163,0,person,0.43,157.5,286.3,290.8,579.2,224.1,432.8,-0.0,0.46,0.46,-0.36
1114,37.133,5,0,person,0.301,622.0,285.2,716.1,514.2,669.0,399.7,-0.52,0.54,0.75,0.62
1114,37.133,146,0,person,0.732,676.3,403.4,809.3,703.1,742.8,553.2,-16.11,-0.68,16.12,-0.14
1114,37.133,156,0,person,0.883,113.3,529.1,311.5,720.0,212.4,624.6,0.03,-0.07,0.07,-0.0
1114,37.133,154,0,person,0.808,1048.8,345.7,1201.8,630.0,1125.3,487.8,-0.27,-0.39,0.48,0.17
1114,37.133,176,0,person,0.58,931.6,329.7,1024.8,519.2,978.2,424.4,-1.28,0.09,1.28,-0.11
1114,37.133,163,0,person,0.47,156.8,282.4,293.6,579.8,225.2,431.1,1.09,-1.67,1.99,-2.13
1115,37.167,5,0,person,0.357,620.6,285.5,718.5,523.8,669.5,404.7,0.51,4.96,4.99,4.43
1115,37.167,146,0,person,0.694,673.2,403.6,808.9,703.5,741.1,553.5,-1.7,0.29,1.73,0.97
1115,37.167,156,0,person,0.885,113.7,529.0,311.9,720.0,212.8,624.5,0.35,-0.06,0.35,0.01
1115,37.167,154,0,person,0.806,1049.1,345.6,1202.1,629.8,1125.6,487.7,0.31,-0.09,0.32,0.31
1115,37.167,176,0,person,0.625,929.0,330.2,1023.1,519.2,976.1,424.7,-2.16,0.22,2.17,0.13
1115,37.167,163,0,person,0.468,156.3,282.8,294.9,580.3,225.6,431.6,0.41,0.5,0.65,2.16
1116,37.2,5,0,person,0.375,620.0,285.2,721.1,531.5,670.6,408.4,1.01,3.69,3.82,-1.27
1116,37.2,146,0,person,0.697,684.6,404.5,819.0,703.4,751.8,554.0,10.72,0.44,10.73,0.16
1116,37.2,156,0,person,0.885,114.3,528.7,312.6,719.9,213.4,624.3,0.67,-0.16,0.69,-0.1
1116,37.2,154,0,person,0.81,1049.6,345.7,1202.8,630.2,1126.2,487.9,0.65,0.2,0.69,0.29
1116,37.2,176,0,person,0.617,928.0,330.8,1022.6,518.9,975.3,424.8,-0.8,0.16,0.81,-0.06
1116,37.2,163,0,person,0.53,154.8,288.9,292.1,578.1,223.4,433.5,-2.18,1.92,2.91,1.42
1117,37.233,5,0,person,0.335,620.1,284.9,722.0,532.9,671.1,408.9,0.53,0.52,0.74,-3.16
1117,37.233,146,0,person,0.717,683.9,405.1,818.7,703.3,751.3,554.2,-0.48,0.2,0.52,-0.24
1117,37.233,156,0,person,0.885,114.9,528.5,313.5,720.0,214.2,624.2,0.71,-0.11,0.72,0.04
1117,37.233,154,0,person,0.812,1050.0,345.5,1203.5,630.4,1126.7,488.0,0.48,0.06,0.48,-0.14
1117,37.233,176,0,person,0.681,927.3,331.0,1022.4,518.3,974.8,424.6,-0.45,-0.17,0.48,-0.33
1117,37.233,163,0,person,0.554,154.0,294.9,290.1,577.8,222.1,436.4,-1.39,2.88,3.19,0.96
1118,37.267,5,0,person,0.565,619.8,285.9,722.5,536.2,671.2,411.1,0.07,2.2,2.2,1.68
1118,37.267,146,0,person,0.719,668.6,408.3,806.8,705.0,737.7,556.7,-13.6,2.49,13.83,2.29
1118,37.267,156,0,person,0.883,115.3,528.5,313.9,720.0,214.6,624.2,0.42,0.01,0.42,0.12
1118,37.267,154,0,person,0.804,1050.7,345.5,1204.2,630.3,1127.4,487.9,0.69,-0.05,0.69,-0.12
1118,37.267,176,0,person,0.676,927.2,331.5,1023.2,518.8,975.2,425.2,0.37,0.51,0.63,0.68
1118,37.267,163,0,person,0.579,153.8,298.0,290.3,578.0,222.1,438.0,0.04,1.63,1.63,-1.24
1119,37.3,5,0,person,0.536,620.0,284.7,722.7,535.8,671.4,410.3,0.2,-0.82,0.84,-3.02
1119,37.3,146,0,person,0.765,679.6,406.2,817.8,703.9,748.7,555.1,11.0,-1.59,11.11,-4.08
1119,37.3,156,0,person,0.882,115.6,528.4,314.2,720.0,214.9,624.2,0.3,-0.02,0.3,-0.03
1119,37.3,154,0,person,0.811,1050.8,345.5,1204.5,630.6,1127.7,488.1,0.24,0.14,0.28,0.2
1119,37.3,176,0,person,0.67,927.6,332.1,1024.1,519.2,975.8,425.6,0.64,0.46,0.79,-0.05
1119,37.3,163,0,person,0.581,153.5,299.1,291.1,578.1,222.3,438.6,0.22,0.6,0.64,-1.03
1120,37.333,5,0,person,0.412,620.2,284.7,722.3,534.4,671.2,409.6,-0.11,-0.68,0.68,0.14
1120,37.333,146,0,person,0.774,674.2,406.1,814.3,703.3,744.2,554.7,-4.48,-0.36,4.49,1.23
1120,37.333,156,0,person,0.878,115.9,528.3,314.6,720.0,215.2,624.2,0.34,-0.05,0.34,-0.03
1120,37.333,154,0,person,0.793,1050.8,345.4,1204.2,630.1,1127.5,487.7,-0.13,-0.35,0.37,-0.49
1120,37.333,176,0,person,0.618,927.0,331.8,1024.3,519.3,975.6,425.6,-0.19,-0.06,0.2,-0.52
1120,37.333,163,0,person,0.564,152.9,300.9,290.8,577.9,221.8,439.4,-0.47,0.77,0.9,0.17
1121,37.367,5,0,person,0.326,619.0,285.0,722.1,538.1,670.6,411.5,-0.67,1.95,2.06,2.63
1121,37.367,146,0,person,0.814,689.9,406.1,827.4,703.1,758.7,554.6,14.44,-0.09,14.44,0.27
1121,37.367,156,0,person,0.881,116.1,528.2,314.9,720.0,215.5,624.1,0.3,-0.04,0.3,0.01
1121,37.367,154,0,person,0.793,1050.9,345.3,1204.2,629.8,1127.5,487.6,0.02,-0.18,0.18,0.17
1121,37.367,176,0,person,0.616,926.8,333.7,1023.8,519.1,975.3,426.4,-0.38,0.83,0.91,0.89
1121,37.367,163,0,person,0.557,152.4,297.9,293.0,577.3,222.7,437.6,0.87,-1.8,1.99,-2.56
1122,37.4,146,0,person,0.752,698.1,406.6,832.8,703.0,765.4,554.8,6.78,0.18,6.79,0.27
1122,37.4,156,0,person,0.881,116.3,528.2,315.2,720.0,215.8,624.1,0.25,-0.02,0.25,0.02
1122,37.4,154,0,person,0.798,1050.8,345.3,1204.2,630.0,1127.5,487.6,-0.06,0.08,0.09,0.26
1122,37.4,176,0,person,0.595,927.1,336.2,1023.5,519.4,975.3,427.8,0.03,1.4,1.4,0.58
1122,37.4,163,0,person,0.504,153.0,299.4,293.6,576.5,223.3,438.0,0.58,0.39,0.7,2.18
1123,37.433,146,0,person,0.762,700.2,406.7,832.7,703.0,766.5,554.8,1.01,0.03,1.01,-0.15
1123,37.433,156,0,person,0.884,116.4,528.2,315.3,720.0,215.9,624.1,0.11,-0.02,0.11,0.0
1123,37.433,154,0,person,0.806,1050.6,345.2,1204.4,630.6,1127.5,487.9,0.02,0.27,0.27,0.2
1123,37.433,176,0,person,0.669,927.1,337.5,1023.5,519.1,975.3,428.3,0.03,0.52,0.52,-0.88
1123,37.433,163,0,person,0.49,152.7,297.7,295.0,576.3,223.9,437.0,0.57,-1.0,1.15,-1.39
1124,37.467,146,0,person,0.799,702.9,406.7,833.4,703.1,768.1,554.9,1.69,0.06,1.69,0.03
1124,37.467,156,0,person,0.884,116.9,528.1,315.9,720.0,216.4,624.1,0.55,-0.01,0.55,0.01
1124,37.467,154,0,person,0.799,1050.8,345.1,1204.2,630.2,1127.5,487.6,0.01,-0.28,0.28,-0.55
1124,37.467,176,0,person,0.655,927.2,337.8,1023.8,519.1,975.5,428.5,0.16,0.15,0.22,-0.37
1124,37.467,163,0,person,0.504,152.7,296.8,295.9,575.9,224.3,436.3,0.44,-0.62,0.77,0.38
1124,37.467,5,0,person,0.447,619.5,287.2,721.8,539.3,670.7,413.3,0.03,0.58,0.58,-0.46
1125,37.5,146,0,person,0.728,697.8,407.5,827.9,703.0,762.9,555.3,-5.29,0.39,5.3,0.33
1125,37.5,156,0,person,0.881,117.6,528.4,316.6,720.0,217.1,624.2,0.68,0.1,0.68,0.11
1125,37.5,154,0,person,0.805,1050.9,345.0,1204.3,630.0,1127.6,487.5,0.12,-0.11,0.16,0.17
1125,37.5,176,0,person,0.744,927.5,339.4,1023.7,519.0,975.6,429.2,0.13,0.71,0.73,0.56
1125,37.5,163,0,person,0.51,154.9,295.5,299.2,575.5,227.1,435.5,2.76,-0.84,2.88,-0.21
1125,37.5,5,0,person,0.506,620.7,287.2,722.9,538.7,671.8,413.0,1.16,-0.3,1.2,-0.88
1126,37.533,146,0,person,0.755,679.6,408.5,813.9,704.6,746.7,556.5,-16.11,1.26,16.16,0.88
1126,37.533,156,0,person,0.88,117.9,528.5,317.0,720.0,217.4,624.2,0.34,0.07,0.35,-0.03
1126,37.533,154,0,person,0.803,1051.2,345.0,1204.4,629.8,1127.8,487.4,0.14,-0.12,0.18,-0.01
1126,37.533,176,0,person,0.731,928.6,340.8,1024.3,519.0,976.4,429.9,0.81,0.72,1.08,0.01
1126,37.533,163,0,person,0.509,155.5,294.4,300.8,575.1,228.1,434.8,1.06,-0.74,1.29,0.1
1126,37.533,5,0,person,0.541,621.0,287.2,723.3,538.7,672.1,413.0,0.31,0.01,0.31,0.31
1127,37.567,146,0,person,0.792,671.0,408.7,809.1,705.1,740.0,556.9,-6.7,0.34,6.71,-0.93
1127,37.567,156,0,person,0.883,117.9,528.4,317.2,720.0,217.5,624.2,0.12,-0.05,0.14,-0.12
1127,37.567,154,0,person,0.804,1051.1,344.9,1204.3,629.8,1127.7,487.3,-0.06,-0.06,0.09,0.07
1127,37.567,176,0,person,0.699,930.3,342.1,1025.3,518.8,977.8,430.4,1.32,0.56,1.44,-0.16
1127,37.567,163,0,person,0.504,155.9,294.4,301.0,574.6,228.4,434.5,0.32,-0.27,0.42,0.47
1127,37.567,5,0,person,0.485,621.3,287.3,722.9,536.4,672.1,411.9,0.01,-1.11,1.11,-1.12
1128,37.6,146,0,person,0.775,678.1,407.9,816.7,704.0,747.4,555.9,7.37,-0.93,7.43,-1.27
1128,37.6,156,0,person,0.884,117.7,528.2,317.3,720.0,217.5,624.1,-0.02,-0.07,0.07,-0.01
1128,37.6,154,0,person,0.8,1051.4,344.8,1204.3,629.4,1127.8,487.1,0.14,-0.25,0.28,-0.19
1128,37.6,176,0,person,0.693,930.1,342.9,1024.7,518.9,977.4,430.9,-0.36,0.46,0.58,-0.1
1128,37.6,163,0,person,0.524,153.6,294.6,299.2,574.3,226.4,434.5,-2.02,-0.04,2.02,0.22
1128,37.6,5,0,person,0.532,622.0,286.6,723.6,536.0,672.8,411.3,0.64,-0.57,0.86,0.54
1129,37.633,146,0,person,0.806,683.9,407.8,821.9,703.4,752.9,555.6,5.51,-0.34,5.52,0.59
1129,37.633,156,0,person,0.885,117.8,528.1,317.5,720.0,217.6,624.1,0.12,-0.05,0.13,0.02
1129,37.633,154,0,person,0.801,1051.5,344.7,1204.3,629.4,1127.9,487.1,0.06,-0.02,0.06,0.23
1129,37.633,176,0,person,0.663,931.0,344.3,1024.3,517.4,977.7,430.8,0.27,-0.07,0.28,-0.53
1129,37.633,163,0,person,0.484,153.5,294.6,298.9,573.0,226.2,433.8,-0.19,-0.69,0.72,-0.64
1129,37.633,5,0,person,0.466,621.3,286.5,723.8,538.4,672.6,412.4,-0.22,1.15,1.17,1.72
1130,37.667,146,0,person,0.81,687.6,407.6,825.0,703.3,756.3,555.5,3.34,-0.16,3.34,0.18
1130,37.667,156,0,person,0.887,117.9,528.2,317.7,720.0,217.8,624.1,0.18,0.01,0.18,0.07
1130,37.667,154,0,person,0.802,1051.3,344.9,1203.8,629.0,1127.6,487.0,-0.34,-0.12,0.36,-0.1
1130,37.667,176,0,person,0.663,931.4,345.3,1024.0,516.9,977.7,431.1,0.04,0.26,0.27,0.34
1130,37.667,163,0,person,0.428,153.2,296.6,297.8,571.4,225.5,434.0,-0.77,0.18,0.79,0.87
1130,37.667,5,0,person,0.544,621.5,286.4,724.0,538.6,672.8,412.5,0.2,0.04,0.21,-1.1
1131,37.7,146,0,person,0.817,691.4,407.5,827.6,703.1,759.5,555.3,3.25,-0.15,3.25,0.01
1131,37.7,156,0,person,0.885,118.4,528.2,318.2,720.0,218.3,624.1,0.46,0.03,0.46,0.01
1131,37.7,154,0,person,0.794,1051.5,345.0,1203.8,628.6,1127.7,486.8,0.11,-0.14,0.18,-0.02
1131,37.7,176,0,person,0.646,932.4,346.6,1024.1,516.8,978.2,431.7,0.5,0.6,0.78,0.34
1131,37.7,163,0,person,0.455,153.4,301.0,297.2,571.7,225.3,436.4,-0.16,2.4,2.41,2.22
1131,37.7,5,0,person,0.479,622.7,285.9,723.9,535.3,673.3,410.6,0.5,-1.85,1.92,-1.9
1132,37.733,146,0,person,0.817,694.1,407.2,829.0,703.4,761.5,555.3,2.01,0.04,2.01,0.19
1132,37.733,156,0,person,0.888,118.8,528.5,318.5,720.0,218.6,624.3,0.35,0.16,0.39,0.13
1132,37.733,154,0,person,0.784,1051.7,345.3,1203.5,628.2,1127.6,486.7,-0.06,-0.08,0.1,0.06
1132,37.733,176,0,person,0.623,933.3,348.0,1024.2,516.9,978.7,432.4,0.48,0.75,0.89,0.15
1132,37.733,163,0,person,0.436,154.5,298.6,299.0,568.5,226.7,433.6,1.43,-2.79,3.14,-5.2
1132,37.733,5,0,person,0.574,622.8,285.8,725.0,538.0,673.9,411.9,0.66,1.27,1.44,3.13
1133,37.767,146,0,person,0.832,695.5,407.0,829.3,703.7,762.4,555.3,0.9,0.01,0.9,-0.03
1133,37.767,156,0,person,0.889,119.2,528.8,318.6,720.0,218.9,624.4,0.27,0.14,0.3,-0.02
1133,37.767,154,0,person,0.787,1051.6,345.4,1203.5,628.3,1127.6,486.8,-0.04,0.09,0.1,0.17
1133,37.767,176,0,person,0.631,933.6,349.4,1023.6,516.8,978.6,433.1,-0.1,0.66,0.66,-0.09
1133,37.767,163,0,person,0.447,154.1,298.0,299.4,567.6,226.8,432.8,0.05,-0.75,0.75,2.05
1133,37.767,5,0,person,0.423,623.0,286.4,724.5,536.8,673.8,411.6,-0.16,-0.26,0.3,-1.53
1134,37.8,146,0,person,0.815,679.2,408.5,816.5,705.9,747.8,557.2,-14.59,1.84,14.71,1.83
1134,37.8,156,0,person,0.893,119.1,528.5,319.0,720.0,219.0,624.2,0.11,-0.17,0.2,-0.32
1134,37.8,154,0,person,0.784,1051.6,345.2,1203.5,628.3,1127.6,486.8,0.0,-0.07,0.07,-0.16
1134,37.8,176,0,person,0.635,934.1,351.1,1023.2,516.7,978.7,433.9,0.07,0.79,0.79,0.13
1134,37.8,163,0,person,0.468,154.3,298.1,300.7,568.1,227.5,433.1,0.7,0.31,0.76,1.05
1134,37.8,5,0,person,0.388,623.9,286.2,723.5,531.6,673.7,408.9,-0.08,-2.74,2.74,-2.48
1135,37.833,146,0,person,0.832,689.1,406.5,825.3,704.4,757.2,555.5,9.37,-1.68,9.52,-3.52
1135,37.833,156,0,person,0.892,118.8,528.3,319.0,720.0,218.9,624.2,-0.1,-0.07,0.12,0.11
1135,37.833,154,0,person,0.777,1051.9,344.9,1203.6,628.0,1127.7,486.4,0.16,-0.31,0.35,-0.23
1135,37.833,176,0,person,0.652,934.4,352.2,1022.9,516.7,978.6,434.4,-0.05,0.51,0.52,-0.27
1135,37.833,163,0,person,0.45,153.2,299.4,299.9,568.1,226.6,433.7,-0.89,0.61,1.08,0.31
1135,37.833,5,0,person,0.507,623.1,286.1,724.1,535.5,673.6,410.8,-0.1,1.91,1.91,4.65
1136,37.867,146,0,person,0.848,692.6,406.4,827.7,704.3,760.1,555.3,2.91,-0.16,2.92,1.53
1136,37.867,156,0,person,0.892,119.1,528.5,319.2,720.0,219.2,624.3,0.26,0.1,0.27,0.16
1136,37.867,154,0,person,0.77,1052.4,344.8,1203.7,627.4,1128.1,486.1,0.35,-0.39,0.52,-0.08
1136,37.867,176,0,person,0.619,934.8,352.4,1023.0,516.7,978.9,434.6,0.27,0.16,0.32,-0.35
1136,37.867,163,0,person,0.426,153.0,299.5,302.0,570.3,227.5,434.9,0.93,1.17,1.49,0.56
1136,37.867,5,0,person,0.475,622.6,286.0,724.9,539.0,673.8,412.5,0.16,1.71,1.72,-0.2
1137,37.9,146,0,person,0.837,693.6,405.6,828.1,704.5,760.8,555.1,0.72,-0.29,0.78,-0.13
1137,37.9,156,0,person,0.893,119.5,529.0,319.3,720.0,219.4,624.5,0.22,0.21,0.31,0.12
1137,37.9,154,0,person,0.782,1052.8,344.8,1203.9,627.0,1128.3,485.9,0.27,-0.17,0.32,0.21
1137,37.9,176,0,person,0.646,934.8,352.9,1023.0,516.6,978.9,434.8,-0.02,0.2,0.2,0.04
1137,37.9,163,0,person,0.313,151.7,296.5,302.3,569.6,227.0,433.1,-0.49,-1.85,1.91,-3.02
1137,37.9,5,0,person,0.461,623.7,287.1,724.7,537.3,674.2,412.2,0.47,-0.32,0.56,-2.03
1138,37.933,146,0,person,0.849,693.4,405.1,827.5,704.8,760.5,555.0,-0.38,-0.1,0.4,0.19
1138,37.933,156,0,person,0.891,119.7,529.3,319.4,720.0,219.5,624.7,0.13,0.18,0.22,-0.04
1138,37.933,154,0,person,0.784,1053.2,344.7,1204.2,626.9,1128.7,485.8,0.36,-0.08,0.37,0.09
1138,37.933,176,0,person,0.663,934.2,353.2,1022.5,516.8,978.4,435.0,-0.52,0.22,0.56,0.02
1138,37.933,5,0,person,0.579,623.6,287.4,725.0,539.2,674.3,413.3,0.06,1.1,1.1,1.42
1138,37.933,193,0,person,0.306,1161.4,313.3,1228.3,484.5,1194.9,398.9,0.0,0.0,0.0,0.0
1139,37.967,146,0,person,0.851,693.8,404.9,827.2,704.7,760.5,554.8,0.05,-0.16,0.16,-0.06
1139,37.967,156,0,person,0.89,119.6,529.2,319.6,720.0,219.6,624.6,0.1,-0.06,0.11,-0.24
1139,37.967,154,0,person,0.783,1053.1,344.5,1204.3,626.9,1128.7,485.7,-0.02,-0.1,0.1,-0.02
1139,37.967,176,0,person,0.643,934.4,353.0,1022.9,516.9,978.7,435.0,0.3,-0.01,0.3,-0.23
1139,37.967,5,0,person,0.559,623.6,286.8,725.4,540.5,674.5,413.6,0.2,0.34,0.39,-0.76
1139,37.967,193,0,person,0.306,1161.6,313.2,1228.3,483.7,1194.9,398.4,0.09,-0.47,0.47,-0.47
1139,37.967,194,2,car,0.395,120.5,188.8,227.5,257.1,174.0,223.0,0.0,0.0,0.0,0.0
1139,37.967,195,0,person,0.352,775.8,323.8,846.5,417.2,811.1,370.5,0.0,0.0,0.0,0.0
1140,38.0,146,0,person,0.851,694.2,405.1,827.1,704.7,760.7,554.9,0.16,0.13,0.2,0.29
1140,38.0,156,0,person,0.893,119.2,528.7,319.8,720.0,219.5,624.4,-0.1,-0.23,0.25,-0.17
1140,38.0,154,0,person,0.782,1052.9,344.4,1204.1,626.9,1128.5,485.7,-0.15,-0.02,0.15,0.08
1140,38.0,176,0,person,0.649,934.2,352.6,1022.8,517.0,978.5,434.8,-0.16,-0.17,0.23,-0.16
1140,38.0,5,0,person,0.481,623.6,285.7,725.5,540.5,674.6,413.1,0.09,-0.53,0.54,-0.87
1140,38.0,194,2,car,0.435,116.9,188.8,228.3,259.9,172.6,224.4,-1.4,1.39,1.97,1.39
1141,38.033,146,0,person,0.85,694.0,405.8,826.5,704.6,760.3,555.2,-0.41,0.27,0.49,0.14
1141,38.033,156,0,person,0.894,119.0,528.5,320.0,720.0,219.5,624.2,-0.04,-0.13,0.14,0.1
1141,38.033,154,0,person,0.785,1052.7,344.3,1203.9,626.7,1128.3,485.5,-0.24,-0.19,0.3,-0.17
1141,38.033,176,0,person,0.651,934.0,352.6,1022.4,517.0,978.2,434.8,-0.29,0.0,0.29,0.17
1141,38.033,5,0,person,0.499,623.5,285.9,724.9,540.2,674.2,413.1,-0.39,-0.04,0.4,0.5
1141,38.033,194,2,car,0.327,112.3,186.4,229.6,261.2,171.0,223.8,-1.58,-0.57,1.68,-1.96
1142,38.067,146,0,person,0.846,694.0,406.1,826.3,704.7,760.2,555.4,-0.09,0.18,0.2,-0.09
1142,38.067,156,0,person,0.894,118.9,528.4,320.1,720.0,219.5,624.2,0.03,-0.03,0.04,0.11
1142,38.067,154,0,person,0.786,1052.5,344.3,1203.6,626.9,1128.1,485.6,-0.24,0.1,0.26,0.29
1142,38.067,176,0,person,0.658,933.6,352.6,1022.0,517.0,977.8,434.8,-0.43,-0.02,0.43,-0.02
1142,38.067,5,0,person,0.496,623.9,285.8,724.7,539.4,674.3,412.6,0.13,-0.44,0.46,-0.4
1142,38.067,196,0,person,0.365,756.9,323.9,841.3,491.5,799.1,407.7,0.0,0.0,0.0,0.0
1142,38.067,193,0,person,0.305,1159.3,312.9,1229.5,492.7,1194.4,402.8,-0.18,1.46,1.47,0.64
1143,38.1,146,0,person,0.824,692.1,406.5,825.0,704.9,758.5,555.7,-1.62,0.34,1.66,0.16
1143,38.1,156,0,person,0.888,119.3,528.7,320.3,720.0,219.8,624.3,0.27,0.13,0.29,0.15
1143,38.1,154,0,person,0.778,1052.9,344.1,1204.1,627.0,1128.5,485.5,0.42,-0.05,0.42,-0.15
1143,38.1,176,0,person,0.62,933.4,352.4,1021.7,516.8,977.6,434.6,-0.23,-0.23,0.32,-0.21
1143,38.1,5,0,person,0.468,624.6,285.7,724.9,538.4,674.8,412.1,0.47,-0.57,0.74,-0.13
1143,38.1,193,0,person,0.313,1159.5,313.1,1230.1,494.3,1194.8,403.7,0.39,0.9,0.98,-0.56
1144,38.133,146,0,person,0.825,691.7,408.5,825.2,707.6,758.4,558.0,-0.12,2.31,2.32,1.97
1144,38.133,156,0,person,0.889,120.1,529.1,320.8,720.0,220.4,624.6,0.66,0.22,0.69,0.09
1144,38.133,154,0,person,0.769,1053.5,344.0,1205.0,627.9,1129.3,486.0,0.78,0.43,0.89,0.49
1144,38.133,176,0,person,0.579,933.9,351.9,1022.1,517.0,978.0,434.5,0.44,-0.11,0.45,0.11
1144,38.133,5,0,person,0.669,627.1,286.2,722.8,525.6,674.9,405.9,0.17,-6.16,6.16,-5.59
1144,38.133,193,0,person,0.328,1160.7,313.2,1230.5,492.8,1195.6,403.0,0.8,-0.73,1.09,-1.63
1145,38.167,146,0,person,0.834,691.0,409.2,824.8,708.2,757.9,558.7,-0.57,0.67,0.88,-1.64
1145,38.167,156,0,person,0.887,120.7,529.3,321.3,720.0,221.0,624.6,0.54,0.07,0.55,-0.15
1145,38.167,154,0,person,0.763,1054.1,344.0,1205.6,628.8,1129.9,486.4,0.6,0.45,0.75,0.01
1145,38.167,176,0,person,0.577,934.1,351.7,1022.6,517.5,978.4,434.6,0.39,0.13,0.41,0.25
1145,38.167,5,0,person,0.684,628.3,286.4,723.4,523.6,675.9,405.0,0.93,-0.89,1.29,5.26
1145,38.167,193,0,person,0.348,1167.4,313.1,1226.2,461.2,1196.8,387.1,1.18,-15.84,15.88,-15.1
1146,38.2,146,0,person,0.837,688.6,409.5,823.3,708.4,756.0,559.0,-1.89,0.26,1.9,-0.41
1146,38.2,156,0,person,0.889,121.1,529.4,321.6,720.0,221.4,624.7,0.4,0.08,0.41,0.01
1146,38.2,154,0,person,0.761,1054.5,344.0,1206.0,629.1,1130.2,486.6,0.39,0.16,0.42,-0.29
1146,38.2,176,0,person,0.568,934.5,351.5,1022.9,517.6,978.7,434.5,0.36,-0.05,0.36,-0.19
1146,38.2,5,0,person,0.722,628.7,286.6,723.2,521.5,675.9,404.0,0.03,-0.98,0.98,-0.08
1146,38.2,193,0,person,0.361,1169.8,313.2,1224.8,449.1,1197.3,381.2,0.51,-5.97,5.99,9.87
1146,38.2,198,0,person,0.449,101.3,181.1,146.4,270.4,123.8,225.7,0.0,0.0,0.0,0.0
1146,38.2,163,0,person,0.32,147.7,296.2,300.3,569.3,224.0,432.8,-0.33,-0.03,0.34,0.2
1146,38.2,196,0,person,0.315,760.6,327.2,831.9,469.4,796.3,398.3,-0.71,-2.34,2.45,-0.59
1147,38.233,146,0,person,0.836,691.1,409.5,826.1,708.2,758.6,558.8,2.62,-0.11,2.62,-0.37
1147,38.233,156,0,person,0.892,121.4,529.4,322.0,720.0,221.7,624.7,0.33,-0.03,0.33,-0.11
1147,38.233,154,0,person,0.797,1054.8,344.0,1206.1,629.4,1130.4,486.7,0.18,0.11,0.22,-0.05
1147,38.233,176,0,person,0.522,935.0,351.4,1023.3,517.7,979.1,434.5,0.41,0.0,0.41,0.05
1147,38.233,5,0,person,0.683,628.9,286.3,724.4,523.1,676.6,404.7,0.73,0.67,0.99,1.65
1147,38.233,198,0,person,0.569,100.4,180.5,146.2,270.6,123.3,225.5,-0.57,-0.19,0.6,-0.19
1147,38.233,196,0,person,0.312,759.7,325.8,829.1,465.0,794.4,395.4,-1.88,-2.95,3.5,-0.61
1148,38.267,146,0,person,0.839,692.4,409.0,827.5,708.0,759.9,558.5,1.34,-0.37,1.39,-0.26
1148,38.267,156,0,person,0.892,121.7,529.3,322.5,720.0,222.1,624.6,0.38,-0.05,0.38,-0.02
1148,38.267,154,0,person,0.79,1055.0,344.0,1206.3,629.7,1130.7,486.9,0.26,0.17,0.31,0.05
1148,38.267,176,0,person,0.506,935.1,351.8,1023.7,518.7,979.4,435.2,0.22,0.69,0.72,0.69
1148,38.267,5,0,person,0.712,628.0,285.7,724.0,523.4,676.0,404.6,-0.63,-0.13,0.64,-0.8
1148,38.267,198,0,person,0.543,103.2,185.0,147.6,271.0,125.4,228.0,2.09,2.47,3.23,2.66
1148,38.267,193,0,person,0.341,1170.1,312.4,1225.5,446.3,1197.8,379.4,0.25,-0.91,0.94,2.53
1148,38.267,163,0,person,0.329,148.0,297.0,301.4,568.2,224.7,432.6,0.35,-0.08,0.36,-0.02
1149,38.3,146,0,person,0.835,693.7,410.0,828.2,707.6,760.9,558.8,1.02,0.34,1.07,0.71
1149,38.3,156,0,person,0.891,122.2,529.3,323.0,720.0,222.6,624.6,0.53,0.01,0.53,0.06
1149,38.3,154,0,person,0.789,1055.3,344.2,1206.4,629.8,1130.9,487.0,0.18,0.15,0.23,-0.02
1149,38.3,176,0,person,0.548,935.4,351.6,1023.5,517.8,979.5,434.7,0.09,-0.53,0.53,-1.21
1149,38.3,5,0,person,0.71,627.6,284.9,725.5,527.7,676.5,406.3,0.54,1.74,1.82,1.86
1149,38.3,198,0,person,0.561,104.4,188.9,148.1,271.7,126.3,230.3,0.9,2.26,2.43,-0.21
1149,38.3,193,0,person,0.356,1169.7,312.1,1225.9,445.5,1197.8,378.8,0.03,-0.55,0.55,0.36
1149,38.3,163,0,person,0.339,153.1,295.5,308.6,568.6,230.9,432.1,6.14,-0.5,6.16,-0.42
1150,38.333,146,0,person,0.849,694.6,410.1,829.4,707.5,762.0,558.8,1.05,-0.02,1.05,-0.36
1150,38.333,156,0,person,0.886,122.7,529.4,323.3,720.0,223.0,624.7,0.43,0.06,0.43,0.05
1150,38.333,154,0,person,0.775,1055.5,344.2,1206.3,629.6,1130.9,486.9,0.04,-0.11,0.12,-0.26
1150,38.333,176,0,person,0.551,935.8,351.5,1023.8,517.6,979.8,434.5,0.35,-0.17,0.39,0.35
1150,38.333,5,0,person,0.612,627.0,285.1,726.1,531.0,676.5,408.0,-0.03,1.7,1.7,-0.04
1150,38.333,198,0,person,0.48,101.5,188.6,146.1,271.7,123.8,230.2,-2.45,-0.11,2.45,-2.36
1150,38.333,193,0,person,0.369,1169.4,312.2,1226.4,444.9,1197.9,378.6,0.09,-0.25,0.27,0.29
1150,38.333,163,0,person,0.339,152.5,294.6,310.4,569.6,231.4,432.1,0.6,0.01,0.6,0.51
1151,38.367,146,0,person,0.827,693.8,410.1,828.2,705.8,761.0,558.0,-0.98,-0.82,1.28,-0.81
1151,38.367,156,0,person,0.883,123.1,529.4,323.7,720.0,223.4,624.7,0.36,-0.01,0.36,-0.07
1151,38.367,154,0,person,0.801,1055.7,344.5,1207.3,631.3,1131.5,487.9,0.57,1.03,1.17,1.13
1151,38.367,176,0,person,0.742,934.2,351.3,1023.5,519.6,978.8,435.4,-0.99,0.89,1.33,1.07
1151,38.367,5,0,person,0.735,627.4,285.6,726.2,530.6,676.8,408.1,0.27,0.09,0.28,-1.61
1151,38.367,193,0,person,0.328,1169.1,312.2,1226.4,443.4,1197.7,377.8,-0.18,-0.78,0.8,-0.53
1151,38.367,196,0,person,0.531,748.0,322.2,838.1,507.5,793.1,414.8,-0.33,4.86,4.88,1.95
1152,38.4,146,0,person,0.844,693.8,409.8,828.4,705.0,761.1,557.4,0.07,-0.55,0.55,0.28
1152,38.4,156,0,person,0.882,123.4,529.5,323.8,720.0,223.6,624.7,0.2,0.06,0.21,0.08
1152,38.4,154,0,person,0.814,1055.7,344.5,1207.2,631.0,1131.5,487.8,0.01,-0.15,0.15,-1.17
1152,38.4,176,0,person,0.741,934.4,351.1,1024.2,520.4,979.3,435.8,0.5,0.33,0.6,-0.56
1152,38.4,5,0,person,0.719,626.8,285.6,726.4,533.3,676.6,409.5,-0.2,1.38,1.4,1.3
1152,38.4,193,0,person,0.311,1168.7,312.1,1226.9,443.0,1197.8,377.5,0.04,-0.23,0.24,0.55
1152,38.4,196,0,person,0.489,747.9,321.5,838.3,512.3,793.1,416.9,0.04,2.1,2.1,-2.77
1152,38.4,163,0,person,0.325,149.5,291.5,307.5,566.4,228.5,428.9,-1.49,-1.6,2.18,-0.8
1153,38.433,146,0,person,0.85,693.7,409.7,828.5,704.7,761.1,557.2,0.02,-0.22,0.22,0.33
1153,38.433,156,0,person,0.882,123.6,529.5,323.9,720.0,223.7,624.8,0.12,0.01,0.12,-0.06
1153,38.433,154,0,person,0.812,1056.0,344.6,1207.3,630.4,1131.6,487.5,0.15,-0.31,0.35,-0.16
1153,38.433,176,0,person,0.73,935.1,351.2,1024.8,520.5,979.9,435.8,0.58,0.07,0.59,-0.26
1153,38.433,5,0,person,0.723,626.7,285.8,726.4,534.3,676.6,410.1,-0.04,0.59,0.59,-0.8
1153,38.433,193,0,person,0.314,1168.3,312.1,1227.2,442.4,1197.8,377.3,-0.02,-0.26,0.26,-0.03
1153,38.433,196,0,person,0.507,749.2,321.1,837.0,511.6,793.1,416.4,-0.04,-0.57,0.57,-2.67
1154,38.467,146,0,person,0.843,692.6,409.7,827.7,704.5,760.2,557.1,-0.92,-0.11,0.92,0.11
1154,38.467,156,0,person,0.881,123.6,529.8,323.6,720.0,223.6,624.9,-0.13,0.15,0.2,0.14
1154,38.467,154,0,person,0.815,1055.9,344.5,1207.4,630.5,1131.6,487.5,-0.03,0.03,0.04,0.34
1154,38.467,176,0,person,0.716,935.6,351.3,1025.0,520.3,980.3,435.8,0.39,-0.03,0.39,-0.1
1154,38.467,5,0,person,0.73,626.9,285.8,726.0,533.8,676.4,409.8,-0.14,-0.24,0.28,-0.83
1154,38.467,193,0,person,0.339,1168.5,312.2,1227.1,439.6,1197.8,375.9,0.0,-1.37,1.37,-1.11
1154,38.467,196,0,person,0.545,750.4,321.1,835.5,510.5,793.0,415.8,-0.09,-0.56,0.57,0.01
1155,38.5,146,0,person,0.849,692.2,409.7,827.4,704.4,759.8,557.1,-0.34,-0.04,0.34,0.07
1155,38.5,156,0,person,0.886,123.3,529.6,323.5,720.0,223.4,624.8,-0.21,-0.1,0.23,-0.25
1155,38.5,154,0,person,0.823,1056.0,344.8,1207.7,630.9,1131.9,487.8,0.23,0.31,0.39,0.28
1155,38.5,176,0,person,0.729,935.1,351.4,1024.3,519.9,979.7,435.6,-0.57,-0.18,0.6,-0.15
1155,38.5,5,0,person,0.694,627.1,286.5,726.6,535.6,676.8,411.0,0.41,1.2,1.27,1.44
1155,38.5,193,0,person,0.346,1168.0,312.2,1227.6,440.0,1197.8,376.1,0.01,0.22,0.22,1.59
1155,38.5,196,0,person,0.423,749.0,320.6,832.7,510.5,790.8,415.5,-2.13,-0.26,2.14,0.31
1156,38.533,146,0,person,0.829,690.2,409.2,825.6,704.6,757.9,556.9,-1.93,-0.19,1.94,-0.16
1156,38.533,156,0,person,0.889,123.2,529.6,323.5,720.0,223.3,624.8,-0.06,0.02,0.06,0.11
1156,38.533,154,0,person,0.83,1056.0,344.3,1207.5,630.1,1131.7,487.2,-0.12,-0.59,0.61,-0.9
1156,38.533,176,0,person,0.731,934.2,352.0,1023.3,519.6,978.8,435.8,-0.98,0.19,1.0,0.37
1156,38.533,5,0,person,0.585,626.5,286.3,725.9,535.5,676.2,410.9,-0.62,-0.15,0.64,-1.35
1156,38.533,193,0,person,0.32,1167.4,312.1,1228.1,441.0,1197.8,376.6,-0.01,0.44,0.44,0.22
1156,38.533,196,0,person,0.355,745.6,321.0,828.6,510.5,787.1,415.8,-3.75,0.24,3.76,0.5
1157,38.567,146,0,person,0.833,690.7,408.5,825.9,704.6,758.3,556.5,0.38,-0.33,0.5,-0.13
1157,38.567,156,0,person,0.893,122.5,529.6,323.1,720.0,222.8,624.8,-0.53,-0.01,0.53,-0.02
1157,38.567,154,0,person,0.839,1056.5,344.6,1207.8,630.0,1132.1,487.3,0.41,0.09,0.42,0.68
1157,38.567,176,0,person,0.743,933.1,352.2,1022.2,519.6,977.7,435.9,-1.07,0.09,1.07,-0.1
1157,38.567,5,0,person,0.576,625.7,285.6,725.3,535.8,675.5,410.7,-0.7,-0.19,0.72,-0.05
1158,38.6,146,0,person,0.819,689.7,408.0,824.9,704.7,757.3,556.3,-0.94,-0.24,0.97,0.09
1158,38.6,156,0,person,0.891,122.2,529.7,323.0,720.0,222.6,624.8,-0.18,0.01,0.18,0.02
1158,38.6,154,0,person,0.848,1056.7,344.8,1207.6,629.4,1132.1,487.1,-0.0,-0.23,0.23,-0.32
1158,38.6,176,0,person,0.762,932.2,352.3,1021.4,519.3,976.8,435.8,-0.9,-0.07,0.9,-0.16
1158,38.6,5,0,person,0.608,626.6,285.5,722.7,525.7,674.6,405.6,-0.88,-5.13,5.2,-4.94
1158,38.6,200,0,person,0.356,1162.0,312.9,1231.4,572.6,1196.7,442.7,0.0,0.0,0.0,0.0
1159,38.633,146,0,person,0.831,686.9,407.3,822.6,704.6,754.8,555.9,-2.58,-0.36,2.6,-0.12
1159,38.633,156,0,person,0.892,121.8,529.4,323.0,720.0,222.4,624.7,-0.2,-0.1,0.23,-0.12
1159,38.633,154,0,person,0.848,1056.6,344.7,1207.6,629.1,1132.1,486.9,-0.04,-0.22,0.22,0.02
1159,38.633,176,0,person,0.759,931.7,352.4,1020.9,519.1,976.3,435.8,-0.49,-0.05,0.49,0.03
1159,38.633,5,0,person,0.627,628.0,285.4,720.7,515.2,674.4,400.3,-0.28,-5.25,5.26,-0.12
1159,38.633,200,0,person,0.358,1162.0,312.7,1231.4,572.6,1196.7,442.6,0.03,-0.1,0.11,-0.1
1160,38.667,146,0,person,0.837,683.6,407.2,820.2,704.5,751.9,555.8,-2.87,-0.14,2.87,0.22
1160,38.667,156,0,person,0.893,121.3,529.4,322.7,720.0,222.0,624.7,-0.43,-0.01,0.43,0.1
1160,38.667,154,0,person,0.851,1056.5,344.5,1207.7,629.4,1132.1,486.9,0.01,0.08,0.08,0.3
1160,38.667,176,0,person,0.757,931.5,352.9,1020.7,518.9,976.1,435.9,-0.23,0.12,0.26,0.16
1160,38.667,5,0,person,0.621,626.6,285.6,721.9,521.2,674.2,403.4,-0.13,3.07,3.07,8.32
1160,38.667,200,0,person,0.368,1162.1,312.7,1231.3,571.9,1196.7,442.3,-0.02,-0.31,0.31,-0.21
1161,38.7,146,0,person,0.84,687.3,407.3,823.6,704.6,755.5,555.9,3.56,0.14,3.57,0.28
1161,38.7,156,0,person,0.893,120.7,529.5,322.4,720.0,221.6,624.7,-0.43,0.01,0.43,0.02
1161,38.7,154,0,person,0.849,1056.2,344.2,1207.4,628.9,1131.8,486.5,-0.35,-0.4,0.53,-0.48
1161,38.7,176,0,person,0.757,931.0,353.0,1020.1,518.7,975.6,435.9,-0.49,-0.03,0.49,-0.15
1161,38.7,5,0,person,0.584,625.3,285.8,722.3,525.8,673.8,405.8,-0.45,2.38,2.42,-0.68
1161,38.7,200,0,person,0.367,1162.2,312.5,1231.1,570.3,1196.6,441.4,-0.04,-0.94,0.94,-0.64
1162,38.733,146,0,person,0.847,688.6,407.1,824.4,704.5,756.5,555.8,1.01,-0.15,1.02,-0.29
1162,38.733,156,0,person,0.897,120.3,528.9,322.8,720.0,221.5,624.5,-0.03,-0.27,0.27,-0.28
1162,38.733,154,0,person,0.838,1055.8,343.5,1206.7,627.5,1131.3,485.5,-0.49,-1.01,1.12,-0.61
1162,38.733,176,0,person,0.754,931.0,353.0,1019.9,518.2,975.5,435.6,-0.1,-0.25,0.27,-0.22
1162,38.733,5,0,person,0.572,623.6,285.3,723.6,533.3,673.6,409.3,-0.16,3.53,3.54,1.15
1162,38.733,200,0,person,0.373,1162.0,312.2,1230.5,568.6,1196.2,440.4,-0.4,-1.01,1.09,-0.07
1162,38.733,201,0,person,0.518,66.1,165.6,118.1,272.8,92.1,219.2,0.0,0.0,0.0,0.0
1163,38.767,146,0,person,0.837,689.9,407.4,825.3,704.4,757.6,555.9,1.13,0.1,1.14,0.24
1163,38.767,156,0,person,0.891,120.1,528.8,322.9,720.0,221.5,624.4,-0.01,-0.05,0.05,0.22
1163,38.767,154,0,person,0.84,1055.5,342.8,1206.4,626.5,1131.0,484.7,-0.32,-0.86,0.91,0.15
1163,38.767,176,0,person,0.768,930.6,352.9,1019.7,518.3,975.2,435.6,-0.3,-0.02,0.3,0.23
1163,38.767,5,0,person,0.601,622.7,284.8,724.6,538.3,673.6,411.5,0.01,2.23,2.23,-1.3
1163,38.767,200,0,person,0.375,1162.0,312.0,1230.6,568.5,1196.3,440.3,0.08,-0.09,0.12,0.92
1164,38.8,146,0,person,0.84,690.8,407.3,826.0,704.6,758.4,556.0,0.81,0.05,0.82,-0.04
1164,38.8,156,0,person,0.889,120.1,528.9,323.1,720.0,221.6,624.4,0.11,0.01,0.11,0.06
1164,38.8,154,0,person,0.843,1056.6,343.0,1207.6,627.0,1132.1,485.0,1.08,0.32,1.12,1.17
1164,38.8,176,0,person,0.762,930.9,352.8,1020.1,518.4,975.5,435.6,0.32,-0.02,0.32,-0.0
1164,38.8,5,0,person,0.637,623.6,285.6,724.9,538.5,674.3,412.0,0.66,0.48,0.81,-1.75
1164,38.8,200,0,person,0.386,1162.2,312.0,1231.0,569.6,1196.6,440.8,0.28,0.51,0.58,0.61
1164,38.8,201,0,person,0.426,64.6,165.5,117.8,274.9,91.2,220.2,-0.44,0.49,0.66,0.24
1165,38.833,146,0,person,0.837,691.5,407.4,826.6,704.6,759.0,556.0,0.63,0.06,0.63,0.0
1165,38.833,156,0,person,0.891,120.4,529.2,323.2,720.0,221.8,624.6,0.21,0.17,0.27,0.15
1165,38.833,154,0,person,0.849,1056.7,343.0,1207.9,627.4,1132.3,485.2,0.27,0.24,0.36,-0.07
1165,38.833,176,0,person,0.752,930.1,353.0,1019.3,518.2,974.7,435.6,-0.81,0.01,0.81,0.03
1165,38.833,5,0,person,0.678,624.5,285.9,725.2,537.7,674.9,411.8,0.57,-0.18,0.6,-0.66
1165,38.833,200,0,person,0.406,1161.7,311.8,1231.0,570.9,1196.3,441.4,-0.27,0.6,0.66,0.09
1165,38.833,201,0,person,0.325,64.8,166.9,117.6,275.1,91.2,221.0,0.01,0.85,0.85,0.36
1166,38.867,146,0,person,0.834,692.1,407.6,827.1,704.7,759.6,556.1,0.56,0.12,0.58,0.07
1166,38.867,156,0,person,0.894,120.7,529.4,323.3,720.0,222.0,624.7,0.17,0.13,0.22,-0.04
1166,38.867,154,0,person,0.848,1056.6,343.0,1208.2,628.0,1132.4,485.5,0.05,0.27,0.27,0.02
1166,38.867,176,0,person,0.729,929.8,353.2,1019.1,518.3,974.5,435.8,-0.24,0.16,0.29,0.15
1166,38.867,5,0,person,0.616,624.9,286.5,725.4,538.3,675.2,412.4,0.31,0.57,0.65,0.75
1166,38.867,200,0,person,0.388,1161.5,311.7,1230.9,571.0,1196.2,441.4,-0.14,-0.01,0.14,-0.61
1166,38.867,201,0,person,0.34,65.1,167.4,118.1,275.4,91.6,221.4,0.39,0.4,0.56,-0.45
1167,38.9,146,0,person,0.817,693.0,407.9,828.2,704.9,760.6,556.4,0.99,0.25,1.02,0.12
1167,38.9,156,0,person,0.894,120.6,529.5,323.3,720.0,222.0,624.8,-0.05,0.05,0.07,-0.08
1167,38.9,154,0,person,0.847,1056.2,342.7,1208.1,628.2,1132.2,485.4,-0.19,-0.06,0.2,-0.33
1167,38.9,176,0,person,0.735,928.8,353.4,1018.2,518.4,973.5,435.9,-0.97,0.1,0.98,-0.06
1167,38.9,5,0,person,0.59,625.2,286.3,726.2,539.4,675.7,412.8,0.53,0.45,0.7,-0.12
1167,38.9,200,0,person,0.387,1161.6,311.6,1230.7,569.6,1196.2,440.6,-0.02,-0.78,0.78,-0.77
1168,38.933,146,0,person,0.822,693.2,407.7,828.9,705.0,761.1,556.4,0.48,-0.02,0.48,-0.27
1168,38.933,156,0,person,0.894,120.4,529.5,323.3,720.0,221.8,624.7,-0.12,-0.04,0.12,-0.09
1168,38.933,154,0,person,0.847,1055.8,342.7,1207.9,628.2,1131.9,485.5,-0.3,0.0,0.3,0.06
1168,38.933,176,0,person,0.716,927.5,353.3,1017.4,518.4,972.5,435.8,-1.02,-0.04,1.02,-0.14
1168,38.933,5,0,person,0.552,625.8,286.4,726.3,538.4,676.0,412.4,0.35,-0.43,0.55,-0.88
1168,38.933,200,0,person,0.378,1161.0,311.2,1230.3,569.9,1195.7,440.6,-0.52,-0.05,0.52,0.73
1169,38.967,146,0,person,0.787,693.8,408.7,829.3,705.1,761.6,556.9,0.49,0.54,0.73,0.56
1169,38.967,156,0,person,0.895,120.1,529.3,323.5,720.0,221.8,624.7,-0.07,-0.08,0.1,-0.04
1169,38.967,154,0,person,0.834,1056.1,343.0,1207.9,627.9,1132.0,485.4,0.12,-0.01,0.12,-0.01
1169,38.967,176,0,person,0.741,925.3,353.8,1015.7,518.4,970.5,436.1,-1.97,0.28,1.99,0.32
1169,38.967,5,0,person,0.644,625.9,285.8,727.2,540.1,676.5,412.9,0.48,0.5,0.69,0.93
1169,38.967,200,0,person,0.416,1160.1,310.8,1229.7,569.3,1194.9,440.1,-0.78,-0.46,0.91,-0.41
1169,38.967,201,0,person,0.336,65.7,170.4,118.9,276.9,92.3,223.6,0.22,0.74,0.77,0.11
1170,39.0,146,0,person,0.782,696.5,409.3,832.3,704.6,764.4,557.0,2.83,0.1,2.83,-0.45
1170,39.0,156,0,person,0.896,119.5,529.1,323.3,720.0,221.4,624.5,-0.37,-0.11,0.39,-0.03
1170,39.0,154,0,person,0.833,1055.9,342.8,1208.0,628.1,1131.9,485.4,-0.06,-0.0,0.06,0.01
1170,39.0,176,0,person,0.735,924.1,354.1,1014.8,518.2,969.4,436.2,-1.06,0.05,1.06,-0.24
1170,39.0,5,0,person,0.625,625.8,285.5,727.1,539.8,676.5,412.6,-0.06,-0.28,0.28,-0.78
1170,39.0,200,0,person,0.409,1159.3,310.3,1229.6,570.7,1194.5,440.5,-0.38,0.43,0.58,0.9
1171,39.033,146,0,person,0.775,699.2,409.4,836.3,704.7,767.8,557.1,3.39,0.07,3.39,-0.02
1171,39.033,156,0,person,0.897,119.2,529.1,323.2,720.0,221.2,624.6,-0.18,0.02,0.18,0.13
1171,39.033,154,0,person,0.823,1056.0,342.9,1208.1,628.0,1132.0,485.4,0.1,-0.02,0.1,-0.02
1171,39.033,176,0,person,0.769,923.0,354.5,1014.5,518.5,968.8,436.5,-0.67,0.36,0.76,0.31
1171,39.033,5,0,person,0.345,625.6,286.6,726.1,539.0,675.8,412.8,-0.65,0.16,0.67,0.44
1171,39.033,200,0,person,0.437,1158.7,310.0,1229.4,570.6,1194.1,440.3,-0.41,-0.26,0.49,-0.69
1172,39.067,146,0,person,0.767,696.5,408.7,833.9,704.9,765.2,556.8,-2.58,-0.28,2.59,-0.35
1172,39.067,156,0,person,0.9,119.0,529.0,323.2,720.0,221.1,624.5,-0.11,-0.05,0.13,-0.07
1172,39.067,154,0,person,0.821,1056.5,343.1,1208.3,627.8,1132.4,485.5,0.36,0.04,0.36,0.06
1172,39.067,176,0,person,0.773,922.2,355.0,1014.4,519.0,968.3,437.0,-0.48,0.48,0.68,0.12
1172,39.067,5,0,person,0.522,624.6,287.1,725.1,540.3,674.9,413.7,-0.97,0.91,1.33,0.75
1172,39.067,200,0,person,0.431,1158.3,309.7,1229.7,570.8,1194.0,440.3,-0.08,0.02,0.08,0.28
1173,39.1,146,0,person,0.756,694.8,407.9,832.4,705.1,763.6,556.5,-1.59,-0.27,1.61,0.01
1173,39.1,156,0,person,0.899,119.0,529.2,323.2,720.0,221.1,624.6,0.0,0.08,0.08,0.13
1173,39.1,154,0,person,0.833,1056.3,343.2,1208.5,628.4,1132.4,485.8,-0.05,0.32,0.33,0.29
1173,39.1,176,0,person,0.768,921.5,355.3,1014.5,519.2,968.0,437.2,-0.27,0.22,0.35,-0.25
1173,39.1,5,0,person,0.437,624.9,287.4,725.5,541.2,675.2,414.3,0.35,0.55,0.65,-0.36
1173,39.1,200,0,person,0.428,1158.3,309.6,1229.8,569.7,1194.0,439.7,0.01,-0.63,0.63,-0.66
1174,39.133,146,0,person,0.774,693.8,407.7,830.8,705.1,762.3,556.4,-1.36,-0.09,1.36,0.18
1174,39.133,156,0,person,0.9,118.9,529.3,323.2,720.0,221.1,624.6,-0.07,0.04,0.08,-0.04
1174,39.133,154,0,person,0.84,1055.9,343.2,1208.1,628.2,1132.0,485.7,-0.37,-0.08,0.38,-0.4
1174,39.133,176,0,person,0.789,920.9,355.5,1014.6,519.3,967.8,437.4,-0.26,0.16,0.31,-0.07
1174,39.133,5,0,person,0.361,625.0,287.4,726.0,542.8,675.5,415.1,0.28,0.83,0.88,0.28
1174,39.133,200,0,person,0.396,1157.6,309.4,1229.1,567.2,1193.3,438.3,-0.69,-1.34,1.51,-0.7
1175,39.167,146,0,person,0.758,693.8,408.3,829.8,704.9,761.8,556.6,-0.44,0.15,0.46,0.24
1175,39.167,156,0,person,0.897,119.2,529.4,323.3,720.0,221.2,624.7,0.17,0.09,0.2,0.06
1175,39.167,154,0,person,0.833,1056.0,343.6,1208.0,628.2,1132.0,485.9,0.01,0.17,0.17,0.25
1175,39.167,176,0,person,0.811,920.2,355.9,1014.6,519.5,967.4,437.7,-0.32,0.36,0.48,0.2
1175,39.167,200,0,person,0.354,1157.2,309.2,1227.3,557.4,1192.3,433.3,-1.06,-4.99,5.11,-3.66
1176,39.2,146,0,person,0.786,693.6,408.1,829.0,704.9,761.3,556.5,-0.5,-0.05,0.5,-0.2
1176,39.2,156,0,person,0.892,119.8,529.9,323.7,720.0,221.8,625.0,0.55,0.25,0.6,0.15
1176,39.2,154,0,person,0.826,1055.8,344.4,1207.6,628.5,1131.7,486.5,-0.29,0.59,0.66,0.42
1176,39.2,176,0,person,0.829,920.0,356.4,1015.0,519.7,967.5,438.1,0.04,0.33,0.33,-0.03
1176,39.2,5,0,person,0.447,626.5,286.4,728.1,543.1,677.3,414.7,0.92,-0.19,0.93,-0.51
1177,39.233,146,0,person,0.768,694.7,409.2,829.1,704.3,761.9,556.8,0.57,0.23,0.62,0.28
1177,39.233,156,0,person,0.894,120.2,530.1,324.1,720.0,222.2,625.0,0.38,0.08,0.39,-0.17
1177,39.233,154,0,person,0.807,1056.0,345.2,1207.6,628.7,1131.8,486.9,0.06,0.48,0.49,-0.11
1177,39.233,176,0,person,0.848,919.1,356.8,1014.7,519.8,966.9,438.3,-0.54,0.23,0.59,-0.1
1177,39.233,5,0,person,0.481,627.3,285.7,729.2,542.8,678.3,414.3,0.96,-0.45,1.07,-0.27
1178,39.267,146,0,person,0.806,697.4,409.2,831.8,704.0,764.6,556.6,2.7,-0.16,2.71,-0.38
1178,39.267,156,0,person,0.895,120.7,530.1,324.5,720.0,222.6,625.0,0.44,-0.01,0.44,-0.09
1178,39.267,154,0,person,0.779,1057.2,345.4,1208.8,628.8,1133.0,487.1,1.2,0.13,1.21,-0.35
1178,39.267,176,0,person,0.855,918.6,357.1,1015.0,520.0,966.8,438.6,-0.15,0.26,0.3,0.03
1179,39.3,146,0,person,0.82,697.8,409.5,832.0,704.1,764.9,556.8,0.28,0.18,0.34,0.34
1179,39.3,156,0,person,0.887,122.0,530.6,325.3,720.0,223.6,625.3,1.02,0.29,1.06,0.3
1179,39.3,154,0,person,0.753,1057.9,345.5,1209.8,630.1,1133.9,487.8,0.91,0.74,1.17,0.61
1179,39.3,176,0,person,0.853,918.3,357.6,1015.3,520.7,966.8,439.2,-0.0,0.62,0.62,0.37
1179,39.3,163,0,person,0.348,175.6,288.0,330.1,554.9,252.8,421.5,0.9,-0.28,0.94,0.05
1179,39.3,5,0,person,0.504,631.7,287.5,733.4,541.4,682.5,414.5,2.13,0.1,2.13,0.28
1180,39.333,146,0,person,0.833,699.3,408.8,834.1,705.0,766.7,556.9,1.82,0.09,1.83,-0.1
1180,39.333,156,0,person,0.883,123.4,531.2,326.1,720.0,224.8,625.6,1.15,0.28,1.18,-0.01
1180,39.333,154,0,person,0.792,1059.0,345.8,1211.3,631.2,1135.2,488.5,1.3,0.66,1.46,-0.09
1180,39.333,176,0,person,0.854,918.1,358.1,1015.8,521.4,967.0,439.8,0.17,0.59,0.62,-0.03
1180,39.333,163,0,person,0.451,167.2,287.1,331.5,562.2,249.3,424.6,-3.5,3.19,4.73,3.46
1181,39.367,146,0,person,0.843,701.9,409.0,837.1,705.9,769.5,557.5,2.78,0.59,2.84,0.5
1181,39.367,156,0,person,0.882,124.4,531.5,326.9,720.0,225.7,625.8,0.88,0.17,0.9,-0.11
1181,39.367,154,0,person,0.798,1060.2,345.8,1212.6,631.5,1136.4,488.7,1.22,0.19,1.24,-0.46
1181,39.367,176,0,person,0.857,917.7,358.5,1015.9,521.6,966.8,440.1,-0.16,0.29,0.34,-0.3
1181,39.367,163,0,person,0.515,162.8,285.7,330.7,559.8,246.7,422.7,-2.62,-1.91,3.24,-5.09
1181,39.367,5,0,person,0.332,634.6,290.3,735.6,542.8,685.1,416.5,1.28,1.03,1.64,0.46
1182,39.4,146,0,person,0.828,704.0,409.4,839.2,706.4,771.6,557.9,2.11,0.45,2.16,-0.14
1182,39.4,156,0,person,0.883,125.3,531.7,327.7,720.0,226.5,625.8,0.83,0.07,0.83,-0.1
1182,39.4,154,0,person,0.782,1061.1,345.8,1213.2,631.0,1137.1,488.4,0.75,-0.27,0.8,-0.46
1182,39.4,176,0,person,0.856,917.5,358.7,1016.5,522.0,967.0,440.4,0.24,0.3,0.39,0.01
1182,39.4,163,0,person,0.549,157.8,280.2,336.1,568.3,247.0,424.2,0.24,1.5,1.52,3.41
1183,39.433,146,0,person,0.841,707.2,410.7,842.0,706.4,774.6,558.6,2.98,0.67,3.06,0.23
1183,39.433,156,0,person,0.885,126.1,531.7,328.7,720.0,227.4,625.9,0.92,0.03,0.92,-0.04
1183,39.433,154,0,person,0.77,1062.4,345.6,1214.2,630.9,1138.3,488.2,1.15,-0.14,1.16,0.13
1183,39.433,176,0,person,0.844,916.7,359.0,1016.4,522.5,966.5,440.8,-0.49,0.42,0.64,0.11
1183,39.433,163,0,person,0.443,155.9,277.5,338.8,570.9,247.3,424.2,0.39,-0.04,0.39,-1.54
1184,39.467,146,0,person,0.83,709.9,411.4,844.3,706.0,777.1,558.7,2.54,0.12,2.54,-0.55
1184,39.467,156,0,person,0.887,126.1,531.8,328.8,720.0,227.5,625.9,0.06,0.02,0.06,-0.01
1184,39.467,154,0,person,0.765,1063.1,345.0,1215.1,631.0,1139.1,488.0,0.76,-0.24,0.8,-0.1
1184,39.467,176,0,person,0.826,915.7,359.2,1016.3,522.8,966.0,441.0,-0.57,0.21,0.61,-0.2
1184,39.467,163,0,person,0.462,154.5,274.7,339.1,569.4,246.8,422.0,-0.5,-2.17,2.23,-2.14
1185,39.5,146,0,person,0.815,711.0,411.9,845.4,705.7,778.2,558.8,1.11,0.09,1.11,-0.04
1185,39.5,156,0,person,0.887,125.9,531.7,328.8,720.0,227.4,625.9,-0.09,-0.03,0.1,-0.05
1185,39.5,154,0,person,0.72,1064.1,344.3,1216.1,631.0,1140.1,487.7,1.07,-0.36,1.13,-0.12
1185,39.5,176,0,person,0.829,915.0,359.2,1016.2,522.8,965.6,441.0,-0.39,0.01,0.39,-0.2
1185,39.5,163,0,person,0.416,154.7,275.9,339.3,568.8,247.0,422.3,0.13,0.29,0.32,2.46
1185,39.5,203,0,person,0.399,49.4,176.4,91.6,284.5,70.5,230.4,0.0,0.0,0.0,0.0
1186,39.533,146,0,person,0.848,713.4,412.3,847.9,706.0,780.7,559.1,2.43,0.35,2.46,0.26
1186,39.533,156,0,person,0.885,125.6,531.7,328.6,720.0,227.1,625.9,-0.25,-0.0,0.25,0.02
1186,39.533,154,0,person,0.723,1064.0,343.2,1216.7,631.7,1140.4,487.5,0.26,-0.19,0.32,0.17
1186,39.533,176,0,person,0.839,913.9,359.2,1015.6,522.5,964.7,440.9,-0.86,-0.16,0.87,-0.17
1186,39.533,163,0,person,0.508,154.5,275.4,340.4,568.9,247.5,422.2,0.5,-0.13,0.52,-0.42
1186,39.533,203,0,person,0.438,50.2,177.0,92.8,286.2,71.5,231.6,1.0,1.16,1.53,1.16
1186,39.533,5,0,person,0.369,642.5,286.4,745.1,543.6,693.8,415.0,1.75,-0.31,1.77,-0.27
1187,39.567,146,0,person,0.842,716.1,412.6,850.6,705.8,783.4,559.2,2.73,0.05,2.73,-0.3
1187,39.567,156,0,person,0.886,125.4,531.7,328.5,720.0,226.9,625.9,-0.19,0.0,0.19,0.01
1187,39.567,154,0,person,0.719,1063.3,341.7,1216.6,632.4,1140.0,487.0,-0.41,-0.43,0.59,-0.23
1187,39.567,176,0,person,0.857,913.0,359.3,1015.1,522.1,964.0,440.7,-0.68,-0.16,0.7,-0.01
1187,39.567,163,0,person,0.54,154.4,276.1,341.1,569.4,247.8,422.7,0.28,0.55,0.62,0.68
1187,39.567,203,0,person,0.402,49.9,176.3,94.3,289.6,72.1,232.9,0.6,1.35,1.48,0.19
1187,39.567,5,0,person,0.564,643.7,285.9,747.5,545.3,695.6,415.6,1.8,0.58,1.9,0.89
1188,39.6,146,0,person,0.854,718.3,412.4,853.0,705.4,785.6,558.9,2.25,-0.3,2.27,-0.35
1188,39.6,156,0,person,0.886,124.6,531.6,327.8,720.0,226.2,625.8,-0.7,-0.04,0.7,-0.04
1188,39.6,154,0,person,0.676,1063.5,342.6,1216.4,633.4,1140.0,488.0,-0.0,0.99,0.99,1.41
1188,39.6,176,0,person,0.844,912.1,359.2,1014.3,521.6,963.2,440.4,-0.88,-0.28,0.92,-0.12
1188,39.6,163,0,person,0.426,155.9,280.4,338.8,566.9,247.4,423.7,-0.4,0.94,1.02,0.39
1188,39.6,203,0,person,0.42,49.8,174.8,95.9,290.9,72.8,232.8,0.73,-0.1,0.74,-1.45
1188,39.6,5,0,person,0.516,644.2,287.3,747.7,544.9,695.9,416.1,0.31,0.51,0.6,-0.07
1189,39.633,146,0,person,0.866,720.9,413.3,855.7,705.5,788.3,559.4,2.64,0.52,2.69,0.82
1189,39.633,156,0,person,0.886,124.4,531.6,327.5,720.0,226.0,625.8,-0.23,-0.02,0.23,0.02
1189,39.633,154,0,person,0.754,1062.9,344.4,1214.8,633.6,1138.8,489.0,-1.12,0.98,1.49,-0.0
1189,39.633,176,0,person,0.814,910.1,359.3,1012.6,521.4,961.4,440.4,-1.82,-0.04,1.82,0.24
1189,39.633,163,0,person,0.435,156.1,282.9,336.8,564.0,246.5,423.5,-0.89,-0.22,0.91,-1.16
1189,39.633,203,0,person,0.55,52.6,175.5,99.2,289.6,75.9,232.6,3.07,-0.29,3.09,-0.19
1189,39.633,5,0,person,0.608,643.9,285.7,747.7,545.0,695.8,415.4,-0.15,-0.72,0.74,-1.23
1190,39.667,146,0,person,0.871,724.7,413.8,858.9,704.1,791.8,558.9,3.55,-0.46,3.58,-0.98
1190,39.667,156,0,person,0.883,124.4,531.6,327.4,720.0,225.9,625.8,-0.08,0.01,0.08,0.03
1190,39.667,154,0,person,0.747,1062.8,345.3,1214.1,634.1,1138.4,489.7,-0.42,0.73,0.84,-0.25
1190,39.667,176,0,person,0.793,909.0,359.5,1011.7,521.5,960.3,440.5,-1.03,0.1,1.03,0.14
1190,39.667,163,0,person,0.356,155.2,283.6,336.6,564.5,245.9,424.1,-0.57,0.6,0.83,0.82
1190,39.667,203,0,person,0.441,46.8,173.2,95.6,291.2,71.2,232.2,-4.69,-0.34,4.7,-0.05
1190,39.667,5,0,person,0.543,647.2,285.8,752.4,545.5,699.8,415.6,4.01,0.27,4.02,0.99
1191,39.7,146,0,person,0.863,726.4,413.9,860.7,703.7,793.5,558.8,1.71,-0.14,1.71,0.32
1191,39.7,156,0,person,0.885,124.5,531.6,327.4,720.0,226.0,625.8,0.06,-0.0,0.06,-0.01
1191,39.7,154,0,person,0.765,1062.8,345.1,1214.1,634.5,1138.5,489.8,0.04,0.07,0.08,-0.66
1191,39.7,176,0,person,0.796,908.5,359.5,1011.5,521.5,960.0,440.5,-0.3,0.05,0.31,-0.05
1191,39.7,163,0,person,0.403,154.6,284.1,337.8,566.8,246.2,425.5,0.27,1.39,1.42,0.79
1191,39.7,203,0,person,0.402,44.6,172.3,94.6,291.9,69.6,232.1,-1.64,-0.09,1.64,0.25
1191,39.7,5,0,person,0.609,647.4,285.8,753.6,545.9,700.5,415.9,0.72,0.23,0.75,-0.04
1192,39.733,146,0,person,0.854,728.8,414.7,863.1,704.1,795.9,559.4,2.42,0.61,2.5,0.74
1192,39.733,156,0,person,0.883,124.6,531.6,327.6,720.0,226.1,625.8,0.12,-0.0,0.12,-0.0
1192,39.733,154,0,person,0.756,1063.0,344.2,1214.2,634.3,1138.6,489.3,0.11,-0.52,0.54,-0.59
1192,39.733,176,0,person,0.844,908.5,359.4,1011.7,521.3,960.1,440.4,0.09,-0.13,0.16,-0.18
1192,39.733,163,0,person,0.336,155.3,285.6,335.6,562.4,245.5,424.0,-0.7,-1.49,1.65,-2.88
1192,39.733,203,0,person,0.568,43.5,171.7,94.5,291.9,69.0,231.8,-0.61,-0.34,0.7,-0.25
1192,39.733,5,0,person,0.616,647.4,285.8,753.4,544.7,700.4,415.2,-0.13,-0.66,0.67,-0.89
1193,39.767,146,0,person,0.818,730.9,415.9,865.5,704.1,798.2,560.0,2.26,0.6,2.34,-0.01
1193,39.767,156,0,person,0.881,125.0,531.6,328.2,720.0,226.6,625.8,0.51,0.0,0.51,0.01
1193,39.767,154,0,person,0.736,1062.9,342.4,1214.2,633.7,1138.6,488.1,0.01,-1.19,1.19,-0.67
1193,39.767,176,0,person,0.841,908.6,359.4,1012.1,521.2,960.4,440.3,0.24,-0.06,0.25,0.07
1193,39.767,163,0,person,0.393,156.2,282.7,337.3,560.4,246.7,421.6,1.27,-2.42,2.73,-0.93
1193,39.767,203,0,person,0.316,42.6,171.7,94.8,292.0,68.7,231.8,-0.25,0.06,0.26,0.4
1193,39.767,5,0,person,0.591,647.4,285.6,753.7,545.1,700.6,415.3,0.19,0.11,0.22,0.77
1194,39.8,146,0,person,0.855,734.0,417.5,869.4,704.4,801.7,560.9,3.52,0.93,3.64,0.33
1194,39.8,156,0,person,0.882,124.4,531.6,327.7,720.0,226.1,625.8,-0.54,-0.0,0.54,-0.0
1194,39.8,154,0,person,0.747,1063.1,343.0,1213.7,633.9,1138.4,488.5,-0.2,0.38,0.43,1.57
1194,39.8,176,0,person,0.83,908.2,359.3,1011.8,521.3,960.0,440.3,-0.32,0.0,0.32,0.06
1194,39.8,163,0,person,0.383,156.9,281.6,338.5,560.1,247.7,420.8,0.93,-0.72,1.18,1.7
1194,39.8,5,0,person,0.616,644.0,289.8,747.5,545.1,695.8,417.5,-4.8,2.14,5.25,2.03
1195,39.833,146,0,person,0.853,735.3,419.2,870.9,703.7,803.1,561.5,1.39,0.51,1.48,-0.42
1195,39.833,156,0,person,0.879,123.9,531.8,327.0,720.0,225.4,625.9,-0.64,0.09,0.64,0.09
1195,39.833,154,0,person,0.765,1063.5,343.6,1213.5,633.8,1138.5,488.7,0.1,0.28,0.29,-0.1
1195,39.833,176,0,person,0.806,907.8,359.2,1011.5,521.0,959.7,440.1,-0.33,-0.21,0.39,-0.21
1195,39.833,163,0,person,0.338,162.8,284.6,337.9,555.0,250.4,419.8,2.68,-1.03,2.87,-0.32
1195,39.833,5,0,person,0.505,638.7,306.1,732.9,544.6,685.8,425.4,-10.0,7.93,12.76,5.79
1196,39.867,146,0,person,0.885,738.0,420.1,874.8,703.7,806.4,561.9,3.3,0.47,3.33,-0.04
1196,39.867,156,0,person,0.882,123.1,531.8,326.1,720.0,224.6,625.9,-0.8,0.04,0.8,-0.05
1196,39.867,154,0,person,0.77,1063.9,345.0,1212.8,633.5,1138.3,489.3,-0.14,0.53,0.54,0.25
1196,39.867,176,0,person,0.796,907.5,359.2,1011.2,520.8,959.4,440.0,-0.33,-0.14,0.36,0.07
1196,39.867,163,0,person,0.366,168.9,286.6,339.1,551.0,254.0,418.8,3.67,-0.98,3.8,0.05
1196,39.867,5,0,person,0.459,642.2,302.6,737.2,543.9,689.7,423.2,3.94,-2.14,4.48,-10.08
1196,39.867,204,0,person,0.428,1057.1,306.7,1146.5,568.0,1101.8,437.3,0.0,0.0,0.0,0.0
1197,39.9,146,0,person,0.864,739.3,420.9,877.1,703.2,808.2,562.0,1.77,0.09,1.77,-0.38
1197,39.9,156,0,person,0.882,122.9,531.8,325.8,720.0,224.4,625.9,-0.26,-0.03,0.26,-0.06
1197,39.9,154,0,person,0.77,1063.7,346.1,1211.6,633.3,1137.7,489.7,-0.7,0.45,0.83,-0.07
1197,39.9,176,0,person,0.808,906.7,359.1,1010.7,520.7,958.7,439.9,-0.67,-0.09,0.67,0.04
1197,39.9,163,0,person,0.378,171.9,287.7,339.2,550.1,255.5,418.9,1.52,0.07,1.52,1.05
1197,39.9,5,0,person,0.594,647.1,291.4,747.2,542.7,697.1,417.1,7.44,-6.19,9.68,-4.04
1197,39.9,204,0,person,0.497,1055.4,306.9,1144.3,566.5,1099.9,436.7,-1.91,-0.65,2.01,-0.65
1198,39.933,146,0,person,0.878,741.0,420.6,881.1,703.0,811.0,561.8,2.86,-0.22,2.87,-0.31
1198,39.933,156,0,person,0.883,123.0,531.8,325.9,720.0,224.4,625.9,0.09,0.0,0.09,0.03
1198,39.933,154,0,person,0.775,1063.7,346.3,1211.1,633.0,1137.4,489.7,-0.23,-0.02,0.23,-0.47
1198,39.933,176,0,person,0.816,906.3,358.5,1010.4,520.1,958.4,439.3,-0.33,-0.56,0.66,-0.47
1198,39.933,163,0,person,0.385,170.9,288.1,336.8,549.5,253.8,418.8,-1.7,-0.09,1.71,-0.16
1198,39.933,5,0,person,0.48,641.8,297.3,737.8,542.0,689.8,419.7,-7.36,2.6,7.81,8.79
1198,39.933,204,0,person,0.535,1053.8,307.7,1142.1,565.7,1097.9,436.7,-1.93,0.0,1.93,0.66
1198,39.933,203,0,person,0.536,31.9,172.7,83.3,291.7,57.6,232.2,-2.22,0.07,2.22,0.0
1199,39.967,146,0,person,0.792,741.7,420.4,884.3,704.0,813.0,562.2,1.99,0.41,2.03,0.63
1199,39.967,156,0,person,0.881,123.7,531.9,326.4,720.0,225.0,625.9,0.58,0.06,0.59,0.06
1199,39.967,154,0,person,0.789,1064.1,346.6,1210.9,632.7,1137.5,489.7,0.07,-0.04,0.08,-0.02
1199,39.967,176,0,person,0.802,906.4,358.6,1010.7,520.5,958.6,439.5,0.21,0.24,0.31,0.8
1199,39.967,163,0,person,0.372,164.4,287.6,331.5,549.2,248.0,418.4,-5.87,-0.42,5.88,-0.33
1199,39.967,5,0,person,0.48,645.4,293.6,743.3,542.0,694.3,417.8,4.56,-1.89,4.94,-4.49
1199,39.967,204,0,person,0.579,1052.9,308.6,1140.7,565.7,1096.8,437.2,-1.16,0.52,1.27,0.52
1199,39.967,203,0,person,0.478,30.9,173.3,81.7,292.2,56.3,232.7,-1.31,0.57,1.43,0.51
1200,40.0,146,0,person,0.838,739.7,421.0,884.4,705.1,812.0,563.1,-1.01,0.87,1.34,0.46
1200,40.0,154,0,person,0.8,1064.3,346.9,1211.1,633.3,1137.7,490.1,0.23,0.44,0.49,0.47
1200,40.0,176,0,person,0.768,906.9,358.9,1011.1,520.5,959.0,439.7,0.46,0.19,0.5,-0.04
1200,40.0,5,0,person,0.455,643.9,299.4,738.8,542.4,691.3,420.9,-3.04,3.1,4.34,4.99
1200,40.0,204,0,person,0.577,1052.9,309.4,1140.2,565.6,1096.6,437.5,-0.22,0.32,0.39,-0.2
1201,40.033,146,0,person,0.77,737.0,423.2,883.2,705.5,810.1,564.4,-1.93,1.31,2.33,0.43
1201,40.033,154,0,person,0.811,1064.6,346.9,1211.9,634.5,1138.2,490.7,0.51,0.58,0.77,0.14
1201,40.033,176,0,person,0.735,907.9,358.9,1012.0,520.3,959.9,439.6,0.92,-0.13,0.92,-0.32
1201,40.033,5,0,person,0.43,638.0,308.1,726.9,542.1,682.5,425.1,-8.84,4.24,9.8,1.13
1201,40.033,204,0,person,0.497,1056.4,309.5,1142.1,562.3,1099.3,435.9,2.71,-1.6,3.15,-1.93
1201,40.033,205,0,person,0.388,144.5,531.5,246.4,592.2,195.5,561.9,0.0,0.0,0.0,0.0
1201,40.033,203,0,person,0.357,32.0,178.3,81.0,295.0,56.5,236.6,0.11,1.95,1.95,0.69
1202,40.067,146,0,person,0.743,736.0,425.0,883.8,705.9,809.9,565.4,-0.24,1.07,1.1,-0.24
1202,40.067,154,0,person,0.823,1064.9,346.8,1212.1,634.6,1138.5,490.7,0.28,-0.01,0.28,-0.59
1202,40.067,176,0,person,0.738,909.0,358.8,1012.9,520.2,961.0,439.5,1.01,-0.13,1.01,-0.0
1202,40.067,5,0,person,0.471,636.7,312.6,721.8,542.0,679.3,427.3,-3.19,2.19,3.87,-2.05
1202,40.067,204,0,person,0.47,1058.9,309.5,1142.9,558.8,1100.9,434.2,1.62,-1.74,2.37,-0.13
1202,40.067,205,0,person,0.337,144.2,531.5,246.2,592.3,195.2,561.9,-0.27,0.01,0.27,0.01
1203,40.1,146,0,person,0.762,734.6,425.5,884.4,705.7,809.5,565.6,-0.35,0.16,0.39,-0.91
1203,40.1,154,0,person,0.828,1064.9,346.6,1211.8,634.0,1138.4,490.3,-0.14,-0.31,0.34,-0.3
1203,40.1,176,0,person,0.76,909.3,358.6,1013.2,520.0,961.2,439.3,0.27,-0.19,0.33,-0.06
1203,40.1,5,0,person,0.536,639.9,323.3,720.4,542.6,680.1,433.0,0.85,5.69,5.75,3.5
1203,40.1,204,0,person,0.487,1061.7,309.4,1143.2,552.8,1102.5,431.1,1.56,-3.08,3.45,-1.34
1203,40.1,205,0,person,0.355,144.0,531.6,245.8,592.4,194.9,562.0,-0.28,0.1,0.3,0.09
1203,40.1,163,0,person,0.32,160.8,281.9,347.1,575.7,253.9,428.8,1.49,2.6,2.99,0.75
1204,40.133,146,0,person,0.751,734.9,426.0,885.8,704.5,810.4,565.2,0.88,-0.36,0.95,-0.52
1204,40.133,154,0,person,0.804,1064.8,347.1,1211.2,633.6,1138.0,490.3,-0.39,-0.02,0.39,0.29
1204,40.133,176,0,person,0.794,909.4,358.2,1013.2,519.9,961.3,439.1,0.09,-0.23,0.25,-0.05
1204,40.133,5,0,person,0.438,639.0,326.8,717.3,542.1,678.2,434.5,-1.98,1.47,2.46,-4.22
1204,40.133,204,0,person,0.48,1060.0,309.3,1141.9,555.9,1101.0,432.6,-1.46,1.49,2.09,4.57
1204,40.133,205,0,person,0.383,142.9,531.6,244.7,592.3,193.8,562.0,-1.1,-0.01,1.1,-0.11
1204,40.133,163,0,person,0.326,160.4,281.2,348.5,580.0,254.5,430.6,0.55,1.82,1.9,-0.78
1205,40.167,146,0,person,0.763,747.7,428.5,894.5,700.6,821.1,564.6,10.7,-0.67,10.72,-0.31
1205,40.167,154,0,person,0.788,1064.8,348.8,1209.4,631.2,1137.1,490.0,-0.87,-0.31,0.92,-0.29
1205,40.167,176,0,person,0.784,909.4,357.6,1013.2,519.8,961.3,438.7,-0.0,-0.36,0.36,-0.12
1205,40.167,5,0,person,0.396,639.2,321.1,718.7,542.5,678.9,431.8,0.77,-2.7,2.81,-4.17
1205,40.167,204,0,person,0.534,1056.2,309.4,1139.4,558.4,1097.8,433.9,-3.23,1.32,3.49,-0.17
1205,40.167,205,0,person,0.445,141.9,531.3,244.1,592.3,193.0,561.8,-0.77,-0.17,0.79,-0.15
1205,40.167,163,0,person,0.337,162.5,279.5,349.1,579.1,255.8,429.3,1.32,-1.27,1.83,-3.09
1206,40.2,146,0,person,0.699,755.4,430.7,898.7,698.9,827.1,564.8,6.0,0.21,6.01,0.88
1206,40.2,154,0,person,0.783,1064.5,349.6,1208.2,629.7,1136.3,489.7,-0.77,-0.36,0.85,-0.05
1206,40.2,176,0,person,0.725,909.3,356.5,1013.0,519.2,961.1,437.9,-0.17,-0.84,0.85,-0.48
1206,40.2,204,0,person,0.551,1053.3,309.0,1137.9,559.7,1095.6,434.4,-2.2,0.46,2.25,-0.86
1206,40.2,205,0,person,0.448,141.0,530.4,244.3,592.2,192.7,561.3,-0.38,-0.54,0.66,-0.38
1207,40.233,146,0,person,0.641,758.6,432.4,898.0,696.2,828.3,564.3,1.22,-0.46,1.31,-0.67
1207,40.233,154,0,person,0.771,1064.5,350.5,1207.7,628.8,1136.1,489.6,-0.27,-0.02,0.27,0.34
1207,40.233,176,0,person,0.621,910.5,356.3,1013.1,517.8,961.8,437.0,0.61,-0.85,1.05,-0.01
1207,40.233,204,0,person,0.518,1054.0,308.5,1140.5,559.5,1097.2,434.0,1.65,-0.33,1.68,-0.8
1207,40.233,205,0,person,0.514,140.4,529.9,244.2,592.0,192.3,561.0,-0.34,-0.28,0.44,0.26
1208,40.267,146,0,person,0.729,758.3,434.4,896.2,697.3,827.2,565.8,-1.07,1.5,1.84,1.96
1208,40.267,154,0,person,0.678,1064.4,349.4,1207.6,627.4,1136.0,488.4,-0.06,-1.23,1.23,-1.2
1208,40.267,176,0,person,0.606,910.8,355.5,1013.7,518.4,962.3,436.9,0.52,-0.07,0.52,0.77
1208,40.267,205,0,person,0.511,139.9,529.8,244.2,592.3,192.0,561.1,-0.29,0.07,0.29,0.35
1209,40.3,146,0,person,0.669,758.3,435.3,895.8,698.4,827.1,566.9,-0.16,1.05,1.06,-0.46
1209,40.3,154,0,person,0.394,1045.3,325.1,1193.3,622.8,1119.3,473.9,-16.7,-14.47,22.09,-13.24
1209,40.3,176,0,person,0.549,911.7,354.7,1014.8,519.3,963.2,437.0,0.96,0.07,0.96,0.15
1209,40.3,205,0,person,0.487,139.7,529.7,244.2,592.4,191.9,561.1,-0.09,0.0,0.09,-0.06
1210,40.333,146,0,person,0.722,755.9,436.7,893.0,699.3,824.5,568.0,-2.64,1.11,2.86,0.06
1210,40.333,154,0,person,0.366,1061.4,355.2,1197.3,625.3,1129.4,490.3,10.05,16.31,19.16,30.78
1210,40.333,176,0,person,0.559,913.3,354.6,1016.0,519.7,964.6,437.1,1.39,0.1,1.39,0.03
1210,40.333,205,0,person,0.485,140.0,529.8,244.2,592.5,192.1,561.1,0.13,0.05,0.14,0.05
1210,40.333,203,0,person,0.408,19.1,170.7,71.2,300.1,45.2,235.4,-1.26,-0.14,1.27,-0.23
1211,40.367,146,0,person,0.751,752.5,439.1,889.1,698.9,820.8,569.0,-3.61,1.0,3.75,-0.1
1211,40.367,154,0,person,0.346,1046.3,331.1,1184.5,613.5,1115.4,472.3,-13.95,-17.98,22.76,-34.29
1211,40.367,176,0,person,0.476,915.6,354.8,1017.6,520.2,966.6,437.5,1.97,0.42,2.02,0.32
1211,40.367,205,0,person,0.468,140.5,530.1,244.2,592.5,192.4,561.3,0.29,0.18,0.34,0.13
1212,40.4,146,0,person,0.802,749.4,442.0,885.1,697.1,817.3,569.6,-3.56,0.57,3.6,-0.43
1212,40.4,154,0,person,0.393,1043.6,327.4,1176.0,604.0,1109.8,465.7,-5.62,-6.62,8.69,11.36
1212,40.4,176,0,person,0.492,917.5,354.7,1018.7,520.5,968.1,437.6,1.51,0.05,1.52,-0.37
1212,40.4,205,0,person,0.481,141.2,530.3,244.3,592.6,192.7,561.5,0.38,0.16,0.41,-0.01
1212,40.4,163,0,person,0.345,171.2,277.0,352.4,575.3,261.8,426.1,0.86,-0.45,0.97,0.12
1212,40.4,203,0,person,0.363,19.0,171.6,69.3,300.2,44.2,235.9,-0.49,0.26,0.55,0.2
1213,40.433,146,0,person,0.774,748.2,443.7,885.6,697.8,816.9,570.8,-0.36,1.22,1.27,0.64
1213,40.433,154,0,person,0.341,1038.8,318.0,1176.9,613.3,1107.9,465.7,-1.94,-0.0,1.94,6.61
1213,40.433,176,0,person,0.419,919.1,354.3,1019.9,521.1,969.5,437.7,1.37,0.1,1.38,0.05
1213,40.433,205,0,person,0.467,141.3,530.3,244.3,592.6,192.8,561.4,0.03,-0.01,0.04,-0.18
1213,40.433,163,0,person,0.378,172.3,275.1,351.4,575.7,261.9,425.4,0.1,-0.78,0.79,-0.33
1214,40.467,146,0,person,0.774,749.7,445.9,889.2,696.8,819.5,571.3,2.54,0.56,2.6,-0.66
1214,40.467,154,0,person,0.437,1038.3,313.9,1177.2,618.1,1107.8,466.0,-0.09,0.33,0.34,0.33
1214,40.467,176,0,person,0.512,920.2,354.1,1020.7,521.8,970.4,438.0,0.94,0.27,0.98,0.17
1214,40.467,205,0,person,0.484,141.1,530.2,244.0,592.5,192.6,561.3,-0.21,-0.1,0.23,-0.09
1214,40.467,163,0,person,0.342,172.1,274.2,348.6,574.2,260.4,424.2,-1.53,-1.14,1.91,-0.36
1215,40.5,146,0,person,0.83,749.1,446.5,891.5,696.1,820.3,571.3,0.87,-0.07,0.87,-0.63
1215,40.5,154,0,person,0.47,1039.4,312.1,1176.1,617.8,1107.8,465.0,0.01,-1.03,1.03,-1.36
1215,40.5,176,0,person,0.497,921.0,354.1,1020.6,521.4,970.8,437.7,0.39,-0.23,0.45,-0.5
1215,40.5,205,0,person,0.468,140.6,529.5,244.2,592.5,192.4,561.0,-0.17,-0.33,0.37,-0.24
1216,40.533,146,0,person,0.749,750.9,448.9,896.2,695.4,823.5,572.1,3.21,0.88,3.33,0.94
1216,40.533,154,0,person,0.49,1040.9,312.7,1175.4,619.3,1108.1,466.0,0.36,1.0,1.06,2.02
1216,40.533,176,0,person,0.33,921.8,353.7,1021.4,522.0,971.6,437.8,0.78,0.11,0.79,0.34
1216,40.533,205,0,person,0.454,140.9,529.4,244.2,592.2,192.5,560.8,0.15,-0.24,0.28,0.1
1217,40.567,146,0,person,0.708,751.2,447.9,900.5,693.8,825.9,570.9,2.32,-1.3,2.66,-2.17
1217,40.567,154,0,person,0.495,1043.5,317.6,1172.0,616.3,1107.7,467.0,-0.4,1.0,1.07,-0.0
1217,40.567,176,0,person,0.359,924.2,353.5,1023.5,522.5,973.8,438.0,2.24,0.19,2.25,0.07
1217,40.567,205,0,person,0.448,141.3,529.6,243.9,592.1,192.6,560.8,0.06,0.07,0.09,0.3
1218,40.6,146,0,person,0.644,757.4,451.4,911.0,693.3,834.2,572.3,8.33,1.48,8.46,2.78
1218,40.6,154,0,person,0.499,1044.3,322.4,1168.7,615.7,1106.5,469.0,-1.25,2.08,2.43,1.08
1218,40.6,176,0,person,0.314,926.8,353.8,1025.3,521.9,976.1,437.9,2.2,-0.14,2.21,-0.33
1218,40.6,205,0,person,0.453,141.3,529.5,244.3,592.3,192.8,560.9,0.21,0.08,0.22,0.01
1219,40.633,146,0,person,0.588,763.0,453.8,921.7,693.1,842.3,573.4,8.16,1.11,8.24,-0.37
1219,40.633,154,0,person,0.564,1043.1,324.7,1167.0,620.4,1105.0,472.5,-1.43,3.52,3.8,1.43
1219,40.633,176,0,person,0.427,928.8,353.9,1027.7,523.0,978.2,438.4,2.19,0.56,2.26,0.71
1219,40.633,205,0,person,0.45,141.3,529.5,244.4,592.4,192.9,561.0,0.05,0.04,0.06,-0.04
1219,40.633,203,0,person,0.407,19.1,173.4,70.7,302.2,44.9,237.8,0.1,0.27,0.29,0.0
1220,40.667,146,0,person,0.628,752.6,457.9,910.1,692.4,831.3,575.1,-11.04,1.71,11.17,0.59
1220,40.667,154,0,person,0.563,1043.1,328.5,1165.0,621.7,1104.1,475.1,-0.98,2.54,2.73,-0.97
1220,40.667,176,0,person,0.503,930.7,354.0,1029.2,523.0,980.0,438.5,1.71,0.06,1.71,-0.51
1220,40.667,205,0,person,0.503,141.0,529.1,244.8,592.4,192.9,560.7,0.08,-0.22,0.23,-0.25
1220,40.667,203,0,person,0.44,17.7,170.4,72.1,304.1,44.9,237.3,0.02,-0.56,0.56,-0.83
1221,40.7,146,0,person,0.583,750.7,456.0,912.1,692.8,831.4,574.4,0.09,-0.75,0.76,-2.46
1221,40.7,154,0,person,0.551,1043.3,330.4,1164.1,623.4,1103.7,476.9,-0.36,1.79,1.82,-0.76
1221,40.7,176,0,person,0.458,931.4,353.9,1029.5,522.6,980.4,438.2,0.5,-0.26,0.56,-0.32
1221,40.7,205,0,person,0.523,140.3,528.6,244.8,592.4,192.6,560.5,-0.36,-0.2,0.42,0.01
1221,40.7,203,0,person,0.383,16.6,169.9,72.6,304.4,44.6,237.2,-0.26,-0.11,0.28,0.45
1222,40.733,146,0,person,0.744,749.3,457.1,911.7,693.1,830.5,575.1,-0.9,0.68,1.13,1.43
1222,40.733,154,0,person,0.538,1044.3,330.9,1164.1,623.7,1104.2,477.3,0.47,0.44,0.65,-1.34
1222,40.733,176,0,person,0.521,931.4,354.0,1029.9,524.2,980.6,439.1,0.18,0.85,0.87,1.12
1222,40.733,205,0,person,0.538,139.6,528.5,244.3,592.4,191.9,560.5,-0.62,-0.08,0.63,0.12
1222,40.733,208,0,person,0.335,785.4,309.0,892.2,504.6,838.8,406.8,0.0,0.0,0.0,0.0
1223,40.767,146,0,person,0.702,750.8,458.1,913.2,693.2,832.0,575.6,1.5,0.55,1.6,-0.13
1223,40.767,154,0,person,0.487,1045.4,327.5,1165.6,624.5,1105.5,476.0,1.32,-1.32,1.87,-1.77
1223,40.767,176,0,person,0.449,931.4,354.4,1029.9,524.9,980.7,439.7,0.05,0.57,0.58,-0.28
1223,40.767,205,0,person,0.547,139.3,528.2,244.1,592.4,191.7,560.3,-0.23,-0.13,0.26,-0.05
1223,40.767,208,0,person,0.318,784.9,306.5,892.8,504.3,838.8,405.4,0.0,-1.42,1.42,-1.42
1223,40.767,209,0,person,0.37,728.7,328.5,818.7,515.2,773.7,421.8,0.0,0.0,0.0,0.0
1223,40.767,210,6,train,0.359,9.5,29.0,1237.1,300.7,623.3,164.9,0.0,0.0,0.0,0.0
1223,40.767,203,0,person,0.319,12.8,170.8,72.1,305.3,42.4,238.1,-1.11,0.45,1.2,0.28
1224,40.8,146,0,person,0.666,753.3,458.5,915.8,693.5,834.6,576.0,2.56,0.37,2.59,-0.18
1224,40.8,154,0,person,0.387,1048.3,329.1,1167.1,625.7,1107.7,477.4,2.16,1.37,2.56,2.69
1224,40.8,176,0,person,0.429,931.1,355.0,1029.0,524.6,980.0,439.8,-0.64,0.16,0.66,-0.42
1224,40.8,205,0,person,0.559,139.0,527.8,244.1,592.4,191.6,560.1,-0.16,-0.22,0.27,-0.09
1224,40.8,209,0,person,0.346,729.0,329.7,819.5,517.6,774.2,423.6,0.52,1.79,1.86,1.79
1225,40.833,146,0,person,0.658,757.7,459.4,919.1,692.8,838.4,576.1,3.88,0.1,3.88,-0.27
1225,40.833,154,0,person,0.36,1050.6,325.1,1166.2,615.8,1108.4,470.5,0.78,-6.91,6.96,-8.28
1225,40.833,176,0,person,0.461,931.2,354.7,1028.2,522.7,979.7,438.7,-0.35,-1.16,1.21,-1.32
1225,40.833,205,0,person,0.52,139.6,527.6,244.6,592.4,192.1,560.0,0.57,-0.13,0.59,0.08
1225,40.833,209,0,person,0.394,731.0,330.4,820.5,516.4,775.7,423.4,1.47,-0.25,1.49,-2.04
1225,40.833,203,0,person,0.386,12.4,172.8,76.2,307.8,44.3,240.3,0.93,1.12,1.45,0.33
1226,40.867,146,0,person,0.607,761.9,460.1,922.3,692.2,842.1,576.1,3.62,0.04,3.62,-0.06
1226,40.867,154,0,person,0.4,1052.5,324.0,1165.3,609.7,1108.9,466.9,0.47,-3.61,3.64,3.31
1226,40.867,176,0,person,0.45,929.5,355.2,1026.5,521.7,978.0,438.4,-1.66,-0.23,1.68,0.93
1226,40.867,205,0,person,0.531,140.0,527.5,244.8,592.3,192.4,559.9,0.29,-0.06,0.29,0.07
1226,40.867,209,0,person,0.383,732.2,330.1,822.4,518.0,777.3,424.1,1.57,0.69,1.71,0.94
1227,40.9,146,0,person,0.555,764.0,460.2,924.2,692.0,844.1,576.1,1.99,-0.02,1.99,-0.06
1227,40.9,154,0,person,0.41,1054.9,324.4,1164.1,602.8,1109.5,463.6,0.57,-3.25,3.3,0.35
1227,40.9,176,0,person,0.483,930.2,355.0,1027.9,522.0,979.1,438.5,1.05,0.07,1.05,0.31
1227,40.9,205,0,person,0.538,140.4,527.5,244.8,592.3,192.6,559.9,0.14,-0.0,0.14,0.06
1227,40.9,209,0,person,0.375,733.6,330.0,823.9,518.7,778.8,424.3,1.47,0.28,1.49,-0.41
1228,40.933,146,0,person,0.591,770.1,460.5,929.7,691.9,849.9,576.2,5.81,0.1,5.81,0.12
1228,40.933,154,0,person,0.437,1054.3,325.0,1157.0,582.7,1105.6,453.8,-3.84,-9.77,10.5,-6.52
1228,40.933,176,0,person,0.399,929.8,354.8,1027.7,521.3,978.8,438.0,-0.31,-0.46,0.56,-0.53
1228,40.933,205,0,person,0.548,140.7,527.4,244.9,592.3,192.8,559.9,0.23,-0.06,0.24,-0.05
1228,40.933,209,0,person,0.45,737.4,330.0,826.2,517.3,781.8,423.7,3.04,-0.66,3.11,-0.94
1229,40.967,146,0,person,0.681,774.3,462.0,932.1,691.6,853.2,576.8,3.31,0.55,3.36,0.45
1229,40.967,154,0,person,0.495,1053.1,323.4,1154.2,573.4,1103.7,448.4,-1.96,-5.44,5.78,4.33
1229,40.967,176,0,person,0.471,907.6,355.2,1039.8,584.6,973.7,469.9,-5.05,31.9,32.29,32.35
1229,40.967,205,0,person,0.577,140.0,526.9,244.7,592.2,192.3,559.6,-0.44,-0.27,0.52,-0.22
1229,40.967,209,0,person,0.479,733.8,330.1,823.3,519.2,778.5,424.7,-3.25,0.97,3.39,1.63
1229,40.967,203,0,person,0.443,4.1,174.0,69.1,309.2,36.6,241.6,-1.93,0.32,1.95,-0.2
1230,41.0,146,0,person,0.582,788.9,463.0,949.4,691.8,869.1,577.4,15.93,0.64,15.95,0.09
1230,41.0,154,0,person,0.473,1053.4,323.5,1157.9,580.8,1105.6,452.1,1.94,3.72,4.2,9.16
1230,41.0,176,0,person,0.434,902.0,355.1,1042.2,602.9,972.1,479.0,-1.64,9.1,9.25,-22.79
1230,41.0,205,0,person,0.576,139.4,526.7,244.4,592.3,191.9,559.5,-0.42,-0.11,0.43,0.17
1230,41.0,209,0,person,0.543,732.5,330.8,822.3,521.1,777.4,426.0,-1.14,1.3,1.73,0.33
1230,41.0,203,0,person,0.334,2.3,175.4,67.4,309.4,34.9,242.4,-1.7,0.86,1.91,0.54
1231,41.033,146,0,person,0.638,798.7,463.6,963.0,691.4,880.9,577.5,11.75,0.11,11.75,-0.54
1231,41.033,154,0,person,0.521,1051.5,322.0,1160.1,588.9,1105.8,455.5,0.18,3.35,3.36,-0.37
1231,41.033,176,0,person,0.409,899.2,355.0,1040.8,608.4,970.0,481.7,-2.04,2.67,3.36,-6.43
1231,41.033,205,0,person,0.589,139.3,526.8,244.0,592.3,191.7,559.5,-0.25,0.07,0.26,0.17
1231,41.033,209,0,person,0.52,733.2,330.5,822.4,520.7,777.8,425.6,0.41,-0.39,0.56,-1.69
1231,41.033,203,0,person,0.463,0.0,175.2,65.3,310.4,32.6,242.8,-2.24,0.36,2.27,-0.5
1232,41.067,146,0,person,0.525,781.6,464.5,942.4,691.3,862.0,577.9,-18.87,0.42,18.87,0.31
1232,41.067,154,0,person,0.5,1046.0,322.0,1160.4,603.7,1103.2,462.9,-2.57,7.41,7.84,4.05
1232,41.067,176,0,person,0.45,893.3,354.0,1039.8,621.1,966.5,487.6,-3.47,5.84,6.8,3.17
1232,41.067,205,0,person,0.572,139.4,526.9,243.9,592.3,191.7,559.6,-0.03,0.02,0.04,-0.04
1232,41.067,209,0,person,0.54,733.1,330.1,821.9,520.3,777.5,425.2,-0.32,-0.39,0.5,-0.0
1232,41.067,203,0,person,0.314,0.0,174.0,63.5,311.3,31.8,242.6,-0.85,-0.14,0.87,-0.5
1233,41.1,146,0,person,0.523,775.6,464.8,933.6,691.3,854.6,578.1,-7.39,0.14,7.39,-0.28
1233,41.1,154,0,person,0.528,1044.0,321.3,1160.0,606.9,1102.0,464.1,-1.22,1.22,1.72,-6.19
1233,41.1,176,0,person,0.466,914.2,353.8,1029.7,559.9,972.0,456.8,5.41,-30.74,31.21,-36.59
1233,41.1,205,0,person,0.58,139.6,526.9,244.0,592.2,191.8,559.6,0.18,-0.02,0.18,-0.04
1233,41.1,209,0,person,0.545,732.7,329.7,821.1,519.6,776.9,424.7,-0.56,-0.54,0.78,-0.15
1233,41.1,203,0,person,0.482,0.0,173.7,63.3,311.6,31.6,242.6,-0.14,-0.02,0.15,0.12
1234,41.133,146,0,person,0.589,790.8,466.2,950.7,691.3,870.8,578.7,16.15,0.67,16.17,0.53
1234,41.133,154,0,person,0.443,1040.6,322.0,1159.7,615.2,1100.1,468.6,-1.86,4.5,4.87,3.28
1234,41.133,176,0,person,0.514,923.8,353.4,1025.5,531.6,974.6,442.5,2.68,-14.29,14.54,16.46
1234,41.133,205,0,person,0.596,139.8,526.6,244.4,592.2,192.1,559.4,0.29,-0.13,0.32,-0.11
1234,41.133,209,0,person,0.546,732.7,329.1,820.7,518.9,776.7,424.0,-0.21,-0.64,0.67,-0.1
1234,41.133,203,0,person,0.36,0.0,174.6,63.5,312.0,31.8,243.3,0.15,0.68,0.7,0.7
1235,41.167,146,0,person,0.613,794.5,468.0,956.1,692.2,875.3,580.1,4.52,1.37,4.72,0.7
1235,41.167,154,0,person,0.381,1039.0,321.5,1160.5,619.7,1099.7,470.6,-0.4,2.03,2.07,-2.47
1235,41.167,176,0,person,0.528,929.1,353.6,1026.2,522.1,977.7,437.8,3.06,-4.69,5.6,9.59
1235,41.167,205,0,person,0.615,139.9,526.5,244.6,592.2,192.3,559.3,0.13,-0.07,0.15,0.06
1235,41.167,209,0,person,0.452,733.5,328.8,820.8,518.1,777.1,423.5,0.4,-0.56,0.69,0.08
1235,41.167,203,0,person,0.573,0.0,175.2,61.0,313.2,30.5,244.2,-1.27,0.89,1.55,0.2
1235,41.167,208,0,person,0.484,784.6,288.6,902.5,504.8,843.5,396.7,0.39,-0.73,0.82,0.06
1236,41.2,146,0,person,0.564,794.3,468.7,957.6,692.8,876.0,580.8,0.69,0.66,0.95,-0.72
1236,41.2,154,0,person,0.325,1037.7,321.2,1160.6,621.0,1099.1,471.1,-0.6,0.43,0.74,-1.6
1236,41.2,176,0,person,0.499,931.3,353.6,1027.4,519.1,979.3,436.3,1.65,-1.53,2.25,3.16
1236,41.2,205,0,person,0.594,140.0,526.5,244.4,592.1,192.2,559.3,-0.08,-0.03,0.09,0.04
1236,41.2,209,0,person,0.458,733.2,330.4,819.1,517.5,776.1,423.9,-0.98,0.49,1.09,1.05
1236,41.2,203,0,person,0.457,0.0,175.5,59.4,314.3,29.7,244.9,-0.78,0.72,1.07,-0.16
1236,41.2,208,0,person,0.348,784.1,287.5,905.5,509.9,844.8,398.7,1.24,2.01,2.37,2.74
1237,41.233,146,0,person,0.542,790.3,470.5,953.8,692.8,872.1,581.6,-3.9,0.87,3.99,0.21
1237,41.233,154,0,person,0.374,1037.0,322.7,1160.7,622.1,1098.8,472.4,-0.31,1.36,1.4,0.93
1237,41.233,176,0,person,0.469,928.4,353.4,1025.3,517.9,976.9,435.6,-2.49,-0.69,2.58,0.85
1237,41.233,205,0,person,0.584,139.4,525.8,244.2,591.8,191.8,558.8,-0.37,-0.5,0.62,-0.47
1237,41.233,209,0,person,0.423,732.2,330.6,817.5,517.0,774.9,423.8,-1.28,-0.12,1.29,-0.6
1237,41.233,203,0,person,0.463,0.0,172.6,60.8,314.9,30.4,243.7,0.69,-1.18,1.36,-1.9
1238,41.267,154,0,person,0.415,1038.9,322.6,1164.5,625.2,1101.7,473.9,2.83,1.49,3.2,0.13
1238,41.267,176,0,person,0.528,930.1,353.2,1027.1,517.1,978.6,435.2,1.78,-0.46,1.83,0.23
1238,41.267,205,0,person,0.607,138.2,525.2,243.9,592.0,191.1,558.6,-0.72,-0.23,0.76,0.28
1238,41.267,209,0,person,0.515,730.7,330.2,815.8,516.7,773.2,423.4,-1.65,-0.38,1.69,-0.26
1239,41.3,154,0,person,0.367,1037.7,323.0,1163.0,623.0,1100.3,473.0,-1.34,-0.92,1.63,-2.41
1239,41.3,176,0,person,0.481,930.7,352.9,1028.1,516.8,979.4,434.8,0.75,-0.34,0.82,0.11
1239,41.3,205,0,person,0.62,137.1,524.7,243.4,592.1,190.3,558.4,-0.79,-0.19,0.81,0.04
1239,41.3,209,0,person,0.454,728.7,331.9,814.1,519.0,771.4,425.4,-1.8,2.0,2.7,2.38
1239,41.3,212,0,person,0.365,780.0,285.5,927.0,688.7,853.5,487.1,0.0,0.0,0.0,0.0
1240,41.333,154,0,person,0.358,1043.9,322.8,1170.3,625.6,1107.1,474.2,6.8,1.23,6.91,2.15
1240,41.333,176,0,person,0.534,930.7,352.7,1028.6,516.7,979.6,434.7,0.27,-0.11,0.29,0.23
1240,41.333,205,0,person,0.64,136.9,524.6,243.2,592.1,190.1,558.4,-0.22,-0.04,0.22,0.14
1240,41.333,209,0,person,0.437,726.1,330.8,812.3,519.3,769.2,425.1,-2.17,-0.35,2.2,-2.36
1240,41.333,208,0,person,0.311,784.1,288.5,908.3,516.3,846.2,402.4,0.36,0.92,0.99,-0.27
1240,41.333,146,0,person,0.345,775.1,473.8,938.6,694.7,856.8,584.3,-5.08,0.88,5.15,0.0
1241,41.367,154,0,person,0.355,1046.1,322.7,1172.9,627.3,1109.5,475.0,2.39,0.77,2.51,-0.46
1241,41.367,176,0,person,0.522,930.2,353.0,1028.6,517.2,979.4,435.1,-0.25,0.4,0.47,0.51
1241,41.367,205,0,person,0.618,137.3,524.5,243.4,592.1,190.3,558.3,0.27,-0.08,0.29,-0.04
1241,41.367,209,0,person,0.393,731.3,334.1,814.2,516.5,772.8,425.3,3.53,0.22,3.53,0.57
1241,41.367,208,0,person,0.303,787.8,289.2,908.6,510.8,848.2,400.0,1.99,-2.41,3.12,-3.33
1241,41.367,146,0,person,0.533,768.9,475.7,933.0,697.0,851.0,586.4,-5.85,2.08,6.21,1.2
1242,41.4,154,0,person,0.345,1050.9,320.0,1179.0,628.0,1115.0,474.0,5.46,-0.96,5.55,-1.73
1242,41.4,176,0,person,0.54,930.0,353.1,1029.2,518.0,979.6,435.6,0.19,0.45,0.49,0.06
1242,41.4,205,0,person,0.585,138.3,525.0,243.4,592.0,190.8,558.5,0.51,0.23,0.56,0.31
1242,41.4,208,0,person,0.349,789.7,289.4,909.5,509.1,849.6,399.2,1.35,-0.74,1.54,1.67
1243,41.433,154,0,person,0.361,1072.1,366.4,1185.5,627.3,1128.8,496.9,13.82,22.82,26.68,23.79
1243,41.433,176,0,person,0.558,930.2,353.0,1029.8,518.1,980.0,435.5,0.39,-0.01,0.39,-0.46
1243,41.433,205,0,person,0.594,139.4,525.2,244.2,592.0,191.8,558.6,0.93,0.09,0.94,-0.14
1243,41.433,208,0,person,0.317,790.4,290.3,909.1,507.3,849.7,398.8,0.17,-0.43,0.47,0.31
1243,41.433,203,0,person,0.458,0.0,171.6,56.1,318.8,28.1,245.2,-0.39,0.24,0.46,0.24
1243,41.433,209,0,person,0.499,733.0,333.6,816.8,519.4,774.9,426.5,1.06,0.6,1.22,0.19
1243,41.433,146,0,person,0.551,759.4,480.3,920.2,697.3,839.8,588.8,-5.59,1.22,5.72,-0.43
1244,41.467,154,0,person,0.397,1080.4,386.7,1189.1,626.9,1134.8,506.8,5.96,9.97,11.62,-12.85
1244,41.467,176,0,person,0.557,930.0,352.7,1030.0,518.1,980.0,435.4,0.07,-0.15,0.17,-0.15
1244,41.467,205,0,person,0.604,140.0,525.2,244.7,592.0,192.3,558.6,0.56,0.01,0.56,-0.08
1244,41.467,203,0,person,0.463,0.0,171.1,54.9,319.5,27.5,245.3,-0.59,0.09,0.6,-0.16
1244,41.467,209,0,person,0.46,733.3,332.7,817.4,520.2,775.3,426.4,0.45,-0.06,0.45,-0.66
1244,41.467,146,0,person,0.446,752.3,480.4,913.1,698.2,832.7,589.3,-7.1,0.53,7.12,-0.69
1245,41.5,154,0,person,0.365,1081.5,393.6,1190.7,626.9,1136.1,510.2,1.37,3.42,3.68,-6.55
1245,41.5,176,0,person,0.574,929.8,352.6,1030.0,518.2,979.9,435.4,-0.16,0.01,0.16,0.16
1245,41.5,205,0,person,0.618,140.6,525.3,244.9,592.0,192.7,558.7,0.4,0.07,0.41,0.06
1245,41.5,203,0,person,0.541,0.0,171.6,54.1,320.0,27.0,245.8,-0.42,0.52,0.67,0.43
1245,41.5,209,0,person,0.425,733.5,332.6,817.4,520.7,775.5,426.7,0.13,0.22,0.25,0.28
1245,41.5,146,0,person,0.426,746.5,476.7,908.7,698.5,827.6,587.6,-5.09,-1.73,5.37,-2.26
1246,41.533,154,0,person,0.378,1081.0,395.9,1192.3,626.6,1136.7,511.2,0.52,1.0,1.13,-2.42
1246,41.533,176,0,person,0.577,929.8,352.0,1030.2,518.0,980.0,435.0,0.1,-0.36,0.37,-0.37
1246,41.533,205,0,person,0.62,141.3,525.8,244.9,592.0,193.1,558.9,0.35,0.23,0.42,0.16
1246,41.533,203,0,person,0.379,0.0,175.8,51.5,319.4,25.8,247.6,-1.27,1.84,2.24,1.32
1246,41.533,209,0,person,0.399,736.3,333.7,819.1,521.0,777.7,427.3,2.25,0.68,2.36,0.46
1246,41.533,146,0,person,0.367,739.4,472.0,903.9,699.5,821.7,585.8,-5.96,-1.85,6.24,-0.12
1247,41.567,154,0,person,0.378,1079.4,395.6,1193.9,626.6,1136.6,511.1,-0.01,-0.13,0.13,-1.12
1247,41.567,176,0,person,0.607,930.9,352.6,1031.1,518.5,981.0,435.6,1.04,0.52,1.16,0.88
1247,41.567,205,0,person,0.643,141.9,526.1,245.2,592.1,193.5,559.1,0.44,0.18,0.47,-0.06
1247,41.567,203,0,person,0.493,0.0,178.2,49.6,320.5,24.8,249.3,-0.97,1.68,1.94,-0.16
1247,41.567,209,0,person,0.433,740.2,335.2,819.6,516.5,779.9,425.9,2.16,-1.48,2.61,-2.16
1248,41.6,154,0,person,0.431,1078.0,395.6,1195.5,627.2,1136.7,511.4,0.07,0.29,0.3,0.42
1248,41.6,176,0,person,0.604,930.4,351.9,1031.5,519.5,981.0,435.7,-0.05,0.12,0.13,-0.4
1248,41.6,205,0,person,0.655,142.7,526.6,245.4,592.2,194.0,559.4,0.49,0.3,0.58,0.12
1248,41.6,203,0,person,0.501,0.0,179.3,48.4,321.0,24.2,250.2,-0.62,0.88,1.07,-0.81
1248,41.6,209,0,person,0.347,746.9,344.0,817.6,505.6,782.2,424.8,2.34,-1.03,2.56,0.44
1248,41.6,146,0,person,0.49,690.1,366.5,919.1,699.1,804.6,532.8,-8.54,-26.49,27.83,-12.32
1249,41.633,154,0,person,0.484,1076.8,395.5,1196.9,627.4,1136.8,511.5,0.12,0.06,0.14,-0.24
1249,41.633,176,0,person,0.64,931.1,351.0,1032.0,519.1,981.6,435.0,0.58,-0.65,0.88,-0.77
1249,41.633,205,0,person,0.651,143.5,527.1,245.6,592.2,194.5,559.6,0.51,0.26,0.57,-0.04
1249,41.633,203,0,person,0.428,0.0,180.8,47.5,321.8,23.7,251.3,-0.43,1.08,1.17,0.21
1249,41.633,209,0,person,0.396,747.4,337.9,818.5,500.9,783.0,419.4,0.74,-5.43,5.49,-4.4
1249,41.633,146,0,person,0.474,682.3,342.2,918.3,700.0,800.3,521.1,-4.27,-11.71,12.46,14.78
1250,41.667,154,0,person,0.427,1075.2,394.9,1197.7,627.3,1136.4,511.1,-0.43,-0.33,0.54,-0.39
1250,41.667,176,0,person,0.638,930.9,349.3,1032.3,519.0,981.6,434.2,0.02,-0.88,0.88,-0.22
1250,41.667,205,0,person,0.65,143.7,527.2,245.6,592.2,194.6,559.7,0.09,0.1,0.13,-0.16
1250,41.667,203,0,person,0.344,0.0,182.9,46.7,321.3,23.4,252.1,-0.38,0.82,0.9,-0.27
1250,41.667,209,0,person,0.377,750.5,346.1,816.2,495.9,783.3,421.0,0.39,1.62,1.66,7.05
1250,41.667,146,0,person,0.475,675.2,335.4,906.8,700.9,791.0,518.2,-9.31,-2.87,9.74,8.84
1251,41.7,154,0,person,0.416,1073.5,394.4,1198.2,627.3,1135.9,510.8,-0.55,-0.32,0.64,0.01
1251,41.7,176,0,person,0.647,931.0,348.4,1032.3,518.9,981.7,433.6,0.09,-0.54,0.54,0.34
1251,41.7,205,0,person,0.632,143.6,527.2,245.6,592.3,194.6,559.8,-0.03,0.03,0.04,-0.07
1251,41.7,203,0,person,0.338,0.0,183.3,46.3,321.2,23.1,252.2,-0.22,0.15,0.27,-0.66
1251,41.7,209,0,person,0.343,751.4,348.7,815.6,494.7,783.5,421.7,0.18,0.71,0.73,-0.91
1251,41.7,146,0,person,0.543,672.1,330.4,897.9,701.4,785.0,515.9,-5.98,-2.28,6.4,0.59
1252,41.733,154,0,person,0.391,1072.3,394.5,1198.7,627.6,1135.5,511.0,-0.36,0.22,0.42,0.55
1252,41.733,176,0,person,0.649,930.7,346.5,1032.4,518.6,981.6,432.6,-0.09,-1.04,1.04,-0.5
1252,41.733,205,0,person,0.629,143.1,527.0,245.5,592.2,194.3,559.6,-0.31,-0.16,0.35,-0.18
1252,41.733,209,0,person,0.401,749.4,339.8,817.5,495.0,783.4,417.4,-0.08,-4.33,4.33,-5.04
1253,41.767,154,0,person,0.369,1071.6,394.0,1199.8,627.8,1135.7,510.9,0.17,-0.12,0.21,-0.34
1253,41.767,176,0,person,0.621,930.3,343.6,1033.4,519.4,981.8,431.5,0.27,-1.09,1.12,-0.05
1253,41.767,205,0,person,0.607,142.4,526.6,245.2,592.2,193.8,559.4,-0.52,-0.19,0.56,-0.04
1253,41.767,146,0,person,0.46,661.5,322.5,880.7,699.6,771.1,511.1,-6.96,-2.43,7.37,-0.07
1254,41.8,176,0,person,0.597,930.1,339.9,1034.1,519.0,982.1,429.5,0.26,-2.01,2.03,-0.92
1254,41.8,205,0,person,0.608,141.7,526.3,244.9,592.3,193.3,559.3,-0.51,-0.13,0.52,0.07
1254,41.8,209,0,person,0.303,743.5,344.6,818.6,517.4,781.0,431.0,-1.2,6.8,6.9,5.56
1255,41.833,176,0,person,0.611,930.3,338.4,1034.2,519.0,982.2,428.7,0.14,-0.74,0.76,1.27
1255,41.833,205,0,person,0.638,141.6,526.1,244.9,592.3,193.3,559.2,-0.01,-0.07,0.07,0.06
1255,41.833,209,0,person,0.408,742.6,346.0,817.7,521.0,780.2,433.5,-0.87,2.54,2.69,-4.26
1255,41.833,146,0,person,0.407,657.7,323.4,865.7,698.8,761.7,511.1,-4.69,0.02,4.69,1.22
1256,41.867,176,0,person,0.626,931.1,337.3,1035.1,519.4,983.1,428.4,0.85,-0.35,0.92,0.39
1256,41.867,205,0,person,0.638,142.0,526.4,244.9,592.3,193.5,559.3,0.2,0.11,0.23,0.18
1256,41.867,209,0,person,0.361,742.1,345.9,816.5,521.0,779.3,433.5,-0.83,-0.06,0.83,-2.6
1257,41.9,176,0,person,0.635,932.2,337.0,1035.9,519.9,984.0,428.4,0.93,0.03,0.93,0.38
1257,41.9,205,0,person,0.636,142.7,526.8,244.9,592.3,193.8,559.6,0.34,0.26,0.43,0.15
1257,41.9,209,0,person,0.425,743.9,347.9,815.4,516.8,779.6,432.4,0.29,-1.12,1.15,-1.06
1257,41.9,154,0,person,0.399,1070.7,393.2,1200.8,627.6,1135.8,510.4,0.02,-0.13,0.13,-0.0
1258,41.933,176,0,person,0.649,933.4,335.9,1037.0,520.2,985.2,428.1,1.19,-0.35,1.24,-0.38
1258,41.933,205,0,person,0.609,143.7,527.2,245.4,592.4,194.5,559.8,0.7,0.22,0.74,-0.04
1258,41.933,209,0,person,0.421,744.0,349.3,814.2,515.7,779.1,432.5,-0.52,0.16,0.54,1.28
1258,41.933,154,0,person,0.425,1069.5,393.9,1200.7,627.6,1135.1,510.8,-0.66,0.37,0.76,0.5
1259,41.967,176,0,person,0.665,934.5,335.3,1037.9,520.8,986.2,428.0,0.99,-0.04,0.99,0.31
1259,41.967,205,0,person,0.54,144.6,527.5,245.8,592.4,195.2,560.0,0.66,0.18,0.69,-0.04
1259,41.967,209,0,person,0.411,742.8,350.4,812.4,516.1,777.6,433.2,-1.51,0.7,1.67,0.55
1259,41.967,154,0,person,0.402,1068.2,393.6,1200.7,627.7,1134.5,510.6,-0.64,-0.17,0.66,-0.54
1259,41.967,219,0,person,0.418,713.8,334.9,815.5,700.5,764.7,517.7,0.0,0.0,0.0,0.0
1260,42.0,176,0,person,0.69,934.8,332.5,1038.7,520.3,986.8,426.4,0.54,-1.62,1.71,-1.59
1260,42.0,205,0,person,0.575,144.7,527.6,245.8,592.4,195.3,560.0,0.12,0.01,0.12,-0.17
1260,42.0,209,0,person,0.371,741.0,350.5,812.3,520.4,776.6,435.4,-0.98,2.21,2.42,1.51
1260,42.0,154,0,person,0.449,1068.1,393.9,1201.3,627.6,1134.7,510.8,0.22,0.18,0.28,0.35
1260,42.0,219,0,person,0.312,712.3,333.8,815.4,704.1,763.9,518.9,-0.8,1.21,1.45,1.21
1261,42.033,176,0,person,0.692,934.3,329.0,1039.6,520.7,987.0,424.9,0.23,-1.54,1.55,0.09
1261,42.033,205,0,person,0.615,144.3,527.5,245.4,592.3,194.8,559.9,-0.45,-0.05,0.45,-0.06
1261,42.033,209,0,person,0.478,740.2,351.5,809.7,516.2,774.9,433.8,-1.71,-1.62,2.35,-3.83
1261,42.033,154,0,person,0.405,1066.6,393.5,1200.5,627.3,1133.6,510.4,-1.09,-0.39,1.16,-0.58
1261,42.033,222,2,car,0.38,170.4,190.7,227.3,232.3,198.9,211.5,0.0,0.0,0.0,0.0
1261,42.033,223,0,person,0.324,201.9,285.7,337.9,567.4,269.9,426.6,0.0,0.0,0.0,0.0
1261,42.033,203,0,person,0.305,0.0,180.3,48.9,330.1,24.4,255.2,0.13,0.29,0.32,0.01
1262,42.067,176,0,person,0.718,934.2,325.8,1040.0,520.0,987.1,422.9,0.09,-1.94,1.95,-0.41
1262,42.067,205,0,person,0.631,143.7,527.2,245.3,592.3,194.5,559.8,-0.35,-0.16,0.38,-0.12
1262,42.067,209,0,person,0.481,739.6,341.1,812.1,514.5,775.9,427.8,0.93,-6.02,6.09,-4.4
1262,42.067,154,0,person,0.421,1066.1,393.8,1200.3,627.1,1133.2,510.5,-0.41,0.07,0.42,0.46
1262,42.067,222,2,car,0.305,170.8,190.7,227.1,231.8,198.9,211.2,0.06,-0.25,0.26,-0.25
1262,42.067,223,0,person,0.334,201.6,282.9,338.5,566.4,270.1,424.7,0.17,-1.88,1.89,-1.88
1263,42.1,176,0,person,0.722,934.3,324.9,1039.7,519.1,987.0,422.0,-0.06,-0.91,0.91,1.04
1263,42.1,205,0,person,0.644,143.3,527.0,245.1,592.3,194.2,559.7,-0.26,-0.1,0.28,0.06
1263,42.1,209,0,person,0.494,739.5,336.6,812.9,514.0,776.2,425.3,0.35,-2.46,2.49,3.55
1263,42.1,154,0,person,0.446,1066.1,392.9,1201.4,627.1,1133.7,510.0,0.57,-0.44,0.72,-0.51
1263,42.1,223,0,person,0.337,203.1,284.1,336.3,559.7,269.7,421.9,-0.38,-2.78,2.8,-0.9
1264,42.133,176,0,person,0.698,935.0,323.6,1040.5,518.8,987.8,421.2,0.76,-0.8,1.1,0.11
1264,42.133,205,0,person,0.651,143.2,527.1,244.9,592.3,194.1,559.7,-0.18,0.06,0.19,0.17
1264,42.133,209,0,person,0.425,739.5,334.6,812.4,512.1,775.9,423.3,-0.26,-2.0,2.02,0.46
1264,42.133,154,0,person,0.461,1066.4,392.6,1202.6,627.3,1134.5,510.0,0.76,-0.05,0.76,0.39
1264,42.133,223,0,person,0.331,204.8,283.2,336.8,556.4,270.8,419.8,1.16,-2.08,2.38,0.7
1265,42.167,176,0,person,0.699,933.8,318.2,1041.7,518.4,987.7,418.3,-0.03,-2.93,2.93,-2.13
1265,42.167,205,0,person,0.659,143.2,527.1,244.8,592.3,194.0,559.7,-0.02,0.01,0.02,-0.05
1265,42.167,209,0,person,0.32,739.7,332.4,812.8,510.7,776.2,421.6,0.31,-1.75,1.78,0.25
1265,42.167,154,0,person,0.409,1065.5,389.3,1204.3,628.0,1134.9,508.7,0.4,-1.29,1.35,-1.23
1265,42.167,223,0,person,0.324,205.0,283.2,336.7,555.7,270.9,419.4,0.04,-0.4,0.4,1.68
1265,42.167,225,0,person,0.401,632.1,556.0,789.4,704.2,710.8,630.1,0.0,0.0,0.0,0.0
1265,42.167,208,0,person,0.353,816.4,306.7,914.9,499.8,865.6,403.3,0.72,0.2,0.75,0.03
1266,42.2,176,0,person,0.84,934.8,320.6,1041.5,518.1,988.2,419.3,0.44,1.06,1.14,3.99
1266,42.2,205,0,person,0.629,142.8,527.2,244.3,592.3,193.6,559.7,-0.49,0.0,0.49,-0.01
1266,42.2,209,0,person,0.452,737.2,331.3,813.5,518.5,775.4,424.9,-0.89,3.31,3.43,5.06
1266,42.2,154,0,person,0.733,1061.4,361.0,1215.2,628.4,1138.3,494.7,3.4,-13.98,14.39,-12.69
1266,42.2,223,0,person,0.31,205.5,282.2,336.1,552.4,270.8,417.3,-0.08,-2.12,2.12,-1.72
1266,42.2,225,0,person,0.871,595.3,510.4,800.7,704.5,698.0,607.5,-12.79,-22.6,25.96,-22.6
1266,42.2,208,0,person,0.323,813.7,286.8,917.6,501.2,865.7,394.0,0.01,-9.28,9.28,-9.48
1266,42.2,222,2,car,0.343,170.5,189.4,227.8,231.3,199.2,210.4,0.06,-0.22,0.23,0.01
1267,42.233,176,0,person,0.822,937.0,319.8,1043.6,517.9,990.3,418.8,2.16,-0.52,2.23,-1.58
1267,42.233,205,0,person,0.606,142.6,526.8,244.1,592.0,193.3,559.4,-0.22,-0.35,0.41,-0.35
1267,42.233,209,0,person,0.452,738.2,331.2,812.4,513.2,775.3,422.2,-0.06,-2.67,2.67,-5.98
1267,42.233,154,0,person,0.746,1060.4,350.2,1219.0,628.5,1139.7,489.3,1.4,-5.36,5.54,8.62
1267,42.233,225,0,person,0.839,580.7,498.4,799.5,705.7,690.1,602.1,-7.83,-5.4,9.51,17.2
1267,42.233,226,0,person,0.735,988.4,288.7,1135.4,557.9,1061.9,423.3,0.0,0.0,0.0,0.0
1267,42.233,222,2,car,0.325,169.9,189.4,227.0,231.0,198.5,210.2,-0.66,-0.18,0.68,0.04
1268,42.267,176,0,person,0.802,938.2,318.8,1044.9,518.1,991.6,418.5,1.23,-0.35,1.28,0.17
1268,42.267,205,0,person,0.623,141.7,526.1,244.3,592.2,193.0,559.1,-0.36,-0.27,0.45,0.08
1268,42.267,209,0,person,0.371,737.7,331.4,811.3,512.2,774.5,421.8,-0.83,-0.4,0.93,2.26
1268,42.267,154,0,person,0.749,1060.5,345.6,1220.1,628.2,1140.3,486.9,0.57,-2.41,2.48,2.94
1268,42.267,225,0,person,0.846,574.2,499.6,791.3,705.7,682.7,602.7,-7.4,0.6,7.42,5.99
1268,42.267,226,0,person,0.718,989.1,288.9,1135.7,557.4,1062.4,423.1,0.47,-0.18,0.51,-0.18
1268,42.267,222,2,car,0.369,169.7,188.7,227.3,230.6,198.5,209.7,-0.0,-0.51,0.51,-0.33
1268,42.267,223,0,person,0.352,205.7,282.0,334.9,548.8,270.3,415.4,-0.25,-0.95,0.98,0.58
1269,42.3,176,0,person,0.781,938.0,316.8,1045.9,519.9,991.9,418.3,0.37,-0.12,0.39,0.23
1269,42.3,205,0,person,0.636,141.1,525.4,244.5,592.2,192.8,558.8,-0.15,-0.31,0.35,-0.04
1269,42.3,154,0,person,0.767,1061.0,343.5,1220.6,628.5,1140.8,486.0,0.53,-0.92,1.06,1.49
1269,42.3,225,0,person,0.833,573.3,508.0,782.4,706.4,677.9,607.2,-4.89,4.55,6.68,3.95
1269,42.3,226,0,person,0.683,989.8,289.9,1135.8,557.4,1062.8,423.7,0.43,0.53,0.68,0.71
1269,42.3,227,0,person,0.382,637.4,280.1,742.4,521.9,689.9,401.0,0.0,0.0,0.0,0.0
1270,42.333,176,0,person,0.788,942.3,316.9,1048.8,519.2,995.6,418.0,3.61,-0.33,3.63,-0.21
1270,42.333,205,0,person,0.634,140.8,525.1,244.6,592.2,192.7,558.7,-0.13,-0.14,0.19,0.17
1270,42.333,154,0,person,0.75,1061.9,342.4,1220.7,628.2,1141.3,485.3,0.5,-0.69,0.85,0.23
1270,42.333,225,0,person,0.832,572.8,511.5,778.7,706.6,675.8,609.1,-2.08,1.86,2.79,-2.69
1270,42.333,226,0,person,0.703,991.1,290.0,1136.9,557.5,1064.0,423.7,1.16,0.09,1.16,-0.44
1270,42.333,227,0,person,0.475,631.5,280.1,737.9,525.7,684.7,402.9,-5.18,1.9,5.52,1.9
1271,42.367,176,0,person,0.767,941.4,317.0,1048.8,522.7,995.1,419.8,-0.43,1.82,1.87,2.15
1271,42.367,205,0,person,0.647,140.7,524.8,244.8,592.2,192.8,558.5,0.07,-0.14,0.16,0.0
1271,42.367,154,0,person,0.741,1063.1,341.8,1220.7,627.4,1141.9,484.6,0.62,-0.68,0.92,0.01
1271,42.367,225,0,person,0.612,573.3,517.7,773.5,706.9,673.4,612.3,-2.39,3.23,4.02,1.37
1271,42.367,226,0,person,0.759,993.3,289.7,1138.8,557.0,1066.1,423.3,2.07,-0.42,2.11,-0.51
1271,42.367,227,0,person,0.516,623.0,280.4,733.2,536.7,678.1,408.6,-6.62,5.66,8.71,3.77
1272,42.4,176,0,person,0.795,944.2,315.6,1051.4,524.2,997.8,419.9,2.65,0.05,2.65,-1.77
1272,42.4,205,0,person,0.646,141.2,524.6,245.3,592.2,193.2,558.4,0.48,-0.15,0.51,-0.01
1272,42.4,154,0,person,0.71,1064.0,341.5,1220.3,626.5,1142.1,484.0,0.21,-0.65,0.68,0.03
1272,42.4,226,0,person,0.755,995.3,289.2,1140.4,556.7,1067.9,422.9,1.81,-0.39,1.85,0.04
1272,42.4,227,0,person,0.475,616.7,287.8,724.1,540.6,670.4,414.2,-7.67,5.65,9.52,-0.01
1272,42.4,208,0,person,0.355,819.3,322.4,909.6,511.5,864.4,416.9,-0.2,3.82,3.83,2.18
1272,42.4,222,2,car,0.312,169.0,188.2,226.4,229.8,197.7,209.0,-0.2,-0.17,0.26,0.08
1273,42.433,176,0,person,0.826,947.2,314.8,1052.4,522.7,999.8,418.8,2.01,-1.14,2.31,-1.19
1273,42.433,205,0,person,0.63,140.5,524.0,245.3,592.1,192.9,558.1,-0.33,-0.28,0.43,-0.13
1273,42.433,154,0,person,0.736,1065.1,341.5,1220.1,625.6,1142.6,483.6,0.5,-0.42,0.65,0.23
1273,42.433,226,0,person,0.733,996.7,288.5,1141.3,556.0,1069.0,422.3,1.17,-0.67,1.35,-0.28
1273,42.433,227,0,person,0.509,615.8,284.4,723.1,541.0,669.4,412.7,-1.0,-1.52,1.82,-7.17
1273,42.433,208,0,person,0.304,818.9,322.5,909.4,513.9,864.2,418.2,-0.29,1.29,1.32,-2.53
1273,42.433,209,0,person,0.355,725.7,301.7,810.9,513.9,768.3,407.8,-1.23,-2.8,3.06,-0.48
1274,42.467,176,0,person,0.826,949.1,312.7,1054.3,524.6,1001.7,418.6,1.91,-0.11,1.91,1.02
1274,42.467,205,0,person,0.641,139.9,523.6,245.2,592.1,192.6,557.9,-0.37,-0.23,0.43,0.05
1274,42.467,154,0,person,0.767,1066.0,341.1,1220.4,625.3,1143.2,483.2,0.59,-0.36,0.7,0.05
1274,42.467,226,0,person,0.688,996.8,289.8,1140.2,555.6,1068.5,422.7,-0.52,0.41,0.67,1.08
1274,42.467,227,0,person,0.515,616.2,282.1,722.5,540.4,669.4,411.3,-0.04,-1.44,1.44,0.08
1274,42.467,208,0,person,0.363,817.3,322.2,908.0,515.0,862.6,418.6,-1.52,0.4,1.57,-0.9
1274,42.467,209,0,person,0.383,724.4,316.6,802.1,512.4,763.2,414.5,-5.06,6.63,8.34,9.43
1275,42.5,176,0,person,0.836,950.7,310.9,1055.9,526.8,1003.3,418.9,1.64,0.22,1.66,0.33
1275,42.5,205,0,person,0.618,139.3,523.4,244.8,592.1,192.1,557.8,-0.46,-0.1,0.47,0.13
1275,42.5,154,0,person,0.789,1066.9,340.7,1220.6,625.3,1143.7,483.0,0.54,-0.2,0.58,0.16
1275,42.5,226,0,person,0.758,995.3,287.1,1140.5,555.8,1067.9,421.4,-0.57,-1.26,1.38,-1.67
1275,42.5,227,0,person,0.602,615.6,284.3,718.8,539.9,667.2,412.1,-2.17,0.85,2.33,2.29
1275,42.5,208,0,person,0.568,814.9,322.5,906.4,517.6,860.7,420.1,-1.97,1.46,2.45,1.06
1275,42.5,209,0,person,0.394,723.9,305.0,803.2,507.1,763.5,406.0,0.31,-8.44,8.44,-15.07
1276,42.533,176,0,person,0.824,952.1,309.9,1056.8,528.4,1004.4,419.1,1.11,0.28,1.15,0.06
1276,42.533,205,0,person,0.593,139.3,523.3,244.8,592.1,192.1,557.7,-0.02,-0.08,0.08,0.02
1276,42.533,154,0,person,0.796,1069.1,340.1,1222.4,624.9,1145.7,482.5,1.99,-0.53,2.06,-0.34
1276,42.533,226,0,person,0.732,997.7,286.3,1142.7,554.1,1070.2,420.2,2.28,-1.24,2.59,0.02
1276,42.533,227,0,person,0.552,621.2,279.2,724.1,537.8,672.7,408.5,5.44,-3.6,6.52,-4.45
1276,42.533,208,0,person,0.497,817.7,322.1,909.5,520.1,863.6,421.1,2.92,1.04,3.1,-0.41
1276,42.533,209,0,person,0.321,724.3,302.3,803.2,504.9,763.8,403.6,0.22,-2.43,2.44,6.0
1276,42.533,228,24,package,0.448,842.6,355.1,883.0,407.8,862.8,381.5,0.0,0.0,0.0,0.0
1277,42.567,176,0,person,0.817,952.8,308.9,1059.4,535.9,1006.1,422.4,1.65,3.28,3.67,2.99
1277,42.567,205,0,person,0.579,139.8,523.0,245.4,591.8,192.6,557.4,0.52,-0.25,0.58,-0.17
1277,42.567,154,0,person,0.811,1070.6,339.3,1224.0,625.3,1147.3,482.3,1.55,-0.2,1.57,0.33
1277,42.567,226,0,person,0.773,1000.5,286.6,1145.8,554.5,1073.1,420.5,2.92,0.37,2.95,1.61
1277,42.567,227,0,person,0.596,629.8,276.8,731.7,535.0,680.8,405.9,8.13,-2.57,8.53,1.02
1277,42.567,208,0,person,0.484,813.1,309.3,912.7,525.1,862.9,417.2,-0.68,-3.94,4.0,-4.99
1277,42.567,209,0,person,0.36,727.5,298.7,809.0,506.5,768.2,402.6,4.45,-1.0,4.56,1.44
1277,42.567,228,24,package,0.544,843.5,352.9,883.5,404.9,863.5,378.9,0.71,-2.56,2.65,-2.56
1278,42.6,176,0,person,0.759,954.7,306.6,1060.4,535.8,1007.6,421.2,1.47,-1.25,1.93,-4.53
1278,42.6,205,0,person,0.553,141.4,522.6,247.6,591.8,194.5,557.2,1.9,-0.24,1.92,0.01
1278,42.6,154,0,person,0.817,1072.1,339.4,1225.4,626.4,1148.7,482.9,1.43,0.64,1.57,0.84
1278,42.6,226,0,person,0.8,1007.8,287.1,1151.6,553.8,1079.7,420.5,6.56,-0.09,6.56,-0.46
1278,42.6,227,0,person,0.677,633.0,276.1,734.8,536.7,683.9,406.4,3.11,0.48,3.15,3.06
1278,42.6,208,0,person,0.575,809.2,283.4,917.3,521.7,863.3,402.5,0.37,-14.62,14.62,-10.67
1278,42.6,228,24,package,0.525,843.2,349.9,884.0,403.0,863.6,376.4,0.11,-2.47,2.48,0.08
1279,42.633,176,0,person,0.755,958.2,306.2,1059.9,529.7,1009.0,418.0,1.46,-3.18,3.5,-1.93
1279,42.633,205,0,person,0.618,142.6,522.4,249.1,591.8,195.9,557.1,1.38,-0.07,1.38,0.17
1279,42.633,154,0,person,0.834,1073.2,340.3,1226.2,627.7,1149.7,484.0,0.99,1.09,1.47,0.45
1279,42.633,226,0,person,0.768,1010.6,287.9,1153.9,554.3,1082.3,421.1,2.58,0.61,2.65,0.7
1279,42.633,227,0,person,0.607,636.2,276.1,735.8,533.6,686.0,404.9,2.09,-1.53,2.59,-2.01
1279,42.633,208,0,person,0.629,809.8,278.5,917.6,518.3,863.7,398.4,0.42,-4.16,4.18,10.45
1279,42.633,228,24,package,0.646,842.7,345.4,886.1,401.8,864.4,373.6,0.81,-2.87,2.98,-0.39
1280,42.667,176,0,person,0.758,959.2,303.3,1060.5,528.7,1009.9,416.0,0.84,-1.98,2.15,1.2
1280,42.667,205,0,person,0.668,144.1,522.8,250.2,591.9,197.1,557.4,1.24,0.24,1.26,0.32
1280,42.667,154,0,person,0.819,1074.8,341.0,1227.3,628.2,1151.1,484.6,1.36,0.63,1.5,-0.46
1280,42.667,226,0,person,0.708,1008.7,288.4,1152.7,555.6,1080.7,422.0,-1.56,0.95,1.83,0.34
1280,42.667,227,0,person,0.617,639.0,275.5,737.2,531.8,688.1,403.7,2.16,-1.22,2.48,0.31
1280,42.667,208,0,person,0.578,808.8,288.6,914.8,522.5,861.8,405.6,-1.88,7.18,7.43,11.35
1280,42.667,228,24,package,0.579,842.1,341.6,888.4,401.7,865.3,371.7,0.84,-1.88,2.05,0.99
1280,42.667,209,0,person,0.427,727.0,334.5,792.3,502.0,759.7,418.3,-2.84,5.23,5.95,2.08
1281,42.7,176,0,person,0.734,960.9,304.2,1060.4,528.0,1010.7,416.1,0.81,0.12,0.82,2.1
1281,42.7,205,0,person,0.669,145.7,523.2,251.7,592.1,198.7,557.7,1.58,0.33,1.61,0.09
1281,42.7,154,0,person,0.809,1076.1,341.7,1228.0,628.7,1152.0,485.2,0.95,0.56,1.1,-0.07
1281,42.7,226,0,person,0.766,1011.5,288.3,1155.5,556.0,1083.5,422.1,2.75,0.1,2.75,-0.86
1281,42.7,227,0,person,0.699,641.4,275.2,740.2,534.8,690.8,405.0,2.62,1.32,2.93,2.54
1281,42.7,208,0,person,0.587,805.1,285.5,915.2,526.3,860.1,405.9,-1.66,0.31,1.69,-6.87
1281,42.7,228,24,package,0.539,841.4,339.7,889.4,401.7,865.4,370.7,0.09,-1.0,1.0,0.88
1281,42.7,209,0,person,0.459,726.2,320.2,796.0,500.8,761.1,410.5,1.41,-7.75,7.88,-12.98
1282,42.733,176,0,person,0.753,962.0,303.6,1060.8,528.3,1011.4,416.0,0.75,-0.17,0.77,-0.28
1282,42.733,205,0,person,0.645,146.8,523.3,252.6,592.2,199.7,557.8,0.98,0.1,0.98,-0.23
1282,42.733,154,0,person,0.805,1077.2,341.6,1229.0,629.2,1153.1,485.4,1.1,0.19,1.11,-0.36
1282,42.733,226,0,person,0.785,1009.7,287.4,1155.0,556.6,1082.4,422.0,-1.11,-0.13,1.11,-0.23
1282,42.733,227,0,person,0.678,642.8,274.9,741.4,536.1,692.1,405.5,1.33,0.54,1.44,-0.78
1282,42.733,208,0,person,0.593,807.6,281.1,918.0,523.2,862.8,402.1,2.68,-3.76,4.62,-4.07
1282,42.733,228,24,package,0.516,840.8,337.3,891.1,402.3,866.0,369.8,0.6,-0.9,1.08,0.1
1282,42.733,209,0,person,0.412,725.7,324.8,794.2,500.9,759.9,412.8,-1.17,2.32,2.6,10.08
1283,42.767,176,0,person,0.75,963.5,304.0,1061.1,528.2,1012.3,416.1,0.86,0.14,0.87,0.31
1283,42.767,205,0,person,0.63,148.0,523.3,253.8,592.3,200.9,557.8,1.23,-0.03,1.23,-0.14
1283,42.767,154,0,person,0.81,1078.1,341.2,1229.8,629.5,1154.0,485.4,0.86,-0.0,0.86,-0.2
1283,42.767,226,0,person,0.79,1009.4,287.2,1155.2,556.5,1082.3,421.9,-0.06,-0.12,0.13,0.01
1283,42.767,227,0,person,0.648,645.6,274.7,741.7,530.5,693.6,402.6,1.54,-2.89,3.27,-3.43
1283,42.767,208,0,person,0.504,812.6,277.2,922.6,521.5,867.6,399.4,4.77,-2.73,5.5,1.03
1283,42.767,228,24,package,0.53,840.6,337.1,891.0,402.1,865.8,369.6,-0.14,-0.17,0.22,0.73
1283,42.767,209,0,person,0.514,728.5,328.7,795.1,501.3,761.8,415.0,1.87,2.17,2.87,-0.15
1283,42.767,223,0,person,0.348,200.5,269.1,338.4,548.4,269.5,408.8,-0.06,-0.44,0.45,0.03
1284,42.8,176,0,person,0.751,965.1,303.3,1061.8,527.4,1013.4,415.3,1.15,-0.75,1.37,-0.89
1284,42.8,205,0,person,0.625,148.8,523.5,254.1,592.3,201.5,557.9,0.56,0.14,0.58,0.17
1284,42.8,154,0,person,0.796,1079.7,341.1,1231.4,629.6,1155.5,485.3,1.57,-0.06,1.57,-0.06
1284,42.8,226,0,person,0.78,1011.3,287.5,1157.1,556.4,1084.2,422.0,1.87,0.09,1.87,0.2
1284,42.8,227,0,person,0.683,646.9,274.7,742.1,529.2,694.5,401.9,0.86,-0.69,1.1,2.2
1284,42.8,208,0,person,0.563,809.1,294.5,911.6,523.6,860.3,409.1,-7.26,9.69,12.11,12.42
1284,42.8,228,24,package,0.435,839.8,337.5,889.7,401.6,864.8,369.5,-1.08,-0.08,1.08,0.09
1284,42.8,209,0,person,0.499,728.4,328.2,794.3,501.9,761.3,415.0,-0.46,0.02,0.46,-2.15
1284,42.8,223,0,person,0.381,199.0,269.7,340.0,551.6,269.5,410.6,0.06,1.87,1.87,2.31
1285,42.833,176,0,person,0.754,966.0,303.2,1061.7,527.5,1013.9,415.4,0.43,0.02,0.43,0.77
1285,42.833,205,0,person,0.635,149.7,523.4,254.9,592.2,202.3,557.8,0.84,-0.11,0.85,-0.25
1285,42.833,154,0,person,0.798,1080.2,340.9,1232.1,630.5,1156.1,485.7,0.59,0.4,0.71,0.47
1285,42.833,226,0,person,0.765,1010.5,287.6,1156.8,556.3,1083.7,421.9,-0.52,-0.03,0.52,-0.11
1285,42.833,227,0,person,0.668,646.2,275.2,742.1,532.9,694.1,404.0,-0.35,2.07,2.1,2.76
1285,42.833,208,0,person,0.54,803.7,296.0,909.8,531.3,856.7,413.6,-3.6,4.56,5.81,-5.13
1285,42.833,228,24,package,0.411,838.4,335.9,889.6,401.5,864.0,368.7,-0.75,-0.82,1.11,-0.74
1285,42.833,209,0,person,0.561,728.5,331.7,793.1,504.1,760.8,417.9,-0.55,2.86,2.91,2.84
1285,42.833,223,0,person,0.405,198.8,270.1,341.4,552.9,270.1,411.5,0.57,0.91,1.07,-0.97
1286,42.867,176,0,person,0.752,966.9,301.7,1061.9,526.7,1014.4,414.2,0.57,-1.13,1.26,-1.14
1286,42.867,205,0,person,0.635,150.2,523.4,255.4,592.2,202.8,557.8,0.47,-0.04,0.47,0.07
1286,42.867,154,0,person,0.792,1081.0,341.1,1233.3,631.5,1157.2,486.3,1.02,0.59,1.18,0.19
1286,42.867,226,0,person,0.769,1009.9,287.3,1156.6,555.6,1083.3,421.5,-0.39,-0.48,0.61,-0.45
1286,42.867,227,0,person,0.541,647.0,275.6,741.6,530.7,694.3,403.2,0.15,-0.86,0.87,-2.93
1286,42.867,208,0,person,0.579,806.2,298.9,909.9,529.2,858.1,414.0,1.33,0.4,1.39,-4.16
1286,42.867,209,0,person,0.557,729.2,337.7,791.0,504.0,760.1,420.8,-0.7,2.94,3.02,0.09
1286,42.867,223,0,person,0.367,197.3,271.6,340.4,557.0,268.9,414.3,-1.23,2.76,3.02,1.85
1287,42.9,176,0,person,0.749,966.9,297.4,1062.5,526.3,1014.7,411.8,0.23,-2.38,2.39,-1.26
1287,42.9,205,0,person,0.659,150.6,523.3,255.7,592.2,203.2,557.7,0.39,-0.01,0.39,0.03
1287,42.9,154,0,person,0.79,1081.3,341.3,1234.4,633.7,1157.8,487.5,0.66,1.22,1.39,0.63
1287,42.9,226,0,person,0.758,1009.6,287.4,1156.9,555.8,1083.3,421.6,-0.01,0.16,0.16,0.63
1287,42.9,227,0,person,0.624,646.4,275.1,741.5,532.7,694.0,403.9,-0.34,0.72,0.8,1.58
1287,42.9,208,0,person,0.582,809.7,303.7,909.4,524.5,859.5,414.1,1.48,0.04,1.48,-0.36
1287,42.9,209,0,person,0.464,728.3,334.2,792.1,507.4,760.2,420.8,0.12,-0.03,0.12,-2.97
1287,42.9,223,0,person,0.341,197.7,270.8,340.1,555.8,268.9,413.3,0.07,-1.01,1.01,-3.77
1287,42.9,228,24,package,0.429,830.5,336.8,883.8,404.5,857.2,370.7,-3.41,0.98,3.55,0.9
1288,42.933,176,0,person,0.748,967.5,297.6,1062.1,526.2,1014.8,411.9,0.14,0.05,0.14,2.43
1288,42.933,205,0,person,0.667,151.0,523.2,256.2,592.2,203.6,557.7,0.44,-0.05,0.45,-0.04
1288,42.933,154,0,person,0.803,1081.4,341.4,1234.7,634.6,1158.0,488.0,0.21,0.47,0.52,-0.75
1288,42.933,226,0,person,0.781,1009.8,287.4,1157.4,555.9,1083.6,421.7,0.36,0.06,0.36,-0.1
1288,42.933,227,0,person,0.68,646.6,275.1,741.7,533.1,694.2,404.1,0.2,0.19,0.28,-0.53
1288,42.933,208,0,person,0.532,806.6,306.3,907.8,528.6,857.2,417.5,-2.35,3.39,4.12,3.35
1288,42.933,209,0,person,0.622,728.7,336.4,791.3,507.3,760.0,421.9,-0.23,1.06,1.08,1.09
1288,42.933,223,0,person,0.31,197.9,274.1,338.2,556.3,268.0,415.2,-0.88,1.88,2.08,2.89
1288,42.933,229,0,person,0.333,871.3,315.9,915.8,502.3,893.6,409.1,0.0,0.0,0.0,0.0
1288,42.933,228,24,package,0.517,829.8,339.0,882.5,405.0,856.1,372.0,-1.04,1.34,1.69,0.36
1289,42.967,176,0,person,0.767,968.7,296.9,1062.6,526.0,1015.7,411.4,0.87,-0.46,0.98,-0.5
1289,42.967,205,0,person,0.674,151.8,523.1,257.2,592.1,204.5,557.6,0.87,-0.09,0.88,-0.04
1289,42.967,154,0,person,0.794,1081.7,341.9,1234.4,634.0,1158.1,488.0,0.04,-0.03,0.05,-0.5
1289,42.967,226,0,person,0.782,1010.5,287.2,1158.3,555.7,1084.4,421.4,0.78,-0.23,0.81,-0.29
1289,42.967,227,0,person,0.611,647.2,274.9,742.1,533.5,694.6,404.2,0.5,0.13,0.51,-0.05
1289,42.967,208,0,person,0.547,792.0,305.4,899.1,532.3,845.5,418.8,-11.68,1.36,11.76,-2.02
1289,42.967,209,0,person,0.625,728.7,330.9,792.5,507.0,760.6,418.9,0.61,-2.92,2.99,-3.98
1289,42.967,223,0,person,0.322,200.9,275.4,340.6,556.0,270.7,415.7,2.67,0.52,2.72,-1.36
1289,42.967,228,24,package,0.329,826.3,340.0,880.5,407.5,853.4,373.7,-2.77,1.73,3.27,0.4
1290,43.0,176,0,person,0.764,970.2,296.5,1063.3,526.2,1016.8,411.4,1.09,-0.07,1.09,0.38
1290,43.0,205,0,person,0.666,151.7,522.3,258.4,592.6,205.1,557.4,0.57,-0.16,0.6,-0.07
1290,43.0,154,0,person,0.803,1082.2,342.1,1234.2,633.2,1158.2,487.7,0.1,-0.31,0.33,-0.28
1290,43.0,226,0,person,0.804,1010.8,286.8,1158.8,555.8,1084.8,421.3,0.4,-0.14,0.42,0.09
1290,43.0,227,0,person,0.574,647.6,275.3,742.0,533.8,694.8,404.6,0.16,0.35,0.38,0.22
1290,43.0,208,0,person,0.674,788.6,304.8,897.6,532.0,843.1,418.4,-2.4,-0.39,2.44,-1.75
1290,43.0,209,0,person,0.584,729.8,331.5,793.4,509.4,761.6,420.5,0.98,1.55,1.83,4.47
1291,43.033,176,0,person,0.739,971.5,297.5,1063.4,526.4,1017.5,412.0,0.72,0.59,0.93,0.66
1291,43.033,205,0,person,0.669,152.6,522.4,258.5,592.3,205.5,557.4,0.48,-0.05,0.48,0.1
1291,43.033,154,0,person,0.801,1082.4,341.9,1234.0,632.3,1158.2,487.1,0.05,-0.55,0.55,-0.24
1291,43.033,226,0,person,0.82,1012.5,286.2,1160.1,555.1,1086.3,420.6,1.51,-0.67,1.65,-0.52
1291,43.033,227,0,person,0.736,647.0,275.1,741.5,534.6,694.3,404.8,-0.54,0.3,0.62,-0.05
1291,43.033,208,0,person,0.721,782.6,305.0,894.3,534.0,838.5,419.5,-4.66,1.06,4.78,1.44
1291,43.033,209,0,person,0.651,729.5,328.5,792.3,505.5,760.9,417.0,-0.68,-3.46,3.53,-5.01
1291,43.033,223,0,person,0.311,206.8,274.6,344.6,547.6,275.7,411.1,2.49,-2.31,3.4,-1.42
1292,43.067,176,0,person,0.744,972.4,295.1,1064.2,526.5,1018.3,410.8,0.79,-1.17,1.41,-1.76
1292,43.067,205,0,person,0.641,153.2,522.4,258.8,592.2,206.0,557.3,0.45,-0.06,0.46,-0.01
1292,43.067,154,0,person,0.796,1081.6,341.0,1233.2,632.2,1157.4,486.6,-0.8,-0.46,0.93,0.09
1292,43.067,226,0,person,0.826,1012.8,285.8,1160.1,554.7,1086.5,420.3,0.15,-0.36,0.39,0.31
1292,43.067,227,0,person,0.657,647.4,274.5,741.9,534.9,694.7,404.7,0.41,-0.14,0.43,-0.44
1292,43.067,208,0,person,0.615,786.5,308.0,891.9,523.0,839.2,415.5,0.74,-4.01,4.08,-5.07
1292,43.067,209,0,person,0.596,729.9,328.8,791.8,505.1,760.8,416.9,-0.05,-0.07,0.09,3.39
1292,43.067,223,0,person,0.315,205.4,276.4,344.7,550.4,275.1,413.4,-0.63,2.33,2.41,4.64
1293,43.1,176,0,person,0.73,974.1,296.7,1064.3,526.4,1019.2,411.5,0.95,0.73,1.2,1.9
1293,43.1,205,0,person,0.576,153.9,522.3,259.4,592.2,206.7,557.3,0.66,-0.05,0.67,0.01
1293,43.1,154,0,person,0.789,1081.2,340.7,1232.9,632.6,1157.0,486.6,-0.39,0.0,0.39,0.46
1293,43.1,226,0,person,0.829,1013.3,285.6,1160.2,554.5,1086.7,420.1,0.28,-0.17,0.32,0.19
1293,43.1,227,0,person,0.729,647.0,274.8,741.4,535.5,694.2,405.2,-0.48,0.48,0.67,0.62
1293,43.1,208,0,person,0.668,779.0,308.7,887.2,528.4,833.1,418.6,-6.13,3.1,6.87,7.12
1293,43.1,209,0,person,0.496,730.2,328.4,791.8,505.1,761.0,416.7,0.18,-0.2,0.27,-0.13
1294,43.133,176,0,person,0.736,975.5,296.9,1064.6,526.2,1020.1,411.6,0.85,0.04,0.85,-0.7
1294,43.133,205,0,person,0.56,154.7,522.4,260.0,592.3,207.3,557.3,0.68,0.04,0.68,0.09
1294,43.133,154,0,person,0.785,1081.2,340.4,1232.9,632.9,1157.0,486.6,0.04,-0.0,0.04,-0.01
1294,43.133,226,0,person,0.833,1014.1,285.7,1160.5,554.2,1087.3,420.0,0.56,-0.13,0.58,0.04
1294,43.133,227,0,person,0.707,646.8,275.1,741.0,536.3,693.9,405.7,-0.3,0.53,0.61,0.06
1294,43.133,208,0,person,0.686,775.0,308.0,885.9,532.3,830.5,420.2,-2.61,1.6,3.06,-1.51
1294,43.133,209,0,person,0.487,730.8,311.7,798.2,506.2,764.5,409.0,3.5,-7.77,8.52,-7.57
1295,43.167,176,0,person,0.732,978.0,298.6,1065.1,525.0,1021.5,411.8,1.48,0.26,1.5,0.22
1295,43.167,205,0,person,0.571,155.1,522.4,260.2,592.3,207.6,557.4,0.28,0.04,0.29,-0.01
1295,43.167,154,0,person,0.773,1081.5,340.1,1232.5,631.8,1157.0,485.9,-0.08,-0.72,0.72,-0.71
1295,43.167,226,0,person,0.832,1014.8,285.5,1160.8,553.8,1087.8,419.7,0.54,-0.31,0.62,-0.18
1295,43.167,227,0,person,0.683,646.0,275.3,739.8,536.8,692.9,406.0,-1.01,0.32,1.06,-0.21
1295,43.167,208,0,person,0.71,772.5,312.3,883.4,534.9,828.0,423.6,-2.49,3.45,4.25,1.85
1295,43.167,209,0,person,0.447,732.8,304.2,802.9,506.7,767.8,405.4,3.32,-3.51,4.84,4.26
1296,43.2,176,0,person,0.727,979.6,300.9,1064.7,524.7,1022.1,412.8,0.58,0.96,1.12,0.7
1296,43.2,205,0,person,0.556,155.0,522.1,260.3,592.3,207.7,557.2,0.04,-0.18,0.18,-0.21
1296,43.2,154,0,person,0.791,1079.6,339.1,1230.0,631.5,1154.8,485.3,-2.19,-0.64,2.28,0.08
1296,43.2,226,0,person,0.837,1014.6,285.3,1160.5,553.8,1087.6,419.6,-0.26,-0.09,0.28,0.21
1296,43.2,227,0,person,0.776,646.3,274.8,740.0,536.7,693.1,405.7,0.21,-0.3,0.37,-0.62
1296,43.2,208,0,person,0.7,773.9,311.9,882.6,529.0,828.2,420.5,0.28,-3.15,3.16,-6.59
1296,43.2,209,0,person,0.561,731.8,298.8,803.7,507.5,767.7,403.2,-0.11,-2.26,2.27,1.25
1297,43.233,176,0,person,0.721,980.7,303.4,1063.9,524.5,1022.3,414.0,0.17,1.19,1.2,0.23
1297,43.233,205,0,person,0.563,154.6,521.6,260.3,592.4,207.5,557.0,-0.18,-0.2,0.27,-0.02
1297,43.233,154,0,person,0.779,1079.0,337.9,1229.0,631.4,1154.0,484.6,-0.8,-0.65,1.03,-0.01
1297,43.233,226,0,person,0.839,1014.5,285.1,1160.5,554.0,1087.5,419.6,-0.03,-0.0,0.03,0.09
1297,43.233,227,0,person,0.764,645.8,274.6,739.1,536.5,692.4,405.6,-0.67,-0.15,0.69,0.15
1297,43.233,208,0,person,0.73,769.0,308.5,881.2,532.7,825.1,420.6,-3.14,0.11,3.14,3.26
1297,43.233,209,0,person,0.489,730.3,296.2,802.9,508.2,766.6,402.2,-1.09,-1.01,1.49,1.26
1298,43.267,176,0,person,0.702,980.6,300.4,1063.9,524.3,1022.3,412.3,-0.02,-1.62,1.62,-2.81
1298,43.267,205,0,person,0.56,154.3,521.3,260.1,592.3,207.2,556.8,-0.29,-0.16,0.33,0.04
1298,43.267,154,0,person,0.778,1078.8,336.7,1228.5,631.3,1153.6,484.0,-0.37,-0.63,0.73,0.02
1298,43.267,226,0,person,0.843,1014.1,284.8,1160.2,554.1,1087.1,419.5,-0.39,-0.1,0.4,-0.1
1298,43.267,227,0,person,0.785,646.1,274.0,739.1,535.9,692.6,405.0,0.19,-0.63,0.66,-0.48
1298,43.267,208,0,person,0.604,766.3,306.1,877.1,530.4,821.7,418.2,-3.41,-2.36,4.15,-2.48
1298,43.267,209,0,person,0.484,729.6,292.4,802.9,507.9,766.3,400.1,-0.38,-2.04,2.07,-1.03
1299,43.3,176,0,person,0.691,981.3,294.2,1065.2,523.2,1023.3,408.7,0.99,-3.66,3.79,-2.04
1299,43.3,205,0,person,0.53,153.4,520.9,259.5,592.4,206.4,556.6,-0.77,-0.18,0.8,-0.03
1299,43.3,154,0,person,0.735,1081.7,337.7,1230.3,630.3,1156.0,484.0,2.39,-0.0,2.39,0.63
1299,43.3,226,0,person,0.847,1013.5,284.7,1159.6,553.2,1086.5,418.9,-0.6,-0.53,0.8,-0.43
1299,43.3,227,0,person,0.786,646.0,273.9,738.3,534.7,692.2,404.3,-0.46,-0.68,0.82,-0.05
1299,43.3,208,0,person,0.623,758.7,305.8,866.6,526.7,812.7,416.2,-9.03,-1.99,9.25,0.37
1299,43.3,209,0,person,0.447,728.5,291.3,801.5,508.4,765.0,399.8,-1.25,-0.31,1.29,1.73
1300,43.333,176,0,person,0.683,981.9,291.2,1065.5,522.8,1023.7,407.0,0.43,-1.7,1.75,1.96
1300,43.333,205,0,person,0.546,152.8,520.4,259.4,592.4,206.1,556.4,-0.31,-0.22,0.38,-0.03
1300,43.333,154,0,person,0.745,1083.5,338.1,1231.2,628.9,1157.4,483.5,1.37,-0.48,1.46,-0.48
1300,43.333,226,0,person,0.847,1014.4,284.4,1160.2,552.5,1087.3,418.4,0.78,-0.48,0.92,0.04
1300,43.333,227,0,person,0.802,645.9,273.5,738.1,534.8,692.0,404.2,-0.16,-0.09,0.19,0.59
1300,43.333,208,0,person,0.685,755.2,306.0,862.2,527.5,808.7,416.8,-3.95,0.54,3.99,2.53
1300,43.333,209,0,person,0.446,727.3,292.0,799.9,510.3,763.6,401.2,-1.4,1.33,1.93,1.64
1301,43.367,176,0,person,0.703,983.6,295.8,1064.4,522.1,1024.0,408.9,0.32,1.94,1.96,3.63
1301,43.367,205,0,person,0.567,152.4,519.8,259.8,592.4,206.1,556.1,-0.02,-0.33,0.33,-0.11
1301,43.367,154,0,person,0.735,1079.1,334.3,1227.4,629.5,1153.3,481.9,-4.1,-1.66,4.42,-1.17
1301,43.367,226,0,person,0.842,1015.6,284.5,1161.0,552.0,1088.3,418.3,0.95,-0.17,0.97,0.31
1301,43.367,227,0,person,0.802,646.1,273.3,738.1,534.8,692.1,404.0,0.09,-0.17,0.19,-0.08
1301,43.367,208,0,person,0.731,749.6,306.7,856.5,530.3,803.0,418.5,-5.68,1.77,5.95,1.23
1302,43.4,176,0,person,0.72,984.2,294.5,1064.2,521.6,1024.2,408.1,0.16,-0.87,0.88,-2.81
1302,43.4,205,0,person,0.603,152.2,519.4,259.7,592.5,205.9,555.9,-0.14,-0.17,0.22,0.16
1302,43.4,154,0,person,0.717,1082.7,336.6,1229.6,628.8,1156.1,482.7,2.85,0.81,2.96,2.47
1302,43.4,226,0,person,0.842,1016.0,284.3,1161.3,551.9,1088.7,418.1,0.39,-0.15,0.42,0.02
1302,43.4,227,0,person,0.785,646.3,273.2,737.7,534.0,692.0,403.6,-0.11,-0.38,0.39,-0.21
1302,43.4,208,0,person,0.745,744.7,312.5,850.0,532.9,797.3,422.7,-5.68,4.16,7.04,2.39
1302,43.4,223,0,person,0.304,200.8,274.2,338.4,550.2,269.6,412.2,-0.54,-0.12,0.56,-0.24
1303,43.433,176,0,person,0.713,984.2,294.1,1063.3,521.1,1023.8,407.6,-0.42,-0.47,0.63,0.4
1303,43.433,205,0,person,0.628,152.2,519.7,259.5,592.9,205.8,556.3,-0.11,0.37,0.38,0.54
1303,43.433,154,0,person,0.713,1083.9,337.5,1230.3,628.9,1157.1,483.2,0.97,0.53,1.1,-0.29
1303,43.433,226,0,person,0.842,1016.3,284.2,1161.5,551.9,1088.9,418.1,0.25,-0.06,0.25,0.09
1303,43.433,227,0,person,0.781,646.5,273.0,737.4,533.7,691.9,403.3,-0.04,-0.32,0.32,0.06
1303,43.433,208,0,person,0.735,742.7,315.6,846.6,533.4,794.7,424.5,-2.67,1.77,3.2,-2.4
1303,43.433,223,0,person,0.335,205.1,272.6,341.7,545.9,273.4,409.3,3.76,-2.92,4.76,-2.8
1304,43.467,176,0,person,0.719,983.2,295.3,1062.8,526.1,1023.0,410.7,-0.77,3.1,3.2,3.57
1304,43.467,205,0,person,0.628,152.3,519.4,259.3,592.6,205.8,556.0,-0.0,-0.3,0.3,-0.67
1304,43.467,154,0,person,0.698,1084.6,337.8,1230.7,628.5,1157.6,483.1,0.53,-0.06,0.53,-0.58
1304,43.467,226,0,person,0.84,1016.1,284.0,1161.6,552.2,1088.8,418.1,-0.08,0.06,0.1,0.12
1304,43.467,227,0,person,0.773,646.1,273.9,736.8,534.5,691.4,404.2,-0.5,0.84,0.98,1.16
1304,43.467,208,0,person,0.722,743.9,316.5,845.9,531.5,794.9,424.0,0.24,-0.5,0.55,-2.26
1304,43.467,223,0,person,0.342,209.3,271.0,343.5,538.3,276.4,404.6,3.06,-4.63,5.55,-1.71
1305,43.5,176,0,person,0.711,983.8,295.6,1061.6,523.0,1022.7,409.3,-0.26,-1.42,1.45,-4.53
1305,43.5,205,0,person,0.582,152.9,518.9,260.1,592.5,206.5,555.7,0.66,-0.3,0.73,0.0
1305,43.5,154,0,person,0.695,1084.5,337.9,1230.3,628.6,1157.4,483.3,-0.19,0.12,0.23,0.17
1305,43.5,226,0,person,0.839,1016.8,283.9,1162.1,552.4,1089.5,418.1,0.64,0.01,0.64,-0.05
1305,43.5,227,0,person,0.792,646.8,272.8,737.4,533.8,692.1,403.3,0.7,-0.83,1.09,-1.67
1305,43.5,208,0,person,0.739,745.5,314.9,847.6,532.3,796.6,423.6,1.65,-0.37,1.69,0.13
1306,43.533,176,0,person,0.725,983.8,299.3,1061.1,526.9,1022.4,413.1,-0.28,3.86,3.87,5.29
1306,43.533,205,0,person,0.562,154.0,518.7,261.0,592.3,207.5,555.5,1.02,-0.23,1.04,0.07
1306,43.533,154,0,person,0.7,1084.7,338.0,1230.3,628.5,1157.5,483.2,0.1,-0.01,0.1,-0.13
1306,43.533,226,0,person,0.835,1016.6,283.8,1161.9,552.5,1089.3,418.2,-0.19,0.07,0.2,0.06
1306,43.533,227,0,person,0.788,647.3,272.7,737.4,532.7,692.3,402.7,0.2,-0.59,0.62,0.24
1306,43.533,208,0,person,0.749,746.8,315.0,847.6,531.8,797.2,423.4,0.65,-0.17,0.67,0.2
1306,43.533,223,0,person,0.356,209.9,265.0,347.2,537.6,278.6,401.3,1.06,-1.66,1.97,1.49
1307,43.567,176,0,person,0.712,983.3,295.6,1061.5,528.3,1022.4,411.9,-0.03,-1.21,1.21,-5.07
1307,43.567,205,0,person,0.554,154.4,518.4,261.4,592.2,207.9,555.3,0.39,-0.16,0.42,0.07
1307,43.567,154,0,person,0.699,1084.7,337.6,1230.4,628.8,1157.6,483.2,0.03,-0.07,0.08,-0.06
1307,43.567,226,0,person,0.838,1017.1,283.8,1162.1,552.5,1089.6,418.1,0.34,-0.08,0.35,-0.14
1307,43.567,227,0,person,0.727,648.8,272.5,738.4,530.4,693.6,401.5,1.24,-1.28,1.78,-0.69
1307,43.567,208,0,person,0.707,748.5,313.5,849.5,532.6,799.0,423.0,1.78,-0.4,1.82,-0.23
1307,43.567,223,0,person,0.314,210.9,265.2,347.7,536.1,279.3,400.6,0.74,-0.69,1.01,0.97
1308,43.6,176,0,person,0.737,983.8,295.1,1060.2,524.2,1022.0,409.7,-0.41,-2.24,2.28,-1.04
1308,43.6,205,0,person,0.561,154.4,517.8,262.2,592.2,208.3,555.0,0.4,-0.35,0.53,-0.19
1308,43.6,154,0,person,0.734,1085.0,337.9,1230.0,627.8,1157.5,482.9,-0.06,-0.29,0.3,-0.22
1308,43.6,226,0,person,0.837,1017.8,283.8,1162.3,552.3,1090.0,418.0,0.41,-0.08,0.42,-0.01
1308,43.6,227,0,person,0.762,648.6,272.4,738.8,531.7,693.7,402.1,0.15,0.6,0.62,1.88
1308,43.6,208,0,person,0.774,747.3,312.0,849.1,533.4,798.2,422.7,-0.82,-0.32,0.88,0.09
1308,43.6,223,0,person,0.314,211.5,269.2,345.2,532.1,278.4,400.6,-0.93,0.01,0.93,0.71
1309,43.633,176,0,person,0.736,984.6,296.2,1059.4,522.3,1022.0,409.2,-0.0,-0.43,0.43,1.81
1309,43.633,205,0,person,0.554,153.9,517.0,262.4,592.2,208.2,554.6,-0.13,-0.39,0.42,-0.05
1309,43.633,154,0,person,0.756,1085.0,337.5,1229.9,627.0,1157.4,482.3,-0.09,-0.6,0.61,-0.31
1309,43.633,226,0,person,0.837,1017.9,283.7,1161.8,551.8,1089.8,417.7,-0.19,-0.31,0.36,-0.23
1309,43.633,227,0,person,0.728,646.9,273.2,737.3,533.2,692.1,403.2,-1.62,1.17,2.0,0.57
1309,43.633,208,0,person,0.789,747.4,311.0,849.6,533.5,798.5,422.2,0.33,-0.47,0.58,-0.15
1309,43.633,223,0,person,0.329,213.0,269.3,346.4,531.0,279.7,400.1,1.35,-0.52,1.44,-0.53
1310,43.667,176,0,person,0.738,984.7,297.2,1058.5,521.3,1021.6,409.2,-0.41,-0.03,0.41,0.4
1310,43.667,205,0,person,0.577,153.3,516.3,262.4,592.2,207.9,554.3,-0.32,-0.3,0.44,0.09
1310,43.667,154,0,person,0.755,1084.1,336.9,1228.8,625.6,1156.5,481.3,-0.95,-1.01,1.39,-0.41
1310,43.667,226,0,person,0.821,1017.8,283.4,1161.0,551.2,1089.4,417.3,-0.42,-0.45,0.61,-0.14
1310,43.667,227,0,person,0.715,649.1,272.1,738.3,528.4,693.7,400.2,1.58,-2.99,3.38,-4.17
1310,43.667,208,0,person,0.757,747.1,309.5,849.5,532.8,798.3,421.1,-0.19,-1.14,1.15,-0.67
1311,43.7,176,0,person,0.728,984.3,299.9,1056.7,520.4,1020.5,410.1,-1.11,0.93,1.45,0.96
1311,43.7,205,0,person,0.585,152.9,515.7,263.0,592.6,208.0,554.2,0.11,-0.09,0.14,0.22
1311,43.7,154,0,person,0.748,1083.1,336.0,1227.3,623.4,1155.2,479.7,-1.26,-1.58,2.02,-0.57
1311,43.7,226,0,person,0.811,1017.7,283.0,1159.8,549.7,1088.8,416.4,-0.65,-0.9,1.11,-0.45
1311,43.7,227,0,person,0.751,649.0,271.1,739.5,529.9,694.2,400.5,0.55,0.26,0.61,3.26
1311,43.7,208,0,person,0.697,746.6,308.3,848.9,532.1,797.8,420.2,-0.53,-0.9,1.05,0.24
1311,43.7,223,0,person,0.307,214.7,272.1,346.0,527.6,280.3,399.8,0.31,-0.14,0.34,0.19
1312,43.733,176,0,person,0.752,981.8,290.5,1056.6,519.8,1019.2,405.1,-1.27,-5.03,5.19,-5.96
1312,43.733,205,0,person,0.588,150.9,514.6,262.8,593.1,206.9,553.8,-1.07,-0.35,1.13,-0.26
1312,43.733,154,0,person,0.725,1081.8,334.5,1226.0,621.3,1153.9,477.9,-1.27,-1.79,2.19,-0.21
1312,43.733,226,0,person,0.792,1017.5,282.9,1158.6,548.0,1088.1,415.5,-0.72,-0.93,1.18,-0.03
1312,43.733,227,0,person,0.704,648.7,269.4,738.6,525.6,693.6,397.5,-0.64,-3.0,3.06,-3.26
1312,43.733,208,0,person,0.712,745.9,307.4,848.0,531.2,796.9,419.3,-0.85,-0.89,1.23,0.01
1312,43.733,223,0,person,0.358,210.5,273.3,339.8,524.3,275.1,398.8,-5.19,-1.0,5.28,-0.86
1313,43.767,176,0,person,0.734,980.0,287.4,1055.3,519.4,1017.7,403.4,-1.56,-1.75,2.34,3.28
1313,43.767,205,0,person,0.623,148.8,512.9,262.1,592.8,205.4,552.8,-1.47,-0.98,1.76,-0.63
1313,43.767,154,0,person,0.773,1079.9,333.8,1224.4,621.8,1152.2,477.8,-1.76,-0.08,1.76,1.72
1313,43.767,226,0,person,0.792,1017.2,282.5,1157.6,545.9,1087.4,414.2,-0.63,-1.2,1.36,-0.27
1313,43.767,227,0,person,0.663,648.8,268.3,738.9,524.5,693.8,396.4,0.21,-1.1,1.12,1.89
1313,43.767,208,0,person,0.599,745.7,307.3,847.2,530.2,796.5,418.7,-0.43,-0.58,0.72,0.31
1314,43.8,176,0,person,0.717,978.4,287.2,1053.5,519.2,1015.9,403.2,-1.73,-0.17,1.73,1.58
1314,43.8,205,0,person,0.595,146.2,511.1,261.7,592.9,204.0,552.0,-1.45,-0.88,1.7,0.1
1314,43.8,154,0,person,0.797,1079.0,332.5,1224.0,621.6,1151.5,477.1,-0.68,-0.77,1.03,-0.69
1314,43.8,226,0,person,0.821,1016.9,281.0,1156.7,543.5,1086.8,412.2,-0.62,-2.01,2.1,-0.81
1314,43.8,227,0,person,0.704,647.9,268.6,738.6,525.4,693.2,397.0,-0.6,0.56,0.82,1.66
1314,43.8,208,0,person,0.572,746.9,306.8,847.4,528.9,797.2,417.9,0.69,-0.87,1.11,-0.3
1314,43.8,223,0,person,0.404,207.7,265.9,337.4,513.7,272.5,389.8,-1.31,-4.52,4.71,-1.76
1315,43.833,176,0,person,0.729,977.0,285.4,1052.3,518.5,1014.6,401.9,-1.31,-1.25,1.81,-1.08
1315,43.833,205,0,person,0.605,143.7,508.7,263.4,594.0,203.5,551.4,-0.43,-0.62,0.75,0.26
1315,43.833,154,0,person,0.8,1078.4,331.6,1223.6,621.5,1151.0,476.5,-0.51,-0.52,0.73,0.25
1315,43.833,226,0,person,0.819,1016.9,279.3,1156.3,541.4,1086.6,410.4,-0.22,-1.85,1.87,0.16
1315,43.833,227,0,person,0.611,647.8,269.3,738.2,523.9,693.0,396.6,-0.22,-0.35,0.41,-0.91
1315,43.833,208,0,person,0.479,738.0,306.4,835.3,527.0,786.6,416.7,-10.55,-1.19,10.62,-0.31
1315,43.833,223,0,person,0.386,203.7,263.3,337.6,515.3,270.6,389.3,-1.9,-0.52,1.97,4.0
1316,43.867,176,0,person,0.712,974.7,283.2,1050.1,516.7,1012.4,399.9,-2.23,-2.0,3.0,-0.75
1316,43.867,205,0,person,0.731,141.1,506.7,262.9,593.9,202.0,550.3,-1.52,-1.05,1.85,-0.43
1316,43.867,154,0,person,0.8,1078.0,330.8,1222.5,619.2,1150.3,475.0,-0.71,-1.57,1.72,-1.04
1316,43.867,226,0,person,0.804,1017.0,278.1,1156.2,540.6,1086.6,409.4,-0.01,-1.03,1.03,0.83
1316,43.867,227,0,person,0.575,646.4,269.7,737.2,523.8,691.8,396.8,-1.19,0.15,1.2,0.5
1316,43.867,208,0,person,0.527,735.4,302.5,831.3,523.3,783.3,412.9,-3.29,-3.77,5.0,-2.58
1317,43.9,176,0,person,0.691,971.8,283.3,1047.2,514.8,1009.5,399.1,-2.89,-0.85,3.01,1.15
1317,43.9,205,0,person,0.748,138.8,504.9,262.6,594.1,200.7,549.5,-1.31,-0.81,1.54,0.25
1317,43.9,154,0,person,0.796,1077.4,328.3,1222.5,617.0,1149.9,472.6,-0.36,-2.35,2.38,-0.79
1317,43.9,226,0,person,0.803,1015.0,276.2,1154.4,539.7,1084.7,408.0,-1.86,-1.38,2.32,-0.35
1317,43.9,227,0,person,0.621,644.8,266.6,736.9,523.3,690.9,394.9,-0.95,-1.83,2.06,-1.98
1317,43.9,208,0,person,0.659,736.6,299.9,833.3,524.6,785.0,412.3,1.64,-0.65,1.76,3.12
1318,43.933,176,0,person,0.699,970.4,281.7,1046.3,515.0,1008.4,398.4,-1.11,-0.71,1.32,0.14
1318,43.933,205,0,person,0.778,135.9,503.2,261.3,593.8,198.6,548.5,-2.1,-0.99,2.32,-0.18
1318,43.933,154,0,person,0.785,1076.4,327.3,1221.9,616.0,1149.1,471.6,-0.77,-0.99,1.25,1.36
1318,43.933,226,0,person,0.802,1012.9,274.5,1152.1,538.4,1082.5,406.5,-2.2,-1.51,2.67,-0.13
1318,43.933,227,0,person,0.472,643.4,264.0,736.6,522.1,690.0,393.1,-0.88,-1.85,2.05,-0.02
1318,43.933,208,0,person,0.63,737.9,299.7,833.7,524.4,785.8,412.1,0.8,-0.17,0.82,0.48
1318,43.933,223,0,person,0.305,192.8,262.3,325.7,518.5,259.3,390.4,-3.77,0.38,3.79,0.3
1319,43.967,176,0,person,0.687,967.3,278.2,1044.8,516.7,1006.1,397.4,-2.33,-0.95,2.51,-0.24
1319,43.967,205,0,person,0.787,133.5,502.0,259.7,593.4,196.6,547.7,-2.01,-0.79,2.16,0.2
1319,43.967,154,0,person,0.798,1074.9,326.7,1220.1,614.1,1147.5,470.4,-1.65,-1.2,2.04,-0.21
1319,43.967,226,0,person,0.812,1011.4,273.8,1149.7,537.1,1080.6,405.4,-1.97,-1.01,2.21,0.5
1319,43.967,227,0,person,0.446,642.1,264.0,734.9,519.6,688.5,391.8,-1.48,-1.27,1.95,0.58
1319,43.967,208,0,person,0.673,737.3,299.5,832.4,523.5,784.9,411.5,-0.92,-0.61,1.1,-0.43
1320,44.0,176,0,person,0.75,964.0,279.8,1040.6,514.8,1002.3,397.3,-3.73,-0.12,3.73,0.83
1320,44.0,205,0,person,0.77,132.3,501.8,258.6,593.3,195.5,547.6,-1.1,-0.16,1.11,0.64
1320,44.0,154,0,person,0.786,1071.7,326.1,1217.6,613.9,1144.7,470.0,-2.84,-0.43,2.87,0.77
1320,44.0,226,0,person,0.783,1005.8,274.2,1144.6,538.5,1075.2,406.3,-5.34,0.9,5.42,1.91
1320,44.0,227,0,person,0.493,641.1,266.6,732.3,514.7,686.7,390.7,-1.83,-1.14,2.15,0.13
1320,44.0,208,0,person,0.682,750.3,300.8,849.7,524.3,800.0,412.6,15.13,1.1,15.17,1.71
1320,44.0,223,0,person,0.301,197.1,263.6,330.5,520.3,263.8,392.0,2.25,0.79,2.38,0.21
1321,44.033,176,0,person,0.754,960.2,280.3,1036.6,515.1,998.4,397.7,-3.95,0.4,3.97,0.52
1321,44.033,205,0,person,0.767,130.9,501.9,257.0,593.5,193.9,547.7,-1.56,0.12,1.56,0.28
1321,44.033,154,0,person,0.766,1068.2,326.4,1215.1,615.1,1141.6,470.7,-3.03,0.75,3.13,1.18
1321,44.033,226,0,person,0.8,1000.9,275.1,1139.9,539.2,1070.4,407.1,-4.79,0.8,4.86,-0.1
1321,44.033,227,0,person,0.424,636.4,268.3,728.1,515.7,682.2,392.0,-4.44,1.28,4.62,2.42
1321,44.033,208,0,person,0.454,754.5,297.7,860.3,524.8,807.4,411.2,7.44,-1.34,7.56,-2.45
1321,44.033,223,0,person,0.357,202.2,282.8,329.3,525.7,265.7,404.2,1.94,12.27,12.43,11.49
1322,44.067,176,0,person,0.756,956.9,282.1,1033.1,515.4,995.0,398.7,-3.41,1.03,3.56,0.63
1322,44.067,205,0,person,0.756,131.0,501.9,256.8,593.6,193.9,547.8,-0.07,0.1,0.12,-0.02
1322,44.067,154,0,person,0.765,1065.5,327.8,1212.4,615.5,1139.0,471.6,-2.65,0.9,2.8,0.14
1322,44.067,226,0,person,0.815,999.2,276.7,1137.7,539.8,1068.4,408.2,-2.0,1.06,2.26,0.26
1322,44.067,227,0,person,0.447,633.9,271.4,725.1,516.0,679.5,393.7,-2.75,1.74,3.26,0.46
1322,44.067,208,0,person,0.616,754.3,296.6,865.3,524.6,809.8,410.6,2.33,-0.63,2.42,0.71
1322,44.067,223,0,person,0.352,205.1,288.9,331.4,527.0,268.2,408.0,2.51,3.72,4.48,-8.56
1323,44.1,176,0,person,0.753,956.3,285.1,1031.8,515.5,994.0,400.3,-0.93,1.57,1.83,0.54
1323,44.1,205,0,person,0.769,132.7,502.3,257.6,593.4,195.2,547.8,1.29,0.07,1.29,-0.02
1323,44.1,154,0,person,0.774,1064.5,329.8,1211.0,615.4,1137.8,472.6,-1.19,0.93,1.51,0.03
1323,44.1,226,0,person,0.833,997.3,278.3,1136.0,541.1,1066.6,409.7,-1.8,1.5,2.34,0.44
1323,44.1,227,0,person,0.581,631.2,271.9,724.2,520.1,677.7,396.0,-1.75,2.34,2.93,0.6
1323,44.1,209,0,person,0.455,737.1,297.7,816.5,525.5,776.8,411.6,0.57,0.45,0.73,-0.04
1324,44.133,176,0,person,0.741,956.4,288.5,1031.1,515.7,993.7,402.1,-0.3,1.78,1.8,0.21
1324,44.133,205,0,person,0.77,135.2,502.1,260.0,593.4,197.6,547.7,2.46,-0.11,2.46,-0.18
1324,44.133,154,0,person,0.78,1063.8,331.8,1209.3,613.7,1136.6,472.7,-1.22,0.18,1.23,-0.75
1324,44.133,226,0,person,0.837,996.9,280.3,1134.4,540.6,1065.7,410.4,-0.98,0.72,1.22,-0.79
1324,44.133,227,0,person,0.449,631.2,272.6,724.9,521.3,678.1,397.0,0.32,0.92,0.97,-1.42
1324,44.133,236,0,person,0.346,824.2,253.6,907.4,488.5,865.8,371.1,0.0,0.0,0.0,0.0
1324,44.133,209,0,person,0.536,738.3,294.5,821.4,526.2,779.8,410.3,3.08,-1.25,3.32,-1.71
1324,44.133,223,0,person,0.356,210.2,273.9,340.1,517.0,275.1,395.4,3.46,-6.26,7.15,-4.99
1325,44.167,176,0,person,0.72,955.8,289.8,1030.0,514.6,992.9,402.2,-0.85,0.12,0.86,-1.66
1325,44.167,205,0,person,0.8,134.6,499.6,262.3,593.2,198.4,546.4,0.83,-1.3,1.54,-1.19
1325,44.167,154,0,person,0.72,1064.0,332.1,1209.2,610.6,1136.6,471.3,0.04,-1.42,1.42,-1.6
1325,44.167,226,0,person,0.834,996.4,279.6,1133.3,538.9,1064.8,409.3,-0.81,-1.15,1.4,-1.86
1325,44.167,227,0,person,0.455,632.4,272.3,725.4,518.3,678.9,395.3,0.84,-1.69,1.88,-2.61
1325,44.167,209,0,person,0.484,738.2,293.9,822.5,524.6,780.3,409.3,0.47,-1.05,1.15,0.21
1325,44.167,223,0,person,0.409,208.9,271.3,341.2,518.1,275.0,394.7,-0.1,-0.74,0.75,5.52
1326,44.2,176,0,person,0.725,954.8,290.3,1028.9,514.2,991.8,402.3,-1.06,0.04,1.06,-0.08
1326,44.2,205,0,person,0.814,135.1,497.3,266.7,593.6,200.9,545.5,2.47,-0.94,2.64,0.36
1326,44.2,154,0,person,0.74,1061.2,331.4,1206.8,609.2,1134.0,470.3,-2.57,-1.0,2.76,0.43
1326,44.2,226,0,person,0.842,996.5,277.9,1133.1,536.8,1064.8,407.3,-0.02,-1.93,1.93,-0.79
1326,44.2,227,0,person,0.364,631.3,269.0,725.4,517.1,678.4,393.1,-0.53,-2.21,2.28,-0.53
1326,44.2,223,0,person,0.356,213.7,275.3,342.2,513.7,277.9,394.5,2.9,-0.2,2.91,0.54
1326,44.2,208,0,person,0.845,752.1,281.0,873.0,520.8,812.5,400.9,0.69,-2.43,2.52,-0.45
1327,44.233,176,0,person,0.713,953.0,284.2,1028.6,512.9,990.8,398.6,-1.02,-3.69,3.83,-3.73
1327,44.233,205,0,person,0.818,134.8,493.6,272.2,594.2,203.5,543.9,2.62,-1.59,3.07,-0.65
1327,44.233,154,0,person,0.792,1059.4,330.3,1205.0,607.1,1132.2,468.7,-1.82,-1.65,2.46,-0.65
1327,44.233,226,0,person,0.855,996.9,275.8,1133.2,534.4,1065.1,405.1,0.22,-2.27,2.28,-0.34
1327,44.233,227,0,person,0.314,629.8,265.3,725.2,515.5,677.5,390.4,-0.86,-2.69,2.83,-0.48
1327,44.233,223,0,person,0.333,215.1,267.2,343.8,505.0,279.5,386.1,1.51,-8.39,8.53,-8.19
1327,44.233,208,0,person,0.762,750.2,273.0,877.7,519.4,813.9,396.2,1.41,-4.7,4.91,-2.27
1328,44.267,176,0,person,0.714,951.1,279.8,1027.4,511.1,989.3,395.4,-1.51,-3.14,3.48,0.55
1328,44.267,205,0,person,0.844,133.6,490.6,275.2,594.4,204.4,542.5,0.88,-1.43,1.68,0.16
1328,44.267,154,0,person,0.804,1057.2,329.1,1202.8,605.6,1130.0,467.4,-2.18,-1.3,2.54,0.35
1328,44.267,226,0,person,0.852,994.7,274.7,1131.4,533.8,1063.1,404.2,-2.0,-0.83,2.16,1.44
1328,44.267,227,0,person,0.327,628.7,264.0,723.9,513.0,676.3,388.5,-1.18,-1.85,2.2,0.84
1328,44.267,223,0,person,0.415,214.4,265.0,344.5,505.5,279.4,385.3,-0.03,-0.83,0.83,7.57
1328,44.267,208,0,person,0.757,749.4,269.5,880.2,517.7,814.8,393.6,0.83,-2.59,2.72,2.11
1329,44.3,176,0,person,0.732,952.1,281.0,1026.6,506.5,989.4,393.8,0.09,-1.67,1.67,1.47
1329,44.3,205,0,person,0.844,133.0,487.9,277.4,594.4,205.2,541.1,0.79,-1.35,1.56,0.08
1329,44.3,154,0,person,0.828,1055.4,329.9,1200.8,605.0,1128.1,467.5,-1.95,0.1,1.96,1.41
1329,44.3,226,0,person,0.84,993.3,274.6,1129.3,532.2,1061.3,403.4,-1.76,-0.85,1.95,-0.02
1329,44.3,227,0,person,0.331,624.1,277.2,712.3,510.6,668.2,393.9,-8.11,5.38,9.73,7.24
1329,44.3,223,0,person,0.419,208.5,265.4,343.7,514.3,276.1,389.9,-3.31,4.59,5.65,5.41
1329,44.3,208,0,person,0.781,748.8,272.6,879.8,516.0,814.3,394.3,-0.51,0.68,0.85,3.26
1330,44.333,176,0,person,0.709,951.8,285.1,1023.9,502.8,987.9,394.0,-1.51,0.22,1.52,1.89
1330,44.333,205,0,person,0.847,132.6,484.4,280.2,594.0,206.4,539.2,1.18,-1.94,2.27,-0.59
1330,44.333,154,0,person,0.774,1054.0,330.1,1199.5,604.4,1126.7,467.2,-1.34,-0.25,1.37,-0.35
1330,44.333,226,0,person,0.83,992.1,274.7,1127.6,530.9,1059.8,402.8,-1.46,-0.57,1.56,0.28
1330,44.333,227,0,person,0.434,629.4,265.5,719.2,503.0,674.3,384.2,6.08,-9.65,11.41,-15.03
1330,44.333,223,0,person,0.524,204.2,261.5,346.0,522.9,275.1,392.2,-1.02,2.33,2.54,-2.26
1330,44.333,208,0,person,0.781,746.9,268.4,881.7,514.9,814.3,391.7,0.07,-2.62,2.62,-3.29
1331,44.367,176,0,person,0.718,950.9,288.1,1021.9,502.0,986.4,395.1,-1.52,1.09,1.87,0.87
1331,44.367,205,0,person,0.85,133.3,482.3,282.4,593.8,207.9,538.0,1.47,-1.14,1.86,0.8
1331,44.367,154,0,person,0.746,1051.5,328.5,1198.0,604.6,1124.7,466.6,-1.99,-0.67,2.1,-0.41
1331,44.367,226,0,person,0.817,990.9,275.1,1126.0,530.1,1058.4,402.6,-1.41,-0.21,1.43,0.36
1331,44.367,227,0,person,0.465,632.0,261.0,722.2,499.6,677.1,380.3,2.82,-3.96,4.86,5.69
1331,44.367,223,0,person,0.486,205.1,259.0,349.0,526.4,277.1,392.7,1.96,0.48,2.02,-1.84
1331,44.367,208,0,person,0.814,745.2,266.4,882.7,514.4,813.9,390.4,-0.4,-1.25,1.31,1.37
1332,44.4,176,0,person,0.723,947.6,288.2,1018.9,503.0,983.3,395.6,-3.1,0.54,3.15,-0.54
1332,44.4,205,0,person,0.861,134.7,481.4,284.2,593.9,209.5,537.7,1.61,-0.38,1.65,0.77
1332,44.4,154,0,person,0.801,1048.7,328.2,1194.1,601.6,1121.4,464.9,-3.38,-1.69,3.78,-1.02
1332,44.4,226,0,person,0.808,989.0,275.6,1123.0,527.9,1056.0,401.7,-2.42,-0.89,2.58,-0.68
1332,44.4,227,0,person,0.546,630.3,260.3,722.2,502.7,676.2,381.5,-0.86,1.22,1.49,5.18
1332,44.4,223,0,person,0.557,205.5,258.9,349.9,527.2,277.7,393.1,0.63,0.38,0.74,-0.11
1332,44.4,208,0,person,0.83,742.3,266.1,881.6,514.2,811.9,390.1,-2.01,-0.33,2.03,0.92
1332,44.4,238,2,car,0.432,183.6,159.3,247.3,200.9,215.4,180.1,0.0,0.0,0.0,0.0
1333,44.433,176,0,person,0.719,943.9,289.1,1015.7,503.3,979.8,396.2,-3.44,0.59,3.49,0.05
1333,44.433,205,0,person,0.859,137.6,481.2,286.0,593.4,211.8,537.3,2.36,-0.36,2.39,0.01
1333,44.433,154,0,person,0.839,1045.3,329.5,1190.8,602.5,1118.1,466.0,-3.27,1.14,3.46,2.83
1333,44.433,226,0,person,0.814,987.6,275.8,1121.6,527.8,1054.6,401.8,-1.41,0.06,1.41,0.95
1333,44.433,227,0,person,0.528,630.4,260.8,722.5,502.8,676.5,381.8,0.21,0.28,0.35,-0.94
1333,44.433,223,0,person,0.528,205.0,258.5,349.8,527.1,277.4,392.8,-0.27,-0.27,0.39,-0.65
1333,44.433,208,0,person,0.826,742.1,274.7,879.3,515.1,810.7,394.9,-1.24,4.79,4.94,5.12
1333,44.433,238,2,car,0.469,185.3,159.0,250.1,201.4,217.7,180.2,2.28,0.1,2.28,0.1
1334,44.467,176,0,person,0.685,941.3,284.8,1015.0,504.1,978.1,394.5,-1.68,-1.71,2.4,-2.3
1334,44.467,205,0,person,0.854,140.1,480.6,288.1,593.1,214.1,536.8,2.3,-0.47,2.35,-0.11
1334,44.467,154,0,person,0.85,1043.2,329.8,1189.2,603.2,1116.2,466.5,-1.92,0.52,1.99,-0.62
1334,44.467,226,0,person,0.79,985.9,276.0,1119.7,527.2,1052.8,401.6,-1.78,-0.2,1.79,-0.27
1334,44.467,227,0,person,0.465,630.2,262.5,722.2,503.2,676.2,382.8,-0.25,1.05,1.08,0.77
1334,44.467,223,0,person,0.589,207.7,254.6,353.7,527.1,280.7,390.9,3.27,-1.91,3.78,-1.63
1334,44.467,208,0,person,0.799,740.5,271.2,881.2,515.0,810.8,393.1,0.13,-1.83,1.84,-6.62
1334,44.467,238,2,car,0.437,187.9,160.4,252.6,202.6,220.2,181.5,2.52,1.28,2.83,1.18
1335,44.5,176,0,person,0.692,940.1,285.4,1013.9,504.8,977.0,395.1,-1.14,0.64,1.31,2.35
1335,44.5,205,0,person,0.862,140.9,480.2,288.5,592.9,214.7,536.6,0.59,-0.28,0.65,0.2
1335,44.5,154,0,person,0.845,1040.8,330.8,1186.4,602.8,1113.6,466.8,-2.55,0.25,2.56,-0.27
1335,44.5,226,0,person,0.796,982.9,276.2,1116.9,527.0,1049.9,401.6,-2.91,0.02,2.91,0.23
1335,44.5,227,0,person,0.422,629.7,263.6,721.1,502.3,675.4,382.9,-0.82,0.11,0.83,-0.95
1335,44.5,223,0,person,0.53,209.7,254.3,354.1,525.5,281.9,389.9,1.18,-0.98,1.54,0.93
1335,44.5,208,0,person,0.791,737.1,274.7,877.4,515.6,807.2,395.1,-3.6,2.07,4.15,3.9
1336,44.533,176,0,person,0.675,938.7,285.8,1011.7,502.5,975.2,394.2,-1.75,-0.96,1.99,-1.6
1336,44.533,205,0,person,0.866,140.4,478.2,290.3,593.5,215.4,535.9,0.68,-0.69,0.97,-0.42
1336,44.533,154,0,person,0.813,1038.5,331.0,1183.7,601.4,1111.1,466.2,-2.52,-0.57,2.59,-0.82
1336,44.533,226,0,person,0.799,976.3,276.1,1111.8,527.2,1044.1,401.6,-5.83,0.03,5.83,0.01
1336,44.533,227,0,person,0.31,631.2,265.0,721.3,498.6,676.3,381.8,0.89,-1.12,1.43,-1.22
1336,44.533,223,0,person,0.395,208.8,254.8,350.7,523.5,279.8,389.1,-2.08,-0.78,2.22,0.2
1336,44.533,208,0,person,0.786,734.3,268.9,878.6,514.3,806.5,391.6,-0.75,-3.51,3.59,-5.57
1337,44.567,176,0,person,0.674,936.0,282.4,1010.3,503.6,973.1,393.0,-2.1,-1.15,2.4,-0.2
1337,44.567,205,0,person,0.869,139.5,476.5,290.9,593.8,215.2,535.2,-0.2,-0.69,0.72,0.0
1337,44.567,154,0,person,0.784,1036.6,329.3,1182.7,600.7,1109.6,465.0,-1.48,-1.22,1.92,-0.65
1337,44.567,226,0,person,0.791,971.5,275.7,1108.2,527.5,1039.9,401.6,-4.23,-0.03,4.23,-0.06
1337,44.567,227,0,person,0.307,628.3,266.1,718.8,500.4,673.5,383.3,-2.73,1.44,3.08,2.55
1337,44.567,223,0,person,0.463,208.7,251.1,351.1,523.2,279.9,387.2,0.12,-1.94,1.94,-1.15
1337,44.567,208,0,person,0.744,731.9,269.3,877.3,513.8,804.6,391.6,-1.88,-0.06,1.88,3.44
1337,44.567,238,2,car,0.324,189.1,160.4,252.9,202.0,221.0,181.2,0.24,-0.1,0.26,-0.46
1338,44.6,176,0,person,0.702,933.6,284.7,1007.1,503.5,970.4,394.1,-2.77,1.07,2.97,2.23
1338,44.6,205,0,person,0.881,138.3,474.7,291.3,594.1,214.8,534.4,-0.37,-0.79,0.87,-0.1
1338,44.6,154,0,person,0.756,1035.7,329.6,1181.5,599.1,1108.6,464.4,-1.05,-0.62,1.22,0.61
1338,44.6,226,0,person,0.78,970.5,276.0,1106.9,526.7,1038.7,401.3,-1.2,-0.26,1.23,-0.23
1338,44.6,227,0,person,0.314,626.1,264.6,717.0,499.7,671.6,382.1,-1.98,-1.14,2.29,-2.58
1338,44.6,223,0,person,0.348,217.0,255.6,346.0,500.9,281.5,378.2,1.57,-8.93,9.07,-6.99
1338,44.6,208,0,person,0.708,728.2,271.5,873.7,514.6,800.9,393.0,-3.65,1.48,3.94,1.54
1338,44.6,238,2,car,0.324,189.2,160.2,252.1,201.0,220.7,180.6,-0.3,-0.61,0.68,-0.51
1339,44.633,176,0,person,0.745,930.1,287.1,1003.0,502.4,966.6,394.7,-3.79,0.63,3.85,-0.44
1339,44.633,205,0,person,0.885,138.3,473.0,292.6,594.3,215.4,533.7,0.61,-0.73,0.95,0.07
1339,44.633,154,0,person,0.768,1034.2,328.5,1179.8,597.0,1107.0,462.7,-1.57,-1.64,2.27,-1.03
1339,44.633,226,0,person,0.812,968.7,276.0,1105.3,526.3,1037.0,401.2,-1.65,-0.18,1.66,0.08
1339,44.633,208,0,person,0.725,723.9,264.7,873.3,513.6,798.6,389.2,-2.35,-3.85,4.51,-5.32
1339,44.633,238,2,car,0.303,190.1,160.2,250.2,198.8,220.1,179.5,-0.55,-1.08,1.22,-0.48
1340,44.667,176,0,person,0.756,927.5,284.1,1000.9,500.1,964.2,392.1,-2.37,-2.62,3.54,-3.25
1340,44.667,205,0,person,0.88,137.8,471.3,293.5,594.4,215.6,532.9,0.2,-0.79,0.82,-0.07
1340,44.667,154,0,person,0.768,1033.0,327.0,1179.0,595.6,1106.0,461.3,-1.0,-1.46,1.77,0.18
1340,44.667,226,0,person,0.816,967.7,276.1,1104.4,525.7,1036.0,400.9,-0.97,-0.27,1.01,-0.09
1340,44.667,208,0,person,0.653,721.1,263.1,871.6,513.1,796.4,388.1,-2.23,-1.1,2.49,2.75
1340,44.667,227,0,person,0.435,625.3,259.6,715.2,492.5,670.2,376.0,-0.65,-3.05,3.12,-0.96
1341,44.7,176,0,person,0.774,925.4,279.7,1000.4,499.8,962.9,389.7,-1.27,-2.39,2.71,0.23
1341,44.7,205,0,person,0.878,137.1,469.5,294.0,594.4,215.5,531.9,-0.09,-0.94,0.94,-0.14
1341,44.7,154,0,person,0.764,1032.9,326.1,1179.1,593.8,1106.0,460.0,-0.0,-1.31,1.31,0.15
1341,44.7,226,0,person,0.805,969.1,275.9,1105.0,523.9,1037.1,399.9,1.02,-1.01,1.43,-0.74
1341,44.7,208,0,person,0.696,718.4,262.8,867.8,510.6,793.1,386.7,-3.23,-1.39,3.51,-0.29
1341,44.7,227,0,person,0.379,621.7,261.4,711.0,493.1,666.3,377.2,-3.9,1.2,4.08,4.25
1341,44.7,238,2,car,0.337,186.2,154.4,249.1,194.9,217.7,174.6,-1.22,-2.43,2.72,-0.67
1342,44.733,176,0,person,0.77,925.3,278.4,1000.8,498.9,963.1,388.6,0.13,-1.1,1.11,1.29
1342,44.733,205,0,person,0.884,137.5,468.4,295.2,594.5,216.3,531.4,0.8,-0.52,0.95,0.42
1342,44.733,154,0,person,0.766,1033.8,325.3,1180.2,592.3,1107.0,458.8,0.99,-1.13,1.5,0.18
1342,44.733,226,0,person,0.798,970.5,275.3,1105.9,522.2,1038.2,398.8,1.15,-1.1,1.59,-0.09
1342,44.733,208,0,person,0.689,718.3,260.0,868.6,509.0,793.4,384.5,0.31,-2.2,2.22,-0.81
1342,44.733,227,0,person,0.448,617.2,261.9,705.2,493.9,661.2,377.9,-5.13,0.63,5.17,-0.57
1343,44.767,176,0,person,0.757,926.8,277.4,1002.5,498.0,964.7,387.7,1.64,-0.88,1.86,0.22
1343,44.767,205,0,person,0.889,138.2,467.7,295.9,594.3,217.1,531.0,0.73,-0.43,0.85,0.09
1343,44.767,154,0,person,0.785,1034.5,324.8,1181.5,592.0,1108.0,458.4,1.0,-0.41,1.08,0.72
1343,44.767,226,0,person,0.8,969.6,273.6,1106.6,522.6,1038.1,398.1,-0.14,-0.69,0.7,0.41
1343,44.767,208,0,person,0.544,718.8,255.9,870.5,507.8,794.7,381.9,1.23,-2.66,2.93,-0.46
1343,44.767,227,0,person,0.383,615.5,263.7,701.4,493.3,658.5,378.5,-2.75,0.64,2.82,0.01
1343,44.767,238,2,car,0.312,187.4,151.4,249.2,190.9,218.3,171.2,0.33,-1.74,1.78,0.34
1344,44.8,176,0,person,0.741,928.9,278.6,1003.4,494.9,966.1,386.7,1.43,-1.0,1.75,-0.13
1344,44.8,205,0,person,0.876,139.4,467.2,297.0,594.4,218.2,530.8,1.12,-0.2,1.14,0.24
1344,44.8,154,0,person,0.743,1035.7,325.0,1182.2,590.8,1108.9,457.9,0.94,-0.53,1.08,-0.11
1344,44.8,226,0,person,0.807,968.3,273.0,1106.8,523.1,1037.6,398.0,-0.5,-0.08,0.51,0.61
1344,44.8,208,0,person,0.488,715.8,274.1,857.0,509.6,786.4,391.8,-8.3,9.98,12.98,12.64
1344,44.8,227,0,person,0.378,616.5,273.0,697.9,493.2,657.2,383.1,-1.27,4.58,4.75,3.94
1344,44.8,223,0,person,0.351,206.5,239.3,344.3,509.0,275.4,374.2,-1.01,-0.68,1.22,1.38
1345,44.833,176,0,person,0.752,930.8,279.6,1004.6,492.2,967.7,385.9,1.56,-0.86,1.79,0.14
1345,44.833,205,0,person,0.865,141.3,466.8,298.7,594.3,220.0,530.5,1.8,-0.24,1.81,-0.04
1345,44.833,154,0,person,0.773,1036.4,324.8,1183.5,591.5,1109.9,458.2,1.0,0.27,1.03,0.8
1345,44.833,226,0,person,0.821,970.2,272.6,1109.6,523.3,1039.9,397.9,2.34,-0.08,2.34,-0.0
1345,44.833,208,0,person,0.504,709.2,283.9,842.5,511.6,775.9,397.7,-10.49,5.91,12.04,-4.07
1345,44.833,227,0,person,0.351,619.7,280.0,697.4,493.2,658.5,386.6,1.35,3.49,3.74,-1.09
1345,44.833,223,0,person,0.485,204.2,239.5,339.2,511.0,271.7,375.3,-3.73,1.07,3.89,1.75
1346,44.867,176,0,person,0.773,931.3,281.4,1004.9,491.2,968.1,386.3,0.4,0.43,0.59,1.29
1346,44.867,205,0,person,0.862,142.7,466.3,300.2,594.2,221.5,530.3,1.47,-0.29,1.5,-0.05
1346,44.867,154,0,person,0.791,1037.9,325.7,1184.8,591.5,1111.3,458.6,1.4,0.4,1.45,0.13
1346,44.867,226,0,person,0.824,972.4,272.6,1112.1,522.1,1042.2,397.3,2.32,-0.6,2.4,-0.52
1346,44.867,208,0,person,0.578,701.3,289.7,826.5,512.6,763.9,401.1,-11.95,3.4,12.43,-2.51
1346,44.867,227,0,person,0.343,622.2,284.7,697.5,493.1,659.9,388.9,1.32,2.35,2.69,-1.15
1346,44.867,223,0,person,0.315,206.9,238.6,337.4,509.0,272.2,373.8,0.47,-1.5,1.57,-2.57
1347,44.9,176,0,person,0.748,931.1,282.7,1004.7,489.5,967.9,386.1,-0.22,-0.22,0.31,-0.65
1347,44.9,205,0,person,0.851,143.7,465.2,301.8,594.2,222.7,529.7,1.27,-0.58,1.39,-0.3
1347,44.9,154,0,person,0.797,1040.1,325.8,1187.1,591.2,1113.6,458.5,2.29,-0.08,2.29,-0.48
1347,44.9,226,0,person,0.817,974.9,272.3,1115.3,521.7,1045.1,397.0,2.87,-0.37,2.89,0.23
1347,44.9,208,0,person,0.597,703.1,289.9,823.7,512.6,763.4,401.2,-0.5,0.09,0.51,-3.31
1347,44.9,227,0,person,0.422,631.2,263.2,713.6,491.0,672.4,377.1,12.53,-11.81,17.22,-14.16
1347,44.9,223,0,person,0.349,209.7,238.4,336.6,507.9,273.2,373.2,1.01,-0.61,1.18,0.89
1347,44.9,240,37,surfboard,0.348,57.2,587.1,690.0,707.0,373.6,647.0,0.0,0.0,0.0,0.0
1348,44.933,176,0,person,0.762,930.0,283.1,1003.7,485.8,966.8,384.4,-1.03,-1.64,1.94,-1.42
1348,44.933,205,0,person,0.846,145.4,463.9,304.4,594.0,224.9,529.0,2.17,-0.73,2.29,-0.15
1348,44.933,154,0,person,0.796,1041.7,326.1,1189.0,591.4,1115.3,458.8,1.71,0.28,1.73,0.36
1348,44.933,226,0,person,0.767,974.6,272.1,1116.3,521.5,1045.4,396.8,0.33,-0.15,0.36,0.22
1348,44.933,208,0,person,0.622,706.0,289.0,823.2,513.2,764.6,401.1,1.17,-0.14,1.18,-0.23
1348,44.933,223,0,person,0.325,212.7,237.0,336.7,504.5,274.7,370.8,1.57,-2.37,2.84,-1.76
1348,44.933,240,37,surfboard,0.3,57.7,587.1,689.7,706.8,373.7,647.0,0.09,-0.05,0.11,-0.05
1349,44.967,176,0,person,0.76,929.8,283.3,1003.9,483.9,966.9,383.6,0.06,-0.83,0.83,0.82
1349,44.967,205,0,person,0.851,145.8,463.1,305.8,594.1,225.8,528.6,0.93,-0.38,1.0,0.35
1349,44.967,154,0,person,0.774,1043.6,327.9,1189.9,590.7,1116.7,459.3,1.39,0.53,1.49,0.25
1349,44.967,226,0,person,0.784,978.5,272.7,1119.9,521.1,1049.2,396.9,3.74,0.05,3.74,0.2
1349,44.967,208,0,person,0.676,708.4,288.2,821.6,512.5,765.0,400.3,0.39,-0.75,0.85,-0.61
1349,44.967,223,0,person,0.308,220.7,239.2,333.8,483.7,277.3,361.5,2.53,-9.33,9.67,-6.96
1349,44.967,240,37,surfboard,0.311,58.2,587.2,690.4,707.0,374.3,647.1,0.62,0.1,0.63,0.15
1349,44.967,238,2,car,0.404,193.8,143.7,256.0,183.2,224.9,163.5,1.09,-1.28,1.68,0.08
1349,44.967,227,0,person,0.348,628.3,287.8,700.3,488.8,664.3,388.3,-4.04,5.6,6.9,8.7
1350,45.0,176,0,person,0.784,928.7,282.5,1003.7,482.4,966.2,382.4,-0.68,-1.17,1.35,-0.34
1350,45.0,205,0,person,0.844,127.8,463.1,355.9,654.1,241.9,558.6,16.04,30.03,34.05,30.41
1350,45.0,154,0,person,0.719,1044.4,326.7,1190.8,589.5,1117.6,458.1,0.88,-1.17,1.47,-1.7
1350,45.0,226,0,person,0.78,979.6,272.1,1120.9,519.4,1050.3,395.7,1.11,-1.14,1.59,-1.19
1350,45.0,208,0,person,0.699,708.1,289.7,816.0,512.3,762.1,401.0,-2.91,0.67,2.99,1.43
1350,45.0,227,0,person,0.431,627.6,294.9,696.2,488.2,661.9,391.5,-2.44,3.2,4.03,-2.4
1351,45.033,176,0,person,0.785,925.7,280.2,1003.3,484.2,964.5,382.2,-1.72,-0.23,1.74,0.94
1351,45.033,205,0,person,0.842,123.1,461.1,372.0,673.7,247.5,567.4,5.66,8.8,10.46,-21.23
1351,45.033,154,0,person,0.674,1043.9,327.4,1189.3,589.5,1116.6,458.4,-1.0,0.33,1.05,1.5
1351,45.033,226,0,person,0.794,979.4,267.2,1123.5,519.2,1051.4,393.2,1.17,-2.54,2.8,-1.41
1351,45.033,208,0,person,0.647,709.2,289.4,813.0,512.0,761.1,400.7,-0.96,-0.34,1.02,-1.02
1351,45.033,227,0,person,0.405,627.2,299.3,693.4,487.8,660.3,393.5,-1.57,2.03,2.56,-1.17
1352,45.067,176,0,person,0.772,923.7,280.0,1002.6,484.0,963.1,382.0,-1.35,-0.18,1.37,0.05
1352,45.067,205,0,person,0.835,121.9,459.9,377.4,682.2,249.6,571.1,2.09,3.68,4.23,-5.12
1352,45.067,154,0,person,0.64,1042.2,327.6,1186.3,589.5,1114.2,458.6,-2.37,0.11,2.37,-0.22
1352,45.067,226,0,person,0.808,980.0,264.8,1125.3,519.3,1052.6,392.0,1.19,-1.19,1.69,1.35
1352,45.067,208,0,person,0.595,711.3,289.8,811.0,511.2,761.2,400.5,0.06,-0.16,0.17,0.18
1352,45.067,227,0,person,0.342,626.1,300.1,691.1,486.8,658.6,393.4,-1.72,-0.11,1.72,-2.14
1353,45.1,176,0,person,0.766,916.9,278.8,998.2,483.5,957.6,381.2,-5.57,-0.86,5.64,-0.68
1353,45.1,205,0,person,0.849,122.1,458.9,378.3,685.6,250.2,572.2,0.58,1.16,1.3,-2.52
1353,45.1,154,0,person,0.637,1041.3,327.8,1184.1,589.3,1112.7,458.6,-1.54,-0.0,1.54,-0.11
1353,45.1,226,0,person,0.789,980.0,263.6,1125.7,519.1,1052.9,391.4,0.25,-0.65,0.69,0.55
1353,45.1,208,0,person,0.578,712.7,287.5,810.1,511.3,761.4,399.4,0.25,-1.14,1.16,-0.98
1353,45.1,227,0,person,0.359,626.3,288.1,695.0,487.2,660.6,387.6,2.04,-5.8,6.15,-5.69
1354,45.133,176,0,person,0.757,909.1,280.7,992.6,483.2,950.9,381.9,-6.69,0.76,6.73,1.62
1354,45.133,205,0,person,0.851,123.1,458.1,377.4,686.9,250.2,572.5,0.04,0.26,0.26,-0.9
1354,45.133,154,0,person,0.655,1041.7,339.8,1176.8,589.0,1109.2,464.4,-3.46,5.82,6.77,5.82
1354,45.133,226,0,person,0.777,980.7,265.2,1124.6,517.3,1052.6,391.3,-0.26,-0.09,0.28,0.55
1354,45.133,208,0,person,0.558,714.8,285.6,809.9,510.9,762.3,398.3,0.91,-1.12,1.45,0.01
1354,45.133,227,0,person,0.323,626.1,282.8,696.1,487.4,661.1,385.1,0.46,-2.52,2.56,3.29
1354,45.133,209,0,person,0.417,748.7,268.1,853.3,510.3,801.0,389.2,0.71,-0.69,1.0,0.01
1355,45.167,176,0,person,0.785,905.4,280.9,991.2,482.9,948.3,381.9,-2.57,-0.02,2.57,-0.78
1355,45.167,205,0,person,0.846,124.8,457.6,375.7,686.7,250.3,572.1,0.02,-0.35,0.35,-0.61
1355,45.167,154,0,person,0.658,1044.1,329.6,1184.9,589.2,1114.5,459.4,5.3,-4.98,7.27,-10.8
1355,45.167,226,0,person,0.793,980.8,265.6,1124.2,516.8,1052.5,391.2,-0.1,-0.05,0.11,0.05
1355,45.167,208,0,person,0.531,717.6,279.8,812.3,510.0,764.9,394.9,2.61,-3.37,4.26,-2.24
1355,45.167,209,0,person,0.353,747.8,257.9,867.5,509.3,807.6,383.6,6.62,-5.58,8.66,-4.89
1356,45.2,176,0,person,0.709,899.9,280.3,987.1,478.3,943.5,379.3,-4.82,-2.59,5.47,-2.57
1356,45.2,205,0,person,0.857,126.2,457.5,373.3,686.1,249.8,571.8,-0.5,-0.39,0.64,-0.04
1356,45.2,154,0,person,0.726,1044.7,324.1,1188.5,588.5,1116.6,456.3,2.09,-3.11,3.75,1.87
1356,45.2,226,0,person,0.812,978.8,263.1,1124.5,518.3,1051.6,390.7,-0.88,-0.52,1.02,-0.48
1356,45.2,208,0,person,0.479,719.2,280.1,812.1,510.6,765.6,395.4,0.7,0.47,0.84,3.84
1356,45.2,209,0,person,0.504,745.6,253.5,874.1,509.9,809.8,381.7,2.19,-1.93,2.92,3.65
1357,45.233,176,0,person,0.704,893.2,279.4,983.1,476.0,938.2,377.7,-5.34,-1.61,5.58,0.98
1357,45.233,205,0,person,0.852,126.8,456.3,371.3,685.4,249.0,570.9,-0.72,-0.9,1.15,-0.51
1357,45.233,154,0,person,0.757,1044.3,321.3,1189.8,588.2,1117.0,454.8,0.44,-1.52,1.58,1.6
1357,45.233,226,0,person,0.811,979.3,263.9,1123.6,516.7,1051.4,390.3,-0.23,-0.4,0.46,0.12
1357,45.233,208,0,person,0.478,719.7,280.0,808.9,506.2,764.3,393.1,-1.3,-2.28,2.62,-2.75
1357,45.233,209,0,person,0.546,743.7,247.2,877.6,505.8,810.6,376.5,0.77,-5.17,5.23,-3.24
1357,45.233,223,0,person,0.312,198.4,222.3,325.9,499.1,262.2,360.7,-1.89,-0.09,1.89,1.15
1357,45.233,227,0,person,0.324,628.3,280.3,699.7,486.7,664.0,383.5,0.98,-0.53,1.12,0.66
1358,45.267,176,0,person,0.686,887.1,281.9,978.3,474.2,932.7,378.0,-5.44,0.33,5.45,1.94
1358,45.267,205,0,person,0.856,126.9,455.4,368.4,684.5,247.6,569.9,-1.39,-0.92,1.66,-0.02
1358,45.267,154,0,person,0.737,1043.6,320.4,1190.1,588.0,1116.8,454.2,-0.2,-0.53,0.56,0.99
1358,45.267,226,0,person,0.795,979.0,264.1,1122.6,515.5,1050.8,389.8,-0.61,-0.51,0.8,-0.11
1358,45.267,208,0,person,0.467,723.3,275.2,811.4,503.3,767.4,389.3,3.02,-3.83,4.87,-1.55
1358,45.267,209,0,person,0.443,743.8,251.9,877.4,502.4,810.6,377.1,0.04,0.62,0.62,5.79
1358,45.267,227,0,person,0.348,630.5,261.9,709.9,487.3,670.2,374.6,6.15,-8.92,10.83,-8.39
1359,45.3,176,0,person,0.759,881.4,281.1,975.7,474.4,928.5,377.8,-4.17,-0.25,4.18,-0.58
1359,45.3,205,0,person,0.86,127.5,454.6,366.0,683.4,246.8,569.0,-0.86,-0.95,1.28,-0.04
1359,45.3,154,0,person,0.746,1043.1,320.3,1190.0,587.8,1116.5,454.1,-0.34,-0.17,0.38,0.36
1359,45.3,226,0,person,0.808,979.5,263.9,1122.4,513.9,1051.0,388.9,0.19,-0.9,0.92,-0.39
1359,45.3,208,0,person,0.452,735.6,270.8,826.1,499.7,780.8,385.3,13.49,-4.0,14.06,-0.17
1359,45.3,227,0,person,0.349,627.0,271.5,702.7,486.8,664.8,379.1,-5.34,4.53,7.01,13.45
1360,45.333,176,0,person,0.73,877.1,279.7,974.5,474.5,925.8,377.1,-2.73,-0.68,2.81,-0.43
1360,45.333,205,0,person,0.869,128.6,453.9,364.3,682.1,246.4,568.0,-0.36,-0.97,1.04,-0.02
1360,45.333,154,0,person,0.76,1042.0,319.6,1189.9,588.0,1115.9,453.8,-0.57,-0.28,0.63,-0.11
1360,45.333,226,0,person,0.795,980.5,262.3,1123.5,512.6,1052.0,387.5,1.01,-1.42,1.74,-0.52
1360,45.333,208,0,person,0.416,731.2,272.7,818.9,498.5,775.0,385.6,-5.83,0.34,5.84,4.34
1360,45.333,227,0,person,0.354,622.4,259.9,700.6,486.1,661.5,373.0,-3.33,-6.16,7.0,-10.69
1361,45.367,176,0,person,0.743,874.6,282.6,972.5,474.4,923.5,378.5,-2.28,1.39,2.67,2.06
1361,45.367,205,0,person,0.864,128.6,453.0,361.9,680.9,245.3,567.0,-1.15,-1.04,1.55,-0.07
1361,45.367,154,0,person,0.78,1040.5,318.4,1189.9,588.5,1115.2,453.4,-0.75,-0.37,0.83,-0.08
1361,45.367,226,0,person,0.798,980.2,260.6,1123.7,511.5,1051.9,386.1,-0.06,-1.38,1.38,0.05
1361,45.367,208,0,person,0.34,734.6,269.5,822.7,494.2,778.6,381.8,3.6,-3.77,5.21,-4.11
1361,45.367,227,0,person,0.314,622.0,268.4,696.5,485.5,659.3,377.0,-2.24,4.02,4.6,10.18
1361,45.367,223,0,person,0.35,204.8,215.9,333.8,505.4,269.3,360.6,1.79,-0.02,1.79,0.02
1362,45.4,176,0,person,0.749,869.9,282.7,970.1,476.7,920.0,379.7,-3.5,1.22,3.71,-0.17
1362,45.4,205,0,person,0.859,128.2,451.6,359.7,679.7,244.0,565.7,-1.33,-1.31,1.86,-0.27
1362,45.4,154,0,person,0.793,1039.2,317.1,1189.8,588.6,1114.5,452.8,-0.68,-0.58,0.89,-0.21
1362,45.4,226,0,person,0.777,979.4,259.4,1123.2,510.8,1051.3,385.1,-0.63,-1.03,1.2,0.35
1362,45.4,227,0,person,0.356,622.1,270.3,694.9,484.7,658.5,377.5,-0.76,0.49,0.91,-3.53
1362,45.4,223,0,person,0.429,202.4,216.0,328.2,503.6,265.3,359.8,-4.06,-0.84,4.14,-0.83
1362,45.4,209,0,person,0.376,743.5,260.7,870.0,489.6,806.8,375.1,-0.97,-0.5,1.09,-0.28
1363,45.433,176,0,person,0.767,864.9,276.1,969.0,476.4,917.0,376.2,-3.04,-3.5,4.63,-4.71
1363,45.433,205,0,person,0.861,128.2,450.8,357.8,678.7,243.0,564.7,-0.96,-0.92,1.33,0.38
1363,45.433,154,0,person,0.787,1038.1,316.3,1189.7,588.8,1113.9,452.5,-0.65,-0.29,0.71,0.29
1363,45.433,226,0,person,0.767,980.0,258.8,1123.2,509.7,1051.6,384.3,0.27,-0.79,0.84,0.23
1363,45.433,227,0,person,0.365,621.6,254.5,699.1,484.3,660.4,369.4,1.85,-8.08,8.29,-8.57
1363,45.433,223,0,person,0.597,201.7,215.6,326.4,503.9,264.1,359.7,-1.18,-0.08,1.18,0.76
1363,45.433,208,0,person,0.351,726.5,271.8,810.1,487.1,768.3,379.4,-5.17,-1.2,5.3,1.28
1364,45.467,176,0,person,0.763,863.9,282.0,966.0,476.1,914.9,379.0,-2.06,2.82,3.49,6.31
1364,45.467,205,0,person,0.881,127.6,450.2,356.1,678.4,241.8,564.3,-1.16,-0.42,1.23,0.5
1364,45.467,154,0,person,0.785,1036.8,315.4,1189.8,589.6,1113.3,452.5,-0.56,-0.04,0.56,0.26
1364,45.467,226,0,person,0.743,978.1,259.0,1121.5,509.3,1049.8,384.2,-1.76,-0.09,1.76,0.7
1364,45.467,223,0,person,0.58,204.3,214.1,328.1,502.5,266.2,358.3,2.15,-1.42,2.58,-1.34
1364,45.467,208,0,person,0.37,725.7,270.8,808.2,485.2,766.9,378.0,-1.34,-1.41,1.94,-0.21
1365,45.5,176,0,person,0.793,861.8,282.6,964.1,474.6,913.0,378.6,-1.94,-0.43,1.99,-3.25
1365,45.5,205,0,person,0.881,126.9,449.9,353.6,677.9,240.3,563.9,-1.56,-0.46,1.63,-0.03
1365,45.5,154,0,person,0.78,1035.9,314.6,1188.6,587.8,1112.2,451.2,-1.08,-1.32,1.7,-1.28
1365,45.5,226,0,person,0.756,976.1,257.8,1120.2,509.2,1048.2,383.5,-1.65,-0.67,1.78,-0.58
1365,45.5,223,0,person,0.62,207.7,212.9,331.0,500.2,269.4,356.5,3.14,-1.75,3.59,-0.33
1365,45.5,208,0,person,0.468,723.7,269.9,806.9,484.8,765.3,377.3,-1.65,-0.68,1.79,0.73
1366,45.533,176,0,person,0.758,860.4,286.6,962.1,474.3,911.2,380.4,-1.75,1.84,2.54,2.28
1366,45.533,205,0,person,0.883,127.3,449.4,352.4,677.0,239.9,563.2,-0.43,-0.68,0.8,-0.22
1366,45.533,154,0,person,0.78,1035.0,314.1,1187.9,586.7,1111.5,450.4,-0.77,-0.76,1.08,0.56
1366,45.533,226,0,person,0.769,974.2,256.7,1119.2,509.3,1046.7,383.0,-1.43,-0.5,1.51,0.17
1366,45.533,223,0,person,0.641,211.7,213.4,335.7,499.8,273.7,356.6,4.33,0.03,4.33,1.78
1366,45.533,208,0,person,0.526,723.9,269.7,806.4,485.5,765.2,377.6,-0.14,0.23,0.27,0.91
1366,45.533,209,0,person,0.356,765.7,236.7,888.3,465.5,827.0,351.1,5.07,-6.01,7.86,-1.38
1366,45.533,227,0,person,0.304,626.3,263.9,701.6,483.0,664.0,373.4,1.2,1.34,1.8,3.14
1367,45.567,176,0,person,0.789,860.0,289.4,961.3,473.4,910.7,381.4,-0.55,0.96,1.11,-0.88
1367,45.567,205,0,person,0.876,127.7,448.9,351.5,676.2,239.6,562.6,-0.24,-0.61,0.66,0.07
1367,45.567,154,0,person,0.768,1034.6,313.4,1187.8,586.1,1111.2,449.7,-0.26,-0.7,0.75,0.06
1367,45.567,226,0,person,0.757,971.5,256.2,1117.8,509.7,1044.7,382.9,-2.07,-0.08,2.07,0.42
1367,45.567,223,0,person,0.574,212.6,212.8,337.8,499.2,275.2,356.0,1.48,-0.57,1.59,-0.6
1367,45.567,208,0,person,0.548,724.4,269.6,805.7,485.2,765.0,377.4,-0.12,-0.19,0.22,-0.42
1367,45.567,209,0,person,0.358,769.2,234.4,888.7,462.9,828.9,348.7,1.9,-2.44,3.09,3.57
1367,45.567,227,0,person,0.306,627.7,257.9,706.3,483.1,667.0,370.5,3.06,-2.95,4.25,-4.29
1368,45.6,176,0,person,0.779,859.0,288.1,961.8,472.9,910.4,380.5,-0.24,-0.92,0.95,-1.88
1368,45.6,205,0,person,0.88,128.1,448.5,350.9,675.7,239.5,562.1,-0.13,-0.5,0.52,0.11
1368,45.6,154,0,person,0.768,1034.3,312.6,1188.2,586.0,1111.2,449.3,0.05,-0.39,0.39,0.31
1368,45.6,226,0,person,0.737,968.8,256.2,1116.5,510.6,1042.7,383.4,-1.97,0.47,2.03,0.55
1368,45.6,223,0,person,0.584,214.1,212.7,340.5,499.0,277.3,355.8,2.15,-0.17,2.16,0.39
1368,45.6,208,0,person,0.487,726.8,268.5,807.8,485.4,767.3,376.9,2.31,-0.44,2.35,-0.25
1368,45.6,209,0,person,0.413,770.6,233.8,887.4,462.8,829.0,348.3,0.06,-0.38,0.39,2.06
1368,45.6,227,0,person,0.339,627.8,267.0,704.1,482.0,666.0,374.5,-1.06,4.03,4.17,6.98
1369,45.633,176,0,person,0.815,857.9,292.1,960.5,473.7,909.2,382.9,-1.27,2.41,2.73,3.33
1369,45.633,205,0,person,0.879,128.9,448.3,350.5,675.2,239.7,561.8,0.2,-0.3,0.36,0.2
1369,45.633,154,0,person,0.768,1034.1,312.4,1188.3,586.2,1111.2,449.3,-0.03,-0.08,0.09,0.31
1369,45.633,226,0,person,0.742,968.0,255.9,1116.6,510.8,1042.3,383.4,-0.36,-0.04,0.36,-0.51
1369,45.633,223,0,person,0.597,213.9,211.8,341.4,499.1,277.7,355.5,0.34,-0.38,0.51,-0.21
1369,45.633,208,0,person,0.394,729.5,267.5,810.4,485.5,770.0,376.5,2.64,-0.44,2.67,0.0
1369,45.633,209,0,person,0.393,771.2,233.7,887.2,466.6,829.2,350.2,0.2,1.88,1.89,2.26
1369,45.633,227,0,person,0.334,623.6,269.6,698.2,481.1,660.9,375.4,-5.04,0.87,5.11,-3.16
1370,45.667,176,0,person,0.817,858.1,295.9,960.1,473.2,909.1,384.6,-0.08,1.66,1.67,-0.75
1370,45.667,205,0,person,0.877,129.6,448.0,350.3,674.9,240.0,561.4,0.31,-0.33,0.45,-0.03
1370,45.667,154,0,person,0.761,1033.9,312.2,1188.4,586.2,1111.2,449.2,-0.03,-0.05,0.05,0.04
1370,45.667,226,0,person,0.73,967.5,255.8,1116.8,510.9,1042.2,383.4,-0.14,-0.01,0.14,0.02
1370,45.667,223,0,person,0.608,214.1,212.6,342.0,498.6,278.1,355.6,0.4,0.15,0.42,0.53
1370,45.667,208,0,person,0.312,738.4,264.7,821.9,483.8,780.2,374.3,10.17,-2.22,10.41,-1.78
1370,45.667,209,0,person,0.444,772.0,232.9,887.7,470.4,829.9,351.7,0.68,1.5,1.65,-0.37
1371,45.7,176,0,person,0.79,856.2,294.4,960.5,473.2,908.4,383.8,-0.7,-0.73,1.01,-2.4
1371,45.7,205,0,person,0.879,130.1,448.0,350.2,674.8,240.1,561.4,0.15,-0.07,0.17,0.26
1371,45.7,154,0,person,0.768,1034.3,312.0,1189.1,586.0,1111.7,449.0,0.52,-0.23,0.57,-0.18
1371,45.7,226,0,person,0.746,966.8,255.5,1117.2,511.4,1042.0,383.5,-0.13,0.11,0.17,0.13
1371,45.7,223,0,person,0.59,213.9,212.8,343.1,498.4,278.5,355.6,0.42,-0.03,0.42,-0.17
1371,45.7,208,0,person,0.343,742.5,263.0,827.7,479.2,785.1,371.1,4.94,-3.2,5.89,-0.98
1371,45.7,209,0,person,0.413,773.2,232.9,887.3,471.5,830.2,352.2,0.33,0.55,0.64,-0.95
1372,45.733,176,0,person,0.806,854.6,295.9,959.6,473.0,907.1,384.4,-1.28,0.62,1.42,1.35
1372,45.733,205,0,person,0.882,130.8,448.0,349.9,674.3,240.4,561.1,0.25,-0.23,0.34,-0.16
1372,45.733,154,0,person,0.759,1034.6,311.8,1189.4,585.5,1112.0,448.7,0.29,-0.34,0.44,-0.11
1372,45.733,226,0,person,0.744,965.8,255.6,1117.3,512.0,1041.6,383.8,-0.47,0.32,0.57,0.21
1372,45.733,223,0,person,0.535,211.9,213.2,341.7,498.0,276.8,355.6,-1.67,0.02,1.67,0.04
1372,45.733,208,0,person,0.357,736.6,263.7,823.7,484.3,780.1,374.0,-4.97,2.94,5.78,6.14
1372,45.733,209,0,person,0.433,773.5,233.9,885.9,473.4,829.7,353.7,-0.48,1.46,1.53,0.91
1372,45.733,227,0,person,0.53,620.3,278.0,691.5,481.2,655.9,379.6,-1.68,1.42,2.2,0.18
1373,45.767,176,0,person,0.809,854.0,298.4,959.2,472.7,906.6,385.5,-0.48,1.08,1.18,0.46
1373,45.767,205,0,person,0.878,131.4,448.0,349.7,673.9,240.6,560.9,0.17,-0.21,0.27,0.02
1373,45.767,154,0,person,0.753,1034.7,311.7,1189.2,584.7,1112.0,448.2,-0.01,-0.5,0.5,-0.16
1373,45.767,226,0,person,0.751,965.3,255.6,1117.5,512.1,1041.4,383.9,-0.2,0.1,0.22,-0.23
1373,45.767,223,0,person,0.519,211.4,213.6,342.0,497.7,276.7,355.7,-0.14,0.09,0.17,0.07
1373,45.767,208,0,person,0.375,733.8,263.5,822.1,486.8,777.9,375.2,-2.17,1.16,2.46,-1.79
1373,45.767,209,0,person,0.419,773.6,234.2,884.8,475.1,829.2,354.7,-0.55,0.99,1.13,-0.47
1373,45.767,227,0,person,0.429,619.9,277.0,691.0,481.1,655.4,379.1,-0.47,-0.56,0.73,-1.98
1374,45.8,176,0,person,0.838,852.9,300.4,958.7,472.3,905.8,386.4,-0.83,0.83,1.17,-0.24
1374,45.8,205,0,person,0.871,131.6,447.2,349.1,673.0,240.3,560.1,-0.21,-0.81,0.83,-0.6
1374,45.8,154,0,person,0.757,1034.4,311.3,1189.1,584.7,1111.7,448.0,-0.25,-0.17,0.3,0.32
1374,45.8,226,0,person,0.759,964.8,255.4,1117.6,512.0,1041.2,383.7,-0.2,-0.16,0.25,-0.26
1374,45.8,223,0,person,0.465,212.0,213.7,342.9,496.8,277.4,355.3,0.75,-0.4,0.84,-0.48
1374,45.8,208,0,person,0.616,746.6,254.1,843.9,490.7,795.2,372.4,17.29,-2.78,17.51,-3.93
1375,45.833,176,0,person,0.838,850.2,301.5,957.3,471.9,903.8,386.7,-2.05,0.32,2.08,-0.52
1375,45.833,205,0,person,0.869,132.1,446.5,348.7,672.1,240.4,559.3,0.07,-0.79,0.8,0.01
1375,45.833,154,0,person,0.755,1034.1,311.0,1188.3,583.5,1111.2,447.3,-0.57,-0.71,0.91,-0.54
1375,45.833,226,0,person,0.77,965.0,255.1,1118.1,511.7,1041.5,383.4,0.34,-0.3,0.46,-0.14
1375,45.833,223,0,person,0.47,211.5,213.7,342.9,496.1,277.2,354.9,-0.23,-0.41,0.47,-0.01
1375,45.833,208,0,person,0.621,749.7,251.1,852.2,493.0,800.9,372.1,5.69,-0.34,5.7,2.43
1375,45.833,227,0,person,0.395,624.2,274.9,696.2,481.0,660.2,378.0,2.39,-0.54,2.45,0.01
1376,45.867,176,0,person,0.83,847.9,302.8,956.2,471.4,902.0,387.1,-1.72,0.43,1.77,0.12
1376,45.867,205,0,person,0.87,132.9,446.1,348.5,671.3,240.7,558.7,0.27,-0.61,0.67,0.18
1376,45.867,154,0,person,0.759,1034.0,310.6,1187.9,582.4,1111.0,446.5,-0.18,-0.78,0.8,-0.07
1376,45.867,226,0,person,0.773,965.4,254.9,1118.5,511.3,1041.9,383.1,0.41,-0.35,0.54,-0.05
1376,45.867,223,0,person,0.496,210.5,213.8,342.4,495.7,276.5,354.7,-0.74,-0.13,0.75,0.28
1376,45.867,208,0,person,0.636,749.1,253.8,853.6,493.5,801.3,373.7,0.42,1.61,1.66,1.95
1376,45.867,227,0,person,0.382,625.0,273.1,697.8,480.8,661.4,377.0,1.16,-0.98,1.52,-0.44
1377,45.9,176,0,person,0.814,846.6,304.9,955.7,471.2,901.1,388.0,-0.89,0.94,1.29,0.51
1377,45.9,205,0,person,0.859,133.2,445.5,348.0,670.7,240.6,558.1,-0.09,-0.64,0.65,-0.03
1377,45.9,154,0,person,0.763,1033.5,310.2,1187.0,581.2,1110.3,445.7,-0.72,-0.79,1.07,-0.01
1377,45.9,226,0,person,0.754,966.0,255.0,1118.4,510.7,1042.2,382.9,0.26,-0.19,0.32,0.17
1377,45.9,208,0,person,0.714,748.2,249.3,857.4,493.7,802.8,371.5,1.45,-2.17,2.61,-3.78
1377,45.9,227,0,person,0.44,623.3,270.3,697.1,480.7,660.2,375.5,-1.13,-1.49,1.87,-0.51
1378,45.933,176,0,person,0.781,843.8,305.0,954.9,470.8,899.4,387.9,-1.8,-0.11,1.8,-1.05
1378,45.933,205,0,person,0.852,133.7,445.7,347.5,670.0,240.6,557.8,0.0,-0.27,0.27,0.37
1378,45.933,154,0,person,0.755,1033.1,309.7,1187.0,580.7,1110.1,445.2,-0.21,-0.53,0.57,0.26
1378,45.933,226,0,person,0.72,966.2,255.2,1118.0,510.4,1042.1,382.8,-0.05,-0.1,0.11,0.08
1378,45.933,208,0,person,0.628,749.1,254.1,858.6,492.8,803.9,373.4,1.05,1.94,2.21,4.11
1378,45.933,227,0,person,0.33,624.9,261.6,702.5,480.8,663.7,371.2,3.48,-4.33,5.55,-2.83
1379,45.967,176,0,person,0.732,841.8,304.3,955.6,471.0,898.7,387.7,-0.65,-0.25,0.7,-0.14
1379,45.967,205,0,person,0.858,133.6,445.3,347.2,669.5,240.4,557.4,-0.2,-0.42,0.47,-0.15
1379,45.967,154,0,person,0.754,1032.5,308.9,1187.0,580.8,1109.7,444.9,-0.31,-0.3,0.43,0.24
1379,45.967,226,0,person,0.73,965.9,255.1,1117.3,510.0,1041.6,382.6,-0.55,-0.2,0.58,-0.1
1379,45.967,208,0,person,0.56,740.0,263.4,844.4,491.5,792.2,377.4,-11.62,3.99,12.28,2.05
1379,45.967,227,0,person,0.344,624.8,264.9,701.9,480.2,663.4,372.6,-0.36,1.4,1.44,5.72
1379,45.967,209,0,person,0.485,773.9,229.1,881.8,466.9,827.8,348.0,-0.22,-1.11,1.13,-0.35
1380,46.0,176,0,person,0.739,839.6,304.1,955.3,470.7,897.5,387.4,-1.25,-0.26,1.28,-0.0
1380,46.0,205,0,person,0.852,133.4,444.5,347.0,668.8,240.2,556.6,-0.19,-0.76,0.79,-0.35
1380,46.0,154,0,person,0.737,1031.8,308.6,1186.6,580.9,1109.2,444.7,-0.52,-0.12,0.53,0.17
1380,46.0,226,0,person,0.725,963.6,254.7,1115.2,509.8,1039.4,382.2,-2.23,-0.33,2.26,-0.13
1380,46.0,208,0,person,0.61,737.4,265.1,840.5,490.4,789.0,377.7,-3.25,0.32,3.27,-3.67
1380,46.0,227,0,person,0.304,623.3,260.7,701.9,479.7,662.6,370.2,-0.74,-2.34,2.46,-3.74
1380,46.0,209,0,person,0.447,776.2,228.9,880.4,461.1,828.3,345.0,0.48,-2.98,3.02,-1.87
1381,46.033,176,0,person,0.744,839.0,304.5,956.0,470.7,897.5,387.6,0.09,0.16,0.18,0.42
1381,46.033,205,0,person,0.846,133.7,444.0,347.3,668.7,240.5,556.3,0.32,-0.3,0.44,0.47
1381,46.033,154,0,person,0.748,1031.9,308.0,1187.2,581.1,1109.5,444.5,0.32,-0.21,0.39,-0.09
1381,46.033,226,0,person,0.736,963.1,254.8,1114.5,509.5,1038.8,382.1,-0.58,-0.12,0.6,0.21
1381,46.033,208,0,person,0.574,737.9,263.2,841.4,488.8,789.7,376.0,0.68,-1.76,1.89,-2.08
1381,46.033,209,0,person,0.474,774.6,230.6,881.3,471.6,828.0,351.1,-0.38,6.05,6.06,9.02
1382,46.067,176,0,person,0.746,838.2,304.6,956.9,470.9,897.5,387.8,0.0,0.19,0.19,0.03
1382,46.067,205,0,person,0.843,134.2,443.5,347.9,668.6,241.0,556.0,0.51,-0.29,0.59,0.0
1382,46.067,154,0,person,0.743,1032.4,307.9,1188.0,581.5,1110.2,444.7,0.67,0.14,0.69,0.36
1382,46.067,226,0,person,0.74,962.8,255.1,1114.1,509.5,1038.4,382.3,-0.35,0.14,0.38,0.26
1382,46.067,208,0,person,0.619,744.7,257.9,853.4,489.0,799.1,373.5,9.4,-2.5,9.73,-0.74
1383,46.1,176,0,person,0.736,837.1,304.7,957.6,471.2,897.3,387.9,-0.19,0.18,0.26,-0.01
1383,46.1,205,0,person,0.844,134.7,443.2,348.2,668.4,241.5,555.8,0.42,-0.26,0.49,0.04
1383,46.1,154,0,person,0.752,1032.5,307.5,1188.6,582.3,1110.6,444.9,0.33,0.23,0.41,0.09
1383,46.1,226,0,person,0.769,962.6,255.0,1114.0,509.2,1038.3,382.1,-0.12,-0.18,0.21,-0.31
1383,46.1,208,0,person,0.603,746.6,257.4,857.7,488.4,802.2,372.9,3.1,-0.57,3.15,1.93
1383,46.1,227,0,person,0.377,623.0,267.8,698.6,478.1,660.8,373.0,-0.6,0.92,1.1,1.09
1384,46.133,176,0,person,0.696,836.3,304.8,958.2,471.4,897.3,388.1,-0.09,0.17,0.19,-0.01
1384,46.133,205,0,person,0.843,135.3,443.0,348.6,668.3,241.9,555.7,0.45,-0.13,0.47,0.13
1384,46.133,154,0,person,0.752,1032.5,307.4,1189.0,582.9,1110.7,445.1,0.17,0.24,0.29,0.0
1384,46.133,226,0,person,0.769,962.9,255.1,1114.0,508.9,1038.5,382.0,0.15,-0.1,0.18,0.07
1384,46.133,208,0,person,0.565,742.1,259.6,852.4,487.8,797.3,373.7,-4.91,0.77,4.97,1.34
1384,46.133,227,0,person,0.336,623.0,265.6,699.6,478.1,661.3,371.8,0.46,-1.15,1.24,-2.07
1385,46.167,176,0,person,0.706,835.7,305.1,958.5,471.2,897.1,388.2,-0.16,0.05,0.17,-0.12
1385,46.167,205,0,person,0.836,135.8,442.8,348.8,668.3,242.3,555.6,0.38,-0.1,0.39,0.03
1385,46.167,154,0,person,0.752,1032.0,307.3,1188.9,583.8,1110.5,445.5,-0.27,0.4,0.49,0.16
1385,46.167,226,0,person,0.76,963.6,255.0,1114.6,508.6,1039.1,381.8,0.68,-0.17,0.7,-0.07
1385,46.167,208,0,person,0.48,745.0,256.1,858.3,486.5,801.6,371.3,4.39,-2.41,5.01,-3.18
1386,46.2,176,0,person,0.662,834.8,305.1,959.0,471.6,896.9,388.4,-0.17,0.2,0.26,0.15
1386,46.2,205,0,person,0.835,136.1,442.7,348.6,668.1,242.3,555.4,0.04,-0.13,0.14,-0.03
1386,46.2,154,0,person,0.732,1032.0,307.5,1188.0,582.8,1110.0,445.2,-0.46,-0.38,0.6,-0.78
1386,46.2,226,0,person,0.741,963.2,254.8,1114.1,508.6,1038.7,381.7,-0.45,-0.13,0.47,0.05
1386,46.2,208,0,person,0.53,735.4,261.2,839.1,475.4,787.3,368.3,-14.38,-2.96,14.69,-0.55
1387,46.233,176,0,person,0.584,833.6,304.5,959.5,471.9,896.6,388.2,-0.37,-0.14,0.4,-0.34
1387,46.233,205,0,person,0.837,136.4,442.8,348.6,668.1,242.5,555.5,0.17,0.03,0.17,0.16
1387,46.233,154,0,person,0.731,1032.1,307.5,1188.0,582.7,1110.1,445.1,0.06,-0.04,0.08,0.34
1387,46.233,226,0,person,0.745,963.2,254.7,1113.9,508.5,1038.6,381.6,-0.12,-0.06,0.13,0.07
1387,46.233,208,0,person,0.554,732.7,262.8,832.1,471.0,782.4,366.9,-4.88,-1.4,5.07,1.57
1388,46.267,176,0,person,0.737,833.7,304.3,959.8,470.5,896.7,387.4,0.17,-0.81,0.83,-0.67
1388,46.267,205,0,person,0.843,137.3,443.2,348.5,667.8,242.9,555.5,0.42,0.06,0.42,0.03
1388,46.267,154,0,person,0.735,1032.5,307.4,1188.2,582.8,1110.4,445.1,0.3,0.0,0.3,0.05
1388,46.267,226,0,person,0.765,964.1,254.6,1114.3,508.3,1039.2,381.5,0.62,-0.16,0.64,-0.1
1388,46.267,208,0,person,0.495,741.1,262.1,842.3,471.3,791.7,366.7,9.35,-0.21,9.36,1.19
1388,46.267,227,0,person,0.376,623.0,268.8,698.3,478.5,660.6,373.7,-0.17,0.46,0.49,0.4
1389,46.3,176,0,person,0.684,833.7,304.9,960.9,471.3,897.3,388.1,0.57,0.7,0.9,1.5
1389,46.3,205,0,person,0.856,138.2,443.3,348.9,667.8,243.5,555.5,0.62,-0.0,0.62,-0.06
1389,46.3,154,0,person,0.743,1032.6,307.4,1188.6,583.7,1110.6,445.6,0.23,0.43,0.49,0.43
1389,46.3,226,0,person,0.771,965.6,254.8,1115.2,507.9,1040.4,381.3,1.18,-0.11,1.18,0.05
1389,46.3,208,0,person,0.533,738.9,262.2,841.4,475.0,790.1,368.6,-1.6,1.9,2.48,2.1
1390,46.333,176,0,person,0.712,833.4,305.0,961.6,471.5,897.5,388.2,0.2,0.13,0.24,-0.57
1390,46.333,205,0,person,0.861,139.1,443.6,349.6,668.0,244.4,555.8,0.81,0.29,0.86,0.29
1390,46.333,154,0,person,0.749,1032.7,307.5,1189.0,584.9,1110.8,446.2,0.26,0.62,0.67,0.19
1390,46.333,226,0,person,0.754,966.4,255.2,1115.6,507.8,1041.0,381.5,0.65,0.19,0.67,0.3
1390,46.333,208,0,person,0.589,744.3,261.2,853.4,484.2,798.8,372.7,8.71,4.1,9.63,2.21
1391,46.367,176,0,person,0.697,833.9,304.6,962.5,470.7,898.2,387.6,0.67,-0.63,0.92,-0.76
1391,46.367,205,0,person,0.864,139.8,443.9,349.9,668.1,244.8,556.0,0.48,0.18,0.51,-0.11
1391,46.367,154,0,person,0.756,1032.9,307.7,1189.8,587.1,1111.4,447.4,0.5,1.21,1.31,0.59
1391,46.367,226,0,person,0.748,967.5,255.6,1116.2,507.4,1041.9,381.5,0.87,-0.03,0.87,-0.22
1391,46.367,208,0,person,0.54,740.9,261.4,851.2,487.4,796.1,374.4,-2.78,1.7,3.26,-2.41
1392,46.4,176,0,person,0.766,834.6,305.1,963.8,471.1,899.2,388.1,1.01,0.53,1.14,1.16
1392,46.4,205,0,person,0.857,140.6,444.0,350.3,667.9,245.5,556.0,0.62,-0.03,0.62,-0.21
1392,46.4,154,0,person,0.769,1033.3,307.7,1190.6,588.6,1112.0,448.2,0.63,0.79,1.01,-0.42
1392,46.4,226,0,person,0.766,968.2,255.1,1117.1,507.2,1042.7,381.2,0.77,-0.34,0.84,-0.31
1392,46.4,208,0,person,0.538,742.2,261.6,852.4,486.9,797.3,374.2,1.23,-0.17,1.24,-1.87
1392,46.4,227,0,person,0.332,624.0,268.1,699.3,478.5,661.6,373.3,0.25,-0.09,0.27,-0.14
1393,46.433,176,0,person,0.807,834.9,305.5,964.6,471.4,899.8,388.5,0.58,0.33,0.67,-0.2
1393,46.433,205,0,person,0.87,141.6,443.3,352.0,668.3,246.8,555.8,1.35,-0.18,1.36,-0.15
1393,46.433,154,0,person,0.776,1033.9,308.3,1191.1,589.8,1112.5,449.0,0.55,0.86,1.02,0.07
1393,46.433,226,0,person,0.77,968.4,255.1,1117.5,507.4,1042.9,381.2,0.29,0.04,0.29,0.38
1393,46.433,208,0,person,0.628,740.3,264.1,848.3,488.0,794.3,376.1,-2.99,1.83,3.51,2.01
1393,46.433,227,0,person,0.405,624.9,271.1,699.2,479.1,662.1,375.1,0.42,1.8,1.85,1.89
1394,46.467,176,0,person,0.813,835.2,306.0,965.4,471.7,900.3,388.9,0.57,0.39,0.69,0.05
1394,46.467,205,0,person,0.874,143.0,443.4,353.5,668.6,248.3,556.0,1.47,0.26,1.5,0.44
1394,46.467,154,0,person,0.781,1035.4,309.2,1191.8,589.6,1113.6,449.4,1.07,0.36,1.13,-0.5
1394,46.467,226,0,person,0.758,971.2,255.0,1120.1,507.3,1045.6,381.2,2.68,-0.05,2.68,-0.09
1394,46.467,208,0,person,0.503,749.9,263.4,860.0,487.8,804.9,375.6,10.64,-0.46,10.65,-2.29
1394,46.467,227,0,person,0.339,624.7,260.2,702.6,478.8,663.6,369.5,1.57,-5.58,5.8,-7.38
1395,46.5,176,0,person,0.793,835.2,306.4,966.2,472.4,900.7,389.4,0.34,0.56,0.66,0.17
1395,46.5,205,0,person,0.869,144.6,443.9,354.8,669.0,249.7,556.5,1.43,0.4,1.49,0.14
1395,46.5,154,0,person,0.781,1037.5,309.8,1192.2,587.5,1114.9,448.7,1.29,-0.74,1.48,-1.09
1395,46.5,226,0,person,0.753,971.9,253.9,1121.4,507.9,1046.7,380.9,1.04,-0.23,1.06,-0.19
1395,46.5,208,0,person,0.557,744.7,267.3,851.6,488.0,798.1,377.6,-6.82,2.04,7.12,2.5
1395,46.5,227,0,person,0.414,625.4,263.6,701.8,478.3,663.6,370.9,-0.02,1.43,1.43,7.01
1395,46.5,223,0,person,0.33,211.0,217.7,328.1,471.2,269.6,344.5,-0.36,-0.54,0.65,-0.02
1396,46.533,176,0,person,0.785,834.7,305.5,966.7,472.3,900.7,388.9,0.03,-0.51,0.51,-1.07
1396,46.533,205,0,person,0.895,146.0,444.7,355.9,669.8,250.9,557.2,1.2,0.78,1.44,0.38
1396,46.533,154,0,person,0.778,1039.5,310.4,1192.5,585.1,1116.0,447.7,1.09,-0.92,1.43,-0.19
1396,46.533,226,0,person,0.768,974.9,253.4,1124.0,508.0,1049.4,380.7,2.78,-0.19,2.79,0.04
1396,46.533,208,0,person,0.523,746.7,265.9,853.2,488.0,800.0,376.9,1.83,-0.71,1.97,-2.75
1396,46.533,227,0,person,0.462,629.6,243.3,713.9,477.9,671.8,360.6,8.18,-10.33,13.18,-11.76
1396,46.533,223,0,person,0.476,211.4,223.8,329.9,485.7,270.6,354.7,1.08,10.25,10.31,10.79
1397,46.567,176,0,person,0.788,835.1,304.5,968.2,472.3,901.7,388.4,0.95,-0.53,1.09,-0.02
1397,46.567,205,0,person,0.899,146.9,445.3,356.6,670.4,251.7,557.9,0.83,0.62,1.04,-0.16
1397,46.567,154,0,person,0.777,1040.7,310.7,1193.1,584.4,1116.9,447.5,0.95,-0.21,0.97,0.71
1397,46.567,226,0,person,0.787,976.3,253.3,1124.8,508.1,1050.5,380.7,1.09,-0.03,1.09,0.16
1397,46.567,208,0,person,0.589,746.2,267.8,850.6,488.6,798.4,378.2,-1.54,1.22,1.97,1.93
1397,46.567,227,0,person,0.304,627.4,248.9,708.8,478.7,668.1,363.8,-3.67,3.17,4.85,13.5
1397,46.567,223,0,person,0.508,212.8,225.5,331.9,491.9,272.3,358.7,1.68,4.0,4.34,-6.25
1398,46.6,176,0,person,0.767,834.7,301.8,969.7,472.1,902.2,386.9,0.53,-1.44,1.53,-0.9
1398,46.6,205,0,person,0.895,147.8,445.6,357.1,670.7,252.4,558.1,0.7,0.28,0.76,-0.34
1398,46.6,154,0,person,0.786,1041.4,310.8,1193.2,583.6,1117.3,447.2,0.36,-0.31,0.48,-0.1
1398,46.6,226,0,person,0.793,977.4,253.3,1125.2,508.2,1051.3,380.7,0.78,0.04,0.79,0.08
1398,46.6,208,0,person,0.557,751.5,266.0,856.2,487.1,803.8,376.6,5.43,-1.57,5.65,-2.8
1398,46.6,227,0,person,0.395,632.1,239.6,717.6,478.9,674.9,359.2,6.74,-4.54,8.13,-7.72
1398,46.6,223,0,person,0.436,214.5,227.4,332.1,494.2,273.3,360.8,0.97,2.1,2.32,-1.9
1399,46.633,176,0,person,0.744,836.3,302.2,970.5,471.7,903.4,386.9,1.2,0.0,1.2,1.44
1399,46.633,205,0,person,0.892,148.1,445.4,357.2,670.6,252.7,558.0,0.23,-0.09,0.25,-0.38
1399,46.633,154,0,person,0.784,1041.9,310.7,1193.4,582.8,1117.6,446.7,0.37,-0.48,0.6,-0.17
1399,46.633,226,0,person,0.777,978.0,253.1,1125.2,508.1,1051.6,380.6,0.31,-0.13,0.34,-0.18
1399,46.633,208,0,person,0.597,748.7,266.9,851.6,487.0,800.1,376.9,-3.71,0.36,3.72,1.93
1399,46.633,227,0,person,0.451,634.0,235.3,721.9,478.8,677.9,357.0,3.09,-2.2,3.79,2.35
1399,46.633,223,0,person,0.444,216.0,228.3,332.2,495.2,274.1,361.8,0.8,0.92,1.22,-1.18
1400,46.667,176,0,person,0.725,837.5,302.1,971.0,470.9,904.2,386.5,0.82,-0.46,0.94,-0.46
1400,46.667,205,0,person,0.895,148.3,445.0,357.0,670.3,252.7,557.7,-0.03,-0.39,0.39,-0.3
1400,46.667,154,0,person,0.792,1042.1,310.5,1193.4,582.1,1117.7,446.3,0.09,-0.44,0.45,0.04
1400,46.667,226,0,person,0.771,979.2,253.0,1125.8,508.1,1052.5,380.5,0.84,-0.07,0.84,0.07
1400,46.667,208,0,person,0.544,755.2,261.3,861.6,486.3,808.4,373.8,8.24,-3.13,8.81,-3.49
1400,46.667,223,0,person,0.471,214.5,228.0,329.8,494.0,272.2,361.0,-1.94,-0.77,2.09,-1.69
1401,46.7,176,0,person,0.732,835.9,298.6,972.3,471.8,904.1,385.2,-0.08,-1.27,1.27,-0.81
1401,46.7,205,0,person,0.897,148.2,444.4,356.9,669.8,252.6,557.1,-0.08,-0.55,0.56,-0.16
1401,46.7,154,0,person,0.799,1041.9,310.1,1193.3,582.0,1117.6,446.1,-0.14,-0.21,0.25,0.23
1401,46.7,226,0,person,0.776,979.4,253.1,1125.4,508.0,1052.4,380.5,-0.1,-0.0,0.1,0.07
1401,46.7,208,0,person,0.559,758.5,258.6,867.6,485.9,813.0,372.2,4.66,-1.57,4.92,1.56
1401,46.7,223,0,person,0.473,211.1,230.6,325.5,493.0,268.3,361.8,-3.84,0.84,3.93,1.61
1401,46.7,227,0,person,0.417,629.7,250.0,711.0,478.5,670.4,364.2,-3.78,3.58,5.21,2.89
1402,46.733,176,0,person,0.758,835.9,298.5,972.2,472.4,904.0,385.5,-0.1,0.24,0.26,1.51
1402,46.733,205,0,person,0.896,148.1,443.5,356.9,669.3,252.5,556.4,-0.07,-0.7,0.71,-0.15
1402,46.733,154,0,person,0.792,1041.6,310.1,1193.1,582.3,1117.4,446.2,-0.24,0.08,0.25,0.29
1402,46.733,226,0,person,0.764,978.9,253.0,1124.8,508.1,1051.8,380.6,-0.54,0.01,0.54,0.02
1402,46.733,208,0,person,0.552,756.7,257.9,866.9,486.5,811.8,372.2,-1.27,-0.01,1.27,1.56
1402,46.733,223,0,person,0.447,216.8,234.9,324.8,484.8,270.8,359.9,2.48,-1.97,3.17,-2.82
1402,46.733,227,0,person,0.346,629.4,250.7,709.5,478.4,669.5,364.5,-0.92,0.33,0.98,-3.25
1403,46.767,176,0,person,0.757,834.0,295.3,972.4,472.5,903.2,383.9,-0.82,-1.51,1.71,-1.75
1403,46.767,205,0,person,0.887,147.8,443.1,356.6,669.1,252.2,556.1,-0.32,-0.29,0.43,0.42
1403,46.767,154,0,person,0.797,1041.5,309.7,1192.9,581.8,1117.2,445.7,-0.14,-0.41,0.44,-0.49
1403,46.767,226,0,person,0.769,977.7,253.0,1123.6,508.2,1050.7,380.6,-1.17,0.04,1.17,0.02
1403,46.767,208,0,person,0.538,752.4,259.8,860.7,485.7,806.5,372.7,-5.25,0.51,5.28,0.52
1403,46.767,223,0,person,0.384,218.8,231.5,324.6,479.0,271.7,355.2,0.89,-4.61,4.7,-2.64
1403,46.767,227,0,person,0.363,628.7,258.7,705.5,478.0,667.1,368.3,-2.36,3.77,4.45,3.44
1404,46.8,176,0,person,0.76,835.4,297.5,971.5,472.1,903.4,384.8,0.25,0.83,0.86,2.33
1404,46.8,205,0,person,0.889,147.3,442.5,356.2,668.8,251.8,555.7,-0.41,-0.44,0.6,-0.15
1404,46.8,154,0,person,0.804,1041.5,309.2,1192.8,581.0,1117.1,445.1,-0.07,-0.64,0.65,-0.23
1404,46.8,226,0,person,0.787,977.6,253.1,1123.5,508.1,1050.5,380.6,-0.11,-0.03,0.12,-0.07
1404,46.8,208,0,person,0.577,749.3,260.5,856.1,485.2,802.7,372.8,-3.81,0.09,3.81,-0.42
1404,46.8,227,0,person,0.308,628.9,261.7,704.1,477.9,666.5,369.8,-0.59,1.48,1.59,-2.29
1405,46.833,176,0,person,0.749,837.6,301.1,970.6,471.9,904.1,386.5,0.64,1.71,1.83,0.88
1405,46.833,205,0,person,0.889,147.2,442.0,356.1,668.6,251.6,555.3,-0.15,-0.38,0.41,0.05
1405,46.833,154,0,person,0.801,1041.4,309.1,1192.5,580.4,1117.0,444.7,-0.14,-0.37,0.39,0.28
1405,46.833,226,0,person,0.784,978.0,253.1,1123.6,507.9,1050.8,380.5,0.26,-0.07,0.27,-0.04
1405,46.833,208,0,person,0.594,747.0,259.7,853.0,485.3,800.0,372.5,-2.71,-0.38,2.74,-0.47
1405,46.833,227,0,person,0.416,629.4,265.9,703.4,478.2,666.4,372.1,-0.11,2.28,2.28,0.8
1406,46.867,176,0,person,0.749,839.0,302.6,969.9,470.8,904.5,386.7,0.38,0.23,0.44,-1.48
1406,46.867,205,0,person,0.886,147.3,441.9,356.2,668.7,251.7,555.3,0.1,-0.03,0.11,0.35
1406,46.867,154,0,person,0.799,1041.5,309.0,1192.6,580.1,1117.1,444.5,0.06,-0.2,0.21,0.16
1406,46.867,226,0,person,0.784,977.8,253.1,1123.5,507.7,1050.6,380.4,-0.16,-0.1,0.19,-0.03
1406,46.867,208,0,person,0.681,744.8,259.1,849.5,485.1,797.2,372.1,-2.81,-0.37,2.83,0.01
1406,46.867,227,0,person,0.396,629.7,261.9,704.7,478.3,667.2,370.1,0.78,-1.96,2.11,-4.24
1407,46.9,176,0,person,0.7,830.0,283.5,974.4,470.7,902.2,377.1,-2.25,-9.64,9.9,-9.87
1407,46.9,205,0,person,0.884,147.3,441.8,356.2,668.8,251.8,555.3,0.05,0.06,0.08,0.09
1407,46.9,154,0,person,0.796,1041.7,308.9,1193.3,580.9,1117.5,444.9,0.46,0.37,0.59,0.57
1407,46.9,226,0,person,0.777,977.7,253.0,1123.6,507.6,1050.6,380.3,0.01,-0.11,0.11,-0.01
1407,46.9,208,0,person,0.742,744.5,258.7,848.4,485.5,796.4,372.1,-0.74,0.03,0.74,0.4
1407,46.9,227,0,person,0.365,630.1,259.3,705.1,477.4,667.6,368.3,0.41,-1.77,1.81,0.2
1408,46.933,176,0,person,0.734,821.3,265.0,978.0,470.8,899.6,367.9,-2.58,-9.18,9.53,0.46
1408,46.933,205,0,person,0.876,147.3,441.6,356.2,668.8,251.8,555.2,-0.03,-0.09,0.09,-0.15
1408,46.933,154,0,person,0.799,1042.0,308.9,1193.5,580.5,1117.8,444.7,0.25,-0.19,0.32,-0.56
1408,46.933,226,0,person,0.772,978.6,253.3,1124.7,507.0,1051.7,380.2,1.03,-0.12,1.04,-0.01
1408,46.933,208,0,person,0.757,744.3,257.7,847.6,485.4,796.0,371.6,-0.48,-0.57,0.75,-0.61
1409,46.967,176,0,person,0.748,822.5,267.4,976.1,470.6,899.3,369.0,-0.38,1.13,1.19,10.3
1409,46.967,205,0,person,0.88,147.1,441.3,355.9,668.6,251.5,555.0,-0.29,-0.24,0.38,-0.15
1409,46.967,154,0,person,0.804,1042.3,308.8,1193.7,580.1,1118.0,444.4,0.22,-0.29,0.37,-0.1
1409,46.967,226,0,person,0.772,979.4,253.3,1125.8,506.5,1052.6,379.9,0.9,-0.24,0.93,-0.11
1409,46.967,208,0,person,0.764,744.3,256.5,846.9,484.8,795.6,370.7,-0.4,-0.9,0.98,-0.32
1409,46.967,227,0,person,0.306,630.3,251.8,707.6,477.7,668.9,364.8,0.68,-1.79,1.92,-0.01
1410,47.0,176,0,person,0.789,833.7,287.3,972.6,471.3,903.1,379.3,3.88,10.24,10.95,9.11
1410,47.0,205,0,person,0.884,146.8,441.0,355.5,668.4,251.1,554.7,-0.32,-0.28,0.43,-0.04
1410,47.0,154,0,person,0.787,1042.3,308.8,1193.9,580.2,1118.1,444.5,0.14,0.06,0.15,0.35
1410,47.0,226,0,person,0.786,979.0,252.9,1126.0,506.3,1052.5,379.6,-0.07,-0.32,0.33,-0.08
1410,47.0,208,0,person,0.724,746.0,257.3,847.6,485.1,796.8,371.2,1.26,0.52,1.37,1.42
1410,47.0,227,0,person,0.434,629.3,258.4,704.4,478.3,666.9,368.3,-2.08,3.59,4.15,5.38
1411,47.033,176,0,person,0.792,838.1,293.9,972.1,471.6,905.1,382.7,1.93,3.49,3.98,-6.75
1411,47.033,205,0,person,0.886,146.1,440.6,354.8,668.0,250.4,554.3,-0.72,-0.44,0.84,-0.16
1411,47.033,154,0,person,0.776,1042.4,307.9,1194.9,580.8,1118.6,444.3,0.48,-0.13,0.49,-0.18
1411,47.033,226,0,person,0.759,979.2,252.5,1126.3,506.7,1052.7,379.6,0.23,-0.05,0.23,0.27
1411,47.033,208,0,person,0.728,746.9,257.6,848.2,486.1,797.5,371.8,0.71,0.65,0.96,0.13
1411,47.033,227,0,person,0.459,629.7,264.9,702.2,478.4,665.9,371.6,-0.96,3.27,3.41,-0.32
1412,47.067,176,0,person,0.819,840.3,294.7,973.5,472.2,906.9,383.4,1.84,0.66,1.95,-2.82
1412,47.067,205,0,person,0.885,145.4,440.6,354.0,667.7,249.7,554.1,-0.74,-0.13,0.75,0.3
1412,47.067,154,0,person,0.786,1042.3,307.4,1195.5,581.1,1118.9,444.3,0.29,-0.09,0.31,0.04
1412,47.067,226,0,person,0.775,978.7,252.3,1125.8,506.9,1052.3,379.6,-0.49,0.06,0.49,0.11
1412,47.067,208,0,person,0.75,747.0,257.7,848.3,487.2,797.7,372.5,0.12,0.64,0.65,-0.01
1412,47.067,227,0,person,0.379,628.9,258.1,703.1,478.6,666.0,368.3,0.07,-3.31,3.31,-6.58
1413,47.1,176,0,person,0.802,840.9,294.4,973.9,472.4,907.4,383.4,0.48,-0.04,0.48,-0.7
1413,47.1,205,0,person,0.886,145.4,440.6,353.9,667.6,249.7,554.1,-0.01,-0.01,0.02,0.12
1413,47.1,154,0,person,0.793,1042.0,307.2,1195.9,581.8,1119.0,444.5,0.06,0.25,0.26,0.34
1413,47.1,226,0,person,0.783,979.0,252.4,1125.6,507.0,1052.3,379.7,0.06,0.09,0.11,0.02
1413,47.1,208,0,person,0.767,746.7,257.7,847.8,487.4,797.3,372.5,-0.4,0.07,0.41,-0.57
1414,47.133,176,0,person,0.799,842.3,295.2,973.8,472.1,908.0,383.7,0.63,0.29,0.7,0.32
1414,47.133,205,0,person,0.886,146.0,440.8,354.5,667.7,250.2,554.3,0.56,0.16,0.58,0.17
1414,47.133,154,0,person,0.797,1042.1,308.7,1195.7,581.7,1118.9,445.2,-0.08,0.69,0.69,0.44
1414,47.133,226,0,person,0.792,978.5,252.4,1125.1,507.2,1051.8,379.8,-0.52,0.07,0.53,-0.02
1414,47.133,208,0,person,0.736,746.2,257.7,846.9,487.1,796.5,372.4,-0.75,-0.16,0.76,-0.23
1414,47.133,227,0,person,0.409,629.6,260.7,702.4,478.2,666.0,369.4,0.0,0.56,0.56,1.93
1415,47.167,176,0,person,0.794,844.0,296.0,973.9,471.7,909.0,383.9,0.93,0.21,0.95,-0.08
1415,47.167,205,0,person,0.885,146.6,441.1,355.1,668.0,250.8,554.6,0.6,0.3,0.67,0.15
1415,47.167,154,0,person,0.792,1042.4,309.2,1196.3,582.1,1119.4,445.6,0.47,0.45,0.65,-0.24
1415,47.167,226,0,person,0.806,978.7,252.6,1124.8,507.1,1051.7,379.8,-0.06,0.03,0.07,-0.04
1415,47.167,208,0,person,0.688,746.8,258.5,847.4,487.7,797.1,373.1,0.59,0.69,0.91,0.85
1416,47.2,176,0,person,0.79,845.3,294.8,975.1,471.5,910.2,383.1,1.26,-0.74,1.46,-0.95
1416,47.2,205,0,person,0.884,146.7,441.2,355.2,668.1,251.0,554.6,0.14,0.06,0.15,-0.24
1416,47.2,154,0,person,0.808,1042.5,309.1,1197.3,582.8,1119.9,445.9,0.56,0.28,0.63,-0.17
1416,47.2,226,0,person,0.808,978.5,252.8,1124.4,507.1,1051.4,380.0,-0.3,0.15,0.34,0.12
1416,47.2,208,0,person,0.673,749.0,257.6,850.3,488.3,799.6,373.0,2.54,-0.11,2.54,-0.8
1416,47.2,227,0,person,0.32,633.3,245.1,712.0,478.1,672.6,361.6,3.33,-3.91,5.13,-2.23
1417,47.233,176,0,person,0.801,846.9,294.9,975.5,471.2,911.2,383.1,1.01,-0.07,1.01,0.67
1417,47.233,205,0,person,0.884,146.6,441.3,355.0,668.0,250.8,554.6,-0.17,-0.01,0.17,-0.07
1417,47.233,154,0,person,0.821,1042.6,309.0,1198.3,583.5,1120.4,446.2,0.52,0.3,0.6,0.02
1417,47.233,226,0,person,0.825,978.9,252.7,1124.8,507.2,1051.8,379.9,0.4,-0.04,0.4,-0.19
1417,47.233,208,0,person,0.663,749.3,256.5,850.5,487.7,799.9,372.1,0.28,-0.87,0.92,-0.76
1417,47.233,227,0,person,0.452,635.7,235.3,719.0,478.3,677.4,356.8,4.72,-4.8,6.73,-0.89
1418,47.267,176,0,person,0.8,848.3,295.0,975.9,471.0,912.1,383.0,0.87,-0.04,0.87,0.03
1418,47.267,205,0,person,0.887,146.6,441.2,355.2,668.1,250.9,554.7,0.07,0.05,0.09,0.07
1418,47.267,154,0,person,0.852,1043.4,310.0,1199.2,583.7,1121.3,446.9,0.87,0.66,1.09,0.36
1418,47.267,226,0,person,0.827,979.2,252.7,1125.0,507.1,1052.1,379.9,0.27,0.0,0.27,0.04
1418,47.267,208,0,person,0.689,749.5,256.9,850.3,487.8,799.9,372.4,-0.05,0.27,0.27,1.14
1418,47.267,227,0,person,0.424,636.9,232.0,722.5,478.7,679.7,355.4,2.34,-1.43,2.74,3.37
1418,47.267,223,0,person,0.302,215.2,221.1,327.3,487.7,271.3,354.4,-0.03,-0.06,0.06,0.3
1419,47.3,176,0,person,0.798,849.1,294.0,976.2,470.4,912.7,382.2,0.55,-0.83,1.0,-0.79
1419,47.3,205,0,person,0.892,146.7,441.6,355.2,668.1,250.9,554.8,0.03,0.16,0.16,0.11
1419,47.3,154,0,person,0.841,1044.7,310.7,1201.3,584.3,1123.0,447.5,1.67,0.6,1.78,-0.06
1419,47.3,226,0,person,0.835,979.4,252.9,1125.0,507.2,1052.2,380.0,0.11,0.11,0.16,0.1
1419,47.3,208,0,person,0.69,750.2,259.9,849.6,487.7,799.9,373.8,0.03,1.45,1.45,1.18
1419,47.3,227,0,person,0.34,632.7,244.4,713.3,478.5,673.0,361.5,-6.69,6.09,9.05,7.53
1419,47.3,223,0,person,0.474,214.3,219.4,327.3,490.9,270.8,355.1,-0.48,0.73,0.88,0.79
1420,47.333,176,0,person,0.796,850.4,293.8,976.2,469.8,913.3,381.8,0.64,-0.41,0.76,0.42
1420,47.333,205,0,person,0.887,146.8,441.9,355.1,668.1,251.0,555.0,0.06,0.14,0.15,-0.02
1420,47.333,154,0,person,0.849,1045.5,310.8,1203.3,584.6,1124.4,447.7,1.4,0.25,1.42,-0.35
1420,47.333,226,0,person,0.834,979.6,253.0,1125.2,507.1,1052.4,380.0,0.19,-0.03,0.19,-0.14
1420,47.333,208,0,person,0.687,750.5,261.0,849.7,488.1,800.1,374.5,0.23,0.73,0.76,-0.72
1420,47.333,227,0,person,0.307,635.6,236.8,719.1,477.7,677.3,357.3,4.34,-4.22,6.05,-10.31
1420,47.333,223,0,person,0.464,213.9,221.6,325.4,491.2,269.7,356.4,-1.1,1.32,1.72,0.59
1421,47.367,176,0,person,0.8,850.4,293.9,975.6,469.7,913.0,381.8,-0.28,0.02,0.28,0.43
1421,47.367,205,0,person,0.891,146.8,442.0,355.1,668.0,250.9,555.0,-0.05,0.0,0.05,-0.14
1421,47.367,154,0,person,0.847,1045.5,310.6,1203.9,584.0,1124.7,447.3,0.34,-0.41,0.53,-0.66
1421,47.367,226,0,person,0.828,979.7,252.7,1125.3,507.0,1052.5,379.9,0.1,-0.13,0.17,-0.1
1421,47.367,208,0,person,0.676,750.5,259.8,850.2,488.1,800.4,374.0,0.23,-0.57,0.61,-1.3
1421,47.367,223,0,person,0.442,214.3,223.7,324.5,490.7,269.4,357.2,-0.24,0.79,0.82,-0.53
1422,47.4,176,0,person,0.789,850.3,293.1,975.6,470.1,912.9,381.6,-0.07,-0.17,0.18,-0.19
1422,47.4,205,0,person,0.891,146.7,441.9,355.0,667.9,250.8,554.9,-0.1,-0.07,0.12,-0.07
1422,47.4,154,0,person,0.845,1046.2,310.4,1206.1,584.4,1126.1,447.4,1.4,0.05,1.4,0.46
1422,47.4,226,0,person,0.827,979.7,252.5,1125.2,506.9,1052.4,379.7,-0.05,-0.18,0.18,-0.05
1422,47.4,208,0,person,0.7,750.0,262.1,849.7,489.7,799.8,375.9,-0.53,1.91,1.98,2.48
1422,47.4,223,0,person,0.491,214.2,222.4,324.6,491.4,269.4,356.9,-0.02,-0.3,0.31,-1.09
1423,47.433,176,0,person,0.796,850.9,293.3,975.3,470.0,913.1,381.7,0.18,0.03,0.18,0.2
1423,47.433,205,0,person,0.888,146.4,441.9,355.0,667.9,250.7,554.9,-0.12,-0.03,0.13,0.04
1423,47.433,154,0,person,0.858,1047.8,311.6,1207.9,583.4,1127.9,447.5,1.73,0.14,1.73,0.09
1423,47.433,226,0,person,0.838,978.9,252.5,1124.5,506.8,1051.7,379.7,-0.77,-0.02,0.77,0.15
1423,47.433,208,0,person,0.719,750.3,262.7,850.4,490.4,800.4,376.6,0.51,0.69,0.85,-1.23
1423,47.433,223,0,person,0.503,214.4,223.2,324.2,492.1,269.3,357.7,-0.12,0.76,0.77,1.06
1424,47.467,176,0,person,0.742,849.0,292.9,973.8,470.7,911.4,381.8,-1.71,0.16,1.72,0.13
1424,47.467,205,0,person,0.887,146.2,442.0,354.8,667.9,250.5,554.9,-0.23,0.05,0.23,0.08
1424,47.467,154,0,person,0.866,1049.0,312.1,1209.9,582.3,1129.4,447.2,1.59,-0.32,1.62,-0.46
1424,47.467,226,0,person,0.834,979.1,252.7,1124.4,506.5,1051.8,379.6,0.1,-0.07,0.12,-0.05
1424,47.467,208,0,person,0.676,750.0,263.9,849.6,490.2,799.8,377.1,-0.56,0.49,0.75,-0.19
1424,47.467,223,0,person,0.525,213.9,223.0,323.0,491.2,268.4,357.1,-0.86,-0.58,1.04,-1.34
1425,47.5,176,0,person,0.791,848.0,293.0,972.6,470.9,910.3,382.0,-1.1,0.14,1.11,-0.02
1425,47.5,205,0,person,0.881,145.6,441.6,354.4,667.7,250.0,554.7,-0.47,-0.28,0.55,-0.33
1425,47.5,154,0,person,0.864,1048.6,312.1,1210.6,581.7,1129.6,446.9,0.14,-0.32,0.35,0.0
1425,47.5,226,0,person,0.835,979.1,252.6,1124.3,506.0,1051.7,379.3,-0.08,-0.32,0.33,-0.25
1425,47.5,208,0,person,0.64,749.5,263.1,849.3,488.8,799.4,375.9,-0.36,-1.12,1.18,-1.61
1425,47.5,223,0,person,0.495,212.6,223.9,321.3,490.8,266.9,357.4,-1.53,0.28,1.55,0.86
1425,47.5,227,0,person,0.35,627.8,254.9,704.3,478.0,666.0,366.4,-2.26,1.84,2.92,1.21
1426,47.533,176,0,person,0.775,845.6,291.9,970.8,470.7,908.2,381.3,-2.14,-0.66,2.24,-0.81
1426,47.533,205,0,person,0.88,144.9,441.8,353.8,667.6,249.3,554.7,-0.66,0.01,0.66,0.29
1426,47.533,154,0,person,0.848,1047.5,312.3,1210.2,581.2,1128.8,446.7,-0.73,-0.15,0.75,0.16
1426,47.533,226,0,person,0.84,978.8,252.4,1124.0,505.9,1051.4,379.1,-0.26,-0.16,0.3,0.16
1426,47.533,208,0,person,0.666,750.3,263.0,849.8,487.7,800.0,375.3,0.58,-0.6,0.83,0.52
1426,47.533,223,0,person,0.46,212.1,223.8,320.3,488.8,266.2,356.3,-0.69,-1.05,1.26,-1.33
1427,47.567,176,0,person,0.769,844.9,291.4,969.9,470.0,907.4,380.7,-0.78,-0.62,1.0,0.04
1427,47.567,205,0,person,0.882,144.5,441.9,353.4,667.5,249.0,554.7,-0.37,-0.01,0.37,-0.02
1427,47.567,154,0,person,0.833,1046.4,311.9,1210.1,580.8,1128.3,446.4,-0.57,-0.36,0.68,-0.21
1427,47.567,226,0,person,0.839,979.4,252.3,1124.1,505.1,1051.8,378.7,0.32,-0.44,0.55,-0.29
1427,47.567,208,0,person,0.654,750.7,262.8,850.5,488.0,800.6,375.4,0.59,0.08,0.59,0.69
1427,47.567,223,0,person,0.479,211.5,223.1,320.0,488.3,265.7,355.7,-0.48,-0.59,0.77,0.46
1427,47.567,227,0,person,0.407,627.0,269.3,698.7,478.3,662.8,373.8,-1.59,3.69,4.02,0.93
1428,47.6,176,0,person,0.755,843.6,290.0,969.6,470.4,906.6,380.2,-0.78,-0.49,0.92,0.13
1428,47.6,205,0,person,0.88,144.1,441.9,353.2,667.5,248.6,554.7,-0.32,-0.02,0.32,-0.01
1428,47.6,154,0,person,0.811,1045.2,311.2,1209.7,580.5,1127.5,445.8,-0.82,-0.53,0.97,-0.17
1428,47.6,226,0,person,0.841,980.0,252.3,1124.2,504.6,1052.1,378.5,0.34,-0.23,0.41,0.21
1428,47.6,208,0,person,0.652,751.2,263.3,851.0,488.0,801.1,375.6,0.51,0.21,0.55,0.13
1428,47.6,223,0,person,0.516,210.9,220.2,320.8,489.9,265.8,355.0,0.1,-0.68,0.69,-0.09
1428,47.6,227,0,person,0.393,627.4,273.4,698.0,478.9,662.7,376.1,-0.16,2.32,2.33,-1.37
1429,47.633,176,0,person,0.72,833.9,282.2,966.6,470.8,900.2,376.5,-6.36,-3.72,7.36,-3.23
1429,47.633,205,0,person,0.881,144.6,442.4,353.4,667.5,249.0,554.9,0.3,0.27,0.41,0.29
1429,47.633,154,0,person,0.774,1044.9,310.4,1210.7,580.9,1127.8,445.6,0.36,-0.2,0.41,0.32
1429,47.633,226,0,person,0.852,981.4,252.6,1125.1,504.6,1053.2,378.6,1.13,0.11,1.14,0.34
1429,47.633,208,0,person,0.688,750.3,263.7,850.0,487.5,800.1,375.6,-0.96,-0.04,0.96,-0.26
1429,47.633,223,0,person,0.576,211.0,219.5,321.2,491.1,266.1,355.3,0.26,0.24,0.35,0.92
1429,47.633,227,0,person,0.508,627.5,273.6,697.9,479.0,662.7,376.3,0.04,0.14,0.14,-2.19
1430,47.667,176,0,person,0.728,829.5,275.9,966.0,469.5,897.8,372.7,-2.47,-3.81,4.54,-0.09
1430,47.667,205,0,person,0.884,145.2,442.8,353.9,667.6,249.5,555.2,0.59,0.27,0.65,-0.01
1430,47.667,154,0,person,0.81,1044.9,309.6,1211.5,580.8,1128.2,445.2,0.41,-0.45,0.61,-0.25
1430,47.667,226,0,person,0.838,980.4,253.2,1124.0,504.8,1052.2,379.0,-1.06,0.41,1.14,0.3
1430,47.667,208,0,person,0.667,747.9,264.7,847.6,487.9,797.7,376.3,-2.41,0.69,2.5,0.73
1430,47.667,223,0,person,0.572,211.1,216.9,322.0,491.2,266.6,354.1,0.46,-1.21,1.3,-1.45
1430,47.667,227,0,person,0.404,627.2,269.8,699.1,479.0,663.1,374.4,0.42,-1.85,1.9,-1.99
1431,47.7,176,0,person,0.748,829.9,272.9,966.8,467.7,898.3,370.3,0.57,-2.4,2.47,1.4
1431,47.7,205,0,person,0.879,145.7,442.9,354.4,667.7,250.1,555.3,0.51,0.11,0.52,-0.16
1431,47.7,154,0,person,0.827,1044.9,308.7,1212.3,580.4,1128.6,444.5,0.37,-0.63,0.73,-0.18
1431,47.7,226,0,person,0.834,979.2,253.5,1123.0,505.0,1051.1,379.2,-1.08,0.25,1.11,-0.16
1431,47.7,208,0,person,0.645,749.7,265.0,850.1,489.8,799.9,377.4,2.18,1.09,2.44,0.4
1431,47.7,223,0,person,0.568,211.6,215.5,322.4,491.0,267.0,353.3,0.43,-0.79,0.89,0.43
1431,47.7,227,0,person,0.509,626.8,273.6,697.1,478.1,662.0,375.8,-1.16,1.4,1.82,3.25
1432,47.733,176,0,person,0.737,833.8,276.5,966.3,466.9,900.1,371.7,1.71,1.4,2.21,3.8
1432,47.733,205,0,person,0.879,145.2,443.3,354.0,667.8,249.6,555.5,-0.43,0.24,0.49,0.13
1432,47.733,154,0,person,0.817,1044.3,308.1,1212.4,580.4,1128.4,444.3,-0.24,-0.27,0.36,0.36
1432,47.733,226,0,person,0.842,977.3,253.3,1121.9,505.1,1049.6,379.2,-1.53,-0.05,1.53,-0.3
1432,47.733,208,0,person,0.662,749.5,264.8,850.5,490.4,800.0,377.6,0.11,0.19,0.22,-0.9
1432,47.733,223,0,person,0.561,211.9,216.9,322.0,491.3,267.0,354.1,-0.03,0.83,0.83,1.61
1432,47.733,227,0,person,0.47,627.4,275.0,697.2,477.8,662.3,376.4,0.35,0.56,0.66,-0.85
1433,47.767,176,0,person,0.709,834.6,277.2,963.4,464.6,899.0,370.9,-1.05,-0.76,1.29,-2.16
1433,47.767,205,0,person,0.877,144.6,442.7,353.8,667.4,249.2,555.0,-0.4,-0.51,0.65,-0.75
1433,47.767,154,0,person,0.762,1044.0,307.3,1212.6,580.1,1128.3,443.7,-0.04,-0.57,0.58,-0.3
1433,47.767,226,0,person,0.844,974.9,252.9,1120.7,505.5,1047.8,379.2,-1.77,0.0,1.77,0.05
1433,47.767,208,0,person,0.683,749.7,265.1,850.4,489.8,800.1,377.5,0.06,-0.11,0.12,-0.3
1433,47.767,223,0,person,0.5,212.6,218.0,322.5,492.0,267.6,355.0,0.62,0.89,1.09,0.06
1433,47.767,227,0,person,0.549,626.9,273.2,697.6,478.8,662.3,376.0,-0.06,-0.39,0.4,-0.95
1434,47.8,176,0,person,0.726,834.9,276.9,962.1,463.9,898.5,370.4,-0.49,-0.52,0.72,0.23
1434,47.8,205,0,person,0.882,144.2,442.4,353.7,667.2,248.9,554.8,-0.3,-0.22,0.37,0.3
1434,47.8,154,0,person,0.758,1044.0,307.1,1213.0,580.1,1128.5,443.6,0.14,-0.11,0.17,0.47
1434,47.8,226,0,person,0.851,973.8,252.9,1120.2,505.6,1047.0,379.3,-0.77,0.08,0.78,0.08
1434,47.8,208,0,person,0.714,749.8,264.5,850.9,489.9,800.3,377.2,0.26,-0.28,0.38,-0.17
1434,47.8,223,0,person,0.509,213.1,219.7,321.7,491.1,267.4,355.4,-0.16,0.37,0.41,-0.52
1434,47.8,227,0,person,0.517,627.0,273.9,697.7,479.3,662.4,376.6,0.1,0.6,0.61,1.0
1435,47.833,176,0,person,0.719,834.0,276.6,960.1,465.1,897.0,370.9,-1.5,0.49,1.58,1.01
1435,47.833,205,0,person,0.88,144.1,442.6,353.7,667.3,248.9,554.9,0.0,0.12,0.12,0.34
1435,47.833,154,0,person,0.78,1043.4,306.4,1213.2,580.3,1128.3,443.4,-0.15,-0.22,0.27,-0.11
1435,47.833,226,0,person,0.859,973.0,253.1,1120.0,505.9,1046.5,379.5,-0.54,0.21,0.58,0.13
1435,47.833,208,0,person,0.681,749.7,265.1,851.0,490.2,800.3,377.7,-0.01,0.48,0.49,0.76
1435,47.833,223,0,person,0.496,214.0,221.6,321.6,490.9,267.8,356.2,0.4,0.88,0.97,0.51
1435,47.833,227,0,person,0.57,627.9,275.6,697.9,479.4,662.9,377.5,0.56,0.92,1.07,0.31
1436,47.867,176,0,person,0.681,833.3,281.6,953.5,465.1,893.4,373.3,-3.61,2.46,4.37,1.97
1436,47.867,205,0,person,0.881,143.7,442.4,353.6,667.3,248.6,554.9,-0.29,-0.07,0.3,-0.19
1436,47.867,154,0,person,0.753,1043.2,306.0,1213.5,580.4,1128.4,443.2,0.05,-0.17,0.18,0.06
1436,47.867,226,0,person,0.87,971.5,253.1,1119.5,506.3,1045.5,379.7,-0.99,0.25,1.03,0.05
1436,47.867,208,0,person,0.684,750.0,267.4,850.9,490.2,800.4,378.8,0.12,1.14,1.14,0.65
1436,47.867,223,0,person,0.499,214.0,221.1,321.8,491.3,267.9,356.2,0.05,-0.02,0.05,-0.9
1436,47.867,227,0,person,0.402,626.6,279.1,695.4,478.9,661.0,379.0,-1.94,1.52,2.46,0.6
1437,47.9,176,0,person,0.635,831.4,280.1,950.0,464.8,890.7,372.4,-2.75,-0.91,2.9,-3.37
1437,47.9,205,0,person,0.886,143.2,442.1,353.3,667.0,248.2,554.6,-0.4,-0.3,0.5,-0.23
1437,47.9,154,0,person,0.737,1042.5,305.7,1213.1,580.0,1127.8,442.9,-0.56,-0.35,0.66,-0.18
1437,47.9,226,0,person,0.86,970.8,253.0,1119.4,506.6,1045.1,379.8,-0.37,0.03,0.38,-0.23
1437,47.9,208,0,person,0.751,748.9,268.5,849.2,489.4,799.1,378.9,-1.38,0.13,1.39,-1.01
1437,47.9,223,0,person,0.485,213.7,222.0,320.4,490.4,267.0,356.2,-0.84,0.0,0.84,0.02
1437,47.9,227,0,person,0.565,625.5,281.2,692.7,476.3,659.1,378.8,-1.84,-0.26,1.86,-1.78
1438,47.933,176,0,person,0.601,832.1,280.9,947.7,464.4,889.9,372.6,-0.77,0.21,0.8,1.12
1438,47.933,205,0,person,0.887,142.5,441.7,353.0,666.9,247.7,554.3,-0.5,-0.3,0.58,0.01
1438,47.933,154,0,person,0.736,1042.0,306.0,1212.6,579.4,1127.3,442.7,-0.49,-0.16,0.51,0.18
1438,47.933,226,0,person,0.867,969.2,252.6,1118.7,506.7,1043.9,379.7,-1.17,-0.1,1.18,-0.12
1438,47.933,208,0,person,0.691,745.7,268.4,845.8,489.1,795.7,378.8,-3.35,-0.15,3.36,-0.28
1438,47.933,223,0,person,0.376,212.1,217.8,319.6,488.1,265.8,353.0,-1.2,-3.26,3.47,-3.26
1438,47.933,227,0,person,0.519,624.1,275.1,693.3,476.3,658.7,375.7,-0.43,-3.06,3.09,-2.8
1439,47.967,176,0,person,0.622,832.5,279.3,946.9,465.0,889.7,372.1,-0.21,-0.51,0.55,-0.72
1439,47.967,205,0,person,0.877,141.7,441.5,352.4,666.7,247.1,554.1,-0.69,-0.12,0.7,0.17
1439,47.967,154,0,person,0.689,1041.4,306.5,1211.9,578.9,1126.7,442.7,-0.65,0.02,0.65,0.19
1439,47.967,226,0,person,0.872,969.0,252.4,1118.5,506.1,1043.8,379.3,-0.17,-0.42,0.45,-0.32
1439,47.967,208,0,person,0.693,743.7,269.8,842.8,488.2,793.2,379.0,-2.5,0.24,2.51,0.4
1439,47.967,227,0,person,0.584,625.5,280.8,693.2,476.6,659.4,378.7,0.69,3.0,3.08,6.06
1440,48.0,176,0,person,0.578,832.9,277.9,945.9,465.2,889.4,371.5,-0.28,-0.61,0.67,-0.1
1440,48.0,205,0,person,0.875,141.0,441.5,351.6,666.6,246.3,554.0,-0.72,-0.12,0.73,-0.0
1440,48.0,154,0,person,0.746,1040.4,307.0,1211.2,579.0,1125.8,443.0,-0.84,0.26,0.88,0.24
1440,48.0,226,0,person,0.877,968.2,252.0,1118.1,505.8,1043.1,378.9,-0.64,-0.33,0.72,0.08
1440,48.0,208,0,person,0.651,743.0,272.8,839.5,486.5,791.2,379.7,-1.97,0.64,2.07,0.4
1440,48.0,227,0,person,0.443,624.8,277.7,693.7,477.3,659.3,377.5,-0.1,-1.22,1.22,-4.22
1441,48.033,176,0,person,0.607,832.6,276.7,944.8,465.3,888.7,371.0,-0.68,-0.55,0.88,0.05
1441,48.033,205,0,person,0.874,140.3,441.1,351.3,666.5,245.8,553.8,-0.54,-0.18,0.57,-0.06
1441,48.033,154,0,person,0.77,1040.1,307.7,1210.6,578.4,1125.4,443.1,-0.46,0.09,0.47,-0.17
1441,48.033,226,0,person,0.875,967.6,251.5,1117.9,505.4,1042.8,378.4,-0.36,-0.49,0.61,-0.16
1441,48.033,208,0,person,0.569,743.7,275.1,838.6,485.9,791.2,380.5,-0.08,0.86,0.86,0.21
1441,48.033,227,0,person,0.342,623.8,274.1,693.3,476.1,658.5,375.1,-0.76,-2.36,2.48,-1.14
1442,48.067,176,0,person,0.644,832.5,274.3,944.7,465.8,888.6,370.1,-0.14,-0.93,0.94,-0.37
1442,48.067,205,0,person,0.87,139.8,441.0,350.9,666.5,245.4,553.7,-0.42,-0.09,0.43,0.09
1442,48.067,154,0,person,0.783,1039.8,308.0,1210.7,578.4,1125.3,443.2,-0.1,0.12,0.16,0.04
1442,48.067,226,0,person,0.87,967.8,251.0,1118.4,505.1,1043.1,378.1,0.28,-0.35,0.45,0.14
1442,48.067,208,0,person,0.641,744.8,277.3,836.7,483.7,790.7,380.5,-0.41,0.02,0.41,-0.83
1442,48.067,227,0,person,0.3,623.6,272.7,693.2,475.9,658.4,374.3,-0.13,-0.81,0.82,1.55
1442,48.067,248,0,person,0.413,717.5,308.4,774.2,443.9,745.8,376.1,0.0,0.0,0.0,0.0
1442,48.067,223,0,person,0.313,193.1,213.4,305.5,483.2,249.3,348.3,-4.13,-1.17,4.29,0.52
1443,48.1,176,0,person,0.654,834.0,270.7,946.2,466.0,890.1,368.4,1.51,-1.67,2.25,-0.74
1443,48.1,205,0,person,0.872,140.3,441.6,350.9,666.3,245.6,554.0,0.19,0.22,0.29,0.31
1443,48.1,154,0,person,0.781,1039.9,308.2,1210.9,578.1,1125.4,443.2,0.16,-0.03,0.16,-0.15
1443,48.1,226,0,person,0.874,967.9,251.1,1118.6,505.2,1043.3,378.2,0.22,0.1,0.24,0.45
1443,48.1,208,0,person,0.601,744.0,274.3,835.7,483.5,789.8,378.9,-0.91,-1.61,1.84,-1.63
1443,48.1,248,0,person,0.39,717.7,308.0,774.6,444.0,746.2,376.0,0.32,-0.14,0.35,-0.14
1444,48.133,176,0,person,0.645,837.7,273.6,946.6,466.2,892.2,369.9,2.09,1.53,2.59,3.2
1444,48.133,205,0,person,0.871,140.5,442.0,351.0,666.5,245.7,554.3,0.18,0.3,0.35,0.08
1444,48.133,154,0,person,0.794,1039.9,308.2,1211.5,578.7,1125.7,443.5,0.3,0.3,0.43,0.33
1444,48.133,226,0,person,0.878,967.9,251.4,1118.9,505.6,1043.4,378.5,0.08,0.31,0.32,0.21
1444,48.133,208,0,person,0.584,742.9,274.8,833.5,485.4,788.2,380.1,-1.66,1.17,2.03,2.78
1444,48.133,248,0,person,0.406,718.3,308.2,775.0,444.0,746.6,376.1,0.45,0.12,0.47,0.26
1444,48.133,249,7,truck,0.313,628.6,125.3,1270.9,479.6,949.7,302.5,0.0,0.0,0.0,0.0
1445,48.167,176,0,person,0.657,839.4,274.4,946.4,466.2,892.9,370.3,0.75,0.39,0.84,-1.15
1445,48.167,205,0,person,0.87,140.5,442.3,351.0,666.5,245.8,554.4,0.06,0.17,0.18,-0.14
1445,48.167,154,0,person,0.796,1039.7,308.1,1212.0,579.3,1125.9,443.7,0.14,0.24,0.28,-0.06
1445,48.167,226,0,person,0.877,967.2,251.3,1118.6,505.5,1042.9,378.4,-0.45,-0.04,0.45,-0.35
1445,48.167,208,0,person,0.602,743.4,276.1,832.9,487.9,788.1,382.0,-0.04,1.89,1.89,0.72
1445,48.167,248,0,person,0.456,717.4,307.0,774.5,444.2,746.0,375.6,-0.65,-0.54,0.84,-0.66
1445,48.167,227,0,person,0.396,624.2,277.2,691.8,475.6,658.0,376.4,-0.14,0.69,0.7,0.5
1446,48.2,176,0,person,0.69,841.3,273.9,946.9,466.0,894.1,370.0,1.18,-0.35,1.23,-0.74
1446,48.2,205,0,person,0.873,140.6,442.1,351.3,666.3,245.9,554.2,0.13,-0.23,0.26,-0.39
1446,48.2,154,0,person,0.813,1039.9,308.0,1212.4,578.9,1126.2,443.5,0.31,-0.22,0.38,-0.46
1446,48.2,226,0,person,0.874,966.8,251.1,1118.4,505.2,1042.6,378.2,-0.28,-0.27,0.39,-0.22
1446,48.2,208,0,person,0.582,744.1,275.6,832.3,488.2,788.2,381.9,0.09,-0.11,0.14,-2.0
1446,48.2,249,7,truck,0.405,627.9,125.3,1270.2,479.6,949.0,302.5,-0.35,-0.01,0.35,-0.0
1447,48.233,176,0,person,0.7,845.0,276.5,948.0,466.1,896.5,371.3,2.39,1.31,2.72,1.66
1447,48.233,205,0,person,0.875,141.0,442.3,351.8,666.6,246.4,554.4,0.45,0.2,0.5,0.43
1447,48.233,154,0,person,0.823,1039.9,308.1,1212.7,579.1,1126.3,443.6,0.12,0.11,0.16,0.32
1447,48.233,226,0,person,0.884,967.1,251.4,1118.6,505.2,1042.9,378.3,0.22,0.15,0.27,0.41
1447,48.233,208,0,person,0.471,745.3,278.3,832.1,492.9,788.7,385.6,0.46,3.73,3.76,3.84
1447,48.233,248,0,person,0.319,718.1,308.4,775.4,446.1,746.8,377.3,0.4,0.85,0.94,0.69
1447,48.233,227,0,person,0.387,625.3,281.4,691.5,475.5,658.4,378.4,0.22,1.03,1.06,0.17
1448,48.267,176,0,person,0.707,848.2,277.9,949.0,466.0,898.6,372.0,2.12,0.7,2.23,-0.6
1448,48.267,205,0,person,0.879,141.5,442.7,352.4,666.9,246.9,554.8,0.56,0.37,0.67,0.17
1448,48.267,154,0,person,0.827,1039.5,308.3,1212.9,580.0,1126.2,444.1,-0.08,0.56,0.57,0.46
1448,48.267,226,0,person,0.89,966.7,252.0,1118.4,505.5,1042.6,378.8,-0.3,0.47,0.56,0.32
1448,48.267,208,0,person,0.482,747.6,289.5,829.5,496.3,788.5,392.9,-0.15,7.33,7.33,3.6
1448,48.267,227,0,person,0.303,626.8,291.7,690.3,475.9,658.5,383.8,0.1,5.34,5.34,4.3
1449,48.3,176,0,person,0.752,849.9,277.9,949.6,466.0,899.7,371.9,1.13,-0.05,1.13,-0.75
1449,48.3,205,0,person,0.877,141.5,442.3,352.8,666.8,247.1,554.6,0.17,-0.23,0.29,-0.6
1449,48.3,154,0,person,0.818,1039.3,308.5,1212.8,580.1,1126.1,444.3,-0.14,0.12,0.18,-0.44
1449,48.3,226,0,person,0.885,966.4,252.3,1118.3,505.5,1042.4,378.9,-0.19,0.13,0.23,-0.34
1449,48.3,208,0,person,0.547,748.6,292.6,828.1,497.9,788.3,395.2,-0.19,2.3,2.31,-5.03
1449,48.3,227,0,person,0.402,626.3,293.3,689.1,474.6,657.7,384.0,-0.79,0.19,0.81,-5.15
1449,48.3,248,0,person,0.311,719.8,312.0,775.6,445.8,747.7,378.9,0.48,0.8,0.93,-0.02
1450,48.333,176,0,person,0.799,851.1,277.6,950.2,466.5,900.7,372.1,0.93,0.14,0.94,0.19
1450,48.333,205,0,person,0.88,141.9,442.5,353.3,667.1,247.6,554.8,0.47,0.23,0.52,0.46
1450,48.333,154,0,person,0.826,1039.1,308.5,1213.3,581.1,1126.2,444.8,0.13,0.56,0.58,0.44
1450,48.333,226,0,person,0.885,966.3,252.5,1118.5,505.6,1042.4,379.1,0.05,0.15,0.16,0.02
1450,48.333,208,0,person,0.468,746.6,291.4,826.2,498.8,786.4,395.1,-1.95,-0.13,1.95,-2.43
1451,48.367,176,0,person,0.816,852.6,277.2,951.4,467.1,902.0,372.2,1.33,0.11,1.34,-0.03
1451,48.367,205,0,person,0.881,142.5,443.0,353.5,667.1,248.0,555.1,0.4,0.31,0.51,0.08
1451,48.367,154,0,person,0.837,1039.7,308.6,1213.3,580.3,1126.5,444.5,0.29,-0.33,0.44,-0.89
1451,48.367,226,0,person,0.891,967.1,252.8,1119.3,505.8,1043.2,379.3,0.8,0.23,0.83,0.08
1451,48.367,208,0,person,0.391,736.2,289.3,818.3,499.1,777.3,394.2,-9.12,-0.91,9.16,-0.78
1451,48.367,223,0,person,0.326,197.6,217.0,313.0,484.2,255.3,350.6,0.67,0.26,0.72,0.16
1451,48.367,227,0,person,0.384,624.7,281.3,691.5,474.9,658.1,378.1,0.21,-2.93,2.94,-1.56
1452,48.4,176,0,person,0.769,853.4,277.0,951.9,467.7,902.7,372.3,0.66,0.19,0.68,0.08
1452,48.4,205,0,person,0.881,143.1,443.2,354.0,667.3,248.6,555.2,0.57,0.12,0.58,-0.2
1452,48.4,154,0,person,0.839,1040.4,309.0,1213.7,580.1,1127.0,444.5,0.55,0.05,0.56,0.38
1452,48.4,226,0,person,0.883,968.6,253.1,1120.6,505.9,1044.6,379.5,1.4,0.21,1.42,-0.02
1452,48.4,208,0,person,0.635,732.1,287.0,816.6,498.7,774.3,392.9,-2.93,-1.34,3.23,-0.43
1452,48.4,223,0,person,0.333,190.1,216.7,311.1,485.3,250.6,351.0,-4.71,0.41,4.73,0.15
1452,48.4,227,0,person,0.435,626.0,276.7,695.3,476.7,660.6,376.7,2.51,-1.43,2.89,1.5
1453,48.433,176,0,person,0.809,854.7,276.2,953.0,467.8,903.9,372.0,1.19,-0.39,1.25,-0.58
1453,48.433,205,0,person,0.881,143.9,443.4,354.8,667.4,249.4,555.4,0.8,0.2,0.83,0.09
1453,48.433,154,0,person,0.855,1040.6,309.1,1214.1,580.6,1127.4,444.9,0.35,0.31,0.47,0.26
1453,48.433,226,0,person,0.892,968.6,253.5,1120.9,506.3,1044.7,379.9,0.1,0.4,0.41,0.18
1453,48.433,208,0,person,0.6,730.7,287.8,817.1,499.8,773.9,393.8,-0.46,0.93,1.04,2.27
1453,48.433,223,0,person,0.462,186.1,221.3,310.6,487.8,248.4,354.5,-2.26,3.54,4.2,3.14
1454,48.467,176,0,person,0.773,856.6,275.8,954.2,466.7,905.4,371.3,1.55,-0.69,1.69,-0.3
1454,48.467,205,0,person,0.878,144.9,443.7,355.6,667.6,250.3,555.6,0.91,0.23,0.94,0.03
1454,48.467,154,0,person,0.827,1041.0,309.3,1213.9,580.0,1127.5,444.7,0.1,-0.2,0.22,-0.51
1454,48.467,226,0,person,0.877,969.8,253.7,1121.9,506.0,1045.8,379.9,1.11,-0.03,1.11,-0.43
1454,48.467,208,0,person,0.556,736.8,288.6,822.9,499.4,779.8,394.0,5.95,0.24,5.96,-0.69
1454,48.467,223,0,person,0.422,189.1,227.1,314.7,484.0,251.9,355.5,3.55,0.99,3.68,-2.55
1454,48.467,249,7,truck,0.307,624.4,123.7,1277.2,484.5,950.8,304.1,0.22,0.21,0.3,0.03
1455,48.5,176,0,person,0.812,858.4,275.2,955.9,467.0,907.1,371.1,1.74,-0.14,1.74,0.55
1455,48.5,205,0,person,0.889,145.9,444.3,356.1,667.7,251.0,556.0,0.72,0.35,0.8,0.12
1455,48.5,154,0,person,0.838,1041.4,309.5,1213.8,579.5,1127.6,444.5,0.12,-0.15,0.19,0.05
1455,48.5,226,0,person,0.87,972.1,253.9,1123.7,505.6,1047.9,379.7,2.08,-0.12,2.09,-0.09
1455,48.5,208,0,person,0.636,735.3,288.7,822.7,500.0,779.0,394.4,-0.85,0.32,0.91,0.08
1455,48.5,223,0,person,0.397,191.5,227.1,317.2,473.3,254.3,350.2,2.41,-5.35,5.87,-6.34
1456,48.533,176,0,person,0.795,859.8,274.7,957.2,467.1,908.5,370.9,1.36,-0.23,1.38,-0.09
1456,48.533,205,0,person,0.89,146.3,444.6,356.3,667.8,251.3,556.2,0.32,0.2,0.38,-0.15
1456,48.533,154,0,person,0.824,1042.0,309.6,1214.3,579.5,1128.2,444.6,0.54,0.05,0.55,0.2
1456,48.533,226,0,person,0.864,973.1,253.9,1124.3,505.5,1048.7,379.7,0.76,-0.07,0.76,0.06
1456,48.533,208,0,person,0.642,735.2,290.7,822.8,500.1,779.0,395.4,-0.01,1.07,1.07,0.74
1456,48.533,223,0,person,0.35,190.8,225.3,318.9,469.2,254.8,347.3,0.5,-2.91,2.96,2.44
1456,48.533,227,0,person,0.338,630.0,276.3,700.4,476.8,665.2,376.6,1.14,-0.02,1.14,0.35
1456,48.533,249,7,truck,0.341,599.6,100.7,1280.0,488.0,939.8,294.4,-5.5,-4.89,7.36,-2.55
1457,48.567,176,0,person,0.795,860.5,275.0,957.7,467.1,909.1,371.0,0.61,0.15,0.62,0.38
1457,48.567,205,0,person,0.885,146.3,444.6,356.3,667.8,251.3,556.2,-0.02,0.01,0.02,-0.19
1457,48.567,154,0,person,0.824,1042.6,310.2,1214.2,579.3,1128.4,444.8,0.25,0.2,0.32,0.15
1457,48.567,226,0,person,0.865,972.2,253.6,1123.7,505.5,1048.0,379.6,-0.69,-0.11,0.7,-0.04
1457,48.567,208,0,person,0.6,736.7,291.9,824.5,499.9,780.6,395.9,1.65,0.45,1.71,-0.61
1457,48.567,223,0,person,0.372,190.4,228.2,319.6,466.5,255.0,347.3,0.15,0.07,0.16,2.98
1457,48.567,249,7,truck,0.372,599.6,98.7,1280.0,489.0,939.8,293.9,-0.01,-0.5,0.5,4.38
1458,48.6,176,0,person,0.785,860.9,275.2,957.7,466.6,909.3,370.9,0.21,-0.16,0.26,-0.3
1458,48.6,205,0,person,0.882,146.0,444.3,356.2,667.8,251.1,556.0,-0.18,-0.16,0.24,-0.17
1458,48.6,154,0,person,0.835,1043.1,310.8,1214.0,578.6,1128.6,444.7,0.16,-0.07,0.17,-0.27
1458,48.6,226,0,person,0.874,970.9,253.1,1122.8,505.4,1046.8,379.3,-1.12,-0.29,1.15,-0.19
1458,48.6,208,0,person,0.623,734.7,291.8,823.5,499.5,779.1,395.6,-1.53,-0.23,1.55,-0.69
1458,48.6,223,0,person,0.313,185.8,230.9,317.5,468.9,251.7,349.9,-3.31,2.55,4.18,2.48
1458,48.6,250,28,box,0.424,812.7,367.3,876.3,450.5,844.5,408.9,0.0,0.0,0.0,0.0
1459,48.633,176,0,person,0.775,861.6,274.2,958.7,466.5,910.2,370.4,0.86,-0.51,1.0,-0.35
1459,48.633,205,0,person,0.881,145.9,444.1,356.2,667.8,251.0,556.0,-0.07,-0.09,0.11,0.07
1459,48.633,154,0,person,0.841,1044.0,310.9,1214.5,578.2,1129.3,444.6,0.7,-0.11,0.7,-0.04
1459,48.633,226,0,person,0.864,970.7,252.9,1123.0,505.3,1046.8,379.1,-0.0,-0.21,0.21,0.08
1459,48.633,208,0,person,0.633,733.1,288.9,824.5,499.2,778.8,394.0,-0.3,-1.61,1.63,-1.37
1459,48.633,223,0,person,0.301,185.3,237.7,317.7,471.5,251.5,354.6,-0.14,4.68,4.68,2.12
1459,48.633,250,28,box,0.302,812.9,367.1,877.1,451.2,845.0,409.2,0.53,0.21,0.57,0.21
1460,48.667,176,0,person,0.792,863.1,274.9,959.8,466.5,911.4,370.7,1.28,0.3,1.31,0.8
1460,48.667,205,0,person,0.885,145.8,444.1,356.4,668.1,251.1,556.1,0.09,0.16,0.18,0.25
1460,48.667,154,0,person,0.866,1044.8,310.9,1215.8,579.2,1130.3,445.1,1.02,0.48,1.12,0.59
1460,48.667,226,0,person,0.856,970.8,252.6,1123.8,505.6,1047.3,379.1,0.44,0.03,0.44,0.25
1460,48.667,208,0,person,0.665,731.7,278.1,830.3,499.2,781.0,388.6,2.19,-5.4,5.83,-3.79
1460,48.667,223,0,person,0.369,179.5,239.0,318.8,481.6,249.1,360.3,-2.42,5.74,6.23,1.06
1461,48.7,176,0,person,0.79,863.3,274.2,960.2,466.1,911.7,370.2,0.28,-0.5,0.57,-0.79
1461,48.7,205,0,person,0.887,145.7,444.1,356.4,668.3,251.1,556.2,-0.03,0.05,0.06,-0.11
1461,48.7,154,0,person,0.867,1045.0,311.0,1216.3,580.0,1130.6,445.5,0.37,0.42,0.56,-0.06
1461,48.7,226,0,person,0.855,971.3,252.3,1124.7,505.7,1048.0,379.0,0.74,-0.12,0.75,-0.15
1461,48.7,208,0,person,0.728,731.2,275.5,833.1,498.8,782.2,387.2,1.18,-1.48,1.89,3.93
1461,48.7,223,0,person,0.356,180.1,241.1,320.0,481.3,250.1,361.2,0.97,0.88,1.31,-4.86
1461,48.7,251,0,person,0.385,0.0,235.5,31.2,380.7,15.6,308.1,0.0,0.0,0.0,0.0
1462,48.733,176,0,person,0.806,864.0,272.8,961.7,466.0,912.8,369.4,1.1,-0.77,1.35,-0.28
1462,48.733,205,0,person,0.884,145.7,444.0,356.5,668.3,251.1,556.2,0.05,0.03,0.06,-0.03
1462,48.733,154,0,person,0.886,1045.4,311.2,1216.8,580.4,1131.1,445.8,0.44,0.32,0.54,-0.1
1462,48.733,226,0,person,0.858,972.6,251.8,1126.1,505.7,1049.4,378.7,1.34,-0.26,1.37,-0.14
1462,48.733,208,0,person,0.554,745.8,278.8,844.7,499.1,795.3,389.0,13.11,1.82,13.24,3.3
1463,48.767,176,0,person,0.793,864.3,271.1,963.2,466.3,913.8,368.7,0.95,-0.71,1.18,0.07
1463,48.767,205,0,person,0.889,146.0,444.3,356.7,668.5,251.3,556.4,0.2,0.2,0.28,0.18
1463,48.767,154,0,person,0.878,1045.6,311.2,1217.0,580.5,1131.3,445.8,0.26,0.04,0.26,-0.28
1463,48.767,226,0,person,0.856,973.6,251.5,1127.1,505.6,1050.4,378.5,1.01,-0.21,1.03,0.04
1463,48.767,208,0,person,0.543,757.6,279.7,854.5,499.0,806.0,389.4,10.74,0.41,10.74,-1.41
1463,48.767,249,7,truck,0.327,616.1,108.3,1274.1,484.7,945.1,296.5,0.89,0.44,0.99,0.16
1463,48.767,251,0,person,0.371,0.3,228.9,33.3,380.8,16.8,304.8,0.6,-1.61,1.72,-0.8
1464,48.8,176,0,person,0.799,864.6,270.8,963.9,466.3,914.2,368.5,0.47,-0.17,0.5,0.54
1464,48.8,205,0,person,0.889,146.2,444.5,356.8,668.7,251.5,556.6,0.19,0.17,0.25,-0.04
1464,48.8,154,0,person,0.88,1045.7,311.4,1216.8,580.3,1131.2,445.9,-0.11,0.03,0.12,-0.01
1464,48.8,226,0,person,0.857,974.3,251.4,1127.7,505.7,1051.0,378.5,0.62,-0.0,0.62,0.21
1464,48.8,208,0,person,0.568,763.4,280.7,858.0,499.7,810.7,390.2,4.67,0.81,4.74,0.39
1464,48.8,249,7,truck,0.346,623.3,112.7,1265.7,482.1,944.5,297.4,-0.61,0.9,1.09,0.46
1464,48.8,251,0,person,0.354,0.3,223.6,34.5,381.0,17.4,302.3,0.55,-2.55,2.6,-0.94
1465,48.833,176,0,person,0.785,863.8,270.4,963.5,466.0,913.6,368.2,-0.6,-0.29,0.67,-0.12
1465,48.833,205,0,person,0.89,146.5,444.2,356.9,668.3,251.7,556.3,0.19,-0.3,0.35,-0.46
1465,48.833,154,0,person,0.861,1045.6,311.4,1216.1,579.5,1130.9,445.4,-0.37,-0.46,0.59,-0.49
1465,48.833,226,0,person,0.858,973.7,251.6,1126.8,505.6,1050.3,378.6,-0.75,0.08,0.75,0.09
1465,48.833,208,0,person,0.534,767.0,279.0,860.4,498.9,813.7,388.9,2.99,-1.25,3.24,-2.06
1465,48.833,249,7,truck,0.33,622.1,105.7,1270.1,480.8,946.1,293.2,1.6,-4.17,4.46,-5.07
1465,48.833,251,0,person,0.533,0.7,205.5,38.8,380.9,19.8,293.2,2.39,-9.09,9.4,-6.55
1465,48.833,223,0,person,0.308,176.6,233.4,319.6,475.0,248.1,354.2,-0.5,-1.75,1.82,-0.66
1466,48.867,176,0,person,0.778,862.8,270.3,963.0,465.7,912.9,368.0,-0.76,-0.28,0.81,0.01
1466,48.867,205,0,person,0.885,146.4,443.8,356.9,668.0,251.6,555.9,-0.09,-0.36,0.37,-0.06
1466,48.867,154,0,person,0.841,1045.5,310.4,1215.6,578.2,1130.6,444.3,-0.3,-1.09,1.13,-0.62
1466,48.867,226,0,person,0.851,973.1,251.6,1126.1,505.3,1049.6,378.4,-0.63,-0.14,0.65,-0.22
1466,48.867,208,0,person,0.599,769.2,279.3,860.8,498.1,815.0,388.7,1.31,-0.22,1.33,1.03
1466,48.867,251,0,person,0.364,2.7,193.8,43.5,379.9,23.1,286.9,3.32,-6.32,7.14,2.77
1467,48.9,176,0,person,0.779,863.0,270.2,963.5,465.6,913.3,367.9,0.39,-0.08,0.4,0.2
1467,48.9,205,0,person,0.888,146.3,443.6,356.9,667.9,251.6,555.7,-0.02,-0.18,0.18,0.18
1467,48.9,154,0,person,0.833,1045.0,310.2,1214.7,577.8,1129.8,444.0,-0.75,-0.32,0.82,0.77
1467,48.9,226,0,person,0.852,972.7,251.9,1125.5,505.1,1049.1,378.5,-0.54,0.07,0.54,0.21
1467,48.9,208,0,person,0.579,770.9,279.1,861.2,497.6,816.0,388.4,1.06,-0.37,1.12,-0.15
1467,48.9,227,0,person,0.358,629.6,272.3,700.3,475.7,664.9,374.0,-0.02,-0.23,0.23,-0.02
1468,48.933,176,0,person,0.797,862.1,270.5,963.0,465.7,912.5,368.1,-0.76,0.24,0.8,0.32
1468,48.933,205,0,person,0.892,146.6,443.9,357.0,668.0,251.8,555.9,0.2,0.21,0.29,0.38
1468,48.933,154,0,person,0.816,1043.7,310.4,1212.5,577.6,1128.1,444.0,-1.7,-0.0,1.7,0.32
1468,48.933,226,0,person,0.843,972.7,252.2,1125.4,505.2,1049.0,378.7,-0.05,0.17,0.18,0.1
1468,48.933,208,0,person,0.668,774.3,279.8,863.7,498.1,819.0,389.0,2.95,0.6,3.01,0.97
1468,48.933,249,7,truck,0.311,622.0,107.1,1268.2,483.3,945.1,295.2,-0.33,0.64,0.72,1.6
1469,48.967,176,0,person,0.803,861.5,270.7,962.9,465.8,912.2,368.3,-0.34,0.16,0.38,-0.08
1469,48.967,205,0,person,0.892,147.1,444.4,357.2,668.3,252.1,556.3,0.33,0.41,0.53,0.2
1469,48.967,154,0,person,0.824,1043.6,310.3,1212.1,578.0,1127.9,444.2,-0.25,0.19,0.32,0.2
1469,48.967,226,0,person,0.846,973.3,252.5,1125.7,505.3,1049.5,378.9,0.48,0.21,0.52,0.04
1469,48.967,208,0,person,0.726,776.4,279.5,865.5,498.7,820.9,389.1,1.94,0.16,1.95,-0.45
1469,48.967,249,7,truck,0.399,629.4,114.2,1258.4,480.8,943.9,297.5,-1.18,2.3,2.59,1.66
1470,49.0,176,0,person,0.804,862.3,270.1,964.5,466.5,913.4,368.3,1.25,0.05,1.25,-0.12
1470,49.0,205,0,person,0.891,147.9,445.4,357.4,668.5,252.7,557.0,0.53,0.62,0.82,0.22
1470,49.0,154,0,person,0.831,1043.8,311.4,1212.1,579.4,1128.0,445.4,0.1,1.21,1.21,1.02
1470,49.0,226,0,person,0.851,973.7,253.0,1126.0,505.6,1049.9,379.3,0.35,0.38,0.51,0.17
1470,49.0,208,0,person,0.741,778.6,279.4,868.0,499.7,823.3,389.6,2.37,0.45,2.41,0.3
1470,49.0,249,7,truck,0.354,622.8,104.3,1266.4,481.9,944.6,293.1,0.67,-4.35,4.4,-6.65
1470,49.0,223,0,person,0.375,205.1,254.6,337.3,486.8,271.2,370.7,4.63,3.3,5.68,1.01
