frame,timestamp,track_id,class_id,class_name,confidence,bbox_x1,bbox_y1,bbox_x2,bbox_y2,center_x,center_y,velocity_x,velocity_y,speed,acceleration_y
0,0.0,1,0,person,0.833,69.4,198.4,308.1,551.7,188.7,375.1,0.0,0.0,0.0,0.0
0,0.0,2,0,person,0.788,822.4,100.7,920.8,265.1,871.6,182.9,0.0,0.0,0.0,0.0
1,0.033,1,0,person,0.805,74.4,198.1,312.8,551.2,193.6,374.6,4.89,-0.42,4.91,-0.42
1,0.033,2,0,person,0.584,826.1,97.2,923.2,259.5,874.6,178.4,3.01,-4.54,5.45,-4.54
2,0.067,1,0,person,0.785,83.2,199.7,320.7,552.0,202.0,375.8,8.36,1.18,8.45,1.6
2,0.067,2,0,person,0.714,826.5,91.8,926.0,258.6,876.3,175.2,1.63,-3.17,3.56,1.38
3,0.1,1,0,person,0.747,93.8,204.6,331.1,555.9,212.4,380.2,10.47,4.42,11.36,3.23
3,0.1,2,0,person,0.665,826.3,87.2,927.6,257.6,877.0,172.4,0.74,-2.8,2.89,0.37
4,0.133,1,0,person,0.802,122.6,206.5,359.3,555.6,241.0,381.0,28.51,0.79,28.52,-3.63
4,0.133,2,0,person,0.618,833.1,85.3,929.7,249.2,881.4,167.2,4.39,-5.18,6.79,-2.38
5,0.167,1,0,person,0.822,148.0,215.6,397.0,580.1,272.5,397.9,31.55,16.86,35.77,16.07
5,0.167,2,0,person,0.592,843.4,83.3,932.5,235.6,888.0,159.4,6.58,-7.81,10.21,-2.62
6,0.2,1,0,person,0.805,164.4,222.2,417.5,592.0,291.0,407.1,18.47,9.2,20.63,-7.66
6,0.2,2,0,person,0.521,845.9,84.5,930.5,229.9,888.2,157.2,0.26,-2.22,2.24,5.59
6,0.2,4,0,person,0.475,756.8,86.8,863.2,201.8,810.0,144.3,0.0,0.0,0.0,0.0
7,0.233,1,0,person,0.851,174.7,229.9,426.1,597.5,300.4,413.7,9.44,6.61,11.52,-2.59
7,0.233,2,0,person,0.715,845.2,91.0,927.2,231.8,886.2,161.4,-2.02,4.17,4.63,6.39
8,0.267,1,0,person,0.849,196.0,240.7,442.1,600.7,319.0,420.7,18.64,7.02,19.92,0.42
8,0.267,2,0,person,0.614,850.6,95.9,931.6,233.7,891.1,164.8,4.91,3.42,5.98,-0.75
9,0.3,1,0,person,0.804,225.5,255.6,465.2,604.3,345.4,430.0,26.33,9.25,27.91,2.23
9,0.3,2,0,person,0.555,870.8,100.7,946.8,228.2,908.8,164.4,17.72,-0.35,17.72,-3.77
10,0.333,1,0,person,0.853,252.0,278.1,481.0,607.7,366.5,442.9,21.13,12.91,24.76,3.66
10,0.333,2,0,person,0.632,894.4,102.2,968.5,226.6,931.5,164.4,22.66,-0.06,22.66,0.3
11,0.367,1,0,person,0.806,283.9,302.2,500.8,608.4,392.3,455.3,25.83,12.42,28.67,-0.49
11,0.367,2,0,person,0.64,907.7,104.8,981.9,228.9,944.8,166.8,13.29,2.47,13.52,2.52
12,0.4,1,0,person,0.845,302.0,317.0,518.3,613.0,410.2,465.0,17.84,9.69,20.31,-2.73
12,0.4,2,0,person,0.637,913.6,106.2,989.0,231.6,951.3,168.9,6.48,2.07,6.81,-0.39
13,0.433,1,0,person,0.85,323.8,329.5,538.1,615.4,430.9,472.5,20.74,7.47,22.04,-2.22
13,0.433,2,0,person,0.57,916.9,108.5,990.2,231.3,953.6,169.9,2.29,0.96,2.48,-1.11
14,0.467,1,0,person,0.816,351.0,350.3,555.5,612.8,453.2,481.6,22.3,9.09,24.08,1.62
14,0.467,2,0,person,0.488,922.3,106.1,989.6,221.0,956.0,163.6,2.4,-6.32,6.76,-7.28
15,0.5,1,0,person,0.787,370.5,367.8,565.0,608.1,467.7,488.0,14.53,6.4,15.87,-2.68
15,0.5,2,0,person,0.525,928.8,102.4,993.0,212.5,960.9,157.5,4.94,-6.1,7.85,0.22
16,0.533,1,0,person,0.641,405.3,376.2,601.8,605.0,503.6,490.6,35.82,2.66,35.92,-3.74
16,0.533,2,0,person,0.418,929.8,103.4,989.4,206.4,959.6,154.9,-1.27,-2.52,2.83,3.57
17,0.567,1,0,person,0.698,460.1,400.1,647.3,604.0,553.7,502.0,50.11,11.4,51.39,8.74
17,0.567,2,0,person,0.585,935.3,103.0,993.6,203.3,964.5,153.1,4.84,-1.81,5.17,0.71
18,0.6,2,0,person,0.539,940.9,102.0,996.7,197.1,968.8,149.6,4.32,-3.54,5.58,-1.73
19,0.633,2,0,person,0.65,944.8,103.6,999.2,195.5,972.0,149.5,3.24,-0.04,3.24,3.5
19,0.633,1,0,person,0.507,517.7,436.7,675.9,600.0,596.8,518.4,21.56,8.17,23.05,-1.62
20,0.667,2,0,person,0.589,947.5,107.4,1000.2,196.1,973.8,151.7,1.83,2.19,2.85,2.23
20,0.667,1,0,person,0.331,543.9,464.1,680.2,600.4,612.1,532.3,15.26,13.9,20.64,5.73
21,0.7,2,0,person,0.624,949.6,106.4,1003.8,199.4,976.7,152.9,2.84,1.14,3.06,-1.05
22,0.733,2,0,person,0.468,948.8,106.0,1002.6,199.9,975.7,152.9,-0.98,0.03,0.98,-1.11
22,0.733,21,0,person,0.666,643.3,106.3,707.7,249.3,675.5,177.8,0.0,0.0,0.0,0.0
23,0.767,21,0,person,0.65,639.1,108.4,703.1,250.3,671.1,179.4,-4.39,1.55,4.66,1.55
25,0.833,21,0,person,0.404,634.0,110.8,700.1,257.3,667.1,184.1,-2.03,2.35,3.1,0.4
26,0.867,21,0,person,0.315,636.3,109.3,703.0,257.3,669.6,183.3,2.59,-0.78,2.7,-3.13
27,0.9,21,0,person,0.512,637.8,110.2,704.9,257.6,671.3,183.9,1.69,0.63,1.8,1.41
28,0.933,21,0,person,0.6,638.9,110.3,706.5,256.8,672.7,183.6,1.35,-0.35,1.4,-0.98
30,1.0,21,0,person,0.581,621.0,104.3,695.7,265.7,658.3,185.0,-7.18,0.72,7.21,0.53
31,1.033,21,0,person,0.681,618.0,99.1,696.1,267.6,657.1,183.3,-1.27,-1.67,2.1,-2.39
32,1.067,21,0,person,0.707,612.5,84.1,698.2,269.1,655.3,176.6,-1.75,-6.73,6.96,-5.06
33,1.1,21,0,person,0.712,605.1,78.5,693.8,271.4,649.5,175.0,-5.83,-1.65,6.06,5.09
34,1.133,21,0,person,0.71,597.9,59.9,693.1,269.5,645.5,164.7,-4.01,-10.24,10.99,-8.59
35,1.167,21,0,person,0.686,599.4,77.5,686.6,268.1,643.0,172.8,-2.5,8.1,8.47,18.33
36,1.2,21,0,person,0.657,599.1,78.2,685.6,267.2,642.4,172.7,-0.6,-0.14,0.62,-8.24
37,1.233,21,0,person,0.714,601.9,89.6,684.4,268.1,643.2,178.8,0.8,6.16,6.21,6.3
38,1.267,21,0,person,0.725,600.5,84.1,687.2,271.5,643.8,177.8,0.65,-1.04,1.23,-7.2
39,1.3,21,0,person,0.692,604.6,81.7,692.4,271.2,648.5,176.4,4.66,-1.34,4.85,-0.3
40,1.333,21,0,person,0.729,609.8,77.1,698.5,268.7,654.1,172.9,5.66,-3.56,6.69,-2.22
41,1.367,21,0,person,0.731,612.8,79.0,700.0,267.4,656.4,173.2,2.24,0.31,2.26,3.87
42,1.4,21,0,person,0.734,612.2,78.0,700.7,268.8,656.5,173.4,0.1,0.24,0.26,-0.08
43,1.433,21,0,person,0.685,614.1,75.2,704.5,270.8,659.3,173.0,2.78,-0.45,2.82,-0.69
44,1.467,21,0,person,0.65,616.8,75.0,707.8,272.4,662.3,173.7,3.05,0.75,3.14,1.2
45,1.5,21,0,person,0.657,618.2,76.0,709.6,275.7,663.9,175.8,1.59,2.11,2.64,1.36
46,1.533,21,0,person,0.716,620.6,74.6,711.9,275.7,666.2,175.1,2.33,-0.7,2.43,-2.81
47,1.567,21,0,person,0.699,622.8,77.3,712.3,275.8,667.6,176.6,1.34,1.45,1.97,2.15
48,1.6,21,0,person,0.684,628.2,81.0,715.3,273.5,671.8,177.3,4.19,0.66,4.24,-0.79
49,1.633,21,0,person,0.699,633.9,91.4,716.2,270.9,675.0,181.2,3.26,3.9,5.08,3.24
50,1.667,21,0,person,0.663,636.3,98.9,715.4,269.7,675.8,184.3,0.8,3.14,3.24,-0.76
51,1.7,21,0,person,0.67,634.6,103.0,713.5,271.2,674.0,187.1,-1.79,2.82,3.34,-0.32
52,1.733,21,0,person,0.707,633.5,101.2,713.8,271.5,673.7,186.4,-0.38,-0.77,0.85,-3.58
53,1.767,21,0,person,0.712,633.6,91.0,718.3,271.0,675.9,181.0,2.26,-5.35,5.81,-4.58
54,1.8,21,0,person,0.694,634.8,85.6,721.9,271.0,678.4,178.3,2.47,-2.72,3.68,2.62
55,1.833,21,0,person,0.641,636.3,78.9,725.6,269.9,681.0,174.4,2.6,-3.91,4.69,-1.18
56,1.867,21,0,person,0.697,640.7,98.1,721.9,269.9,681.3,184.0,0.33,9.63,9.64,13.54
57,1.9,21,0,person,0.629,639.1,97.8,721.1,269.8,680.1,183.8,-1.21,-0.22,1.23,-9.86
58,1.933,21,0,person,0.706,631.5,77.5,721.0,267.6,676.3,172.6,-3.84,-11.2,11.84,-10.98
59,1.967,21,0,person,0.657,628.2,69.1,719.6,264.4,673.9,166.8,-2.32,-5.82,6.27,5.38
60,2.0,21,0,person,0.705,628.1,66.2,719.6,263.1,673.9,164.6,-0.05,-2.12,2.12,3.7
61,2.033,21,0,person,0.651,626.3,66.0,718.6,265.9,672.4,165.9,-1.45,1.3,1.95,3.43
62,2.067,21,0,person,0.64,625.1,69.7,715.8,266.8,670.5,168.2,-1.98,2.3,3.03,1.0
63,2.1,21,0,person,0.65,624.1,70.9,713.9,266.8,669.0,168.9,-1.49,0.61,1.61,-1.69
64,2.133,21,0,person,0.599,624.4,75.3,712.2,267.1,668.3,171.2,-0.64,2.34,2.42,1.73
65,2.167,21,0,person,0.602,630.5,95.1,711.6,270.0,671.0,182.5,2.7,11.32,11.64,8.98
66,2.2,21,0,person,0.682,627.3,78.5,718.2,276.5,672.7,177.5,1.69,-5.01,5.29,-16.33
67,2.233,21,0,person,0.681,624.6,71.7,719.3,279.8,672.0,175.7,-0.76,-1.77,1.93,3.23
68,2.267,21,0,person,0.648,629.5,91.6,715.5,278.9,672.5,185.3,0.54,9.52,9.53,11.29
69,2.3,21,0,person,0.658,630.6,92.8,715.6,278.1,673.1,185.5,0.62,0.22,0.65,-9.3
70,2.333,21,0,person,0.631,631.3,99.8,713.3,276.8,672.3,188.3,-0.86,2.85,2.98,2.63
71,2.367,21,0,person,0.72,632.9,98.1,714.1,271.9,673.5,185.0,1.24,-3.34,3.56,-6.19
72,2.4,21,0,person,0.708,632.9,84.4,718.8,268.7,675.9,176.6,2.37,-8.43,8.75,-5.09
73,2.433,21,0,person,0.711,633.2,75.9,721.0,264.6,677.1,170.3,1.19,-6.29,6.41,2.13
74,2.467,21,0,person,0.634,637.3,76.5,724.0,261.5,680.7,169.0,3.61,-1.25,3.82,5.05
75,2.5,21,0,person,0.674,639.7,72.1,728.3,260.0,684.0,166.0,3.33,-2.98,4.46,-1.73
76,2.533,21,0,person,0.638,645.4,88.8,728.4,260.6,686.9,174.7,2.91,8.65,9.12,11.62
77,2.567,21,0,person,0.439,649.8,99.5,731.2,264.1,690.5,181.8,3.61,7.1,7.96,-1.55
78,2.6,21,0,person,0.669,655.3,103.7,736.8,263.4,696.0,183.6,5.52,1.79,5.81,-5.3
79,2.633,21,0,person,0.655,657.1,105.3,738.5,259.9,697.8,182.6,1.78,-0.94,2.01,-2.73
80,2.667,21,0,person,0.602,657.8,104.9,740.8,258.3,699.3,181.6,1.48,-1.07,1.83,-0.14
81,2.7,21,0,person,0.651,655.3,107.6,740.1,260.2,697.7,183.9,-1.57,2.33,2.81,3.41
82,2.733,21,0,person,0.687,651.0,108.4,739.1,262.5,695.0,185.4,-2.68,1.54,3.09,-0.79
83,2.767,21,0,person,0.694,647.6,108.7,737.2,263.1,692.4,185.9,-2.63,0.48,2.67,-1.06
84,2.8,21,0,person,0.707,644.3,110.5,735.6,265.0,690.0,187.8,-2.42,1.83,3.04,1.35
85,2.833,21,0,person,0.634,642.3,112.3,734.2,265.7,688.2,189.0,-1.75,1.27,2.16,-0.56
86,2.867,21,0,person,0.641,640.1,114.9,732.7,268.0,686.4,191.5,-1.85,2.45,3.07,1.17
89,2.967,21,0,person,0.326,634.2,114.7,726.3,265.6,680.2,190.1,-2.06,-0.44,2.11,-0.96
90,3.0,21,0,person,0.453,631.0,111.3,725.1,263.6,678.0,187.5,-2.2,-2.68,3.47,-2.24
91,3.033,21,0,person,0.376,633.3,108.9,729.2,263.3,681.3,186.1,3.23,-1.37,3.51,1.31
94,3.133,9000,0,person,0.306,1115.8,99.2,1181.4,206.3,1148.6,152.8,0.0,0.0,0.0,0.0
96,3.2,9001,0,person,0.352,1137.2,102.4,1200.0,205.7,1168.6,154.0,0.0,0.0,0.0,0.0
100,3.333,9002,0,person,0.501,674.9,95.7,777.9,245.6,726.4,170.6,0.0,0.0,0.0,0.0
101,3.367,21,0,person,0.638,665.8,92.2,757.5,242.8,711.6,167.5,3.04,-1.86,3.56,-0.05
102,3.4,21,0,person,0.533,668.5,90.3,758.3,240.1,713.4,165.2,1.78,-2.3,2.91,-0.44
103,3.433,21,0,person,0.501,676.7,88.6,764.3,238.0,720.5,163.3,7.04,-1.96,7.31,0.34
104,3.467,21,0,person,0.527,679.2,88.0,764.9,237.5,722.0,162.7,1.58,-0.55,1.67,1.41
105,3.5,21,0,person,0.487,680.9,85.4,766.0,236.2,723.4,160.8,1.39,-1.93,2.38,-1.38
106,3.533,21,0,person,0.502,676.0,85.7,761.7,237.3,718.8,161.5,-4.62,0.73,4.68,2.66
107,3.567,21,0,person,0.446,678.1,85.8,764.4,237.5,721.2,161.6,2.41,0.12,2.42,-0.61
108,3.6,21,0,person,0.603,674.5,88.7,760.9,240.8,717.7,164.8,-3.55,3.14,4.74,3.03
109,3.633,21,0,person,0.526,672.1,91.5,758.7,244.6,715.4,168.1,-2.3,3.29,4.01,0.14
110,3.667,21,0,person,0.513,669.0,96.1,754.5,248.5,711.8,172.3,-3.63,4.28,5.61,1.0
111,3.7,21,0,person,0.577,668.3,100.2,752.2,250.5,710.2,175.4,-1.52,3.03,3.39,-1.26
112,3.733,21,0,person,0.445,673.1,100.6,756.5,250.0,714.8,175.3,4.62,-0.06,4.62,-3.08
113,3.767,21,0,person,0.502,679.5,100.9,762.1,248.7,720.8,174.8,5.97,-0.47,5.98,-0.42
114,3.8,21,0,person,0.596,680.1,105.8,761.5,252.1,720.8,178.9,-0.0,4.1,4.1,4.58
115,3.833,21,0,person,0.505,676.9,110.3,758.9,257.5,717.9,183.9,-2.9,4.93,5.72,0.83
116,3.867,21,0,person,0.4,674.2,113.4,756.2,260.1,715.2,186.7,-2.71,2.86,3.94,-2.08
117,3.9,21,0,person,0.472,673.2,115.7,754.9,262.5,714.0,189.1,-1.15,2.35,2.62,-0.51
118,3.933,9003,73,book,0.338,197.3,172.3,518.7,261.0,358.0,216.6,0.0,0.0,0.0,0.0
122,4.067,21,0,person,0.49,677.3,124.3,757.3,270.2,717.3,197.2,0.66,1.63,1.75,-0.14
123,4.1,21,0,person,0.489,679.6,125.4,758.3,271.3,719.0,198.4,1.61,1.18,2.0,-0.45
124,4.133,21,0,person,0.444,681.3,123.0,761.4,272.7,721.3,197.9,2.38,-0.53,2.44,-1.7
127,4.233,21,0,person,0.352,681.9,125.6,760.0,272.6,720.9,199.1,-0.13,0.41,0.43,0.31
128,4.267,21,0,person,0.322,682.0,121.9,761.6,272.2,721.8,197.0,0.84,-2.04,2.21,-2.45
129,4.3,21,0,person,0.304,679.3,118.9,760.3,270.4,719.8,194.7,-1.96,-2.38,3.08,-0.33
130,4.333,21,0,person,0.379,680.7,118.1,762.0,269.9,721.3,194.0,1.51,-0.71,1.67,1.67
131,4.367,21,0,person,0.374,682.3,117.4,763.4,269.2,722.8,193.3,1.53,-0.62,1.66,0.08
131,4.367,37,73,book,0.34,194.9,166.4,541.7,260.9,368.3,213.6,0.0,0.0,0.0,0.0
132,4.4,21,0,person,0.39,681.8,117.0,763.3,268.6,722.5,192.8,-0.33,-0.52,0.62,0.1
132,4.4,37,73,book,0.39,222.2,171.6,554.8,262.0,388.5,216.8,20.19,3.13,20.43,3.13
135,4.5,37,73,book,0.332,237.5,174.1,565.4,262.6,401.4,218.3,4.31,0.52,4.34,-0.87
137,4.567,37,73,book,0.351,236.2,174.7,568.1,263.6,402.1,219.2,0.35,0.42,0.55,-0.05
138,4.6,37,73,book,0.34,203.0,164.1,566.0,261.3,384.5,212.7,-17.61,-6.48,18.77,-6.91
139,4.633,37,73,book,0.397,185.9,158.8,565.3,260.8,375.6,209.8,-8.92,-2.93,9.39,3.55
141,4.7,37,73,book,0.398,172.4,162.4,548.0,262.0,360.2,212.2,-7.7,1.21,7.79,2.07
142,4.733,37,73,book,0.33,174.0,164.2,544.2,261.4,359.1,212.8,-1.07,0.64,1.25,-0.57
146,4.867,37,73,book,0.334,202.7,160.3,575.4,258.9,389.1,209.6,7.48,-0.8,7.53,-0.36
148,4.933,37,73,book,0.355,230.2,169.1,582.1,260.8,406.1,214.9,8.54,2.67,8.95,1.74
149,4.967,37,73,book,0.331,230.4,170.6,586.6,262.9,408.5,216.7,2.38,1.79,2.98,-0.88
151,5.033,37,73,book,0.332,244.1,172.0,606.1,264.4,425.1,218.2,8.29,0.71,8.32,-0.54
155,5.167,9004,73,book,0.408,125.0,114.5,523.1,249.6,324.1,182.1,0.0,0.0,0.0,0.0
156,5.2,43,73,book,0.421,126.3,114.3,519.8,247.7,323.1,181.0,0.0,0.0,0.0,0.0
157,5.233,43,73,book,0.332,125.3,113.3,521.6,247.6,323.4,180.4,0.39,-0.55,0.67,-0.55
160,5.333,21,0,person,0.302,695.8,118.5,778.7,264.2,737.3,191.3,0.53,-0.05,0.53,0.02
164,5.467,37,73,book,0.3,249.6,173.4,622.5,265.6,436.0,219.5,0.84,0.1,0.85,-0.05
165,5.5,37,73,book,0.313,222.5,171.9,591.8,262.8,407.1,217.3,-28.88,-2.17,28.96,-2.27
166,5.533,9005,73,book,0.343,180.7,135.5,505.7,202.1,343.2,168.8,0.0,0.0,0.0,0.0
167,5.567,9006,73,book,0.316,163.5,134.8,505.2,205.9,334.4,170.3,0.0,0.0,0.0,0.0
169,5.633,21,0,person,0.36,680.9,123.4,765.3,274.1,723.1,198.7,-1.58,0.82,1.78,0.1
170,5.667,21,0,person,0.558,679.8,127.0,762.7,277.8,721.2,202.4,-1.85,3.67,4.11,2.84
171,5.7,21,0,person,0.378,677.7,130.6,759.2,279.9,718.5,205.2,-2.76,2.83,3.95,-0.84
172,5.733,21,0,person,0.396,678.9,134.7,758.7,282.7,718.8,208.7,0.3,3.44,3.45,0.61
173,5.767,21,0,person,0.389,679.9,138.4,758.3,284.5,719.1,211.4,0.28,2.76,2.77,-0.68
175,5.833,21,0,person,0.473,678.7,143.6,756.8,289.6,717.7,216.6,-0.67,2.57,2.65,-0.1
177,5.9,37,73,book,0.362,121.7,150.8,533.3,257.3,327.5,204.1,-6.64,-1.1,6.73,0.09
179,5.967,21,0,person,0.334,686.0,141.2,765.5,288.6,725.8,214.9,2.02,-0.42,2.06,-0.75
180,6.0,21,0,person,0.427,686.5,143.1,766.4,291.3,726.4,217.2,0.64,2.36,2.45,2.78
180,6.0,37,73,book,0.353,167.0,153.3,500.8,238.2,333.9,195.8,2.15,-2.76,3.5,-0.55
181,6.033,21,0,person,0.374,686.2,148.8,765.7,296.0,725.9,222.4,-0.49,5.13,5.15,2.77
181,6.033,37,73,book,0.369,163.1,158.8,496.6,242.7,329.8,200.8,-4.11,4.97,6.45,7.73
182,6.067,21,0,person,0.393,684.3,154.0,764.0,300.6,724.2,227.3,-1.76,4.93,5.23,-0.2
183,6.1,21,0,person,0.395,681.4,156.0,762.2,303.6,721.8,229.8,-2.39,2.53,3.48,-2.4
183,6.1,51,0,person,0.787,933.7,393.0,1181.4,617.2,1057.6,505.1,0.0,0.0,0.0,0.0
184,6.133,21,0,person,0.34,679.5,156.5,761.3,304.3,720.4,230.4,-1.35,0.61,1.48,-1.92
184,6.133,51,0,person,0.895,894.7,376.9,1162.2,619.3,1028.4,498.1,-29.12,-6.93,29.93,-6.93
185,6.167,51,0,person,0.841,850.5,352.6,1146.0,622.2,998.2,487.4,-30.19,-10.73,32.04,-3.79
186,6.2,51,0,person,0.831,816.9,329.9,1134.0,623.2,975.4,476.5,-22.81,-10.86,25.26,-0.13
187,6.233,51,0,person,0.885,781.2,317.0,1109.7,625.8,945.5,471.4,-29.98,-5.14,30.42,5.72
187,6.233,21,0,person,0.512,667.1,158.8,747.7,305.4,707.4,232.1,-4.34,0.55,4.38,-0.02
188,6.267,51,0,person,0.845,754.8,305.3,1086.4,624.2,920.6,464.7,-24.84,-6.69,25.72,-1.55
189,6.3,51,0,person,0.805,722.6,286.0,1061.1,620.0,891.8,453.0,-28.78,-11.72,31.08,-5.03
190,6.333,51,0,person,0.768,704.9,264.0,1023.0,585.0,864.0,424.5,-27.86,-28.52,39.87,-16.79
191,6.367,51,0,person,0.91,671.1,246.1,988.2,573.4,829.6,409.8,-34.34,-14.71,37.36,13.8
191,6.367,21,0,person,0.494,652.5,150.2,733.2,297.6,692.8,223.9,-3.64,-2.04,4.17,-0.65
192,6.4,51,0,person,0.885,642.9,237.9,955.6,568.6,799.3,403.2,-30.36,-6.52,31.05,8.19
193,6.433,51,0,person,0.893,622.1,229.0,929.4,564.3,775.8,396.6,-23.51,-6.62,24.42,-0.1
194,6.467,51,0,person,0.815,623.2,217.2,894.0,522.0,758.6,369.6,-17.18,-27.02,32.02,-20.4
195,6.5,51,0,person,0.847,611.0,203.0,871.5,505.3,741.3,354.1,-17.34,-15.47,23.23,11.55
196,6.533,51,0,person,0.877,598.2,194.5,852.2,498.0,725.2,346.3,-16.02,-7.88,17.85,7.59
197,6.567,51,0,person,0.906,586.5,186.3,834.1,493.2,710.3,339.8,-14.95,-6.51,16.31,1.37
198,6.6,51,0,person,0.864,579.9,177.5,816.7,481.6,698.3,329.5,-11.99,-10.24,15.77,-3.73
199,6.633,51,0,person,0.494,582.4,170.8,789.1,441.9,685.8,306.3,-12.53,-23.17,26.34,-12.92
200,6.667,51,0,person,0.854,574.0,165.6,775.6,436.7,674.8,301.2,-10.97,-5.19,12.13,17.98
201,6.7,51,0,person,0.902,560.7,162.0,760.3,437.3,660.5,299.7,-14.31,-1.47,14.39,3.72
202,6.733,51,0,person,0.88,553.6,160.7,750.2,439.3,651.9,300.0,-8.58,0.31,8.58,1.78
203,6.767,51,0,person,0.798,550.0,155.1,738.0,428.9,644.0,292.0,-7.92,-8.0,11.26,-8.31
204,6.8,51,0,person,0.799,551.5,149.5,726.9,408.8,639.2,279.2,-4.8,-12.83,13.7,-4.83
205,6.833,51,0,person,0.857,547.1,145.5,718.9,400.2,633.0,272.8,-6.18,-6.33,8.84,6.5
206,6.867,51,0,person,0.848,545.9,141.3,717.9,397.7,631.9,269.5,-1.13,-3.38,3.56,2.95
207,6.9,51,0,person,0.849,547.9,139.2,717.4,393.8,632.6,266.5,0.76,-2.98,3.07,0.4
208,6.933,51,0,person,0.851,552.5,137.6,716.4,386.6,634.4,262.1,1.8,-4.38,4.74,-1.4
209,6.967,51,0,person,0.839,565.0,134.1,715.6,363.3,640.3,248.7,5.91,-13.4,14.65,-9.02
210,7.0,51,0,person,0.817,576.2,135.7,718.4,352.9,647.3,244.3,6.96,-4.4,8.23,9.0
211,7.033,51,0,person,0.81,580.2,136.5,719.6,350.1,649.9,243.3,2.59,-1.0,2.77,3.39
212,7.067,51,0,person,0.794,581.0,138.5,717.6,348.6,649.3,243.5,-0.61,0.24,0.66,1.25
212,7.067,58,0,person,0.599,696.2,141.8,772.6,289.6,734.4,215.7,0.0,0.0,0.0,0.0
213,7.1,51,0,person,0.753,585.3,139.6,714.7,338.4,650.0,239.0,0.74,-4.56,4.62,-4.8
214,7.133,51,0,person,0.779,591.4,139.5,712.9,324.1,652.2,231.8,2.13,-7.17,7.48,-2.61
214,7.133,58,0,person,0.466,701.1,143.1,774.5,285.3,737.8,214.2,1.72,-0.73,1.87,-0.37
215,7.167,51,0,person,0.799,596.2,137.8,715.6,317.5,655.9,227.6,3.75,-4.17,5.61,3.0
215,7.167,58,0,person,0.612,702.2,142.2,776.2,285.9,739.2,214.1,1.39,-0.13,1.39,0.6
216,7.2,51,0,person,0.806,601.6,135.6,720.6,314.7,661.1,225.1,5.22,-2.51,5.79,1.66
216,7.2,58,0,person,0.741,704.5,141.6,777.7,284.9,741.1,213.2,1.9,-0.85,2.08,-0.72
217,7.233,51,0,person,0.821,604.9,119.0,731.6,312.1,668.2,215.6,7.11,-9.57,11.92,-7.06
218,7.267,51,0,person,0.761,609.5,116.7,736.9,312.8,673.2,214.7,5.0,-0.82,5.06,8.75
218,7.267,58,0,person,0.541,702.5,143.8,775.4,287.9,739.0,215.8,-1.06,1.29,1.67,1.07
219,7.3,51,0,person,0.79,614.4,119.3,740.7,313.8,677.6,216.5,4.34,1.77,4.68,2.58
220,7.333,51,0,person,0.781,614.8,110.8,745.6,314.8,680.2,212.8,2.65,-3.71,4.56,-5.48
220,7.333,60,0,person,0.545,991.5,144.3,1049.1,254.8,1020.3,199.6,0.0,0.0,0.0,0.0
221,7.367,51,0,person,0.751,619.0,107.8,748.1,311.8,683.6,209.8,3.35,-3.0,4.5,0.72
221,7.367,60,0,person,0.37,1001.7,144.1,1059.3,254.4,1030.5,199.2,10.2,-0.31,10.21,-0.31
222,7.4,51,0,person,0.763,624.9,108.3,751.2,311.4,688.0,209.9,4.46,0.05,4.46,3.04
223,7.433,51,0,person,0.787,627.2,105.0,751.8,308.4,689.5,206.7,1.47,-3.17,3.5,-3.22
223,7.433,60,0,person,0.449,1012.0,146.2,1069.7,256.4,1040.9,201.3,5.18,1.02,5.28,0.67
224,7.467,51,0,person,0.783,627.3,115.2,743.8,305.2,685.6,210.2,-3.94,3.55,5.3,6.73
224,7.467,60,0,person,0.354,1015.2,145.4,1075.8,260.9,1045.5,203.2,4.62,1.91,4.99,0.88
225,7.5,51,0,person,0.81,628.5,121.9,740.8,303.7,684.6,212.8,-0.92,2.56,2.72,-0.99
225,7.5,60,0,person,0.708,1018.3,143.3,1082.8,265.1,1050.6,204.2,5.08,1.04,5.19,-0.87
226,7.533,51,0,person,0.824,632.6,127.9,741.1,302.6,686.9,215.3,2.21,2.46,3.31,-0.1
227,7.567,51,0,person,0.73,634.3,129.0,743.7,305.3,689.0,217.1,2.13,1.87,2.84,-0.58
228,7.6,51,0,person,0.719,631.0,139.1,737.5,310.7,684.3,224.9,-4.73,7.76,9.09,5.89
228,7.6,60,0,person,0.519,1052.3,147.7,1117.2,272.0,1084.8,209.8,11.41,1.87,11.56,0.28
229,7.633,51,0,person,0.622,627.3,142.5,732.9,314.0,680.1,228.3,-4.14,3.38,5.34,-4.38
229,7.633,60,0,person,0.474,1062.1,152.4,1123.8,271.8,1093.0,212.1,8.18,2.25,8.48,0.39
230,7.667,51,0,person,0.636,623.9,142.0,729.3,317.2,676.6,229.6,-3.51,1.35,3.76,-2.03
230,7.667,58,0,person,0.554,738.7,142.6,809.3,275.1,774.0,208.8,2.92,-0.58,2.98,-0.16
231,7.7,51,0,person,0.763,620.4,138.4,725.6,319.6,673.0,229.0,-3.61,-0.61,3.66,-1.96
231,7.7,58,0,person,0.503,734.3,141.7,809.5,272.0,771.9,206.9,-2.12,-1.98,2.9,-1.4
231,7.7,60,0,person,0.326,1079.4,148.9,1145.4,274.3,1112.4,211.6,9.73,-0.24,9.73,-1.25
232,7.733,51,0,person,0.736,614.5,137.7,721.1,327.7,667.8,232.7,-5.23,3.69,6.4,4.3
232,7.733,58,0,person,0.612,734.4,141.4,810.4,270.6,772.4,206.0,0.46,-0.84,0.96,1.14
232,7.733,60,0,person,0.339,1077.8,150.3,1147.6,281.4,1112.7,215.8,0.26,4.2,4.2,4.43
233,7.767,51,0,person,0.737,607.2,135.8,715.0,334.5,661.1,235.2,-6.69,2.47,7.13,-1.22
233,7.767,58,0,person,0.633,740.8,140.8,812.8,265.8,776.8,203.3,4.46,-2.7,5.21,-1.86
233,7.767,60,0,person,0.377,1070.4,148.4,1146.7,284.8,1108.5,216.6,-4.13,0.81,4.21,-3.39
234,7.8,51,0,person,0.345,599.0,133.9,706.5,334.0,652.7,234.0,-8.34,-1.21,8.43,-3.68
234,7.8,58,0,person,0.36,735.7,141.4,805.3,259.8,770.5,200.6,-6.31,-2.73,6.87,-0.03
235,7.833,51,0,person,0.503,598.7,136.4,704.6,333.4,651.6,234.9,-1.1,0.94,1.44,2.15
235,7.833,58,0,person,0.376,736.8,144.1,803.2,257.3,770.0,200.7,-0.55,0.11,0.56,2.84
235,7.833,60,0,person,0.454,1070.4,149.8,1151.1,288.1,1110.7,219.0,1.09,1.18,1.61,0.19
236,7.867,51,0,person,0.513,603.9,140.5,713.5,346.3,658.7,243.4,7.07,8.52,11.07,7.58
236,7.867,60,0,person,0.469,1068.6,145.0,1158.2,296.3,1113.4,220.7,2.64,1.69,3.14,0.51
237,7.9,51,0,person,0.749,609.7,143.7,723.9,359.1,666.8,251.4,8.09,7.97,11.36,-0.55
237,7.9,60,0,person,0.437,1065.8,146.7,1159.6,304.1,1112.7,225.4,-0.66,4.74,4.78,3.05
237,7.9,58,0,person,0.457,741.5,146.8,802.9,253.8,772.2,200.3,1.12,-0.19,1.14,-0.15
238,7.933,51,0,person,0.699,617.4,145.9,732.4,362.6,674.9,254.2,8.09,2.84,8.57,-5.13
238,7.933,60,0,person,0.533,1065.2,145.4,1161.6,306.8,1113.4,226.1,0.65,0.71,0.96,-4.03
238,7.933,58,0,person,0.405,741.6,146.1,804.1,255.8,772.9,200.9,0.67,0.62,0.91,0.81
239,7.967,51,0,person,0.789,622.2,139.6,742.1,363.1,682.1,251.4,7.23,-2.85,7.77,-5.69
239,7.967,60,0,person,0.682,1065.2,143.0,1162.5,306.6,1113.8,224.8,0.47,-1.33,1.41,-2.04
240,8.0,51,0,person,0.779,612.8,140.2,749.0,391.1,680.9,265.7,-1.21,14.3,14.35,17.14
240,8.0,60,0,person,0.62,1065.1,142.3,1163.2,307.7,1114.1,225.0,0.28,0.2,0.35,1.53
241,8.033,51,0,person,0.824,614.7,142.9,760.2,409.6,687.5,276.3,6.56,10.59,12.45,-3.71
241,8.033,60,0,person,0.511,1066.4,147.7,1165.8,314.0,1116.1,230.8,2.01,5.83,6.16,5.62
242,8.067,51,0,person,0.806,608.0,147.6,757.5,420.6,682.8,284.1,-4.73,7.81,9.13,-2.78
242,8.067,60,0,person,0.421,1064.8,157.6,1168.7,328.8,1116.8,243.2,0.63,12.37,12.39,6.54
243,8.1,51,0,person,0.848,611.0,151.3,760.0,424.2,685.5,287.7,2.77,3.65,4.58,-4.16
243,8.1,60,0,person,0.462,1063.4,170.1,1164.8,334.3,1114.1,252.2,-2.7,9.0,9.39,-3.37
244,8.133,51,0,person,0.895,611.6,156.9,759.2,428.1,685.4,292.5,-0.14,4.77,4.77,1.12
245,8.167,51,0,person,0.86,612.7,168.5,766.7,452.3,689.7,310.4,4.28,17.88,18.39,13.11
245,8.167,60,0,person,0.564,1051.5,160.9,1163.1,339.8,1107.3,250.4,-3.38,-0.91,3.5,-4.96
246,8.2,51,0,person,0.866,618.2,175.1,777.6,469.8,697.9,322.5,8.24,12.08,14.62,-5.8
246,8.2,60,0,person,0.42,1043.9,162.5,1159.1,345.2,1101.5,253.8,-5.77,3.45,6.72,4.37
247,8.233,51,0,person,0.841,624.6,177.6,785.7,473.3,705.1,325.5,7.25,3.04,7.86,-9.04
247,8.233,60,0,person,0.397,1039.5,150.2,1165.1,350.6,1102.3,250.4,0.79,-3.46,3.55,-6.91
248,8.267,51,0,person,0.879,630.2,183.0,792.5,476.3,711.4,329.6,6.22,4.13,7.47,1.09
248,8.267,60,0,person,0.688,1034.5,146.2,1165.4,356.8,1100.0,251.5,-2.35,1.16,2.62,4.62
249,8.3,51,0,person,0.858,634.2,193.9,811.5,514.0,722.9,354.0,11.5,24.33,26.91,20.2
249,8.3,60,0,person,0.727,1034.5,151.8,1163.4,361.8,1098.9,256.8,-1.03,5.31,5.4,4.15
250,8.333,51,0,person,0.875,636.3,207.6,821.3,541.3,728.8,374.4,5.95,20.5,21.34,-3.83
250,8.333,60,0,person,0.587,1033.6,157.5,1160.4,364.6,1097.0,261.0,-1.96,4.23,4.66,-1.08
251,8.367,51,0,person,0.882,640.4,221.2,825.2,553.0,732.8,387.1,4.0,12.68,13.29,-7.82
252,8.4,51,0,person,0.878,643.6,229.0,827.7,558.2,735.6,393.6,2.84,6.45,7.05,-6.22
252,8.4,60,0,person,0.469,1017.9,153.0,1157.1,377.6,1087.5,265.3,-4.73,2.13,5.19,-1.05
253,8.433,51,0,person,0.894,646.1,238.0,830.3,566.4,738.2,402.2,2.55,8.64,9.01,2.19
253,8.433,60,0,person,0.537,1017.5,148.5,1160.2,376.6,1088.9,262.6,1.36,-2.75,3.07,-4.89
254,8.467,51,0,person,0.874,649.4,253.6,841.9,599.4,745.7,426.5,7.47,24.33,25.45,15.68
254,8.467,60,0,person,0.531,1005.2,147.1,1145.3,376.0,1075.2,261.6,-13.63,-0.98,13.66,1.77
255,8.5,51,0,person,0.82,661.8,266.1,856.2,614.5,759.0,440.3,13.35,13.76,19.17,-10.57
255,8.5,60,0,person,0.554,993.1,152.5,1133.1,382.1,1063.1,267.3,-12.14,5.7,13.41,6.68
255,8.5,65,0,person,0.565,799.1,142.7,899.4,257.7,849.3,200.2,0.0,0.0,0.0,0.0
256,8.533,51,0,person,0.892,669.4,282.0,863.4,622.3,766.4,452.2,7.37,11.85,13.96,-1.91
256,8.533,60,0,person,0.673,975.2,163.4,1115.9,394.7,1045.6,279.1,-17.52,11.81,21.13,6.11
256,8.533,65,0,person,0.449,802.5,148.1,899.4,259.0,850.9,203.6,1.66,3.4,3.78,3.4
257,8.567,51,0,person,0.921,683.1,296.5,876.1,626.0,779.6,461.2,13.23,9.08,16.04,-2.77
257,8.567,60,0,person,0.574,968.2,170.4,1097.6,384.6,1032.9,277.5,-12.66,-1.57,12.76,-13.38
257,8.567,65,0,person,0.593,804.5,151.9,901.4,262.4,852.9,207.2,2.02,3.56,4.09,0.16
258,8.6,51,0,person,0.885,692.4,316.9,881.9,625.7,787.2,471.3,7.56,10.06,12.58,0.99
258,8.6,60,0,person,0.753,954.6,174.7,1082.9,390.5,1018.7,282.6,-14.19,5.13,15.08,6.7
258,8.6,65,0,person,0.404,812.8,160.7,902.8,262.6,857.8,211.7,4.88,4.5,6.64,0.94
258,8.6,68,36,skateboard,0.565,953.6,352.7,1024.6,406.1,989.1,379.4,0.0,0.0,0.0,0.0
259,8.633,51,0,person,0.869,697.2,335.9,882.3,622.2,789.8,479.0,2.61,7.75,8.18,-2.31
259,8.633,60,0,person,0.64,952.0,175.9,1068.8,374.0,1010.4,275.0,-8.33,-7.69,11.34,-12.82
259,8.633,65,0,person,0.44,816.2,148.5,915.1,260.7,865.7,204.6,7.86,-7.07,10.57,-11.57
259,8.633,69,0,person,0.341,1113.2,151.2,1167.3,253.2,1140.3,202.2,0.0,0.0,0.0,0.0
260,8.667,51,0,person,0.889,695.4,350.1,876.9,619.5,786.1,484.8,-3.63,5.74,6.79,-2.01
260,8.667,60,0,person,0.623,929.0,173.8,1055.5,389.8,992.2,281.8,-18.16,6.86,19.41,14.55
260,8.667,65,0,person,0.324,823.5,144.1,924.3,259.4,873.9,201.7,8.21,-2.85,8.69,4.22
261,8.7,51,0,person,0.835,693.8,365.7,869.3,615.4,781.5,490.6,-4.59,5.8,7.4,0.06
261,8.7,60,0,person,0.513,921.4,173.3,1034.2,365.3,977.8,269.3,-14.45,-12.52,19.11,-19.37
262,8.733,51,0,person,0.837,703.5,378.3,873.7,611.0,788.6,494.7,7.03,4.08,8.13,-1.72
262,8.733,60,0,person,0.339,910.0,174.0,1017.9,355.1,964.0,264.6,-13.84,-4.71,14.62,7.81
263,8.767,51,0,person,0.774,718.2,386.4,888.4,610.2,803.3,498.3,14.74,3.64,15.18,-0.44
263,8.767,60,0,person,0.324,896.7,171.6,1005.5,351.4,951.1,261.5,-12.87,-3.04,13.23,1.67
264,8.8,51,0,cat,0.411,760.5,405.7,920.8,605.2,840.6,505.4,37.31,7.09,37.98,3.45
264,8.8,60,0,person,0.674,859.3,167.9,988.4,386.3,923.9,277.1,-27.22,15.56,31.35,18.61
264,8.8,65,0,person,0.355,837.6,129.2,942.9,253.5,890.2,191.4,4.09,-2.59,4.84,0.06
265,8.833,51,0,person,0.841,800.1,416.9,957.2,601.4,878.6,509.2,37.98,3.76,38.17,-3.33
265,8.833,60,0,person,0.571,847.4,167.3,968.0,373.3,907.7,270.3,-16.16,-6.8,17.54,-22.37
266,8.867,51,0,person,0.841,840.5,432.6,991.7,599.7,916.1,516.1,37.49,6.97,38.13,3.2
266,8.867,60,0,person,0.61,833.7,170.5,944.2,365.1,888.9,267.8,-18.76,-2.49,18.92,4.31
267,8.9,51,0,person,0.843,865.3,445.0,1013.3,598.7,939.3,521.8,23.23,5.68,23.91,-1.29
267,8.9,60,0,person,0.361,813.5,176.0,916.9,361.6,865.2,268.8,-23.72,0.99,23.74,3.48
268,8.933,51,0,person,0.735,888.4,455.3,1033.2,598.3,960.8,526.8,21.46,4.96,22.03,-0.72
269,8.967,51,0,person,0.773,913.8,468.6,1049.7,595.9,981.7,532.2,20.94,5.44,21.64,0.48
269,8.967,60,0,person,0.658,747.9,177.9,878.6,416.7,813.2,297.3,-26.01,14.27,29.66,6.64
270,9.0,51,0,person,0.794,927.2,479.8,1058.1,594.7,992.6,537.2,10.9,5.02,12.0,-0.42
270,9.0,60,0,person,0.555,743.0,175.3,863.6,402.2,803.3,288.8,-9.93,-8.58,13.12,-22.85
271,9.033,51,0,person,0.673,931.3,488.9,1056.7,591.5,994.0,540.2,1.41,2.98,3.29,-2.04
271,9.033,60,0,person,0.678,731.3,172.2,848.7,398.8,790.0,285.5,-13.3,-3.25,13.69,5.34
272,9.067,60,0,person,0.814,714.3,172.3,824.8,388.0,769.5,280.1,-20.45,-5.38,21.15,-2.13
273,9.1,60,0,person,0.688,694.9,171.5,805.7,390.6,750.3,281.1,-19.23,0.95,19.25,6.33
274,9.133,60,0,person,0.571,677.6,169.8,785.7,385.0,731.6,277.4,-18.67,-3.71,19.04,-4.66
275,9.167,60,0,person,0.676,649.0,167.7,771.3,416.2,710.1,292.0,-21.49,14.59,25.97,18.29
276,9.2,60,0,person,0.819,638.5,168.3,761.7,426.3,700.1,297.3,-10.04,5.32,11.36,-9.26
276,9.2,83,0,person,0.394,884.5,495.5,1095.8,584.2,990.2,539.9,0.0,0.0,0.0,0.0
277,9.233,60,0,person,0.846,631.7,169.9,753.2,430.5,692.5,300.2,-7.63,2.92,8.17,-2.41
277,9.233,83,0,person,0.452,883.3,493.3,1099.5,584.3,991.4,538.8,1.24,-1.08,1.64,-1.08
278,9.267,60,0,person,0.806,627.8,209.3,744.8,465.5,686.3,337.4,-6.2,37.16,37.67,34.24
279,9.3,60,0,person,0.757,620.9,229.6,734.7,481.7,677.8,355.6,-8.48,18.29,20.16,-18.87
279,9.3,87,36,skateboard,0.432,659.6,464.6,720.7,502.5,690.2,483.6,0.0,0.0,0.0,0.0
279,9.3,89,0,person,0.338,988.3,545.7,1097.5,637.0,1042.9,591.3,0.0,0.0,0.0,0.0
280,9.333,60,0,person,0.8,622.0,238.9,733.8,491.3,677.9,365.1,0.12,9.47,9.47,-8.82
280,9.333,89,0,person,0.356,988.0,544.0,1098.0,636.0,1043.0,590.0,0.1,-1.37,1.38,-1.37
281,9.367,60,0,person,0.835,615.3,244.4,732.6,512.2,674.0,378.3,-3.95,13.17,13.75,3.69
281,9.367,89,0,person,0.373,989.8,540.2,1100.3,632.4,1045.1,586.3,2.07,-3.69,4.23,-2.32
282,9.4,60,0,person,0.834,609.2,246.7,732.3,530.0,670.8,388.4,-3.2,10.06,10.56,-3.11
282,9.4,89,0,person,0.451,995.6,538.2,1105.9,630.1,1050.7,584.1,5.66,-2.12,6.05,1.57
283,9.433,60,0,person,0.712,605.9,250.6,731.5,541.2,668.7,395.9,-2.06,7.54,7.82,-2.52
283,9.433,89,0,person,0.421,999.8,541.2,1109.2,631.8,1054.5,586.5,3.77,2.38,4.46,4.51
284,9.467,60,0,person,0.725,604.1,260.2,728.6,549.6,666.4,404.9,-2.35,9.0,9.3,1.45
284,9.467,89,0,person,0.443,1002.5,546.2,1111.4,635.9,1056.9,591.1,2.43,4.53,5.14,2.14
285,9.5,60,0,person,0.795,600.9,268.4,722.8,550.1,661.8,409.3,-4.51,4.36,6.28,-4.63
285,9.5,89,0,person,0.408,1006.6,550.4,1114.4,638.6,1060.5,594.5,3.61,3.43,4.98,-1.09
285,9.5,90,0,person,0.399,1123.2,395.3,1275.9,629.7,1199.6,512.5,0.0,0.0,0.0,0.0
286,9.533,60,0,person,0.816,587.9,273.4,721.8,583.5,654.8,428.4,-7.01,19.16,20.41,14.8
286,9.533,89,0,person,0.339,1010.7,552.3,1118.2,639.7,1064.4,596.0,3.89,1.52,4.17,-1.92
286,9.533,90,0,person,0.474,1115.5,385.6,1277.6,634.4,1196.5,510.0,-3.03,-2.47,3.91,-2.47
287,9.567,60,0,person,0.803,579.5,276.3,716.2,592.8,647.8,434.5,-7.03,6.12,9.32,-13.04
287,9.567,90,0,person,0.503,1109.5,369.1,1280.0,635.7,1194.7,502.4,-1.79,-7.65,7.85,-5.18
288,9.6,60,0,person,0.764,568.2,280.8,706.0,594.3,637.1,437.6,-10.69,3.02,11.11,-3.1
288,9.6,90,0,person,0.57,1101.5,338.2,1280.0,634.8,1190.7,486.5,-4.01,-15.86,16.36,-8.21
289,9.633,60,0,person,0.811,560.7,283.6,702.9,602.8,631.8,443.2,-5.31,5.66,7.76,2.64
289,9.633,90,0,person,0.591,1105.5,323.3,1280.0,617.7,1192.8,470.5,2.02,-16.03,16.16,-0.17
290,9.667,60,0,person,0.737,571.6,287.8,720.2,626.5,645.9,457.1,14.11,13.89,19.8,8.23
290,9.667,90,0,person,0.478,1111.9,318.2,1280.0,605.2,1195.9,461.7,3.17,-8.79,9.35,7.24
291,9.7,60,0,person,0.813,572.6,292.8,724.5,637.0,648.6,464.9,2.68,7.79,8.24,-6.1
291,9.7,90,0,person,0.545,1115.2,315.7,1280.0,603.5,1197.6,459.6,1.69,-2.08,2.68,6.72
291,9.7,89,0,person,0.316,1021.2,544.9,1133.1,634.5,1077.2,589.7,2.55,-1.27,2.85,-0.56
292,9.733,60,0,person,0.754,577.7,296.9,731.2,636.3,654.4,466.6,5.83,1.67,6.07,-6.12
292,9.733,90,0,person,0.653,1114.2,298.4,1280.0,600.9,1197.1,449.7,-0.53,-9.93,9.95,-7.85
293,9.767,60,0,person,0.698,602.4,302.9,765.0,639.1,683.7,471.0,29.31,4.44,29.64,2.77
294,9.8,60,0,person,0.753,615.5,307.4,786.8,643.7,701.1,475.5,17.4,4.5,17.98,0.06
295,9.833,60,0,person,0.783,639.1,313.3,811.9,644.0,725.5,478.7,24.37,3.16,24.57,-1.34
295,9.833,90,0,person,0.769,1150.2,287.3,1280.0,527.9,1215.1,407.6,6.0,-14.02,15.26,-1.36
296,9.867,60,0,person,0.856,666.2,322.5,841.1,640.3,753.6,481.4,28.13,2.72,28.26,-0.45
296,9.867,90,0,person,0.782,1158.0,271.9,1280.0,514.3,1219.0,393.1,3.9,-14.49,15.0,-0.46
296,9.867,83,0,person,0.691,915.1,513.0,1182.1,626.5,1048.6,569.8,3.01,1.63,3.43,0.14
297,9.9,60,0,person,0.688,700.1,331.2,878.4,639.6,789.3,485.4,35.63,4.0,35.86,1.28
297,9.9,90,0,person,0.417,1169.3,265.6,1280.0,490.6,1224.6,378.1,5.64,-15.03,16.05,-0.54
297,9.9,83,0,person,0.672,918.7,508.7,1194.2,626.9,1056.4,567.8,7.81,-1.95,8.05,-3.58
298,9.933,60,0,person,0.79,741.8,336.0,919.0,635.0,830.4,485.5,41.12,0.07,41.12,-3.93
298,9.933,90,0,person,0.41,1160.3,191.3,1280.0,476.7,1220.1,334.0,-4.5,-44.07,44.29,-29.04
298,9.933,83,0,person,0.569,924.0,501.4,1207.6,625.6,1065.8,563.5,9.39,-4.33,10.34,-2.38
299,9.967,60,0,person,0.743,764.3,341.9,943.3,629.7,853.8,485.8,23.42,0.3,23.42,0.23
299,9.967,90,0,person,0.551,1175.9,222.9,1280.0,463.2,1228.0,343.0,7.82,9.02,11.94,53.09
300,10.0,9007,0,person,0.307,1182.6,245.8,1279.4,456.1,1231.0,350.9,0.0,0.0,0.0,0.0
301,10.033,60,0,person,0.398,803.2,337.7,989.7,619.5,896.4,478.6,21.31,-3.59,21.61,-1.94
301,10.033,90,0,person,0.582,1162.1,188.5,1280.0,449.9,1221.0,319.2,-3.46,-11.9,12.39,-10.46
302,10.067,90,0,person,0.524,1159.2,163.7,1280.0,442.3,1219.6,303.0,-1.44,-16.21,16.28,-4.31
303,10.1,90,0,person,0.427,1162.6,149.5,1280.0,427.4,1221.3,288.5,1.73,-14.54,14.64,1.68
304,10.133,90,0,person,0.628,1171.3,141.4,1280.0,416.6,1225.7,279.0,4.33,-9.49,10.44,5.04
304,10.133,83,0,person,0.756,785.5,346.7,1280.0,621.0,1032.7,483.8,-5.51,-13.27,14.37,-1.49
305,10.167,90,0,person,0.557,1183.2,168.8,1280.0,411.6,1231.6,290.2,5.95,11.22,12.7,20.71
305,10.167,83,0,person,0.704,817.1,336.2,1280.0,619.0,1048.6,477.6,15.84,-6.27,17.03,7.0
306,10.2,90,0,person,0.627,1196.1,184.2,1280.0,406.9,1238.0,295.6,6.43,5.34,8.36,-5.88
306,10.2,83,0,person,0.764,848.2,332.3,1280.0,617.8,1064.1,475.1,15.55,-2.53,15.76,3.74
307,10.233,9008,0,person,0.513,1060.1,333.5,1269.7,559.7,1164.9,446.6,0.0,0.0,0.0,0.0
308,10.267,83,0,person,0.541,922.9,321.8,1280.0,607.4,1101.5,464.6,18.67,-5.23,19.39,-1.35
309,10.3,9009,0,person,0.581,642.1,153.4,709.1,386.5,675.6,270.0,0.0,0.0,0.0,0.0
310,10.333,101,0,person,0.664,629.7,163.8,699.6,406.9,664.7,285.3,0.0,0.0,0.0,0.0
311,10.367,101,0,person,0.726,626.9,149.6,701.7,410.3,664.3,280.0,-0.35,-5.37,5.38,-5.37
312,10.4,101,0,person,0.766,625.0,141.0,703.3,412.8,664.2,276.9,-0.15,-3.05,3.05,2.32
313,10.433,101,0,person,0.773,622.3,135.8,704.3,418.8,663.3,277.3,-0.86,0.34,0.93,3.39
314,10.467,101,0,person,0.815,616.3,134.6,700.7,421.7,658.5,278.1,-4.82,0.88,4.9,0.55
315,10.5,101,0,person,0.828,611.2,132.8,695.1,411.1,653.2,272.0,-5.32,-6.18,8.15,-7.06
315,10.5,103,0,person,0.535,1166.7,244.7,1276.1,563.8,1221.4,404.3,0.0,0.0,0.0,0.0
316,10.533,101,0,person,0.829,607.3,130.4,693.0,406.6,650.1,268.5,-3.04,-3.48,4.62,2.7
317,10.567,101,0,person,0.8,605.3,126.7,694.1,404.0,649.7,265.3,-0.43,-3.16,3.19,0.32
317,10.567,103,0,person,0.431,1179.8,220.2,1279.6,511.6,1229.7,365.9,4.15,-19.18,19.62,-9.59
318,10.6,101,0,person,0.796,602.8,123.4,692.4,396.3,647.6,259.8,-2.1,-5.5,5.89,-2.34
319,10.633,101,0,person,0.784,598.9,122.4,691.3,399.5,645.1,260.9,-2.52,1.1,2.75,6.6
320,10.667,101,0,person,0.82,596.8,122.1,690.8,399.8,643.8,260.9,-1.29,0.01,1.29,-1.09
321,10.7,101,0,person,0.834,594.6,121.9,688.6,394.8,641.6,258.3,-2.18,-2.59,3.38,-2.6
322,10.733,101,0,person,0.825,594.0,119.3,689.0,389.9,641.5,254.6,-0.08,-3.76,3.76,-1.17
323,10.767,101,0,person,0.731,596.5,114.3,693.5,383.1,645.0,248.7,3.48,-5.89,6.84,-2.13
324,10.8,101,0,person,0.809,594.2,108.2,695.1,384.8,644.6,246.5,-0.37,-2.19,2.22,3.7
325,10.833,101,0,person,0.815,590.5,97.8,695.7,384.4,643.1,241.1,-1.54,-5.4,5.61,-3.21
326,10.867,101,0,person,0.797,588.3,90.5,694.9,379.0,641.6,234.7,-1.51,-6.39,6.56,-0.99
327,10.9,101,0,person,0.858,584.6,84.9,691.4,373.0,638.0,228.9,-3.61,-5.8,6.83,0.58
327,10.9,104,0,person,0.479,1036.4,137.9,1208.9,390.7,1122.6,264.3,0.0,0.0,0.0,0.0
328,10.933,101,0,person,0.854,583.3,79.6,689.5,364.6,636.4,222.1,-1.59,-6.85,7.03,-1.05
328,10.933,104,0,person,0.331,1033.4,141.3,1197.4,382.0,1115.4,261.6,-7.21,-2.65,7.69,-2.65
329,10.967,101,0,person,0.853,580.4,76.5,686.0,359.8,633.2,218.1,-3.24,-3.92,5.09,2.93
329,10.967,104,0,person,0.336,1031.9,131.8,1183.6,354.8,1107.7,243.3,-7.67,-18.32,19.86,-15.67
330,11.0,101,0,person,0.764,576.7,72.5,682.7,356.7,629.7,214.6,-3.48,-3.52,4.94,0.41
330,11.0,104,0,person,0.591,1038.0,120.7,1184.8,338.4,1111.4,229.6,3.68,-13.76,14.24,4.57
330,11.0,105,0,person,0.819,1036.4,350.4,1248.5,532.2,1142.5,441.3,0.0,0.0,0.0,0.0
331,11.033,101,0,person,0.819,570.5,73.4,675.7,355.4,623.1,214.4,-6.55,-0.26,6.56,3.25
331,11.033,104,0,person,0.663,1026.6,118.6,1173.0,337.3,1099.8,228.0,-11.66,-1.61,11.77,12.15
331,11.033,105,0,person,0.805,1036.4,365.1,1233.2,532.5,1134.8,448.8,-7.69,7.54,10.77,7.54
332,11.067,101,0,person,0.819,565.9,77.2,670.4,355.5,618.1,216.3,-4.98,1.97,5.36,2.23
332,11.067,104,0,person,0.646,1030.3,107.0,1177.6,331.3,1104.0,219.1,4.21,-8.81,9.77,-7.21
332,11.067,105,0,person,0.591,1038.3,380.3,1222.7,534.8,1130.5,457.5,-4.27,8.71,9.7,1.17
332,11.067,107,2,car,0.371,644.7,144.7,734.1,201.7,689.4,173.2,0.0,0.0,0.0,0.0
332,11.067,109,0,person,0.363,1188.0,65.4,1244.5,174.3,1216.2,119.8,0.0,0.0,0.0,0.0
333,11.1,101,0,person,0.812,567.7,83.8,671.2,355.0,619.4,219.4,1.28,3.09,3.34,1.12
333,11.1,104,0,person,0.685,1037.0,99.5,1181.2,323.0,1109.1,211.2,5.17,-7.92,9.45,0.9
333,11.1,105,0,person,0.557,1018.1,350.9,1241.9,536.5,1130.0,443.7,-0.48,-13.8,13.8,-22.51
333,11.1,109,0,person,0.342,1187.0,67.5,1243.4,176.2,1215.2,121.9,-1.02,2.05,2.29,2.05
334,11.133,101,0,person,0.76,568.4,91.2,669.6,352.8,619.0,222.0,-0.41,2.58,2.62,-0.51
334,11.133,104,0,person,0.31,1041.4,110.3,1181.8,330.5,1111.6,220.4,2.46,9.2,9.52,17.11
334,11.133,105,0,person,0.493,1017.0,355.7,1240.2,537.4,1128.6,446.5,-1.46,2.8,3.16,16.6
335,11.167,101,0,person,0.755,569.0,95.6,672.5,362.8,620.7,229.2,1.71,7.17,7.37,4.59
335,11.167,104,0,person,0.313,1046.7,127.6,1182.1,339.8,1114.4,233.7,2.84,13.27,13.57,4.07
335,11.167,105,0,person,0.5,1023.1,369.3,1241.0,543.1,1132.1,456.2,3.48,9.69,10.3,6.89
336,11.2,101,0,person,0.798,566.9,99.4,671.4,369.8,619.2,234.6,-1.55,5.42,5.64,-1.75
336,11.2,105,0,person,0.479,1025.1,384.6,1236.2,548.3,1130.6,466.5,-1.43,10.24,10.34,0.55
337,11.233,101,0,person,0.738,573.8,96.6,682.1,370.2,628.0,233.4,8.79,-1.24,8.88,-6.66
337,11.233,104,0,person,0.386,1042.9,125.4,1186.7,349.8,1114.8,237.6,0.19,1.97,1.98,-5.65
338,11.267,101,0,person,0.646,589.4,91.4,702.4,368.7,645.9,230.1,17.94,-3.31,18.24,-2.07
339,11.3,101,0,person,0.769,604.3,81.4,723.2,365.9,663.7,223.7,17.85,-6.39,18.96,-3.08
340,11.333,101,0,person,0.825,612.1,77.6,731.3,360.1,671.7,218.8,7.94,-4.84,9.3,1.55
340,11.333,104,0,person,0.729,1048.4,102.1,1197.5,335.6,1122.9,218.8,2.7,-6.26,6.82,-2.75
341,11.367,101,0,person,0.807,624.2,76.5,740.2,344.4,682.2,210.4,10.54,-8.4,13.48,-3.57
341,11.367,104,0,person,0.728,1053.4,107.8,1196.6,333.4,1125.0,220.6,2.11,1.74,2.73,8.0
342,11.4,101,0,person,0.78,633.5,78.0,750.8,341.0,692.2,209.5,9.93,-0.9,9.97,7.5
342,11.4,104,0,person,0.65,1055.4,98.2,1201.8,332.3,1128.6,215.2,3.56,-5.34,6.42,-7.07
343,11.433,101,0,person,0.775,642.9,79.4,763.7,341.4,703.3,210.4,11.14,0.92,11.18,1.83
343,11.433,104,0,person,0.662,1058.7,102.6,1197.5,325.6,1128.1,214.1,-0.45,-1.16,1.25,4.17
344,11.467,101,0,person,0.768,665.2,80.9,783.2,337.4,724.2,209.2,20.92,-1.28,20.96,-2.21
344,11.467,104,0,person,0.522,1070.3,96.1,1206.6,323.0,1138.5,209.6,10.31,-4.5,11.25,-3.33
345,11.5,101,0,person,0.819,676.8,75.5,795.3,336.8,736.0,206.2,11.8,-2.99,12.17,-1.71
345,11.5,104,0,person,0.656,1067.0,85.6,1208.7,324.9,1137.9,205.3,-0.58,-4.3,4.34,0.19
346,11.533,101,0,person,0.805,687.3,73.6,803.5,334.5,745.4,204.0,9.39,-2.14,9.63,0.85
346,11.533,104,0,person,0.431,1067.6,84.5,1212.3,329.7,1139.9,207.1,2.05,1.82,2.74,6.12
347,11.567,101,0,person,0.844,694.2,71.4,809.2,334.8,751.7,203.1,6.3,-0.92,6.36,1.22
347,11.567,104,0,person,0.694,1077.2,116.9,1205.7,330.1,1141.5,223.5,1.53,16.4,16.47,14.58
348,11.6,101,0,person,0.697,698.3,66.8,810.6,328.7,754.5,197.7,2.76,-5.38,6.05,-4.46
348,11.6,104,0,person,0.515,1089.4,128.1,1211.7,324.4,1150.6,226.2,9.1,2.73,9.5,-13.67
349,11.633,101,0,person,0.71,699.7,58.2,812.5,323.8,756.1,191.0,1.66,-6.7,6.9,-1.32
349,11.633,104,0,person,0.64,1091.4,128.4,1213.6,318.2,1152.5,223.3,1.92,-2.9,3.48,-5.63
350,11.667,101,0,person,0.622,694.5,53.1,805.0,314.7,749.8,183.9,-6.33,-7.09,9.5,-0.39
350,11.667,104,0,person,0.556,1087.6,127.0,1212.5,314.8,1150.0,220.9,-2.44,-2.43,3.44,0.47
351,11.7,101,0,person,0.476,695.1,59.5,796.8,303.1,746.0,181.3,-3.82,-2.63,4.63,4.46
351,11.7,104,0,person,0.35,1084.6,124.6,1211.0,309.6,1147.8,217.1,-2.24,-3.84,4.45,-1.41
352,11.733,104,0,person,0.572,1090.1,120.0,1218.5,306.6,1154.3,213.3,6.48,-3.72,7.47,0.12
353,11.767,104,0,person,0.614,1092.1,116.8,1221.7,302.5,1156.9,209.7,2.61,-3.67,4.51,0.05
354,11.8,104,0,person,0.333,1093.7,113.0,1223.6,296.5,1158.6,204.7,1.71,-4.92,5.21,-1.24
355,11.833,104,0,person,0.715,1090.1,108.8,1222.7,294.9,1156.4,201.8,-2.19,-2.9,3.64,2.02
356,11.867,104,0,person,0.766,1070.8,63.2,1236.2,299.1,1153.5,181.2,-2.93,-20.7,20.9,-17.8
357,11.9,104,0,person,0.744,1067.0,91.5,1218.1,304.9,1142.5,198.2,-10.94,17.05,20.25,37.74
358,11.933,104,0,person,0.818,1056.5,101.7,1206.4,313.0,1131.5,207.4,-11.07,9.16,14.37,-7.89
359,11.967,104,0,person,0.897,1046.5,109.2,1195.2,317.6,1120.8,213.4,-10.66,6.08,12.27,-3.08
360,12.0,104,0,person,0.858,1036.1,103.8,1191.9,322.2,1114.0,213.0,-6.81,-0.42,6.83,-6.49
361,12.033,104,0,person,0.683,1028.7,108.3,1181.6,320.5,1105.1,214.4,-8.85,1.37,8.96,1.78
362,12.067,104,0,person,0.483,1020.7,97.4,1173.1,307.2,1096.9,202.3,-8.27,-12.1,14.65,-13.46
363,12.1,104,0,person,0.641,1009.0,99.2,1161.1,306.1,1085.1,202.7,-11.82,0.38,11.82,12.48
364,12.133,104,0,person,0.724,990.8,92.5,1153.6,314.8,1072.2,203.6,-12.83,0.98,12.87,0.6
365,12.167,104,0,person,0.793,971.6,89.0,1136.8,316.1,1054.2,202.5,-18.03,-1.13,18.06,-2.1
366,12.2,104,0,person,0.801,956.1,75.7,1124.5,310.1,1040.3,192.9,-13.88,-9.63,16.89,-8.5
367,12.233,104,0,person,0.834,949.8,74.5,1110.8,301.2,1030.3,187.9,-10.03,-5.04,11.23,4.59
368,12.267,104,0,person,0.748,937.7,72.2,1099.2,303.7,1018.5,188.0,-11.81,0.1,11.82,5.15
369,12.3,104,0,person,0.782,918.2,69.6,1082.8,311.6,1000.5,190.6,-17.99,2.63,18.18,2.52
370,12.333,104,0,person,0.802,889.6,63.3,1061.6,321.1,975.6,192.2,-24.91,1.63,24.96,-1.0
371,12.367,104,0,person,0.846,869.7,62.7,1046.3,334.0,958.0,198.4,-17.59,6.17,18.64,4.54
371,12.367,120,0,person,0.451,1235.6,65.5,1279.5,170.6,1257.5,118.1,0.0,0.0,0.0,0.0
372,12.4,104,0,person,0.773,861.6,60.8,1028.6,325.7,945.1,193.3,-12.91,-5.11,13.88,-11.28
372,12.4,120,0,person,0.502,1235.1,67.6,1277.8,169.4,1256.5,118.5,-1.07,0.46,1.17,0.46
373,12.433,104,0,person,0.754,853.5,62.6,1007.4,314.6,930.4,188.6,-14.66,-4.65,15.38,0.47
374,12.467,104,0,person,0.761,847.8,83.6,981.6,309.8,914.7,196.7,-15.73,8.05,17.67,12.7
375,12.5,104,0,person,0.602,845.8,93.5,964.7,303.1,905.2,198.3,-9.45,1.61,9.59,-6.44
376,12.533,9010,28,box,0.313,479.6,41.6,926.2,504.3,702.9,272.9,0.0,0.0,0.0,0.0
378,12.6,9011,0,person,0.408,414.6,131.8,504.6,358.2,459.6,245.0,0.0,0.0,0.0,0.0
380,12.667,9012,0,person,0.464,386.0,134.0,497.8,448.9,441.9,291.4,0.0,0.0,0.0,0.0
383,12.767,9013,0,person,0.342,332.7,141.5,480.8,445.2,406.8,293.4,0.0,0.0,0.0,0.0
385,12.833,9014,0,person,0.53,297.0,130.4,462.3,438.2,379.6,284.3,0.0,0.0,0.0,0.0
388,12.933,9015,0,person,0.49,289.0,137.0,417.9,278.8,353.5,207.9,0.0,0.0,0.0,0.0
389,12.967,131,0,person,0.377,286.4,134.4,418.7,279.9,352.6,207.2,0.0,0.0,0.0,0.0
390,13.0,131,0,person,0.677,238.3,132.9,494.0,416.5,366.2,274.7,13.6,67.52,68.87,67.52
391,13.033,131,0,person,0.749,222.1,134.8,521.1,470.0,371.6,302.4,5.41,27.65,28.17,-39.87
392,13.067,131,0,person,0.522,206.7,133.5,530.0,501.3,368.3,317.4,-3.24,15.07,15.42,-12.57
401,13.367,9016,0,person,0.411,227.0,122.2,413.4,458.3,320.2,290.3,0.0,0.0,0.0,0.0
403,13.433,9017,0,person,0.417,241.7,112.4,411.4,444.5,326.5,278.4,0.0,0.0,0.0,0.0
404,13.467,134,0,person,0.498,239.1,112.3,413.2,453.3,326.2,282.8,0.0,0.0,0.0,0.0
405,13.5,134,0,person,0.55,242.5,106.0,414.7,443.7,328.6,274.9,2.43,-7.92,8.28,-7.92
410,13.667,9018,41,cup,0.347,295.0,2.0,842.3,489.7,568.7,245.8,0.0,0.0,0.0,0.0
423,14.1,9019,0,person,0.357,761.2,7.1,849.4,271.4,805.3,139.2,0.0,0.0,0.0,0.0
424,14.133,136,0,person,0.413,759.8,4.3,850.1,274.9,804.9,139.6,0.0,0.0,0.0,0.0
426,14.2,136,0,person,0.58,760.8,1.2,859.6,295.5,810.2,148.3,2.63,4.37,5.1,2.18
428,14.267,136,0,person,0.734,759.4,1.6,860.5,299.9,809.9,150.8,-0.14,1.23,1.24,-1.57
429,14.3,136,0,person,0.772,755.0,4.7,860.6,313.8,807.8,159.2,-2.15,8.47,8.74,7.24
430,14.333,136,0,person,0.773,752.4,11.6,859.6,322.4,806.0,167.0,-1.81,7.76,7.97,-0.71
431,14.367,136,0,person,0.792,749.9,18.3,859.4,332.0,804.7,175.1,-1.3,8.11,8.21,0.35
432,14.4,136,0,person,0.841,747.6,25.5,859.3,341.2,803.5,183.3,-1.22,8.2,8.29,0.09
433,14.433,136,0,person,0.82,744.0,32.7,857.9,349.3,800.9,191.0,-2.54,7.68,8.09,-0.52
434,14.467,136,0,person,0.775,739.3,40.6,855.6,357.1,797.5,198.8,-3.43,7.83,8.55,0.15
435,14.5,136,0,person,0.808,734.5,48.5,853.8,366.0,794.1,207.2,-3.37,8.39,9.04,0.56
436,14.533,136,0,person,0.883,730.4,55.3,852.4,372.3,791.4,213.8,-2.72,6.55,7.1,-1.84
437,14.567,136,0,person,0.854,729.3,60.7,852.8,375.6,791.1,218.2,-0.32,4.39,4.4,-2.17
438,14.6,136,0,person,0.883,727.3,65.8,851.3,377.5,789.3,221.7,-1.77,3.52,3.94,-0.87
439,14.633,136,0,person,0.901,724.0,70.3,848.2,377.9,786.1,224.1,-3.22,2.45,4.05,-1.07
440,14.667,136,0,person,0.87,719.1,74.2,844.4,380.4,781.7,227.3,-4.33,3.14,5.35,0.69
441,14.7,136,0,person,0.881,715.8,76.8,842.1,381.4,779.0,229.1,-2.78,1.85,3.34,-1.29
442,14.733,136,0,person,0.863,712.8,77.8,840.0,380.8,776.4,229.3,-2.54,0.15,2.54,-1.7
443,14.767,136,0,person,0.846,710.4,77.6,838.3,378.9,774.3,228.2,-2.1,-1.04,2.34,-1.19
444,14.8,136,0,person,0.876,708.6,77.4,837.5,378.1,773.0,227.8,-1.29,-0.45,1.37,0.59
445,14.833,136,0,person,0.858,707.2,78.1,836.9,377.8,772.0,228.0,-1.01,0.17,1.02,0.61
446,14.867,136,0,person,0.851,706.2,77.6,836.2,375.0,771.2,226.3,-0.83,-1.67,1.87,-1.84
447,14.9,136,0,person,0.819,704.0,77.6,835.1,374.5,769.5,226.1,-1.68,-0.22,1.69,1.45
448,14.933,136,0,person,0.854,701.2,78.0,834.0,375.4,767.6,226.7,-1.94,0.65,2.05,0.87
449,14.967,136,0,person,0.879,700.1,78.0,834.5,375.3,767.3,226.6,-0.24,-0.08,0.25,-0.73
450,15.0,136,0,person,0.859,699.3,77.1,835.9,375.4,767.6,226.2,0.26,-0.39,0.47,-0.32
451,15.033,136,0,person,0.852,696.5,76.7,836.9,378.4,766.7,227.5,-0.89,1.29,1.57,1.68
452,15.067,136,0,person,0.849,695.6,76.9,838.6,380.1,767.1,228.5,0.37,0.96,1.03,-0.33
453,15.1,136,0,person,0.848,695.1,79.8,840.3,383.6,767.7,231.7,0.67,3.22,3.29,2.26
454,15.133,136,0,person,0.85,696.2,82.4,842.2,384.4,769.2,233.4,1.48,1.68,2.24,-1.54
455,15.167,136,0,person,0.875,697.1,84.9,843.5,385.5,770.3,235.2,1.1,1.77,2.08,0.09
456,15.2,136,0,person,0.904,696.7,86.8,843.8,386.1,770.3,236.5,-0.06,1.31,1.31,-0.46
457,15.233,136,0,person,0.906,696.3,89.3,843.5,386.0,769.9,237.6,-0.33,1.17,1.22,-0.14
458,15.267,136,0,person,0.895,696.1,91.3,843.1,385.1,769.6,238.2,-0.34,0.54,0.63,-0.63
459,15.3,136,0,person,0.891,693.7,95.0,840.5,385.1,767.1,240.0,-2.5,1.86,3.12,1.33
460,15.333,136,0,person,0.877,691.8,97.5,839.9,387.2,765.8,242.4,-1.26,2.32,2.64,0.45
461,15.367,136,0,person,0.873,689.2,100.6,838.9,390.3,764.1,245.4,-1.78,3.07,3.55,0.76
462,15.4,136,0,person,0.876,686.3,102.9,837.6,393.0,762.0,248.0,-2.06,2.56,3.28,-0.52
463,15.433,136,0,person,0.875,685.9,106.0,837.3,394.9,761.6,250.4,-0.35,2.43,2.46,-0.12
464,15.467,136,0,person,0.88,682.8,108.4,835.8,398.8,759.3,253.6,-2.3,3.15,3.9,0.72
465,15.5,136,0,person,0.885,680.7,111.4,834.4,400.8,757.5,256.1,-1.81,2.55,3.12,-0.61
466,15.533,136,0,person,0.872,680.5,113.4,834.1,400.6,757.3,257.0,-0.23,0.89,0.91,-1.66
467,15.567,136,0,person,0.883,679.5,115.5,834.5,403.4,757.0,259.5,-0.32,2.47,2.5,1.59
468,15.6,136,0,person,0.883,679.3,117.6,833.8,403.0,756.6,260.3,-0.43,0.81,0.92,-1.66
469,15.633,136,0,person,0.871,675.9,120.5,832.1,407.4,754.0,263.9,-2.57,3.61,4.43,2.8
470,15.667,136,0,person,0.902,671.4,123.0,829.6,411.0,750.5,267.0,-3.49,3.14,4.69,-0.47
471,15.7,136,0,person,0.901,667.6,125.2,827.6,413.7,747.6,269.4,-2.93,2.38,3.78,-0.76
472,15.733,136,0,person,0.892,660.6,126.0,825.7,420.2,743.1,273.1,-4.44,3.7,5.78,1.32
473,15.767,136,0,person,0.892,657.1,126.8,824.7,422.3,740.9,274.5,-2.26,1.41,2.66,-2.29
474,15.8,136,0,person,0.9,657.1,128.7,825.2,422.2,741.2,275.5,0.3,0.92,0.97,-0.49
475,15.833,136,0,person,0.877,655.4,130.5,826.5,426.0,740.9,278.3,-0.27,2.79,2.81,1.87
476,15.867,136,0,person,0.865,662.1,132.8,831.7,425.3,746.9,279.0,5.97,0.76,6.02,-2.03
477,15.9,136,0,person,0.817,668.5,135.3,836.6,426.4,752.5,280.8,5.65,1.83,5.94,1.07
478,15.933,136,0,person,0.729,670.3,137.3,840.9,435.2,755.6,286.3,3.07,5.43,6.24,3.61
479,15.967,136,0,person,0.86,679.1,138.0,846.2,433.1,762.6,285.5,7.02,-0.74,7.06,-6.17
480,16.0,136,0,person,0.86,684.7,138.1,848.1,429.6,766.4,283.9,3.73,-1.66,4.08,-0.92
481,16.033,136,0,person,0.796,686.1,137.3,849.5,431.3,767.8,284.3,1.44,0.42,1.5,2.08
482,16.067,136,0,person,0.844,694.0,137.2,854.0,428.1,774.0,282.6,6.18,-1.67,6.41,-2.09
483,16.1,136,0,person,0.855,702.2,138.0,856.2,420.7,779.2,279.4,5.2,-3.27,6.14,-1.6
484,16.133,136,0,person,0.84,707.7,137.9,858.0,416.0,782.8,276.9,3.67,-2.43,4.4,0.84
485,16.167,136,0,person,0.842,708.0,136.3,860.7,420.3,784.4,278.3,1.54,1.37,2.06,3.8
486,16.2,136,0,person,0.81,715.4,133.0,866.6,415.3,791.0,274.2,6.64,-4.13,7.82,-5.5
487,16.233,136,0,person,0.806,734.2,129.7,875.2,394.8,804.7,262.3,13.68,-11.93,18.15,-7.8
488,16.267,136,0,person,0.762,746.9,124.4,880.7,375.3,813.8,249.9,9.09,-12.38,15.35,-0.44
488,16.267,143,36,skateboard,0.485,748.4,278.6,816.2,387.7,782.3,333.2,0.0,0.0,0.0,0.0
489,16.3,136,0,person,0.723,746.9,121.5,885.4,380.2,816.2,250.9,2.39,0.98,2.58,13.36
490,16.333,136,0,person,0.685,746.5,118.6,888.7,382.9,817.6,250.7,1.41,-0.12,1.42,-1.1
491,16.367,136,0,person,0.731,748.9,116.3,892.6,383.0,820.7,249.7,3.13,-1.08,3.31,-0.96
492,16.4,136,0,person,0.755,752.8,116.4,896.4,382.8,824.6,249.6,3.89,-0.07,3.89,1.0
493,16.433,136,0,person,0.862,755.0,116.5,901.4,387.8,828.2,252.2,3.62,2.59,4.45,2.66
493,16.433,143,36,skateboard,0.334,741.8,282.8,809.9,389.8,775.9,336.3,-1.29,0.63,1.44,0.13
494,16.467,136,0,person,0.885,756.9,118.8,904.1,389.3,830.5,254.0,2.28,1.83,2.92,-0.76
495,16.5,136,0,person,0.888,760.0,119.9,907.8,389.4,833.9,254.7,3.41,0.65,3.47,-1.18
496,16.533,136,0,person,0.844,764.4,123.0,913.4,390.7,838.9,256.9,4.99,2.2,5.45,1.56
497,16.567,136,0,person,0.823,778.2,124.7,925.6,387.3,851.9,256.0,12.99,-0.87,13.01,-3.07
498,16.6,136,0,person,0.838,784.0,127.1,931.6,387.9,857.8,257.5,5.94,1.53,6.13,2.4
499,16.633,136,0,person,0.815,792.6,131.4,939.4,389.4,866.0,260.4,8.14,2.87,8.63,1.35
500,16.667,136,0,person,0.866,796.2,135.3,944.5,394.1,870.3,264.7,4.36,4.33,6.15,1.46
501,16.7,136,0,person,0.891,796.0,138.5,947.5,397.3,871.8,267.9,1.43,3.21,3.51,-1.12
502,16.733,136,0,person,0.859,801.3,141.4,956.0,400.8,878.6,271.1,6.88,3.15,7.56,-0.06
503,16.767,136,0,person,0.831,806.5,145.4,964.9,407.2,885.7,276.3,7.06,5.24,8.79,2.09
504,16.8,136,0,person,0.794,810.4,149.0,971.8,411.2,891.1,280.1,5.39,3.78,6.58,-1.45
505,16.833,136,0,person,0.783,827.1,148.4,987.0,408.8,907.0,278.6,15.96,-1.46,16.03,-5.25
506,16.867,136,0,person,0.832,838.0,146.0,996.4,404.4,917.2,275.2,10.15,-3.41,10.71,-1.95
507,16.9,136,0,person,0.704,845.0,144.1,1003.7,403.7,924.4,273.9,7.17,-1.33,7.29,2.08
508,16.933,136,0,person,0.876,849.2,141.8,1007.0,399.3,928.1,270.5,3.74,-3.35,5.02,-2.02
509,16.967,136,0,person,0.76,832.9,140.7,996.8,399.6,914.8,270.1,-13.29,-0.43,13.29,2.91
510,17.0,136,0,person,0.806,851.3,136.6,1013.2,392.4,932.2,264.5,17.41,-5.63,18.29,-5.2
511,17.033,136,0,person,0.815,859.0,132.6,1021.8,390.8,940.4,261.7,8.18,-2.81,8.65,2.82
512,17.067,136,0,person,0.826,865.2,132.2,1025.8,387.1,945.5,259.6,5.09,-2.07,5.5,0.74
512,17.067,147,36,skateboard,0.382,872.0,330.1,956.6,389.1,914.3,359.6,0.0,0.0,0.0,0.0
513,17.1,136,0,person,0.814,865.6,131.9,1027.7,389.2,946.6,260.6,1.14,0.95,1.48,3.02
514,17.133,136,0,person,0.769,867.9,127.4,1031.4,387.4,949.7,257.4,3.04,-3.15,4.38,-4.1
515,17.167,136,0,person,0.853,875.3,129.2,1031.5,376.3,953.4,252.7,3.76,-4.7,6.02,-1.55
516,17.2,136,0,person,0.847,881.7,130.8,1036.1,374.6,958.9,252.7,5.48,-0.01,5.48,4.69
517,17.233,136,0,person,0.82,881.5,134.7,1036.5,376.5,959.0,255.6,0.05,2.87,2.87,2.88
518,17.267,136,0,person,0.861,881.1,134.5,1041.0,381.0,961.0,257.7,2.08,2.15,2.99,-0.72
519,17.3,136,0,person,0.87,881.5,135.3,1043.1,380.1,962.3,257.7,1.25,-0.05,1.25,-2.2
520,17.333,136,0,person,0.874,881.7,137.6,1046.7,383.7,964.2,260.7,1.91,2.97,3.53,3.02
521,17.367,136,0,person,0.814,894.1,140.1,1059.6,386.3,976.8,263.2,12.63,2.52,12.88,-0.45
522,17.4,136,0,person,0.825,905.8,147.7,1067.6,387.4,986.7,267.5,9.87,4.36,10.79,1.84
523,17.433,136,0,person,0.806,914.2,150.0,1077.0,389.5,995.6,269.7,8.93,2.21,9.2,-2.15
524,17.467,136,0,person,0.798,922.5,158.7,1080.2,386.3,1001.4,272.5,5.73,2.73,6.35,0.52
525,17.5,136,0,person,0.596,931.6,162.9,1086.6,383.9,1009.1,273.4,7.74,0.91,7.79,-1.82
526,17.533,136,0,person,0.739,937.9,155.8,1098.4,384.0,1018.1,269.9,9.05,-3.51,9.7,-4.43
527,17.567,136,0,person,0.81,942.0,156.5,1102.5,382.7,1022.3,269.6,4.12,-0.3,4.13,3.21
527,17.567,151,30,skis,0.344,619.8,347.7,893.9,548.9,756.9,448.3,0.0,0.0,0.0,0.0
528,17.6,136,0,person,0.697,954.4,155.6,1115.4,383.9,1034.9,269.8,12.64,0.19,12.64,0.49
528,17.6,151,30,skis,0.415,622.0,348.3,891.5,545.9,756.8,447.1,-0.1,-1.21,1.22,-1.21
529,17.633,136,0,person,0.489,969.0,151.3,1130.3,384.2,1049.6,267.8,14.73,-1.98,14.86,-2.17
530,17.667,136,0,person,0.73,978.1,153.4,1136.7,386.5,1057.4,269.9,7.78,2.16,8.07,4.13
530,17.667,151,30,skis,0.573,631.4,350.6,895.1,543.0,763.2,446.8,3.23,-0.15,3.23,0.53
531,17.7,136,0,person,0.712,985.5,155.3,1141.6,388.8,1063.5,272.0,6.11,2.1,6.46,-0.05
531,17.7,151,30,skis,0.408,638.7,352.6,897.6,540.0,768.1,446.3,4.92,-0.46,4.95,-0.31
532,17.733,136,0,person,0.767,985.6,157.7,1141.5,393.2,1063.6,275.5,0.04,3.42,3.42,1.32
533,17.767,136,0,person,0.839,996.6,161.0,1147.1,392.3,1071.8,276.6,8.29,1.17,8.37,-2.25
533,17.767,151,30,skis,0.383,657.5,357.2,901.9,530.7,779.7,444.0,5.79,-1.17,5.91,-0.35
534,17.8,136,0,person,0.825,999.3,163.3,1146.8,392.9,1073.0,278.1,1.17,1.49,1.89,0.32
534,17.8,151,30,skis,0.372,652.8,355.5,912.7,537.4,782.8,446.4,3.06,2.47,3.93,3.64
535,17.833,136,0,person,0.806,1007.2,164.3,1151.2,392.5,1079.2,278.4,6.16,0.32,6.17,-1.17
535,17.833,151,30,skis,0.462,655.9,355.9,921.7,539.1,788.8,447.5,6.05,1.08,6.14,-1.39
536,17.867,136,0,person,0.822,1007.6,168.2,1150.1,395.3,1078.8,281.7,-0.35,3.29,3.31,2.97
536,17.867,151,30,surfboard,0.345,666.7,361.5,930.8,540.4,798.8,450.9,9.94,3.43,10.51,2.35
537,17.9,136,0,person,0.805,1011.1,169.0,1152.3,395.8,1081.7,282.4,2.87,0.69,2.95,-2.6
537,17.9,151,30,skis,0.331,672.7,364.4,937.1,540.0,804.9,452.2,6.13,1.24,6.25,-2.19
538,17.933,136,0,person,0.666,1014.8,169.3,1155.1,396.5,1085.0,282.9,3.25,0.48,3.29,-0.21
538,17.933,151,30,skis,0.423,679.8,366.0,944.3,538.4,812.1,452.2,7.18,0.03,7.18,-1.21
539,17.967,136,0,person,0.531,1018.5,169.1,1156.5,393.6,1087.5,281.4,2.53,-1.52,2.95,-2.0
539,17.967,151,30,skis,0.668,684.4,365.2,948.9,534.5,816.7,449.9,4.59,-2.34,5.15,-2.37
540,18.0,151,30,skis,0.548,684.9,363.5,953.4,532.3,819.2,447.9,2.52,-1.95,3.19,0.39
541,18.033,151,30,skis,0.699,685.9,362.3,956.5,529.5,821.2,445.9,2.07,-2.05,2.91,-0.09
541,18.033,136,0,person,0.559,994.3,165.4,1139.5,392.6,1066.9,279.0,-10.28,-1.2,10.35,0.16
542,18.067,151,30,skis,0.707,696.3,363.4,967.2,528.4,831.8,445.9,10.52,0.02,10.52,2.07
542,18.067,136,0,person,0.57,1015.3,164.9,1157.3,390.3,1086.3,277.6,19.37,-1.4,19.42,-0.19
543,18.1,151,30,skis,0.753,704.9,364.0,978.6,528.9,841.8,446.5,10.03,0.55,10.04,0.52
543,18.1,136,0,person,0.483,1027.7,167.3,1164.8,389.2,1096.3,278.3,9.95,0.68,9.97,2.08
544,18.133,151,30,skis,0.701,708.9,367.6,983.0,530.8,845.9,449.2,4.15,2.73,4.97,2.18
545,18.167,151,30,skis,0.748,711.7,365.0,988.4,528.2,850.1,446.6,4.14,-2.58,4.88,-5.31
545,18.167,136,0,person,0.511,1027.8,166.4,1168.6,398.4,1098.2,282.4,0.96,2.08,2.29,0.7
546,18.2,151,30,skis,0.527,714.8,366.2,990.2,526.7,852.5,446.4,2.43,-0.18,2.44,2.41
546,18.2,136,0,person,0.479,1023.0,163.0,1166.1,400.3,1094.6,281.7,-3.6,-0.76,3.68,-2.84
547,18.233,151,30,skis,0.364,695.7,322.9,1036.5,524.1,866.1,423.5,13.6,-22.88,26.62,-22.71
547,18.233,136,0,person,0.434,1016.1,154.1,1166.3,404.7,1091.2,279.4,-3.38,-2.24,4.05,-1.48
548,18.267,151,30,skis,0.49,712.5,344.0,1016.6,522.6,864.6,433.3,-1.53,9.75,9.87,32.63
549,18.3,151,30,skis,0.357,723.7,353.7,1007.6,519.4,865.6,436.5,1.05,3.25,3.42,-6.5
550,18.333,151,30,skis,0.573,731.8,356.5,1003.9,514.4,867.8,435.5,2.22,-1.08,2.47,-4.33
550,18.333,136,0,person,0.345,1002.6,168.1,1148.1,406.2,1075.3,287.1,-5.29,2.57,5.88,1.61
551,18.367,151,30,skis,0.63,736.5,354.6,1005.5,509.9,871.0,432.3,3.16,-3.19,4.49,-2.11
551,18.367,136,0,person,0.485,997.0,159.8,1151.0,412.3,1074.0,286.1,-1.31,-1.06,1.68,-3.63
552,18.4,151,30,skis,0.762,736.4,351.2,1008.2,507.5,872.3,429.3,1.33,-2.93,3.21,0.26
552,18.4,136,0,person,0.686,995.5,156.2,1152.7,413.7,1074.1,284.9,0.07,-1.12,1.12,-0.06
553,18.433,151,30,skis,0.518,737.3,347.4,1007.8,502.3,872.5,424.9,0.22,-4.47,4.48,-1.54
554,18.467,151,30,skis,0.582,736.1,345.9,1011.0,503.2,873.5,424.6,1.0,-0.3,1.05,4.17
554,18.467,136,0,person,0.303,994.8,174.6,1143.0,415.6,1068.9,295.1,-2.58,5.07,5.69,3.1
555,18.5,151,30,skis,0.689,736.0,345.0,1011.6,502.6,873.8,423.8,0.27,-0.76,0.81,-0.46
555,18.5,136,0,person,0.419,994.9,159.5,1150.8,414.4,1072.9,287.0,3.94,-8.11,9.02,-13.19
556,18.533,151,30,skis,0.824,737.1,345.8,1010.9,502.1,874.0,423.9,0.18,0.13,0.22,0.89
556,18.533,136,0,person,0.569,995.0,157.1,1152.1,413.0,1073.6,285.1,0.7,-1.9,2.02,6.22
557,18.567,151,30,skis,0.776,739.1,347.3,1010.7,502.1,874.9,424.7,0.9,0.72,1.15,0.59
557,18.567,136,0,person,0.684,1004.0,179.2,1144.4,405.7,1074.2,292.4,0.64,7.35,7.38,9.25
558,18.6,151,30,skis,0.738,740.8,349.0,1008.4,501.1,874.6,425.0,-0.32,0.38,0.5,-0.34
558,18.6,136,0,person,0.672,1006.1,195.6,1134.8,401.4,1070.4,298.5,-3.76,6.1,7.16,-1.25
559,18.633,151,30,skis,0.725,740.3,350.7,1005.9,501.1,873.1,425.9,-1.49,0.85,1.72,0.47
559,18.633,136,0,person,0.804,1003.5,197.1,1128.9,396.9,1066.2,297.0,-4.24,-1.52,4.51,-7.62
560,18.667,151,30,skis,0.708,737.8,352.0,1003.0,501.8,870.4,426.9,-2.69,0.99,2.87,0.14
560,18.667,136,0,person,0.764,1000.2,199.5,1124.5,396.7,1062.4,298.1,-3.84,1.09,4.0,2.61
561,18.7,151,30,skis,0.759,733.3,354.1,998.9,503.9,866.1,429.0,-4.25,2.13,4.75,1.14
561,18.7,136,0,person,0.799,994.8,195.2,1121.5,396.3,1058.1,295.7,-4.22,-2.39,4.85,-3.48
562,18.733,151,30,skis,0.767,727.6,355.1,995.5,506.3,861.6,430.7,-4.56,1.68,4.86,-0.45
562,18.733,136,0,person,0.813,990.6,196.1,1116.8,396.3,1053.7,296.2,-4.43,0.5,4.46,2.89
563,18.767,151,30,skis,0.758,723.5,355.6,991.0,506.4,857.3,431.0,-4.33,0.31,4.34,-1.37
563,18.767,136,0,person,0.813,985.9,195.6,1112.4,396.2,1049.1,295.9,-4.57,-0.33,4.58,-0.83
564,18.8,151,30,skis,0.781,720.9,353.8,988.4,504.0,854.6,428.9,-2.6,-2.06,3.32,-2.38
564,18.8,136,0,person,0.833,981.9,196.5,1107.7,394.8,1044.8,295.7,-4.35,-0.21,4.36,0.12
565,18.833,151,30,skis,0.865,719.1,352.6,984.2,500.6,851.7,426.6,-2.98,-2.35,3.79,-0.28
565,18.833,136,0,person,0.753,977.3,197.2,1105.4,398.3,1041.4,297.8,-3.42,2.11,4.02,2.32
566,18.867,151,30,skis,0.801,717.9,352.5,983.8,500.1,850.9,426.3,-0.81,-0.31,0.87,2.04
566,18.867,136,0,person,0.701,972.8,189.9,1107.7,401.6,1040.3,295.7,-1.1,-2.04,2.32,-4.15
567,18.9,151,30,skis,0.836,716.5,353.2,982.5,500.1,849.5,426.6,-1.35,0.32,1.39,0.63
567,18.9,136,0,person,0.804,970.3,190.9,1106.7,405.2,1038.5,298.0,-1.76,2.3,2.9,4.34
568,18.933,151,30,skis,0.664,711.8,354.8,983.5,504.4,847.7,429.6,-1.85,3.01,3.53,2.69
568,18.933,136,0,person,0.843,968.1,190.3,1105.4,406.9,1036.7,298.6,-1.77,0.54,1.85,-1.77
569,18.967,151,30,skis,0.554,710.0,357.9,980.9,506.4,845.4,432.2,-2.21,2.56,3.38,-0.45
569,18.967,136,0,person,0.848,970.1,194.2,1100.6,398.9,1035.3,296.6,-1.39,-2.0,2.44,-2.54
570,19.0,151,30,skis,0.656,708.5,362.0,978.5,509.3,843.5,435.6,-1.95,3.47,3.98,0.92
570,19.0,136,0,person,0.829,967.7,193.1,1101.7,403.0,1034.7,298.0,-0.62,1.46,1.59,3.46
571,19.033,151,30,skis,0.794,704.1,366.4,978.6,515.4,841.3,440.9,-2.18,5.26,5.7,1.79
571,19.033,136,0,person,0.817,962.4,192.1,1103.8,413.7,1033.1,302.9,-1.61,4.83,5.09,3.37
572,19.067,151,30,skis,0.787,700.9,369.7,977.1,518.9,839.0,444.3,-2.32,3.39,4.11,-1.87
572,19.067,136,0,person,0.793,960.7,182.1,1106.8,412.7,1033.7,297.4,0.62,-5.46,5.49,-10.29
573,19.1,151,30,skis,0.728,702.0,371.9,971.5,515.9,836.7,443.9,-2.26,-0.38,2.29,-3.78
573,19.1,136,0,person,0.79,963.4,187.4,1103.3,406.9,1033.3,297.2,-0.41,-0.25,0.48,5.2
574,19.133,151,30,skis,0.646,700.8,373.8,968.0,514.7,834.4,444.3,-2.34,0.34,2.37,0.72
574,19.133,136,0,person,0.785,963.6,184.8,1103.3,402.8,1033.4,293.8,0.08,-3.35,3.35,-3.1
575,19.167,151,30,skis,0.568,700.4,373.1,968.6,513.0,834.5,443.1,0.11,-1.2,1.21,-1.54
575,19.167,136,0,person,0.787,963.5,181.1,1105.6,402.5,1034.6,291.8,1.15,-2.01,2.31,1.34
576,19.2,151,30,skis,0.376,699.9,371.2,969.3,509.7,834.6,440.5,0.1,-2.6,2.6,-1.4
576,19.2,136,0,person,0.743,968.5,183.0,1107.9,398.8,1038.2,290.9,3.65,-0.89,3.76,1.12
577,19.233,136,0,person,0.676,970.9,182.6,1116.6,408.7,1043.8,295.7,5.56,4.74,7.31,5.64
578,19.267,136,0,person,0.706,975.2,171.6,1124.0,401.6,1049.6,286.6,5.82,-9.04,10.75,-13.78
579,19.3,136,0,person,0.596,981.3,170.8,1129.3,398.0,1055.3,284.4,5.71,-2.19,6.12,6.85
580,19.333,136,0,person,0.653,988.8,189.5,1128.8,399.3,1058.8,294.4,3.5,9.98,10.58,12.18
581,19.367,136,0,person,0.428,1000.5,203.8,1138.0,403.1,1069.3,303.5,10.46,9.06,13.84,-0.92
582,19.4,136,0,person,0.559,1006.3,210.3,1147.3,408.5,1076.8,309.4,7.53,5.94,9.59,-3.12
583,19.433,136,0,person,0.801,1007.7,215.2,1151.8,414.3,1079.8,314.7,2.96,5.33,6.1,-0.61
584,19.467,136,0,person,0.708,1007.8,212.1,1160.1,419.5,1084.0,315.8,4.22,1.04,4.34,-4.3
585,19.5,136,0,person,0.675,1004.4,214.9,1165.5,432.2,1085.0,323.5,1.0,7.77,7.83,6.73
586,19.533,136,0,person,0.78,1006.0,216.8,1163.8,428.4,1084.9,322.6,-0.05,-0.99,0.99,-8.76
587,19.567,136,0,person,0.718,1004.9,217.2,1165.6,430.8,1085.2,324.0,0.29,1.46,1.49,2.45
588,19.6,136,0,person,0.803,1001.3,221.5,1171.3,448.5,1086.3,335.0,1.11,10.98,11.04,9.52
588,19.6,151,30,skis,0.542,738.1,415.4,967.5,522.3,852.8,468.9,1.51,2.37,2.81,0.41
589,19.633,136,0,person,0.867,1000.3,224.5,1176.3,462.1,1088.3,343.3,1.96,8.29,8.52,-2.69
589,19.633,151,30,skis,0.593,737.5,421.4,976.0,524.2,856.8,472.8,3.99,3.91,5.58,1.54
590,19.667,136,0,person,0.865,1000.6,225.4,1177.8,466.1,1089.2,345.8,0.87,2.47,2.62,-5.82
590,19.667,151,30,skis,0.491,733.8,423.3,985.6,526.1,859.7,474.7,2.95,1.94,3.53,-1.97
591,19.7,136,0,person,0.763,1013.9,228.5,1182.8,458.9,1098.3,343.7,9.14,-2.07,9.38,-4.55
591,19.7,151,30,skis,0.344,738.5,425.5,991.6,522.7,865.1,474.1,5.34,-0.68,5.38,-2.62
592,19.733,136,0,person,0.774,1013.0,228.8,1189.9,471.9,1101.5,350.4,3.14,6.67,7.37,8.74
592,19.733,151,30,skis,0.476,744.0,433.6,1003.1,527.7,873.6,480.7,8.52,6.62,10.79,7.3
593,19.767,136,0,person,0.758,1024.8,231.8,1194.0,466.1,1109.4,348.9,7.94,-1.41,8.06,-8.08
594,19.8,136,0,person,0.83,1026.3,228.8,1202.1,474.8,1114.2,351.8,4.83,2.87,5.62,4.29
595,19.833,136,0,person,0.813,1021.4,226.1,1208.7,490.9,1115.1,358.5,0.83,6.64,6.69,3.77
596,19.867,136,0,person,0.73,1021.6,232.6,1208.4,496.8,1115.0,364.7,-0.06,6.22,6.22,-0.42
597,19.9,136,0,person,0.594,1017.2,242.2,1208.8,512.7,1113.0,377.4,-1.99,12.75,12.9,6.53
598,19.933,136,0,person,0.56,998.5,247.9,1200.8,528.7,1099.6,388.3,-13.38,10.83,17.22,-1.91
599,19.967,136,0,person,0.407,1014.2,253.0,1213.9,532.7,1114.1,392.9,14.47,4.59,15.18,-6.24
601,20.033,136,0,person,0.305,1015.2,263.6,1221.3,556.4,1118.2,410.0,2.08,8.57,8.82,1.99
602,20.067,136,0,person,0.548,1006.0,274.1,1213.2,568.1,1109.6,421.1,-8.6,11.1,14.04,2.53
603,20.1,136,0,person,0.564,1003.2,285.6,1209.9,576.9,1106.6,431.3,-3.08,10.18,10.63,-0.92
604,20.133,136,0,person,0.613,994.5,291.9,1208.2,589.1,1101.3,440.5,-5.25,9.19,10.58,-0.99
605,20.167,136,0,person,0.721,1023.7,304.2,1222.1,581.1,1122.9,442.6,21.58,2.18,21.69,-7.01
606,20.2,136,0,person,0.736,1039.6,324.0,1225.0,584.8,1132.3,454.4,9.42,11.74,15.05,9.56
607,20.233,136,0,person,0.624,979.2,342.2,1189.2,625.8,1084.2,484.0,-48.15,29.59,56.52,17.85
608,20.267,136,0,person,0.53,993.0,355.3,1195.6,628.4,1094.3,491.9,10.1,7.88,12.81,-21.71
609,20.3,136,0,person,0.434,1027.3,363.3,1215.0,620.2,1121.1,491.7,26.85,-0.12,26.85,-8.01
610,20.333,136,0,person,0.445,1016.7,365.6,1209.2,627.3,1113.0,496.4,-8.16,4.7,9.42,4.82
611,20.367,136,0,person,0.479,984.8,364.9,1198.8,652.7,1091.8,508.8,-21.14,12.38,24.5,7.67
612,20.4,136,0,person,0.513,973.9,360.1,1192.7,651.5,1083.3,505.8,-8.55,-2.99,9.05,-15.36
613,20.433,136,0,person,0.51,981.4,356.2,1193.6,640.2,1087.5,498.2,4.26,-7.66,8.77,-4.67
614,20.467,136,0,person,0.503,987.2,356.1,1193.1,636.0,1090.1,496.0,2.58,-2.15,3.36,5.51
615,20.5,136,0,person,0.39,961.7,354.3,1168.6,632.9,1065.1,493.6,-24.97,-2.41,25.09,-0.26
616,20.533,136,0,person,0.492,982.8,355.3,1151.5,579.9,1067.1,467.6,2.0,-26.03,26.1,-23.62
617,20.567,136,0,person,0.313,967.1,360.7,1145.8,600.8,1056.5,480.8,-10.69,13.18,16.97,39.2
618,20.6,136,0,person,0.505,980.1,369.2,1136.1,583.1,1058.1,476.2,1.65,-4.59,4.87,-17.76
619,20.633,136,0,person,0.336,952.8,374.9,1106.5,583.5,1029.6,479.2,-28.47,3.01,28.62,7.6
620,20.667,136,0,person,0.587,920.7,378.5,1101.3,626.4,1011.0,502.5,-18.63,23.26,29.81,20.25
621,20.7,136,0,person,0.615,860.6,378.2,1059.5,638.9,960.1,508.6,-50.92,6.1,51.28,-17.16
622,20.733,136,0,person,0.538,871.5,374.7,1074.0,645.9,972.8,510.3,12.68,1.76,12.8,-4.34
622,20.733,161,36,skateboard,0.592,829.9,600.1,1073.9,678.7,951.9,639.4,0.0,0.0,0.0,0.0
623,20.767,136,0,person,0.745,868.7,370.3,1074.5,653.7,971.6,512.0,-1.17,1.68,2.05,-0.08
624,20.8,136,0,person,0.733,862.5,368.7,1069.8,663.2,966.1,515.9,-5.45,3.96,6.73,2.28
624,20.8,162,36,skateboard,0.475,908.4,600.8,1027.0,666.6,967.7,633.7,0.0,0.0,0.0,0.0
625,20.833,136,0,person,0.597,855.0,369.7,1052.2,657.7,953.6,513.7,-12.52,-2.25,12.72,-6.21
626,20.867,136,0,person,0.613,845.4,368.3,1045.4,672.6,945.4,520.5,-8.22,6.79,10.66,9.04
627,20.9,136,0,person,0.663,815.9,362.7,1018.6,672.0,917.2,517.4,-28.15,-3.1,28.32,-9.89
628,20.933,136,0,person,0.779,807.1,356.6,1009.0,667.9,908.0,512.3,-9.21,-5.11,10.54,-2.01
629,20.967,136,0,person,0.758,796.4,351.5,997.7,663.5,897.0,507.5,-11.0,-4.75,11.99,0.36
630,21.0,136,0,person,0.7,808.5,341.9,992.3,629.3,900.4,485.6,3.36,-21.89,22.15,-17.14
631,21.033,136,0,person,0.631,798.2,332.3,984.4,627.9,891.3,480.1,-9.11,-5.53,10.66,16.36
632,21.067,136,0,person,0.79,767.0,326.6,964.3,639.7,865.6,483.1,-25.64,3.04,25.82,8.58
633,21.1,136,0,person,0.645,748.0,328.8,950.4,650.9,849.2,489.9,-16.45,6.74,17.77,3.69
634,21.133,136,0,person,0.737,729.3,330.5,934.5,656.4,831.9,493.5,-17.32,3.6,17.69,-3.14
635,21.167,136,0,person,0.788,721.9,332.1,927.1,660.1,824.5,496.1,-7.38,2.61,7.83,-0.99
636,21.2,136,0,person,0.685,719.2,336.0,924.0,670.5,821.6,503.3,-2.86,7.19,7.73,4.57
637,21.233,136,0,person,0.813,712.8,344.8,915.4,683.2,814.1,514.0,-7.5,10.71,13.08,3.53
638,21.267,136,0,person,0.741,695.7,353.7,895.8,689.3,795.8,521.5,-18.37,7.52,19.85,-3.19
639,21.3,136,0,person,0.697,698.1,351.6,894.2,686.4,796.1,519.0,0.38,-2.49,2.52,-10.02
640,21.333,136,0,person,0.686,698.1,351.2,888.8,684.3,793.5,517.7,-2.68,-1.27,2.96,1.22
641,21.367,136,0,person,0.8,694.2,345.8,883.0,682.9,788.6,514.3,-4.88,-3.4,5.94,-2.13
642,21.4,136,0,person,0.743,688.0,337.4,876.1,680.5,782.0,509.0,-6.57,-5.38,8.49,-1.98
643,21.433,136,0,person,0.803,689.3,330.6,869.7,666.5,779.5,498.5,-2.51,-10.44,10.74,-5.06
644,21.467,136,0,person,0.515,696.7,319.1,865.2,641.4,781.0,480.3,1.44,-18.23,18.28,-7.79
645,21.5,9020,72,refrigerator,0.371,278.1,220.4,753.8,703.7,515.9,462.1,0.0,0.0,0.0,0.0
647,21.567,9021,72,refrigerator,0.403,277.8,223.1,759.9,699.6,518.9,461.3,0.0,0.0,0.0,0.0
653,21.767,9022,28,box,0.338,205.5,238.3,694.4,701.3,450.0,469.8,0.0,0.0,0.0,0.0
666,22.2,9023,0,person,0.432,569.6,280.7,659.7,541.4,614.7,411.0,0.0,0.0,0.0,0.0
668,22.267,136,0,person,0.545,571.5,271.1,692.2,512.9,631.9,392.0,-6.21,-3.68,7.22,0.61
669,22.3,136,0,person,0.722,578.9,269.3,691.8,505.3,635.3,387.3,3.47,-4.67,5.82,-0.99
670,22.333,136,0,person,0.728,581.6,267.3,693.7,505.3,637.7,386.3,2.33,-0.99,2.53,3.68
671,22.367,136,0,person,0.742,585.9,266.1,697.5,507.5,641.7,386.8,4.01,0.48,4.03,1.47
672,22.4,136,0,person,0.708,590.2,268.4,699.3,506.4,644.8,387.4,3.1,0.57,3.15,0.09
673,22.433,136,0,person,0.77,600.9,271.7,707.4,508.5,654.2,390.1,9.4,2.69,9.78,2.12
674,22.467,136,0,person,0.816,610.3,275.8,714.9,510.8,662.6,393.3,8.44,3.26,9.05,0.57
674,22.467,172,0,person,0.817,537.9,350.8,643.5,604.3,590.7,477.6,0.0,0.0,0.0,0.0
675,22.5,136,0,person,0.789,613.9,279.4,716.1,513.1,665.0,396.2,2.41,2.91,3.78,-0.35
675,22.5,172,0,person,0.871,531.1,353.3,636.0,604.3,583.6,478.8,-7.13,1.24,7.24,1.24
676,22.533,136,0,person,0.783,614.0,283.1,712.1,514.6,663.1,398.9,-1.96,2.64,3.29,-0.27
676,22.533,172,0,person,0.818,529.9,357.6,634.1,604.8,582.0,481.2,-1.55,2.39,2.85,1.15
677,22.567,136,0,person,0.814,613.1,286.1,708.6,519.0,660.9,402.5,-2.2,3.64,4.25,1.0
677,22.567,172,0,person,0.841,525.3,361.7,629.0,605.6,577.2,483.7,-4.85,2.47,5.44,0.09
678,22.6,136,0,person,0.763,612.0,287.6,704.0,519.8,658.0,403.7,-2.88,1.21,3.12,-2.43
678,22.6,172,0,person,0.847,521.3,364.6,624.8,605.4,573.1,485.0,-4.09,1.32,4.3,-1.15
679,22.633,136,0,person,0.741,611.0,287.9,700.0,519.2,655.5,403.6,-2.49,-0.18,2.49,-1.38
679,22.633,172,0,person,0.819,522.0,366.3,625.8,605.3,573.9,485.8,0.82,0.83,1.16,-0.5
680,22.667,136,0,person,0.719,610.0,287.6,694.4,512.4,652.2,400.0,-3.29,-3.57,4.85,-3.39
680,22.667,172,0,person,0.857,519.8,369.0,623.5,604.9,571.7,486.9,-2.2,1.12,2.47,0.3
681,22.7,136,0,person,0.539,614.7,287.8,689.3,487.9,652.0,387.8,-0.22,-12.16,12.16,-8.59
681,22.7,172,0,person,0.825,521.0,370.8,625.6,605.0,573.3,487.9,1.64,0.97,1.9,-0.15
682,22.733,136,0,person,0.562,622.8,287.5,689.1,464.3,655.9,375.9,3.94,-11.96,12.59,0.2
682,22.733,172,0,person,0.809,523.5,373.0,630.3,606.5,576.9,489.8,3.6,1.87,4.05,0.9
683,22.767,136,0,person,0.588,624.5,286.9,691.0,462.8,657.7,374.9,1.82,-1.02,2.08,10.94
683,22.767,172,0,person,0.775,526.0,375.5,635.2,607.2,580.6,491.4,3.67,1.6,4.01,-0.27
684,22.8,136,0,person,0.631,626.2,287.8,693.3,463.2,659.7,375.5,2.0,0.65,2.1,1.67
684,22.8,172,0,person,0.824,521.5,376.0,633.2,606.3,577.3,491.1,-3.24,-0.24,3.25,-1.85
685,22.833,136,0,person,0.723,627.6,289.6,696.3,465.8,662.0,377.7,2.21,2.17,3.1,1.52
685,22.833,172,0,person,0.859,514.8,377.6,628.0,605.6,571.4,491.6,-5.99,0.46,6.0,0.71
686,22.867,136,0,person,0.733,627.3,290.8,697.3,466.3,662.3,378.5,0.36,0.88,0.95,-1.29
686,22.867,172,0,person,0.858,509.9,378.4,624.4,605.1,567.1,491.8,-4.24,0.19,4.25,-0.27
687,22.9,136,0,person,0.659,625.1,292.7,698.2,472.1,661.7,382.4,-0.66,3.87,3.92,2.99
687,22.9,172,0,person,0.856,507.4,378.9,623.0,605.6,565.2,492.2,-1.92,0.44,1.97,0.25
688,22.933,136,0,person,0.683,610.6,295.9,699.1,511.0,654.9,403.4,-6.8,21.02,22.09,17.15
688,22.933,172,0,person,0.823,506.0,382.3,620.2,606.0,563.1,494.2,-2.11,1.93,2.86,1.49
689,22.967,136,0,person,0.8,603.6,298.9,698.8,528.3,651.2,413.6,-3.65,10.13,10.76,-10.89
689,22.967,172,0,person,0.849,503.8,384.3,616.6,605.5,560.2,494.9,-2.89,0.76,2.99,-1.17
690,23.0,136,0,person,0.812,598.5,301.2,695.9,532.5,647.2,416.9,-4.03,3.29,5.2,-6.84
690,23.0,172,0,person,0.836,502.0,389.2,612.2,605.4,557.1,497.3,-3.1,2.36,3.89,1.61
691,23.033,136,0,person,0.777,592.5,304.1,691.6,537.3,642.1,420.7,-5.13,3.82,6.4,0.53
691,23.033,172,0,person,0.813,498.5,392.5,607.2,605.3,552.9,498.9,-4.21,1.61,4.51,-0.75
692,23.067,136,0,person,0.676,584.6,307.0,683.8,537.6,634.2,422.3,-7.86,1.65,8.03,-2.17
692,23.067,172,0,person,0.827,497.3,394.4,605.5,605.1,551.4,499.7,-1.5,0.85,1.72,-0.76
693,23.1,136,0,person,0.673,578.0,310.7,676.8,536.9,627.4,423.8,-6.81,1.49,6.97,-0.17
693,23.1,172,0,person,0.821,495.9,395.7,603.5,605.0,549.7,500.3,-1.66,0.61,1.77,-0.24
694,23.133,136,0,person,0.762,572.7,312.9,671.4,538.5,622.1,425.7,-5.32,1.91,5.66,0.43
694,23.133,172,0,person,0.799,495.6,398.8,601.9,605.2,548.7,502.0,-0.97,1.63,1.9,1.03
695,23.167,136,0,person,0.459,561.0,315.8,659.8,540.9,610.4,428.4,-11.67,2.66,11.97,0.75
695,23.167,172,0,person,0.797,494.1,397.1,600.9,604.8,547.5,501.0,-1.26,-1.0,1.61,-2.64
696,23.2,172,0,person,0.806,492.0,400.2,597.0,604.5,544.5,502.3,-2.99,1.35,3.28,2.35
697,23.233,172,0,person,0.768,487.2,400.0,592.4,604.3,539.8,502.2,-4.75,-0.17,4.75,-1.51
698,23.267,172,0,person,0.431,480.7,409.2,583.3,604.9,532.0,507.1,-7.74,4.92,9.17,5.09
699,23.3,172,0,person,0.569,472.2,405.2,577.7,604.5,525.0,504.9,-7.05,-2.2,7.39,-7.12
701,23.367,172,0,person,0.661,431.0,315.4,585.4,602.9,508.2,459.1,-8.38,-22.87,24.36,-10.34
702,23.4,172,0,person,0.564,411.0,303.3,574.4,603.7,492.7,453.5,-15.54,-5.64,16.53,17.23
703,23.433,172,0,person,0.783,409.4,335.5,561.4,604.5,485.4,470.0,-7.31,16.5,18.04,22.14
704,23.467,172,0,person,0.525,394.9,323.4,558.7,604.6,476.8,464.0,-8.55,-5.97,10.43,-22.46
705,23.5,172,0,person,0.581,403.3,347.3,558.7,605.5,481.0,476.4,4.22,12.4,13.1,18.37
706,23.533,172,0,person,0.804,415.9,352.6,570.0,605.3,493.0,479.0,11.94,2.55,12.21,-9.85
707,23.567,172,0,person,0.734,415.0,360.4,569.5,605.4,492.3,482.9,-0.71,3.92,3.99,1.37
708,23.6,172,0,person,0.747,406.1,348.7,573.1,606.1,489.6,477.4,-2.66,-5.48,6.09,-9.4
709,23.633,172,0,person,0.787,414.6,344.4,585.5,606.1,500.0,475.2,10.46,-2.2,10.69,3.28
710,23.667,172,0,person,0.82,422.8,343.6,593.6,606.1,508.2,474.9,8.15,-0.36,8.16,1.85
711,23.7,172,0,person,0.812,438.5,346.0,604.4,605.5,521.4,475.7,13.22,0.89,13.25,1.25
712,23.733,172,0,person,0.735,447.0,346.6,610.0,605.0,528.5,475.8,7.11,0.06,7.11,-0.83
713,23.767,172,0,person,0.649,461.3,351.2,619.0,604.9,540.2,478.1,11.62,2.26,11.84,2.21
714,23.8,172,0,person,0.815,470.2,358.6,622.5,605.2,546.4,481.9,6.22,3.86,7.32,1.6
715,23.833,172,0,person,0.808,480.7,359.3,632.9,605.0,556.8,482.1,10.43,0.19,10.43,-3.67
716,23.867,172,0,person,0.829,487.7,359.5,641.0,605.4,564.3,482.4,7.52,0.32,7.52,0.13
717,23.9,172,0,person,0.865,495.1,360.5,648.8,605.4,572.0,483.0,7.66,0.54,7.68,0.22
718,23.933,172,0,person,0.856,503.1,362.3,657.3,605.8,580.2,484.0,8.24,1.03,8.3,0.5
719,23.967,172,0,person,0.859,511.8,363.9,665.7,605.7,588.8,484.8,8.56,0.82,8.6,-0.21
720,24.0,172,0,person,0.805,519.8,367.5,671.9,606.6,595.8,487.0,7.06,2.18,7.39,1.36
721,24.033,172,0,person,0.852,528.4,375.0,675.7,605.9,602.1,490.5,6.23,3.48,7.13,1.3
722,24.067,172,0,person,0.855,532.2,382.6,675.5,605.8,603.9,494.2,1.8,3.71,4.12,0.23
723,24.1,172,0,person,0.72,529.6,388.6,670.7,604.9,600.2,496.8,-3.7,2.58,4.51,-1.12
724,24.133,172,0,person,0.719,529.9,393.9,668.5,604.6,599.2,499.2,-0.96,2.46,2.64,-0.12
725,24.167,172,0,person,0.605,506.4,396.9,649.4,604.5,577.9,500.7,-21.28,1.46,21.33,-1.0
726,24.2,172,0,person,0.64,502.0,400.0,647.5,604.3,574.7,502.1,-3.18,1.41,3.48,-0.05
727,24.233,172,0,person,0.857,499.8,402.2,648.1,605.1,573.9,503.7,-0.8,1.57,1.76,0.15
728,24.267,172,0,person,0.841,500.7,403.0,651.6,605.7,576.1,504.4,2.19,0.69,2.3,-0.88
729,24.3,172,0,person,0.84,504.6,403.6,657.6,606.0,581.1,504.8,4.98,0.4,4.99,-0.29
730,24.333,172,0,person,0.795,509.2,404.2,663.5,606.2,586.3,505.2,5.24,0.43,5.25,0.03
731,24.367,172,0,person,0.76,520.5,408.1,672.4,605.6,596.4,506.8,10.11,1.65,10.24,1.23
732,24.4,172,0,person,0.798,528.8,409.5,679.5,605.1,604.2,507.3,7.75,0.45,7.76,-1.2
733,24.433,172,0,person,0.782,530.9,411.1,683.2,605.5,607.1,508.3,2.9,0.98,3.06,0.52
734,24.467,172,0,person,0.391,510.0,344.6,710.3,605.0,610.2,474.8,3.09,-33.51,33.65,-34.49
737,24.567,172,0,person,0.632,544.6,394.8,713.1,604.6,628.8,499.7,6.22,8.3,10.37,13.94
738,24.6,172,0,person,0.337,559.2,415.6,718.6,605.4,638.9,510.5,10.05,10.79,14.75,2.49
741,24.7,9024,0,person,0.331,641.0,419.6,786.9,605.3,713.9,512.4,0.0,0.0,0.0,0.0
742,24.733,184,0,person,0.357,647.5,417.0,795.5,605.5,721.5,511.2,0.0,0.0,0.0,0.0
743,24.767,172,0,person,0.415,603.5,409.9,778.9,605.7,691.2,507.8,10.46,-0.54,10.48,-2.27
744,24.8,172,0,person,0.402,602.6,408.2,789.4,605.7,696.0,506.9,4.8,-0.85,4.87,-0.31
745,24.833,172,0,person,0.418,608.3,402.6,807.0,606.1,707.6,504.4,11.61,-2.59,11.89,-1.75
746,24.867,172,0,person,0.402,651.6,404.3,843.7,605.1,747.7,504.7,40.05,0.34,40.05,2.93
747,24.9,172,0,person,0.5,637.0,401.5,837.7,604.7,737.3,503.1,-10.32,-1.6,10.45,-1.94
748,24.933,172,0,person,0.373,636.2,397.3,844.7,603.0,740.5,500.2,3.12,-2.93,4.28,-1.33
750,25.0,172,0,person,0.389,639.7,388.5,861.3,602.6,750.5,495.5,5.01,-2.31,5.52,0.31
753,25.1,172,0,person,0.576,652.0,378.5,886.6,603.2,769.3,490.8,6.27,-1.57,6.46,0.25
769,25.633,172,0,person,0.514,782.9,354.9,1030.0,602.8,906.4,478.9,8.57,-0.75,8.6,0.05
770,25.667,172,0,person,0.573,792.6,354.5,1030.7,603.0,911.6,478.8,5.22,-0.12,5.22,0.63
771,25.7,172,0,person,0.611,798.3,354.0,1028.5,602.6,913.4,478.3,1.74,-0.48,1.81,-0.36
772,25.733,172,0,person,0.582,804.4,353.2,1026.3,601.9,915.3,477.6,1.95,-0.71,2.08,-0.23
773,25.767,172,0,person,0.757,801.5,351.8,1018.7,602.3,910.1,477.1,-5.25,-0.51,5.28,0.2
774,25.8,172,0,person,0.72,800.1,351.1,1014.2,603.6,907.1,477.4,-2.94,0.3,2.96,0.81
775,25.833,172,0,person,0.752,799.0,349.9,1010.7,603.9,904.8,476.9,-2.31,-0.47,2.35,-0.76
775,25.833,186,62,tv,0.516,116.2,21.8,1280.0,658.9,698.1,340.4,0.0,0.0,0.0,0.0
776,25.867,172,0,person,0.751,796.9,349.6,1004.7,603.1,900.8,476.4,-4.03,-0.54,4.06,-0.07
776,25.867,186,62,tv,0.404,124.4,25.8,1280.0,654.6,702.2,340.2,4.09,-0.21,4.09,-0.21
777,25.9,172,0,person,0.776,795.4,348.7,1000.3,602.8,897.8,475.7,-2.97,-0.61,3.03,-0.08
777,25.9,186,62,tv,0.316,123.8,24.1,1275.1,649.8,699.4,337.0,-2.8,-3.2,4.25,-2.98
778,25.933,172,0,person,0.832,794.6,346.9,997.2,602.5,895.9,474.7,-1.91,-1.07,2.19,-0.46
779,25.967,172,0,person,0.83,793.9,344.0,995.4,602.4,894.6,473.2,-1.29,-1.5,1.98,-0.44
779,25.967,186,62,tv,0.367,128.9,22.1,1277.0,645.9,702.9,334.0,1.77,-1.49,2.31,0.86
780,26.0,172,0,person,0.77,795.5,342.0,994.2,601.8,894.9,471.9,0.22,-1.27,1.29,0.24
780,26.0,186,62,tv,0.382,116.0,18.5,1276.7,649.0,696.3,333.7,-6.6,-0.26,6.61,1.22
781,26.033,172,0,person,0.79,797.3,341.0,993.7,602.0,895.5,471.5,0.67,-0.42,0.79,0.85
781,26.033,186,62,tv,0.363,104.5,11.1,1280.0,653.8,692.3,332.5,-4.07,-1.26,4.26,-1.0
782,26.067,172,0,person,0.814,801.0,341.6,994.2,602.3,897.6,471.9,2.06,0.43,2.1,0.85
783,26.1,172,0,person,0.785,804.5,342.8,994.5,602.2,899.5,472.5,1.91,0.6,2.0,0.17
784,26.133,172,0,person,0.759,807.7,343.3,995.4,602.5,901.6,472.9,2.06,0.38,2.09,-0.21
785,26.167,172,0,person,0.767,810.9,343.1,996.3,601.7,903.6,472.4,2.05,-0.5,2.11,-0.88
786,26.2,172,0,person,0.776,813.3,345.0,997.8,604.3,905.5,474.7,1.92,2.27,2.98,2.77
787,26.233,172,0,person,0.754,816.7,346.6,998.2,603.5,907.4,475.1,1.9,0.38,1.94,-1.89
787,26.233,186,62,tv,0.33,84.9,17.0,1280.0,682.2,682.4,349.6,-1.64,2.86,3.29,0.69
788,26.267,172,0,person,0.686,817.6,347.7,996.8,603.1,907.2,475.4,-0.25,0.31,0.4,-0.08
789,26.3,172,0,person,0.706,818.8,348.5,996.0,603.0,907.4,475.8,0.22,0.41,0.46,0.1
789,26.3,187,0,person,0.409,728.3,278.5,819.9,358.3,774.1,318.4,0.0,0.0,0.0,0.0
790,26.333,172,0,person,0.715,818.1,350.1,992.4,602.6,905.3,476.3,-2.14,0.57,2.22,0.16
791,26.367,172,0,person,0.843,815.4,352.9,986.9,603.2,901.1,478.0,-4.13,1.71,4.47,1.14
792,26.4,172,0,person,0.835,813.3,355.6,982.2,603.5,897.8,479.6,-3.37,1.53,3.7,-0.18
792,26.4,186,62,tv,0.324,59.7,11.1,1280.0,703.7,669.9,357.4,-2.51,1.57,2.96,-0.26
793,26.433,172,0,person,0.832,808.5,360.5,975.1,604.0,891.8,482.2,-5.96,2.68,6.53,1.15
794,26.467,172,0,person,0.738,794.4,362.4,964.1,604.5,879.3,483.4,-12.54,1.18,12.6,-1.5
795,26.5,172,0,person,0.661,787.2,364.2,959.3,603.5,873.2,483.8,-6.02,0.42,6.03,-0.76
795,26.5,187,0,person,0.528,696.0,289.0,799.7,379.2,747.8,334.1,-4.38,2.61,5.1,0.44
796,26.533,172,0,person,0.728,774.7,366.0,949.9,603.2,862.3,484.6,-10.93,0.75,10.96,0.33
796,26.533,187,0,person,0.521,689.6,290.8,799.0,385.6,744.3,338.2,-3.53,4.12,5.42,1.51
796,26.533,186,62,tv,0.319,74.2,18.0,1280.0,702.6,677.1,360.3,1.81,0.72,1.94,-0.21
797,26.567,172,0,person,0.726,771.7,367.7,951.1,604.5,861.4,486.1,-0.91,1.47,1.73,0.72
797,26.567,187,0,person,0.459,681.6,290.5,796.2,389.3,738.9,339.9,-5.38,1.69,5.64,-2.43
797,26.567,189,0,person,0.416,785.0,214.7,834.2,312.7,809.6,263.7,0.0,0.0,0.0,0.0
797,26.567,186,62,tv,0.381,84.9,19.9,1280.0,704.1,682.5,362.0,5.38,1.72,5.65,1.0
798,26.6,172,0,person,0.646,767.9,369.1,949.5,604.5,858.7,486.8,-2.72,0.74,2.81,-0.74
798,26.6,187,0,person,0.347,675.2,290.2,792.9,391.3,734.0,340.8,-4.86,0.89,4.94,-0.8
798,26.6,186,62,tv,0.389,81.9,17.6,1280.0,703.3,680.9,360.5,-1.52,-1.57,2.18,-3.29
799,26.633,172,0,person,0.639,762.7,372.1,943.8,604.3,853.2,488.2,-5.45,1.4,5.62,0.66
799,26.633,187,0,person,0.315,666.2,290.5,786.5,395.0,726.3,342.8,-7.7,1.99,7.95,1.1
799,26.633,189,0,person,0.345,790.9,217.6,842.6,320.7,816.7,269.2,3.57,2.73,4.49,1.36
800,26.667,172,0,person,0.706,757.7,375.8,937.9,604.7,847.8,490.3,-5.41,2.06,5.79,0.66
800,26.667,187,0,person,0.479,662.2,290.0,783.8,396.9,723.0,343.4,-3.36,0.67,3.42,-1.32
800,26.667,189,0,person,0.553,793.3,210.3,848.4,320.0,820.8,265.2,4.09,-3.99,5.71,-6.71
801,26.7,172,0,person,0.746,748.5,378.8,928.4,604.8,838.4,491.8,-9.38,1.52,9.5,-0.54
801,26.7,187,0,person,0.628,656.8,288.1,780.3,398.1,718.5,343.1,-4.46,-0.36,4.47,-1.03
801,26.7,189,0,person,0.571,795.1,206.5,850.4,316.5,822.7,261.5,1.94,-3.68,4.16,0.3
802,26.733,172,0,person,0.668,739.2,378.2,920.8,605.0,830.0,491.6,-8.44,-0.19,8.44,-1.71
802,26.733,187,0,person,0.502,648.5,285.4,776.0,400.3,712.2,342.9,-6.28,-0.21,6.29,0.15
802,26.733,189,0,person,0.42,799.5,204.9,855.1,314.3,827.3,259.6,4.53,-1.92,4.92,1.77
803,26.767,172,0,person,0.691,732.8,378.6,915.1,606.1,823.9,492.4,-6.07,0.76,6.12,0.94
803,26.767,187,0,person,0.677,643.3,285.6,771.3,402.1,707.3,343.8,-4.97,0.98,5.06,1.19
803,26.767,189,0,person,0.461,801.6,202.7,857.8,311.3,829.7,257.0,2.43,-2.53,3.51,-0.62
804,26.8,172,0,person,0.775,728.4,375.4,912.9,605.8,820.6,490.6,-3.29,-1.77,3.73,-2.53
804,26.8,187,0,person,0.544,634.9,275.6,772.2,402.6,703.6,339.1,-3.71,-4.72,6.0,-5.7
804,26.8,189,0,person,0.687,806.5,196.2,865.9,310.6,836.2,253.4,6.53,-3.64,7.48,-1.11
805,26.833,172,0,person,0.586,723.9,372.7,909.0,604.7,816.4,488.7,-4.23,-1.9,4.63,-0.13
805,26.833,187,0,person,0.552,633.8,276.5,769.9,403.9,701.9,340.2,-1.7,1.09,2.02,5.81
805,26.833,189,0,person,0.525,815.0,190.7,876.5,309.0,845.7,249.9,9.5,-3.54,10.14,0.11
806,26.867,172,0,person,0.788,721.5,368.0,908.0,603.9,814.7,486.0,-1.72,-2.71,3.21,-0.81
806,26.867,187,0,person,0.661,625.9,274.5,765.0,405.0,695.5,339.8,-6.41,-0.46,6.43,-1.55
806,26.867,189,0,person,0.503,815.2,182.1,883.1,312.3,849.2,247.2,3.44,-2.67,4.36,0.86
807,26.9,172,0,person,0.802,718.4,367.2,904.4,604.3,811.4,485.8,-3.28,-0.21,3.28,2.51
807,26.9,187,0,person,0.641,630.2,274.0,774.0,413.1,702.1,343.5,6.65,3.78,7.65,4.24
807,26.9,189,0,person,0.58,815.4,178.5,888.5,318.2,851.9,248.4,2.75,1.19,3.0,3.87
808,26.933,172,0,person,0.688,713.8,370.3,897.1,605.6,805.4,487.9,-5.99,2.16,6.37,2.36
808,26.933,187,0,person,0.635,624.8,273.2,772.5,421.1,698.6,347.2,-3.46,3.63,5.02,-0.16
808,26.933,189,0,person,0.599,815.1,176.4,890.6,319.8,852.8,248.1,0.9,-0.27,0.94,-1.46
809,26.967,172,0,person,0.644,703.8,372.5,884.2,605.1,794.0,488.8,-11.42,0.89,11.45,-1.27
809,26.967,187,0,person,0.669,609.5,269.6,762.3,427.6,685.9,348.6,-12.72,1.4,12.8,-2.23
809,26.967,189,0,person,0.648,816.1,172.8,894.1,320.7,855.1,246.8,2.29,-1.33,2.65,-1.07
810,27.0,187,0,person,0.353,598.6,262.2,752.3,426.8,675.5,344.5,-10.45,-4.05,11.2,-5.45
810,27.0,189,0,person,0.626,815.7,170.9,894.4,319.8,855.0,245.3,-0.07,-1.43,1.43,-0.1
811,27.033,187,0,person,0.601,587.7,274.3,731.8,433.0,659.8,353.7,-15.7,9.13,18.16,13.18
811,27.033,189,0,person,0.628,816.3,171.9,892.3,315.7,854.3,243.8,-0.75,-1.56,1.73,-0.13
811,27.033,172,0,person,0.473,669.5,383.2,843.8,603.4,756.6,493.3,-18.68,2.23,18.82,0.67
812,27.067,189,0,person,0.622,816.8,171.6,891.3,313.0,854.1,242.3,-0.24,-1.47,1.49,0.09
812,27.067,172,0,person,0.712,636.7,385.7,816.7,604.7,726.7,495.2,-29.97,1.92,30.03,-0.31
813,27.1,189,0,person,0.624,813.8,173.8,887.4,314.0,850.6,243.9,-3.43,1.58,3.77,3.05
813,27.1,186,62,airplane,0.326,94.1,18.1,1193.4,610.1,643.8,314.1,-2.48,-3.09,3.96,-0.1
814,27.133,189,0,person,0.556,811.7,175.5,884.5,315.2,848.1,245.4,-2.57,1.46,2.96,-0.12
815,27.167,189,0,person,0.49,809.1,175.9,883.2,318.9,846.1,247.4,-1.95,2.02,2.81,0.56
815,27.167,172,0,person,0.349,578.2,411.9,744.1,603.9,661.1,507.9,-21.85,4.24,22.26,0.77
816,27.2,189,0,person,0.622,803.3,173.6,884.5,332.1,843.9,252.9,-2.23,5.48,5.92,3.46
817,27.233,189,0,person,0.639,802.6,172.5,887.5,338.9,845.1,255.7,1.18,2.81,3.05,-2.67
818,27.267,189,0,person,0.659,802.8,169.0,890.5,341.7,846.7,255.3,1.6,-0.33,1.63,-3.14
819,27.3,189,0,person,0.742,805.2,165.6,894.7,342.1,849.9,253.9,3.3,-1.46,3.61,-1.13
820,27.333,189,0,person,0.764,809.8,163.3,900.3,340.4,855.1,251.9,5.12,-2.02,5.51,-0.56
820,27.333,193,0,person,0.379,71.3,326.3,583.4,602.4,327.3,464.3,0.0,0.0,0.0,0.0
820,27.333,172,0,person,0.382,523.1,423.8,681.5,604.2,602.3,514.0,-11.76,1.22,11.83,-0.6
821,27.367,189,0,person,0.765,811.8,157.9,905.5,340.3,858.7,249.1,3.59,-2.74,4.52,-0.72
821,27.367,172,0,person,0.612,473.6,423.6,644.6,604.8,559.1,514.2,-43.19,0.21,43.19,-1.01
822,27.4,189,0,person,0.795,814.1,154.6,909.1,339.0,861.6,246.8,2.92,-2.34,3.74,0.41
822,27.4,172,0,person,0.443,481.2,433.5,646.2,605.0,563.7,519.2,4.6,5.02,6.81,4.81
822,27.4,196,4,airplane,0.464,82.9,200.9,743.2,350.7,413.0,275.8,0.0,0.0,0.0,0.0
823,27.433,189,0,person,0.829,814.4,150.9,914.1,344.9,864.3,247.9,2.7,1.09,2.91,3.43
823,27.433,172,0,person,0.435,456.6,438.0,624.3,604.7,540.4,521.4,-23.27,2.15,23.37,-2.87
823,27.433,196,4,airplane,0.544,0.0,163.0,815.4,352.9,407.7,257.9,-5.29,-17.85,18.62,-17.85
824,27.467,189,0,person,0.825,816.0,148.7,920.7,352.8,868.4,250.8,4.07,2.88,4.99,1.8
824,27.467,172,0,person,0.318,424.0,440.3,595.8,604.9,509.9,522.6,-30.51,1.23,30.54,-0.92
825,27.5,189,0,person,0.791,820.7,146.4,928.7,358.1,874.7,252.2,6.37,1.48,6.54,-1.4
825,27.5,172,0,person,0.515,419.4,441.0,593.3,605.5,506.4,523.2,-3.56,0.63,3.62,-0.6
826,27.533,189,0,person,0.801,827.4,141.9,936.9,359.3,882.2,250.6,7.46,-1.59,7.63,-3.07
826,27.533,172,0,person,0.685,398.9,442.3,576.6,604.8,487.7,523.6,-18.63,0.35,18.63,-0.28
826,27.533,193,0,person,0.399,0.0,274.1,551.8,603.2,275.9,438.7,-8.57,-4.28,9.58,-0.71
827,27.567,189,0,person,0.848,832.8,139.8,941.8,357.8,887.3,248.8,5.12,-1.84,5.45,-0.25
827,27.567,172,0,person,0.803,377.7,440.4,564.3,604.6,471.0,522.5,-16.71,-1.1,16.74,-1.45
828,27.6,189,0,person,0.849,838.9,138.9,947.8,357.7,893.3,248.3,6.04,-0.47,6.06,1.37
828,27.6,172,0,person,0.537,338.7,388.7,583.1,604.9,460.9,496.8,-10.12,-25.69,27.61,-24.59
828,27.6,204,0,person,0.483,813.3,140.1,854.7,232.3,834.0,186.2,0.0,0.0,0.0,0.0
829,27.633,189,0,person,0.808,844.7,137.7,954.0,357.7,899.4,247.7,6.01,-0.63,6.04,-0.15
829,27.633,172,0,person,0.587,349.0,423.0,564.6,604.8,456.8,513.9,-4.12,17.07,17.56,42.76
830,27.667,189,0,person,0.833,853.9,135.2,963.3,355.4,908.6,245.3,9.24,-2.39,9.55,-1.77
830,27.667,172,0,person,0.426,350.8,431.9,564.0,605.5,457.4,518.7,0.58,4.85,4.89,-12.21
830,27.667,206,0,person,0.514,291.7,293.3,437.6,451.5,364.6,372.4,0.0,0.0,0.0,0.0
831,27.7,189,0,person,0.837,861.0,133.4,973.2,358.6,917.1,246.0,8.49,0.71,8.52,3.1
831,27.7,172,0,person,0.447,350.0,440.9,560.9,605.8,455.5,523.4,-1.91,4.64,5.02,-0.21
831,27.7,206,0,person,0.602,285.0,291.0,438.1,456.8,361.6,373.9,-3.04,1.51,3.39,1.51
832,27.733,189,0,person,0.843,858.1,133.0,980.8,378.4,919.5,255.7,2.4,9.66,9.95,8.95
832,27.733,172,0,person,0.441,335.5,445.2,549.2,604.1,442.3,524.7,-13.13,1.31,13.19,-3.33
832,27.733,206,0,person,0.641,276.3,286.6,435.6,458.9,355.9,372.8,-5.64,-1.14,5.76,-2.65
833,27.767,189,0,person,0.838,856.5,135.0,984.8,390.6,920.7,262.8,1.2,7.11,7.21,-2.56
833,27.767,172,0,person,0.621,329.8,446.9,549.2,603.9,439.5,525.4,-2.8,0.74,2.89,-0.57
833,27.767,206,0,person,0.704,274.5,287.3,434.5,459.9,354.5,373.6,-1.42,0.88,1.67,2.02
834,27.8,189,0,person,0.767,857.8,143.9,988.0,402.5,922.9,273.2,2.19,10.4,10.63,3.3
834,27.8,172,0,person,0.626,321.7,447.0,549.8,604.7,435.7,525.9,-3.82,0.49,3.85,-0.26
834,27.8,206,0,person,0.726,278.6,288.4,438.5,461.0,358.6,374.7,4.05,1.08,4.19,0.2
835,27.833,189,0,person,0.783,858.2,146.5,990.6,409.3,924.4,277.9,1.53,4.7,4.95,-5.7
835,27.833,172,0,person,0.674,315.5,444.4,553.2,604.8,434.4,524.6,-1.33,-1.3,1.86,-1.78
835,27.833,206,0,person,0.672,279.4,291.4,438.5,463.7,359.0,377.5,0.39,2.81,2.84,1.74
836,27.867,189,0,person,0.821,861.2,150.1,992.7,411.4,926.9,280.8,2.53,2.88,3.83,-1.82
836,27.867,172,0,person,0.765,309.0,442.4,552.6,602.9,430.8,522.6,-3.58,-1.96,4.08,-0.66
836,27.867,206,0,person,0.655,276.4,295.1,429.9,462.9,353.1,379.0,-5.83,1.49,6.02,-1.32
837,27.9,189,0,person,0.81,864.5,148.9,995.2,409.6,929.8,279.3,2.9,-1.51,3.27,-4.39
837,27.9,172,0,person,0.744,300.8,440.5,553.6,603.8,427.2,522.2,-3.62,-0.47,3.65,1.49
837,27.9,206,0,person,0.559,276.6,296.4,427.4,463.1,352.0,379.8,-1.12,0.74,1.34,-0.75
838,27.933,189,0,person,0.856,867.2,139.7,1000.4,408.4,933.8,274.0,3.96,-5.24,6.57,-3.73
838,27.933,172,0,person,0.724,303.2,427.2,574.4,604.0,438.8,515.6,11.61,-6.56,13.33,-6.09
838,27.933,206,0,person,0.323,257.0,295.3,436.0,499.1,346.5,397.2,-5.5,17.42,18.27,16.69
838,27.933,208,0,person,0.374,1223.7,141.3,1280.0,252.5,1251.8,196.9,0.0,0.0,0.0,0.0
839,27.967,189,0,person,0.876,870.1,134.9,1003.7,407.4,936.9,271.2,3.12,-2.85,4.22,2.4
839,27.967,172,0,person,0.666,300.1,423.5,575.5,603.2,437.8,513.4,-1.03,-2.24,2.46,4.31
839,27.967,206,0,person,0.513,229.7,291.0,453.2,555.6,341.5,423.3,-5.03,26.1,26.58,8.68
840,28.0,189,0,person,0.858,871.3,130.8,1005.2,406.4,938.2,268.6,1.33,-2.59,2.92,0.25
840,28.0,172,0,person,0.853,303.2,420.2,582.2,603.9,442.7,512.0,4.96,-1.32,5.14,0.92
840,28.0,206,0,person,0.655,222.1,287.0,456.0,575.8,339.0,431.4,-2.43,8.12,8.47,-17.98
840,28.0,208,0,person,0.427,1230.2,139.6,1280.0,247.6,1255.1,193.6,1.63,-1.65,2.31,-0.82
841,28.033,189,0,person,0.834,872.5,137.6,1003.1,408.3,937.8,272.9,-0.43,4.36,4.38,6.95
841,28.033,172,0,person,0.898,304.9,416.5,586.6,604.1,445.7,510.3,2.97,-1.71,3.43,-0.39
841,28.033,206,0,person,0.545,218.8,283.1,446.5,575.4,332.6,429.3,-6.39,-2.13,6.74,-10.25
842,28.067,189,0,person,0.818,869.4,152.6,1000.8,426.8,935.1,289.7,-2.7,16.77,16.99,12.42
842,28.067,172,0,person,0.864,306.2,411.3,590.6,603.4,448.4,507.4,2.72,-2.97,4.03,-1.26
842,28.067,206,0,person,0.576,215.0,281.8,441.2,584.3,328.1,433.0,-4.53,3.78,5.9,5.92
843,28.1,189,0,person,0.838,868.1,160.2,999.3,435.2,933.7,297.7,-1.41,8.02,8.15,-8.75
843,28.1,172,0,person,0.841,307.3,406.8,593.8,603.2,450.5,505.0,2.09,-2.36,3.15,0.61
843,28.1,206,0,person,0.597,208.2,277.6,432.3,588.1,320.3,432.9,-7.85,-0.18,7.85,-3.96
844,28.133,189,0,person,0.788,869.3,165.0,999.6,438.2,934.5,301.6,0.75,3.89,3.96,-4.14
844,28.133,172,0,person,0.633,305.0,400.8,595.4,603.5,450.2,502.2,-0.3,-2.83,2.85,-0.47
844,28.133,206,0,person,0.448,202.3,274.6,422.6,588.6,312.4,431.6,-7.83,-1.28,7.93,-1.1
845,28.167,189,0,person,0.878,869.6,165.4,999.9,438.5,934.7,302.0,0.27,0.37,0.46,-3.51
845,28.167,172,0,person,0.698,303.2,396.5,594.9,603.6,449.0,500.0,-1.18,-2.12,2.43,0.71
846,28.2,189,0,person,0.869,866.4,165.9,996.9,439.0,931.7,302.4,-3.06,0.43,3.09,0.06
846,28.2,172,0,person,0.537,256.2,393.5,559.1,603.8,407.7,498.6,-41.38,-1.42,41.4,0.71
846,28.2,209,0,person,0.563,267.2,270.9,384.8,430.5,326.0,350.7,0.0,0.0,0.0,0.0
847,28.233,189,0,person,0.893,863.9,168.8,994.1,439.5,929.0,304.2,-2.66,1.77,3.19,1.33
847,28.233,172,0,person,0.716,279.5,392.3,578.3,603.7,428.9,498.0,21.23,-0.6,21.24,0.82
847,28.233,209,0,person,0.529,267.2,271.0,386.0,432.2,326.6,351.6,0.61,0.88,1.07,0.88
848,28.267,189,0,person,0.896,857.3,175.1,987.3,441.8,922.3,308.4,-6.75,4.24,7.97,2.48
848,28.267,172,0,person,0.696,287.1,391.8,581.9,604.1,434.5,497.9,5.61,-0.08,5.61,0.52
848,28.267,209,0,person,0.42,262.6,271.3,384.8,437.0,323.7,354.1,-2.85,2.56,3.83,1.67
849,28.3,189,0,person,0.893,848.8,177.9,982.6,448.5,915.7,313.2,-6.55,4.76,8.09,0.52
849,28.3,172,0,person,0.569,289.7,392.6,578.6,604.2,434.2,498.4,-0.34,0.43,0.55,0.52
849,28.3,209,0,person,0.475,261.5,273.2,380.4,433.9,320.9,353.6,-2.83,-0.58,2.88,-3.14
850,28.333,189,0,person,0.831,837.3,183.8,980.7,471.1,909.0,327.4,-6.71,14.23,15.73,9.47
850,28.333,172,0,person,0.612,236.1,391.7,535.0,604.2,385.6,497.9,-48.59,-0.44,48.59,-0.87
850,28.333,209,0,person,0.698,255.8,275.7,374.9,436.3,315.3,356.0,-5.57,2.41,6.07,2.99
850,28.333,212,0,person,0.589,954.7,116.9,1039.7,274.5,997.2,195.7,0.0,0.0,0.0,0.0
851,28.367,189,0,person,0.852,817.3,192.2,971.9,498.4,894.6,345.3,-14.41,17.9,22.97,3.67
851,28.367,172,0,person,0.667,214.9,393.7,518.7,604.9,366.8,499.3,-18.77,1.36,18.82,1.8
851,28.367,209,0,person,0.472,249.7,282.2,368.6,441.7,309.1,361.9,-6.21,5.98,8.62,3.57
851,28.367,212,0,person,0.594,956.2,117.9,1046.7,285.2,1001.4,201.6,4.21,5.9,7.24,5.9
852,28.4,189,0,person,0.857,807.6,202.6,967.8,519.1,887.7,360.8,-6.89,15.52,16.98,-2.38
852,28.4,172,0,person,0.657,207.2,396.4,513.5,605.4,360.3,500.9,-6.48,1.63,6.68,0.26
852,28.4,209,0,person,0.504,243.6,285.9,363.0,444.6,303.3,365.2,-5.87,3.3,6.73,-2.68
852,28.4,212,0,person,0.738,953.4,121.1,1047.8,294.5,1000.6,207.8,-0.8,6.26,6.32,0.36
853,28.433,189,0,person,0.866,803.7,211.3,964.4,530.1,884.0,370.7,-3.68,9.82,10.49,-5.7
853,28.433,172,0,person,0.689,207.2,399.3,512.8,605.1,360.0,502.2,-0.35,1.23,1.28,-0.4
853,28.433,212,0,person,0.775,952.5,123.6,1050.6,301.7,1001.6,212.6,0.95,4.79,4.88,-1.47
853,28.433,206,0,person,0.339,147.6,289.6,364.6,596.5,256.1,443.1,-6.26,1.27,6.39,0.28
854,28.467,189,0,person,0.86,799.3,221.1,955.6,530.7,877.5,375.9,-6.58,5.23,8.4,-4.59
854,28.467,172,0,person,0.735,205.6,402.7,510.0,605.0,357.8,503.8,-2.21,1.66,2.76,0.43
854,28.467,212,0,person,0.806,955.3,130.5,1054.4,307.4,1004.8,218.9,3.28,6.29,7.09,1.5
854,28.467,206,0,person,0.443,141.0,295.1,359.8,603.1,250.4,449.1,-5.74,6.05,8.34,4.78
854,28.467,209,0,person,0.377,237.4,294.4,353.1,446.7,295.3,370.6,-4.0,2.66,4.81,-0.32
855,28.5,189,0,person,0.853,795.0,229.2,948.2,531.4,871.6,380.3,-5.87,4.39,7.33,-0.84
855,28.5,172,0,person,0.635,205.6,399.6,514.9,604.6,360.2,502.1,2.48,-1.71,3.01,-3.37
855,28.5,212,0,person,0.708,956.7,138.9,1055.7,312.7,1006.2,225.8,1.36,6.89,7.02,0.6
855,28.5,206,0,person,0.383,135.3,296.7,354.4,603.6,244.8,450.2,-5.52,1.09,5.63,-4.96
856,28.533,189,0,person,0.785,791.5,237.6,942.6,532.0,867.0,384.8,-4.55,4.51,6.41,0.12
856,28.533,172,0,person,0.65,209.6,404.7,512.1,604.3,360.9,504.5,0.63,2.41,2.49,4.11
856,28.533,212,0,person,0.625,970.8,142.5,1070.0,314.7,1020.4,228.6,14.18,2.81,14.46,-4.08
856,28.533,206,0,person,0.505,132.2,299.5,349.0,601.6,240.6,450.6,-4.23,0.39,4.25,-0.7
857,28.567,189,0,person,0.841,788.7,243.5,940.8,536.0,864.8,389.7,-2.26,4.94,5.43,0.43
857,28.567,172,0,person,0.546,204.0,407.7,504.7,604.2,354.4,505.9,-6.48,1.42,6.64,-0.98
857,28.567,212,0,person,0.685,976.8,143.6,1076.5,317.4,1026.6,230.5,6.27,1.9,6.55,-0.91
857,28.567,206,0,person,0.551,135.0,304.0,347.0,596.5,241.0,450.2,0.4,-0.36,0.53,-0.75
858,28.6,189,0,person,0.844,782.1,251.4,933.7,541.2,857.9,396.3,-6.85,6.56,9.48,1.61
858,28.6,172,0,person,0.646,212.4,407.7,511.5,604.1,362.0,505.9,7.57,-0.03,7.57,-1.45
858,28.6,212,0,person,0.645,986.0,147.2,1086.4,321.4,1036.2,234.3,9.56,3.78,10.28,1.88
859,28.633,189,0,person,0.866,777.5,262.0,930.4,551.1,853.9,406.5,-4.0,10.25,11.0,3.69
859,28.633,172,0,person,0.691,206.7,410.6,503.1,604.3,354.9,507.4,-7.08,1.53,7.24,1.56
859,28.633,212,0,person,0.657,992.7,150.1,1095.7,326.9,1044.2,238.5,8.0,4.21,9.04,0.43
859,28.633,206,0,person,0.473,133.1,312.5,342.5,598.3,237.8,455.4,-1.61,2.59,3.05,1.47
860,28.667,189,0,person,0.867,775.0,268.9,930.9,561.1,853.0,415.0,-0.98,8.46,8.52,-1.79
860,28.667,172,0,person,0.768,202.0,411.1,498.8,604.1,350.4,507.6,-4.48,0.18,4.48,-1.36
860,28.667,212,0,person,0.662,996.4,152.0,1099.9,327.0,1048.1,239.5,3.94,1.02,4.07,-3.19
860,28.667,217,4,airplane,0.385,22.0,129.9,652.8,279.8,337.4,204.8,0.0,0.0,0.0,0.0
860,28.667,206,0,person,0.53,133.9,316.0,342.2,597.7,238.0,456.9,0.25,1.44,1.46,-1.15
861,28.7,189,0,person,0.897,771.2,280.5,933.5,583.9,852.4,432.2,-0.56,17.2,17.21,8.74
861,28.7,172,0,person,0.618,190.7,412.1,490.1,604.1,340.4,508.1,-10.01,0.48,10.02,0.31
861,28.7,212,0,person,0.712,997.0,152.7,1106.9,336.4,1052.0,244.5,3.81,5.01,6.29,3.99
861,28.7,217,4,airplane,0.365,21.4,128.5,652.5,278.4,336.9,203.4,-0.45,-1.41,1.48,-1.41
861,28.7,218,4,airplane,0.391,367.8,217.2,813.9,348.5,590.9,282.9,0.0,0.0,0.0,0.0
862,28.733,189,0,person,0.905,772.1,290.1,935.6,595.1,853.8,442.6,1.45,10.39,10.49,-6.81
862,28.733,172,0,person,0.569,179.5,408.6,488.6,604.3,334.0,506.5,-6.38,-1.63,6.58,-2.11
862,28.733,212,0,person,0.706,997.8,154.8,1113.4,346.6,1055.6,250.7,3.68,6.18,7.2,1.18
862,28.733,217,4,airplane,0.402,25.1,129.7,649.7,277.8,337.4,203.8,0.42,0.35,0.55,1.76
862,28.733,218,4,airplane,0.482,364.9,216.4,817.8,349.7,591.3,283.0,0.46,0.19,0.5,0.19
863,28.767,189,0,person,0.894,774.7,297.9,938.4,601.8,856.6,449.9,2.72,7.27,7.77,-3.11
863,28.767,172,0,person,0.729,170.9,403.2,490.1,603.4,330.5,503.3,-3.47,-3.17,4.7,-1.55
863,28.767,212,0,person,0.703,1004.5,160.9,1116.4,345.1,1060.4,253.0,4.79,2.32,5.32,-3.87
863,28.767,217,4,airplane,0.35,35.0,131.0,640.2,273.9,337.6,202.4,0.24,-1.35,1.37,-1.7
863,28.767,218,4,airplane,0.431,366.2,216.0,816.8,348.8,591.5,282.4,0.14,-0.62,0.64,-0.82
864,28.8,189,0,person,0.835,773.9,302.1,938.6,603.8,856.2,452.9,-0.34,3.08,3.1,-4.19
864,28.8,172,0,person,0.705,160.8,398.9,490.5,604.0,325.6,501.5,-4.91,-1.84,5.25,1.34
864,28.8,212,0,person,0.523,1020.7,160.9,1131.4,349.0,1076.0,255.0,15.61,1.95,15.73,-0.37
864,28.8,217,4,airplane,0.322,45.8,131.3,633.6,269.3,339.7,200.3,2.14,-2.13,3.01,-0.78
864,28.8,218,4,airplane,0.396,354.2,207.8,826.7,347.5,590.4,277.6,-1.03,-4.8,4.91,-4.18
864,28.8,219,36,skateboard,0.458,1004.6,282.7,1055.2,329.0,1029.9,305.9,0.0,0.0,0.0,0.0
865,28.833,189,0,person,0.871,769.1,312.6,934.0,606.1,851.6,459.4,-4.64,6.42,7.92,3.34
865,28.833,172,0,person,0.609,139.0,373.9,506.2,604.2,322.6,489.1,-3.02,-12.41,12.77,-10.57
865,28.833,212,0,person,0.548,1030.0,159.0,1140.2,351.2,1085.1,255.1,9.08,0.13,9.08,-1.82
865,28.833,218,4,airplane,0.466,363.5,213.1,817.4,347.4,590.4,280.2,-0.02,2.59,2.59,7.39
866,28.867,189,0,person,0.9,770.4,321.4,935.4,607.0,852.9,464.2,1.31,4.85,5.02,-1.57
866,28.867,172,0,person,0.541,125.8,358.8,512.7,603.8,319.2,481.3,-3.37,-7.79,8.48,4.62
866,28.867,212,0,person,0.56,1034.2,161.1,1142.9,354.3,1088.6,257.7,3.49,2.6,4.35,2.47
866,28.867,218,4,airplane,0.386,362.1,209.3,820.7,345.3,591.4,277.3,0.95,-2.88,3.03,-5.47
867,28.9,189,0,person,0.884,774.6,328.9,939.1,607.0,856.8,467.9,3.96,3.75,5.45,-1.1
867,28.9,172,0,person,0.441,124.9,359.6,508.3,603.5,316.6,481.5,-2.6,0.27,2.61,8.06
867,28.9,212,0,person,0.547,1035.6,164.2,1142.8,357.2,1089.2,260.7,0.62,3.01,3.07,0.41
867,28.9,218,4,airplane,0.388,355.9,205.3,825.5,345.2,590.7,275.2,-0.7,-2.1,2.21,0.78
868,28.933,189,0,person,0.869,778.9,337.6,941.4,606.1,860.2,471.8,3.32,3.88,5.11,0.14
868,28.933,172,0,person,0.459,137.8,386.6,484.7,604.2,311.2,495.4,-5.4,13.86,14.87,13.58
868,28.933,212,0,person,0.564,1039.1,162.2,1149.7,360.9,1094.4,261.5,5.19,0.82,5.25,-2.19
868,28.933,218,4,airplane,0.329,360.2,207.9,820.8,345.3,590.5,276.6,-0.15,1.4,1.41,3.5
869,28.967,189,0,person,0.879,780.6,349.4,939.6,605.3,860.1,477.4,-0.05,5.55,5.55,1.66
869,28.967,172,0,person,0.541,149.6,407.2,470.4,604.3,310.0,505.8,-1.22,10.36,10.43,-3.5
869,28.967,212,0,person,0.657,1041.0,163.4,1156.1,369.9,1098.5,266.7,4.13,5.13,6.58,4.3
869,28.967,218,4,airplane,0.33,362.7,210.0,822.2,347.1,592.4,278.5,1.88,1.9,2.67,0.5
870,29.0,189,0,person,0.825,779.4,360.3,936.3,605.4,857.9,482.9,-2.26,5.48,5.93,-0.07
870,29.0,172,0,person,0.518,147.8,412.6,466.1,605.0,306.9,508.8,-3.09,3.05,4.34,-7.31
870,29.0,212,0,person,0.749,1046.6,162.0,1168.2,377.1,1107.4,269.6,8.84,2.91,9.3,-2.22
871,29.033,189,0,person,0.862,773.5,371.1,929.3,606.7,851.4,488.9,-6.46,6.02,8.83,0.54
871,29.033,172,0,person,0.718,144.7,413.4,465.7,605.0,305.2,509.2,-1.75,0.39,1.8,-2.66
871,29.033,212,0,person,0.751,1049.3,168.8,1170.9,379.9,1110.1,274.4,2.74,4.78,5.51,1.87
872,29.067,189,0,person,0.843,768.8,391.9,916.9,606.2,842.9,499.1,-8.52,10.17,13.27,4.15
872,29.067,172,0,person,0.504,136.5,409.8,466.4,605.5,301.5,507.6,-3.7,-1.57,4.02,-1.96
872,29.067,212,0,person,0.786,1055.0,183.5,1174.4,386.9,1114.7,285.2,4.57,10.88,11.8,6.1
872,29.067,218,4,airplane,0.378,357.4,211.7,815.2,348.7,586.3,280.2,-2.03,0.55,2.11,-0.45
873,29.1,189,0,person,0.656,761.4,404.6,907.9,606.9,834.7,505.7,-8.23,6.69,10.6,-3.48
873,29.1,172,0,person,0.596,134.0,411.6,463.4,605.5,298.7,508.5,-2.77,0.91,2.91,2.47
873,29.1,212,0,person,0.424,1064.5,206.1,1177.3,392.4,1120.9,299.3,6.22,14.06,15.37,3.18
874,29.133,189,0,person,0.411,755.8,415.8,901.3,606.2,828.6,511.0,-6.08,5.24,8.03,-1.45
874,29.133,172,0,person,0.498,131.2,413.8,458.5,604.6,294.9,509.2,-3.85,0.63,3.9,-0.28
874,29.133,212,0,person,0.423,1069.3,205.7,1186.0,394.3,1127.6,300.0,6.73,0.69,6.76,-13.37
875,29.167,189,0,bird,0.711,750.0,424.6,896.7,606.0,823.3,515.3,-5.23,4.29,6.76,-0.95
875,29.167,172,0,person,0.381,91.1,365.3,491.3,603.7,291.2,484.5,-3.62,-24.67,24.93,-25.3
876,29.2,189,0,person,0.721,744.9,431.7,893.5,604.9,819.2,518.3,-4.12,3.03,5.11,-1.26
876,29.2,172,0,person,0.455,109.9,397.2,459.9,603.9,284.9,500.6,-6.3,16.05,17.24,40.71
877,29.233,189,0,person,0.817,740.5,443.0,888.1,604.3,814.3,523.6,-4.88,5.34,7.24,2.31
877,29.233,212,0,person,0.63,1099.5,177.8,1243.8,414.2,1171.6,296.0,14.66,-1.34,14.72,-0.67
878,29.267,189,0,person,0.774,740.1,457.8,883.3,603.7,811.7,530.8,-2.63,7.15,7.62,1.81
878,29.267,212,0,person,0.71,1110.5,172.6,1253.1,407.8,1181.8,290.2,10.21,-5.74,11.72,-4.4
879,29.3,189,0,person,0.646,738.3,467.9,881.7,604.7,810.0,536.3,-1.68,5.47,5.73,-1.68
879,29.3,212,0,person,0.632,1118.9,180.0,1260.1,411.5,1189.5,295.7,7.65,5.48,9.41,11.22
880,29.333,189,0,person,0.441,740.4,481.6,880.5,605.5,810.4,543.6,0.4,7.3,7.31,1.82
880,29.333,212,0,person,0.723,1121.0,173.4,1271.3,418.1,1196.2,295.7,6.67,0.04,6.67,-5.44
881,29.367,189,0,person,0.483,743.4,495.0,879.6,605.6,811.5,550.3,1.09,6.74,6.83,-0.56
881,29.367,212,0,person,0.691,1121.1,212.2,1254.4,428.8,1187.7,320.5,-8.43,24.73,26.12,24.68
882,29.4,189,0,person,0.648,741.7,501.1,881.2,606.0,811.4,553.5,-0.07,3.22,3.22,-3.52
882,29.4,212,0,person,0.667,1144.6,190.5,1280.0,432.0,1212.3,311.3,24.58,-9.2,26.24,-33.93
883,29.433,212,0,person,0.721,1150.1,179.9,1280.0,437.4,1215.0,308.6,2.73,-2.62,3.78,6.59
883,29.433,218,4,airplane,0.31,335.2,210.8,836.4,361.7,585.8,286.3,-0.05,0.55,0.56,0.0
884,29.467,212,0,person,0.585,1153.2,188.8,1280.0,442.2,1216.6,315.5,1.58,6.84,7.02,9.45
884,29.467,218,4,airplane,0.331,321.9,209.4,826.7,364.5,574.3,287.0,-11.49,0.71,11.51,0.16
885,29.5,212,0,person,0.514,1156.4,207.5,1280.0,448.1,1218.2,327.8,1.57,12.31,12.41,5.47
885,29.5,189,0,person,0.501,720.0,530.4,875.3,641.0,797.6,585.7,-4.6,10.72,11.67,2.5
886,29.533,212,0,person,0.601,1161.7,220.7,1280.0,449.4,1220.8,335.1,2.65,7.27,7.74,-5.04
891,29.7,9025,0,person,0.361,115.7,511.5,437.5,686.6,276.6,599.0,0.0,0.0,0.0,0.0
900,30.0,218,4,airplane,0.47,334.0,225.6,832.0,382.9,583.0,304.2,0.54,1.08,1.21,0.02
902,30.067,218,4,airplane,0.338,342.2,230.9,822.5,384.3,582.4,307.6,-0.33,1.69,1.72,0.31
904,30.133,218,4,airplane,0.346,337.4,231.0,815.6,385.1,576.5,308.1,-2.92,0.22,2.93,-0.74
905,30.167,218,4,airplane,0.305,341.6,235.4,805.7,384.7,573.7,310.0,-2.83,1.97,3.45,1.75
920,30.667,9026,0,person,0.303,105.8,331.6,407.3,693.7,256.5,512.7,0.0,0.0,0.0,0.0
924,30.8,9027,0,person,0.414,102.0,411.7,408.6,711.3,255.3,561.5,0.0,0.0,0.0,0.0
