frame,timestamp,track_id,class_id,class_name,confidence,bbox_x1,bbox_y1,bbox_x2,bbox_y2,center_x,center_y,velocity_x,velocity_y,speed,acceleration_y
0,0.0,1,0,person,0.859,329.4,284.0,436.2,517.7,382.8,400.8,0.0,0.0,0.0,0.0
0,0.0,2,0,person,0.694,432.6,258.9,505.0,468.1,468.8,363.5,0.0,0.0,0.0,0.0
0,0.0,3,0,person,0.671,628.4,233.4,716.4,368.6,672.4,301.0,0.0,0.0,0.0,0.0
0,0.0,4,0,person,0.624,715.3,225.4,774.7,400.2,745.0,312.8,0.0,0.0,0.0,0.0
0,0.0,5,30,skis,0.367,791.1,119.9,867.7,406.0,829.4,263.0,0.0,0.0,0.0,0.0
1,0.033,1,0,person,0.858,329.6,283.9,435.2,515.0,382.4,399.5,-0.39,-1.37,1.43,-1.37
1,0.033,2,0,person,0.755,433.1,258.9,505.6,468.9,469.4,363.9,0.53,0.42,0.68,0.42
1,0.033,3,0,person,0.698,629.8,232.6,718.2,368.3,674.0,300.4,1.61,-0.55,1.7,-0.55
1,0.033,4,0,person,0.597,716.1,225.5,774.6,397.6,745.4,311.5,0.39,-1.33,1.39,-1.33
1,0.033,5,30,skis,0.369,791.0,120.1,868.2,408.0,829.6,264.1,0.18,1.11,1.13,1.11
2,0.067,1,0,person,0.867,329.3,283.9,434.8,514.8,382.1,399.4,-0.32,-0.1,0.34,1.27
2,0.067,2,0,person,0.796,433.9,259.2,506.9,470.7,470.4,364.9,1.06,1.05,1.49,0.63
2,0.067,3,0,person,0.651,633.5,234.4,720.6,368.7,677.0,301.5,3.03,1.08,3.22,1.63
2,0.067,4,0,person,0.644,716.2,225.0,774.3,395.9,745.2,310.4,-0.15,-1.06,1.07,0.27
3,0.1,1,0,person,0.871,328.7,284.0,434.2,514.9,381.4,399.5,-0.63,0.12,0.64,0.22
3,0.1,2,0,person,0.818,435.4,261.0,507.5,470.1,471.4,365.5,1.0,0.59,1.16,-0.46
3,0.1,3,0,person,0.55,636.3,236.9,722.2,369.4,679.2,303.2,2.2,1.64,2.75,0.56
3,0.1,4,0,person,0.644,715.8,224.3,774.3,396.7,745.0,310.5,-0.19,0.01,0.19,1.07
3,0.1,5,30,skis,0.446,791.1,118.9,869.7,412.0,830.4,265.5,0.4,0.69,0.8,-0.21
4,0.133,1,0,person,0.868,328.9,283.9,434.4,515.0,381.7,399.5,0.23,0.0,0.23,-0.11
4,0.133,2,0,person,0.833,435.5,260.9,507.5,469.8,471.5,365.4,0.1,-0.16,0.19,-0.75
4,0.133,3,0,person,0.509,639.4,242.7,720.9,368.6,680.2,305.7,0.91,2.49,2.65,0.85
4,0.133,4,0,person,0.623,715.7,223.9,772.7,392.0,744.2,307.9,-0.82,-2.51,2.64,-2.51
4,0.133,5,30,skis,0.377,790.5,118.9,870.0,415.3,830.3,267.1,-0.12,1.63,1.64,0.94
5,0.167,1,0,person,0.861,328.6,284.0,434.2,515.5,381.4,399.8,-0.26,0.28,0.39,0.28
5,0.167,2,0,person,0.828,435.7,260.7,507.5,469.2,471.6,365.0,0.06,-0.41,0.41,-0.24
5,0.167,3,0,person,0.557,640.9,237.6,725.2,368.4,683.1,303.0,2.9,-2.67,3.94,-5.16
5,0.167,4,0,person,0.646,714.8,223.3,772.7,394.3,743.8,308.8,-0.44,0.89,0.99,3.4
5,0.167,5,30,skis,0.399,789.8,119.4,869.5,416.8,829.7,268.1,-0.6,1.02,1.18,-0.61
6,0.2,1,0,person,0.862,328.5,284.1,433.9,515.1,381.2,399.6,-0.17,-0.15,0.23,-0.43
6,0.2,2,0,person,0.83,436.9,261.3,508.1,467.8,472.5,364.5,0.91,-0.43,1.01,-0.02
6,0.2,3,0,person,0.49,641.9,240.0,723.8,367.8,682.9,303.9,-0.2,0.94,0.96,3.6
6,0.2,4,0,person,0.664,714.7,223.0,773.1,396.4,743.9,309.7,0.14,0.86,0.87,-0.03
6,0.2,5,30,skis,0.382,789.5,120.1,868.5,415.3,829.0,267.7,-0.67,-0.43,0.8,-1.44
7,0.233,1,0,person,0.851,328.6,283.9,434.3,515.4,381.4,399.6,0.21,-0.0,0.21,0.15
7,0.233,2,0,person,0.789,434.8,260.2,505.8,467.1,470.3,363.7,-2.2,-0.88,2.37,-0.45
7,0.233,3,0,person,0.447,644.7,239.7,725.0,366.7,684.9,303.2,2.02,-0.72,2.14,-1.65
7,0.233,4,0,person,0.547,714.7,222.9,773.4,397.7,744.1,310.3,0.18,0.58,0.61,-0.27
7,0.233,5,30,skis,0.314,790.1,121.0,867.5,410.7,828.8,265.8,-0.19,-1.87,1.88,-1.45
8,0.267,1,0,person,0.851,328.5,283.6,434.0,514.9,381.2,399.2,-0.19,-0.36,0.41,-0.36
8,0.267,2,0,person,0.794,433.0,259.2,503.3,466.4,468.2,362.8,-2.12,-0.88,2.3,-0.0
8,0.267,3,0,person,0.443,648.4,241.2,726.4,366.7,687.4,303.9,2.56,0.74,2.66,1.46
8,0.267,4,0,person,0.5,713.5,223.4,772.6,399.9,743.0,311.7,-1.04,1.38,1.73,0.8
9,0.3,1,0,person,0.852,328.1,283.6,433.7,514.6,380.9,399.1,-0.36,-0.16,0.4,0.2
9,0.3,2,0,person,0.792,432.2,258.4,501.6,465.9,466.9,362.2,-1.29,-0.6,1.42,0.28
9,0.3,3,0,person,0.434,650.7,240.3,728.6,367.7,689.6,304.0,2.21,0.05,2.21,-0.69
9,0.3,4,0,person,0.43,714.3,223.3,770.4,390.3,742.4,306.8,-0.69,-4.84,4.89,-6.22
9,0.3,5,30,skis,0.308,790.2,121.6,867.1,409.6,828.6,265.6,-0.08,-0.12,0.15,0.88
10,0.333,1,0,person,0.854,328.1,283.5,434.1,515.7,381.1,399.6,0.25,0.5,0.56,0.65
10,0.333,2,0,person,0.78,431.8,257.8,500.5,466.0,466.2,361.9,-0.7,-0.24,0.74,0.35
10,0.333,4,0,person,0.336,704.0,223.1,764.1,396.4,734.1,309.8,-8.26,2.96,8.78,7.8
10,0.333,5,30,skis,0.359,790.4,122.1,867.0,409.5,828.7,265.8,0.06,0.24,0.25,0.36
11,0.367,1,0,person,0.865,327.0,283.3,433.1,515.9,380.1,399.6,-1.08,0.01,1.08,-0.49
11,0.367,2,0,person,0.77,432.1,257.6,500.3,467.2,466.2,362.4,0.0,0.48,0.48,0.72
11,0.367,4,0,person,0.378,704.4,223.0,767.2,403.0,735.8,313.0,1.75,3.22,3.66,0.26
11,0.367,5,30,skis,0.381,790.6,122.9,866.8,408.3,828.7,265.6,-0.02,-0.19,0.2,-0.43
12,0.4,1,0,person,0.863,326.0,283.2,432.2,516.4,379.1,399.8,-0.99,0.22,1.01,0.21
12,0.4,2,0,person,0.761,432.8,257.5,500.8,468.7,466.8,363.1,0.64,0.66,0.92,0.19
12,0.4,4,0,person,0.481,689.8,222.5,758.8,411.4,724.3,316.9,-11.53,3.91,12.17,0.69
12,0.4,5,30,skis,0.368,789.2,123.3,865.7,410.6,827.5,266.9,-1.2,1.33,1.79,1.52
13,0.433,1,0,person,0.857,326.3,283.1,432.2,516.2,379.2,399.7,0.16,-0.14,0.22,-0.36
13,0.433,2,0,person,0.78,435.0,258.8,502.5,469.0,468.8,363.9,1.94,0.8,2.1,0.14
13,0.433,4,0,person,0.507,684.0,223.0,756.6,413.8,720.3,318.4,-3.99,1.46,4.25,-2.45
13,0.433,5,30,skis,0.42,789.1,123.4,865.2,409.9,827.2,266.7,-0.29,-0.26,0.4,-1.59
14,0.467,1,0,person,0.864,326.1,283.2,431.8,516.3,379.0,399.7,-0.25,0.07,0.26,0.21
14,0.467,2,0,person,0.775,435.6,257.3,503.8,469.3,469.7,363.3,0.95,-0.58,1.12,-1.38
14,0.467,4,0,person,0.563,680.2,222.9,756.9,416.5,718.5,319.7,-1.8,1.31,2.23,-0.15
14,0.467,5,30,skis,0.399,789.3,123.4,865.1,408.7,827.2,266.0,0.02,-0.67,0.67,-0.4
15,0.5,1,0,person,0.869,325.9,283.2,432.1,517.6,379.0,400.4,0.02,0.66,0.66,0.59
15,0.5,2,0,person,0.571,436.6,255.9,504.6,466.8,470.6,361.3,0.89,-1.94,2.13,-1.35
15,0.5,4,0,person,0.515,679.0,223.6,758.2,416.2,718.6,319.9,0.09,0.2,0.22,-1.11
15,0.5,5,30,skis,0.417,788.6,123.3,864.9,409.7,826.8,266.5,-0.44,0.5,0.67,1.17
16,0.533,1,0,person,0.867,326.2,283.2,432.2,517.8,379.2,400.5,0.21,0.12,0.24,-0.54
16,0.533,2,0,person,0.689,436.9,255.8,504.8,464.9,470.9,360.4,0.27,-0.99,1.03,0.95
16,0.533,4,0,person,0.525,677.3,224.5,759.6,418.0,718.4,321.2,-0.17,1.35,1.36,1.15
16,0.533,5,30,skis,0.373,788.3,122.8,864.8,410.1,826.5,266.4,-0.22,-0.07,0.23,-0.58
17,0.567,1,0,person,0.863,326.7,283.5,432.4,517.7,379.5,400.6,0.32,0.1,0.33,-0.02
17,0.567,2,0,person,0.786,437.9,254.7,506.6,465.6,472.2,360.2,1.37,-0.19,1.38,0.8
17,0.567,4,0,person,0.482,676.4,226.6,761.0,418.2,718.7,322.4,0.27,1.15,1.18,-0.2
17,0.567,5,30,skis,0.336,788.5,122.5,865.0,409.2,826.7,265.8,0.2,-0.6,0.63,-0.52
18,0.6,1,0,person,0.871,326.5,283.6,432.1,518.0,379.3,400.8,-0.23,0.19,0.3,0.09
18,0.6,2,0,person,0.776,438.8,254.1,507.8,465.6,473.3,359.8,1.04,-0.35,1.09,-0.15
18,0.6,4,0,person,0.442,676.0,227.2,763.7,419.8,719.9,323.5,1.15,1.15,1.62,-0.0
19,0.633,1,0,person,0.87,325.9,283.7,431.2,517.4,378.6,400.6,-0.72,-0.25,0.76,-0.44
19,0.633,2,0,person,0.768,439.4,253.4,509.1,466.9,474.3,360.1,0.98,0.32,1.03,0.67
19,0.633,4,0,person,0.441,675.1,227.5,765.3,419.9,720.2,323.7,0.36,0.17,0.4,-0.97
20,0.667,1,0,person,0.865,326.1,283.6,431.0,517.0,378.5,400.3,-0.03,-0.25,0.26,-0.0
20,0.667,2,0,person,0.723,441.6,252.0,512.1,466.8,476.8,359.4,2.57,-0.75,2.67,-1.07
20,0.667,4,0,person,0.504,694.1,229.4,779.0,415.7,736.5,322.5,16.29,-1.17,16.33,-1.34
20,0.667,3,0,person,0.371,659.7,235.8,737.4,366.4,698.5,301.1,0.81,-0.26,0.85,-0.03
21,0.7,1,0,person,0.868,326.2,283.6,430.7,516.3,378.4,400.0,-0.11,-0.33,0.34,-0.07
21,0.7,2,0,person,0.452,448.5,251.7,510.0,430.1,479.2,340.9,2.42,-18.51,18.67,-17.76
21,0.7,4,0,person,0.47,703.0,228.1,787.6,418.1,745.3,323.1,8.8,0.6,8.83,1.77
21,0.7,3,0,person,0.349,659.9,233.4,737.1,366.4,698.5,299.9,-0.05,-1.21,1.21,-0.95
22,0.733,1,0,person,0.876,327.4,283.8,431.4,515.2,379.4,399.5,0.95,-0.45,1.05,-0.12
22,0.733,2,0,person,0.489,452.0,251.7,510.1,415.4,481.0,333.6,1.8,-7.32,7.54,11.19
22,0.733,4,0,person,0.527,707.0,227.8,789.9,418.5,748.4,323.1,3.08,-0.0,3.08,-0.6
22,0.733,3,0,person,0.445,660.7,234.8,735.7,365.6,698.2,300.2,-0.32,0.29,0.43,1.5
22,0.733,6,0,person,0.347,442.6,193.4,570.6,406.2,506.6,299.8,0.0,0.0,0.0,0.0
22,0.733,5,30,skis,0.322,789.7,122.5,864.7,403.9,827.2,263.2,0.09,-0.52,0.53,0.01
23,0.767,1,0,person,0.877,327.9,283.9,431.6,514.4,379.7,399.2,0.34,-0.35,0.49,0.1
23,0.767,2,0,person,0.527,452.3,250.6,509.6,409.8,481.0,330.2,-0.06,-3.33,3.33,3.99
23,0.767,4,0,person,0.506,708.5,227.2,790.7,420.3,749.6,323.7,1.22,0.62,1.37,0.62
23,0.767,3,0,person,0.46,660.6,234.4,736.1,367.7,698.4,301.0,0.18,0.86,0.88,0.57
24,0.8,1,0,person,0.876,328.3,283.9,431.9,513.9,380.1,398.9,0.36,-0.25,0.44,0.1
24,0.8,2,0,person,0.567,453.0,250.2,509.2,404.7,481.1,327.4,0.09,-2.81,2.81,0.52
24,0.8,4,0,person,0.572,711.4,227.0,791.6,419.9,751.5,323.4,1.89,-0.31,1.92,-0.92
24,0.8,3,0,person,0.521,662.2,236.0,735.4,367.7,698.8,301.8,0.43,0.77,0.88,-0.09
25,0.833,1,0,person,0.875,328.4,284.1,432.0,513.7,380.2,398.9,0.13,-0.05,0.14,0.21
25,0.833,2,0,person,0.618,452.9,249.8,509.4,403.7,481.2,326.7,0.1,-0.69,0.7,2.11
25,0.833,4,0,person,0.576,711.9,226.6,790.8,420.0,751.3,323.3,-0.17,-0.15,0.23,0.15
25,0.833,3,0,person,0.465,662.7,236.0,734.7,367.5,698.7,301.8,-0.08,-0.02,0.09,-0.79
26,0.867,1,0,person,0.869,328.8,284.3,432.5,514.3,380.6,399.3,0.44,0.46,0.64,0.51
26,0.867,2,0,person,0.535,452.6,248.5,510.2,404.0,481.4,326.3,0.24,-0.46,0.52,0.23
26,0.867,4,0,person,0.602,713.0,226.9,790.7,420.7,751.8,323.8,0.47,0.56,0.73,0.72
26,0.867,3,0,person,0.516,663.8,236.2,734.5,367.3,699.1,301.7,0.43,-0.08,0.44,-0.06
27,0.9,1,0,person,0.874,328.6,284.5,432.5,514.4,380.6,399.4,-0.06,0.11,0.12,-0.35
27,0.9,2,0,person,0.596,451.7,247.3,510.6,405.6,481.1,326.5,-0.3,0.2,0.36,0.66
27,0.9,4,0,person,0.572,714.0,227.9,789.8,419.0,751.9,323.5,0.11,-0.37,0.39,-0.94
27,0.9,3,0,person,0.479,665.6,236.3,735.2,366.0,700.4,301.2,1.26,-0.55,1.38,-0.47
28,0.933,1,0,person,0.871,328.5,284.4,432.7,515.0,380.6,399.7,0.04,0.23,0.23,0.12
28,0.933,2,0,person,0.566,451.2,247.1,510.2,404.7,480.7,325.9,-0.42,-0.56,0.7,-0.76
28,0.933,4,0,person,0.55,715.0,229.3,789.0,418.1,752.0,323.7,0.03,0.2,0.21,0.58
28,0.933,3,0,person,0.448,666.5,236.6,735.4,365.7,701.0,301.2,0.57,-0.01,0.57,0.55
29,0.967,1,0,person,0.879,328.1,284.3,432.2,514.3,380.2,399.3,-0.47,-0.38,0.61,-0.61
29,0.967,2,0,person,0.565,444.6,248.0,517.3,446.9,480.9,347.5,0.21,21.55,21.55,22.1
29,0.967,4,0,person,0.531,716.4,230.5,788.9,417.6,752.7,324.0,0.72,0.37,0.81,0.17
29,0.967,3,0,person,0.5,666.5,237.0,734.9,365.8,700.7,301.4,-0.24,0.27,0.36,0.28
30,1.0,1,0,person,0.88,327.6,284.2,432.0,514.9,379.8,399.6,-0.4,0.26,0.48,0.65
30,1.0,2,0,person,0.591,447.4,246.6,512.4,423.7,479.9,335.2,-0.98,-12.29,12.33,-33.84
30,1.0,4,0,person,0.504,717.1,228.9,789.8,418.3,753.5,323.6,0.82,-0.45,0.93,-0.82
30,1.0,3,0,person,0.418,667.0,235.4,736.1,365.9,701.5,300.6,0.79,-0.78,1.11,-1.06
31,1.033,1,0,person,0.879,327.3,284.1,431.8,515.0,379.5,399.5,-0.22,-0.05,0.22,-0.31
31,1.033,2,0,person,0.606,448.8,246.8,509.8,412.7,479.3,329.7,-0.65,-5.42,5.46,6.87
31,1.033,4,0,person,0.524,717.0,229.7,788.6,417.5,752.8,323.6,-0.7,0.02,0.7,0.46
31,1.033,3,0,person,0.456,666.9,235.7,735.6,366.0,701.3,300.8,-0.26,0.18,0.31,0.96
32,1.067,1,0,person,0.879,327.7,284.1,432.1,514.4,379.9,399.3,0.38,-0.25,0.45,-0.2
32,1.067,2,0,person,0.584,448.8,247.8,508.5,409.5,478.7,328.6,-0.6,-1.12,1.27,4.3
32,1.067,4,0,person,0.57,717.4,230.6,787.4,416.3,752.4,323.4,-0.38,-0.17,0.42,-0.19
32,1.067,3,0,person,0.533,667.0,237.7,734.5,366.0,700.8,301.8,-0.5,0.99,1.11,0.82
33,1.1,1,0,person,0.881,327.6,284.4,431.9,514.2,379.8,399.3,-0.16,0.02,0.16,0.27
33,1.1,2,0,person,0.618,448.4,250.6,507.1,408.2,477.8,329.4,-0.93,0.78,1.21,1.9
33,1.1,4,0,person,0.517,718.0,231.7,786.8,415.4,752.4,323.6,-0.06,0.15,0.16,0.32
33,1.1,3,0,person,0.378,667.7,240.6,733.7,365.9,700.7,303.3,-0.03,1.45,1.45,0.46
34,1.133,1,0,person,0.88,327.8,284.6,432.0,514.2,379.9,399.4,0.14,0.12,0.18,0.11
34,1.133,2,0,person,0.598,446.1,252.2,505.8,410.4,475.9,331.3,-1.81,1.89,2.61,1.11
34,1.133,4,0,person,0.506,718.6,232.9,786.3,414.4,752.5,323.6,0.1,0.05,0.11,-0.1
34,1.133,3,0,person,0.392,667.7,240.6,733.5,365.9,700.6,303.2,-0.13,-0.03,0.14,-1.48
34,1.133,5,30,skis,0.334,790.6,121.5,866.9,405.7,828.7,263.6,0.13,0.03,0.13,0.05
35,1.167,1,0,person,0.877,328.3,284.9,431.8,512.3,380.0,398.6,0.16,-0.81,0.82,-0.93
35,1.167,2,0,person,0.6,445.2,254.3,504.7,410.3,475.0,332.3,-0.98,1.01,1.41,-0.88
35,1.167,4,0,person,0.525,719.4,234.7,786.0,414.4,752.7,324.5,0.26,0.9,0.94,0.85
35,1.167,3,0,person,0.382,667.4,241.0,733.4,366.3,700.4,303.7,-0.2,0.41,0.46,0.44
36,1.2,1,0,person,0.878,328.4,285.1,432.4,513.4,380.4,399.3,0.36,0.67,0.75,1.47
36,1.2,2,0,person,0.603,444.7,254.2,504.8,409.5,474.7,331.8,-0.22,-0.47,0.52,-1.47
36,1.2,4,0,person,0.555,719.6,234.4,786.6,415.9,753.1,325.2,0.39,0.62,0.73,-0.27
36,1.2,3,0,person,0.432,667.2,240.3,733.5,366.4,700.4,303.3,-0.03,-0.33,0.33,-0.74
37,1.233,1,0,person,0.884,327.6,285.2,432.0,513.8,379.8,399.5,-0.57,0.24,0.62,-0.43
37,1.233,2,0,person,0.595,444.9,254.4,505.5,408.5,475.2,331.5,0.47,-0.38,0.6,0.09
37,1.233,4,0,person,0.623,719.2,233.6,786.6,416.8,752.9,325.2,-0.2,0.05,0.2,-0.57
37,1.233,3,0,person,0.524,666.9,239.3,733.7,366.2,700.3,302.8,-0.05,-0.56,0.57,-0.23
38,1.267,1,0,person,0.888,326.7,285.0,431.7,514.6,379.2,399.8,-0.62,0.33,0.7,0.09
38,1.267,2,0,person,0.589,444.5,255.2,505.0,407.5,474.8,331.4,-0.44,-0.09,0.45,0.28
38,1.267,4,0,person,0.605,718.4,231.2,786.9,418.0,752.7,324.6,-0.24,-0.65,0.7,-0.71
38,1.267,3,0,person,0.512,666.5,238.1,733.7,365.9,700.1,302.0,-0.22,-0.74,0.78,-0.18
39,1.3,1,0,person,0.886,326.3,285.1,431.6,515.4,379.0,400.3,-0.22,0.44,0.49,0.11
39,1.3,2,0,person,0.578,437.0,256.0,511.0,446.2,474.0,351.1,-0.76,19.73,19.75,19.83
39,1.3,4,0,person,0.583,717.9,229.7,787.4,419.6,752.7,324.7,-0.01,0.12,0.12,0.78
39,1.3,3,0,person,0.5,664.5,235.6,733.6,366.9,699.1,301.3,-1.05,-0.74,1.28,0.0
40,1.333,1,0,person,0.876,326.6,285.7,431.2,514.3,378.9,400.0,-0.08,-0.27,0.29,-0.71
40,1.333,2,0,person,0.547,433.6,256.2,510.9,459.7,472.2,358.0,-1.8,6.89,7.12,-12.84
40,1.333,4,0,person,0.565,717.7,229.3,787.4,420.0,752.6,324.7,-0.1,-0.02,0.1,-0.15
40,1.333,3,0,person,0.513,663.8,235.1,733.3,367.3,698.6,301.2,-0.48,-0.07,0.49,0.67
41,1.367,1,0,person,0.876,326.8,286.1,430.3,512.0,378.5,399.1,-0.36,-0.92,0.99,-0.64
41,1.367,2,0,person,0.552,438.2,257.5,503.3,427.8,470.8,342.6,-1.45,-15.35,15.41,-22.24
41,1.367,4,0,person,0.506,717.7,228.2,788.2,422.5,753.0,325.3,0.42,0.67,0.79,0.69
41,1.367,3,0,person,0.515,664.2,236.7,733.1,367.5,698.7,302.1,0.1,0.91,0.92,0.99
42,1.4,1,0,person,0.879,326.5,286.8,429.5,511.1,378.0,398.9,-0.53,-0.12,0.54,0.79
42,1.4,2,0,person,0.568,440.1,257.2,500.1,413.2,470.1,335.2,-0.68,-7.41,7.44,7.93
42,1.4,4,0,person,0.539,719.1,227.5,789.4,422.5,754.2,325.0,1.26,-0.3,1.29,-0.97
42,1.4,3,0,person,0.504,664.5,237.3,733.2,367.6,698.9,302.4,0.19,0.33,0.38,-0.58
43,1.433,1,0,person,0.878,325.7,286.9,428.5,510.6,377.1,398.8,-0.91,-0.18,0.93,-0.06
43,1.433,2,0,person,0.642,433.4,256.9,505.7,449.0,469.6,352.9,-0.53,17.7,17.71,25.12
43,1.433,4,0,person,0.533,718.6,226.3,788.4,420.7,753.5,323.5,-0.73,-1.55,1.71,-1.24
43,1.433,3,0,person,0.497,664.6,236.1,733.8,367.5,699.2,301.8,0.34,-0.62,0.71,-0.95
44,1.467,1,0,person,0.875,325.3,287.1,428.1,510.2,376.7,398.6,-0.44,-0.12,0.45,0.06
44,1.467,2,0,person,0.681,431.7,256.7,506.7,460.8,469.2,358.7,-0.36,5.81,5.82,-11.9
44,1.467,4,0,person,0.563,716.7,226.4,786.3,419.8,751.5,323.1,-2.02,-0.38,2.05,1.17
44,1.467,3,0,person,0.538,664.3,234.8,734.2,367.8,699.3,301.3,0.05,-0.48,0.48,0.14
45,1.5,1,0,person,0.876,325.0,287.1,428.2,510.6,376.6,398.8,-0.04,0.18,0.18,0.3
45,1.5,2,0,person,0.711,431.5,257.1,506.8,465.7,469.1,361.4,-0.06,2.68,2.68,-3.13
45,1.5,4,0,person,0.556,716.1,227.0,784.8,417.6,750.4,322.3,-1.08,-0.82,1.35,-0.44
45,1.5,3,0,person,0.499,664.2,234.6,734.2,368.3,699.2,301.5,-0.06,0.12,0.13,0.6
46,1.533,1,0,person,0.875,324.7,286.7,428.2,510.6,376.4,398.7,-0.18,-0.16,0.24,-0.34
46,1.533,2,0,person,0.705,431.9,257.4,506.3,467.2,469.1,362.3,-0.03,0.91,0.91,-1.77
46,1.533,4,0,person,0.581,715.8,226.9,784.8,418.1,750.3,322.5,-0.11,0.2,0.23,1.02
46,1.533,3,0,person,0.5,664.8,236.0,733.4,367.8,699.1,301.9,-0.09,0.48,0.49,0.36
47,1.567,1,0,person,0.869,324.4,286.5,427.6,509.4,376.0,397.9,-0.41,-0.72,0.82,-0.56
47,1.567,2,0,person,0.744,433.8,259.7,506.4,466.9,470.1,363.3,1.01,0.96,1.4,0.06
47,1.567,4,0,person,0.437,717.8,226.8,787.0,420.1,752.4,323.4,2.13,0.96,2.34,0.76
47,1.567,3,0,person,0.42,665.6,238.1,732.5,366.7,699.0,302.4,-0.06,0.49,0.49,0.0
48,1.6,1,0,person,0.867,324.4,286.3,427.4,508.5,375.9,397.4,-0.12,-0.56,0.57,0.16
48,1.6,2,0,person,0.803,435.5,260.5,507.3,466.4,471.4,363.4,1.31,0.16,1.32,-0.81
48,1.6,4,0,person,0.304,718.3,228.3,785.8,417.4,752.1,322.9,-0.38,-0.58,0.7,-1.54
49,1.633,1,0,person,0.862,324.3,286.0,427.3,508.2,375.8,397.1,-0.09,-0.31,0.32,0.25
49,1.633,2,0,person,0.802,436.5,260.7,507.5,465.7,472.0,363.2,0.6,-0.25,0.65,-0.41
49,1.633,4,0,person,0.421,697.3,228.9,770.2,419.5,733.8,324.2,-18.26,1.32,18.3,1.9
50,1.667,1,0,person,0.863,324.5,286.2,427.4,507.8,375.9,397.0,0.1,-0.11,0.15,0.2
50,1.667,2,0,person,0.775,437.6,260.1,508.2,465.6,472.9,362.8,0.89,-0.36,0.96,-0.11
50,1.667,4,0,person,0.502,687.9,228.2,765.3,417.9,726.6,323.0,-7.23,-1.15,7.32,-2.47
51,1.7,1,0,person,0.864,324.1,286.3,427.2,507.8,375.7,397.0,-0.26,0.07,0.27,0.18
51,1.7,2,0,person,0.784,438.5,259.2,508.4,465.4,473.4,362.3,0.52,-0.51,0.73,-0.15
51,1.7,4,0,person,0.437,698.2,228.8,775.2,416.0,736.7,322.4,10.13,-0.62,10.15,0.54
51,1.7,3,0,person,0.324,661.5,238.6,730.1,369.0,695.8,303.8,-0.8,0.34,0.87,-0.04
52,1.733,1,0,person,0.859,323.9,286.3,427.2,507.6,375.5,396.9,-0.14,-0.11,0.18,-0.18
52,1.733,2,0,person,0.771,439.1,260.1,507.6,464.8,473.3,362.4,-0.09,0.12,0.15,0.63
52,1.733,4,0,person,0.515,687.9,230.1,768.7,416.4,728.3,323.3,-8.37,0.84,8.41,1.46
53,1.767,1,0,person,0.854,324.0,286.2,427.4,507.3,375.7,396.8,0.18,-0.17,0.25,-0.06
53,1.767,2,0,person,0.767,438.6,260.2,506.4,465.6,472.5,362.9,-0.86,0.5,0.99,0.38
53,1.767,4,0,person,0.478,696.6,231.4,778.1,419.1,737.4,325.3,9.02,2.0,9.24,1.16
54,1.8,1,0,person,0.853,324.3,286.5,428.1,507.9,376.2,397.2,0.47,0.47,0.67,0.64
54,1.8,2,0,person,0.768,438.1,260.2,505.2,466.1,471.6,363.2,-0.85,0.24,0.88,-0.26
54,1.8,4,0,person,0.51,702.3,232.5,783.9,421.4,743.1,326.9,5.75,1.69,5.99,-0.31
55,1.833,1,0,person,0.852,323.7,286.9,427.7,508.6,375.7,397.8,-0.5,0.53,0.73,0.05
55,1.833,2,0,person,0.803,438.3,261.3,504.7,466.8,471.5,364.1,-0.16,0.9,0.91,0.66
55,1.833,4,0,person,0.601,709.5,233.4,790.5,422.9,750.0,328.2,6.86,1.23,6.97,-0.46
55,1.833,3,0,person,0.438,658.2,241.0,725.2,368.2,691.7,304.6,-1.03,0.21,1.05,-0.03
56,1.867,1,0,person,0.853,323.4,286.7,428.2,510.1,375.8,398.4,0.13,0.63,0.64,0.1
56,1.867,2,0,person,0.778,438.6,261.1,504.7,466.8,471.6,363.9,0.16,-0.16,0.23,-1.06
56,1.867,4,0,person,0.584,693.3,233.7,779.0,424.6,736.2,329.2,-13.78,1.0,13.81,-0.24
56,1.867,3,0,person,0.408,653.9,236.7,722.0,366.4,688.0,301.5,-3.71,-3.1,4.83,-3.31
57,1.9,1,0,person,0.854,322.7,286.9,427.2,509.6,374.9,398.2,-0.87,-0.16,0.89,-0.79
57,1.9,2,0,person,0.806,439.9,260.5,506.1,466.5,473.0,363.5,1.35,-0.39,1.4,-0.23
57,1.9,4,0,person,0.675,706.6,235.2,790.6,425.4,748.6,330.3,12.39,1.1,12.44,0.11
57,1.9,3,0,person,0.318,650.3,235.0,722.3,369.5,686.3,302.3,-1.69,0.74,1.85,3.83
58,1.933,1,0,person,0.844,322.2,286.7,427.4,511.2,374.8,398.9,-0.16,0.71,0.72,0.87
58,1.933,2,0,person,0.813,440.1,260.6,506.4,467.4,473.3,364.0,0.27,0.47,0.55,0.87
58,1.933,4,0,person,0.708,714.8,238.5,796.2,426.6,755.5,332.6,6.9,2.28,7.27,1.18
58,1.933,3,0,person,0.552,643.1,235.4,716.3,369.9,679.7,302.7,-6.58,0.39,6.59,-0.35
59,1.967,1,0,person,0.848,322.2,286.4,427.6,511.6,374.9,399.0,0.12,0.05,0.13,-0.66
59,1.967,2,0,person,0.812,440.1,260.7,506.4,467.6,473.3,364.2,-0.01,0.15,0.15,-0.33
59,1.967,4,0,person,0.716,720.6,239.6,801.0,427.9,760.8,333.8,5.31,1.2,5.45,-1.08
59,1.967,3,0,person,0.699,636.9,234.6,711.2,368.1,674.0,301.4,-5.67,-1.31,5.82,-1.7
60,2.0,1,0,person,0.841,322.3,285.9,427.2,510.8,374.8,398.3,-0.12,-0.66,0.67,-0.72
60,2.0,2,0,person,0.808,439.9,260.9,506.3,467.4,473.1,364.1,-0.16,-0.04,0.16,-0.19
60,2.0,4,0,person,0.729,726.7,241.6,805.6,429.1,766.2,335.4,5.38,1.6,5.62,0.4
60,2.0,3,0,person,0.711,633.2,236.1,706.9,365.8,670.1,301.0,-3.96,-0.39,3.98,0.93
61,2.033,1,0,person,0.839,322.1,285.7,426.5,510.2,374.3,398.0,-0.48,-0.37,0.61,0.3
61,2.033,2,0,person,0.822,439.5,261.2,506.0,467.3,472.8,364.2,-0.34,0.14,0.37,0.18
61,2.033,4,0,person,0.677,729.1,243.0,807.0,429.0,768.1,336.0,1.89,0.6,1.99,-1.0
61,2.033,3,0,person,0.687,630.9,236.8,704.2,364.0,667.5,300.4,-2.54,-0.56,2.6,-0.17
62,2.067,1,0,person,0.835,322.2,285.1,426.0,509.5,374.1,397.3,-0.2,-0.68,0.71,-0.32
62,2.067,2,0,person,0.821,439.1,261.3,505.1,466.0,472.1,363.6,-0.66,-0.62,0.91,-0.76
62,2.067,4,0,person,0.716,733.4,242.9,811.5,429.4,772.5,336.1,4.42,0.16,4.42,-0.44
62,2.067,3,0,person,0.62,628.4,236.1,702.6,364.3,665.5,300.2,-2.08,-0.19,2.09,0.37
63,2.1,1,0,person,0.834,322.4,285.0,425.5,508.5,373.9,396.7,-0.18,-0.57,0.59,0.12
63,2.1,2,0,person,0.81,439.3,261.9,504.8,464.9,472.0,363.4,-0.05,-0.24,0.24,0.38
63,2.1,4,0,person,0.667,735.9,241.1,814.8,429.3,775.4,335.2,2.88,-0.92,3.03,-1.08
63,2.1,3,0,person,0.658,627.4,237.0,700.4,362.0,663.9,299.5,-1.55,-0.74,1.72,-0.55
64,2.133,1,0,person,0.834,322.8,285.0,425.2,508.1,374.0,396.5,0.07,-0.16,0.17,0.41
64,2.133,2,0,person,0.817,438.8,261.4,504.5,465.3,471.7,363.4,-0.37,-0.0,0.37,0.24
64,2.133,4,0,person,0.679,736.6,238.2,816.8,429.7,776.7,334.0,1.32,-1.22,1.8,-0.3
64,2.133,3,0,person,0.667,627.0,237.2,699.4,360.0,663.2,298.6,-0.75,-0.85,1.13,-0.11
65,2.167,1,0,person,0.837,323.0,285.0,425.1,507.7,374.0,396.4,0.03,-0.19,0.19,-0.03
65,2.167,2,0,person,0.819,439.3,261.1,505.0,464.9,472.2,363.0,0.49,-0.36,0.61,-0.36
65,2.167,4,0,person,0.542,736.6,240.5,816.9,431.5,776.8,336.0,0.1,2.0,2.01,3.22
65,2.167,3,0,person,0.692,625.1,237.0,697.4,358.6,661.2,297.8,-1.92,-0.84,2.09,0.02
66,2.2,1,0,person,0.835,323.5,285.1,425.3,507.6,374.4,396.3,0.37,-0.01,0.37,0.18
66,2.2,2,0,person,0.808,440.1,260.0,506.5,465.8,473.3,362.9,1.12,-0.13,1.13,0.23
66,2.2,4,0,person,0.472,737.1,243.3,816.7,431.8,776.9,337.5,0.1,1.54,1.55,-0.46
66,2.2,3,0,person,0.691,623.9,237.4,697.3,360.5,660.6,299.0,-0.62,1.17,1.32,2.0
67,2.233,1,0,person,0.832,324.3,285.3,426.0,508.1,375.1,396.7,0.73,0.35,0.81,0.36
67,2.233,2,0,person,0.81,440.3,259.6,507.4,467.3,473.9,363.4,0.59,0.55,0.81,0.68
67,2.233,4,0,person,0.483,735.0,242.1,817.4,437.2,776.2,339.7,-0.65,2.12,2.22,0.58
67,2.233,3,0,person,0.693,624.5,239.3,698.2,362.4,661.3,300.8,0.7,1.88,2.01,0.71
68,2.267,1,0,person,0.845,322.8,285.2,425.3,508.4,374.1,396.8,-1.07,0.09,1.07,-0.26
68,2.267,2,0,person,0.798,441.2,258.6,508.5,466.7,474.8,362.7,0.94,-0.79,1.23,-1.34
68,2.267,4,0,person,0.51,732.6,245.5,816.6,443.8,774.6,344.7,-1.64,4.99,5.25,2.87
68,2.267,3,0,person,0.661,623.9,240.5,697.9,364.0,660.9,302.3,-0.43,1.42,1.49,-0.46
69,2.3,1,0,person,0.841,321.9,285.3,425.0,508.8,373.4,397.1,-0.61,0.3,0.68,0.21
69,2.3,2,0,person,0.777,441.8,258.7,508.8,465.5,475.3,362.1,0.5,-0.55,0.75,0.24
69,2.3,4,0,person,0.499,731.6,253.9,814.7,448.2,773.1,351.0,-1.46,6.36,6.52,1.36
69,2.3,3,0,person,0.613,623.9,240.9,698.7,365.3,661.3,303.1,0.43,0.83,0.93,-0.59
70,2.333,1,0,person,0.838,321.3,285.3,424.8,509.0,373.1,397.2,-0.37,0.08,0.38,-0.22
70,2.333,2,0,person,0.761,442.3,258.4,509.5,464.7,475.9,361.6,0.58,-0.54,0.8,0.01
70,2.333,4,0,person,0.48,730.4,257.4,813.9,450.9,772.1,354.2,-1.02,3.16,3.32,-3.19
70,2.333,3,0,person,0.607,623.8,241.9,699.0,366.6,661.4,304.2,0.1,1.13,1.13,0.3
71,2.367,1,0,person,0.838,321.1,285.6,424.7,509.3,372.9,397.5,-0.19,0.3,0.36,0.22
71,2.367,2,0,person,0.78,442.2,258.0,510.0,465.5,476.1,361.7,0.21,0.18,0.28,0.73
71,2.367,4,0,person,0.545,728.7,258.5,813.3,453.8,771.0,356.1,-1.11,1.94,2.24,-1.22
71,2.367,3,0,person,0.597,623.5,242.6,699.9,369.2,661.7,305.9,0.29,1.66,1.69,0.53
72,2.4,1,0,person,0.843,320.4,285.7,424.3,509.4,372.3,397.6,-0.55,0.09,0.56,-0.21
72,2.4,2,0,person,0.786,442.1,258.4,510.3,466.7,476.2,362.5,0.11,0.8,0.81,0.61
72,2.4,4,0,person,0.568,729.1,258.6,812.7,452.6,770.9,355.6,-0.12,-0.52,0.53,-2.46
72,2.4,3,0,person,0.448,622.1,243.5,699.2,370.8,660.7,307.1,-1.05,1.24,1.63,-0.42
73,2.433,1,0,person,0.847,319.8,285.7,424.1,509.5,371.9,397.6,-0.39,0.01,0.39,-0.08
73,2.433,2,0,person,0.762,442.5,258.5,510.6,467.7,476.6,363.1,0.36,0.54,0.65,-0.26
73,2.433,4,0,person,0.55,725.2,255.6,809.0,453.5,767.1,354.5,-3.77,-1.09,3.93,-0.58
73,2.433,3,0,person,0.443,621.2,243.1,700.4,373.7,660.8,308.4,0.12,1.27,1.27,0.03
74,2.467,1,0,person,0.848,319.1,285.8,423.9,510.4,371.5,398.1,-0.46,0.53,0.7,0.52
74,2.467,2,0,person,0.758,442.8,258.9,510.5,468.1,476.7,363.5,0.07,0.41,0.42,-0.13
74,2.467,4,0,person,0.553,719.9,254.1,805.2,458.7,762.5,356.4,-4.58,1.89,4.95,2.98
74,2.467,3,0,person,0.345,621.6,243.7,699.1,371.6,660.4,307.6,-0.43,-0.78,0.89,-2.05
75,2.5,1,0,person,0.843,319.1,286.3,423.9,510.8,371.5,398.6,0.02,0.49,0.49,-0.04
75,2.5,2,0,person,0.688,442.6,259.9,509.7,468.5,476.1,364.2,-0.53,0.74,0.91,0.33
75,2.5,4,0,person,0.539,718.5,255.6,801.8,459.0,760.2,357.3,-2.39,0.92,2.56,-0.96
75,2.5,3,0,person,0.331,619.8,242.7,698.6,372.8,659.2,307.7,-1.18,0.14,1.18,0.92
76,2.533,1,0,person,0.842,319.0,286.6,423.6,511.1,371.3,398.8,-0.23,0.27,0.35,-0.22
76,2.533,2,0,person,0.616,442.1,260.9,508.9,469.3,475.5,365.1,-0.62,0.89,1.09,0.16
76,2.533,4,0,person,0.44,719.1,256.6,801.2,460.7,760.1,358.7,-0.02,1.33,1.33,0.41
77,2.567,1,0,person,0.845,318.9,286.7,423.3,510.9,371.1,398.8,-0.17,-0.07,0.18,-0.33
77,2.567,2,0,person,0.741,443.8,260.7,510.4,469.0,477.1,364.8,1.56,-0.3,1.59,-1.2
77,2.567,4,0,person,0.615,718.0,258.2,799.3,462.5,758.6,360.4,-1.49,1.72,2.28,0.39
77,2.567,3,0,person,0.447,618.5,242.3,698.2,374.2,658.3,308.3,-0.42,0.26,0.49,0.06
78,2.6,1,0,person,0.842,318.9,286.8,423.6,511.6,371.2,399.2,0.13,0.46,0.48,0.53
78,2.6,2,0,person,0.753,444.9,261.7,511.3,469.4,478.1,365.5,1.04,0.7,1.25,1.0
78,2.6,4,0,person,0.681,717.3,253.9,799.2,462.1,758.3,358.0,-0.36,-2.35,2.38,-4.07
78,2.6,3,0,person,0.57,617.0,241.2,698.9,377.5,658.0,309.4,-0.37,1.09,1.16,0.84
79,2.633,1,0,person,0.843,319.3,287.2,423.5,510.7,371.4,399.0,0.16,-0.28,0.32,-0.75
79,2.633,2,0,person,0.776,445.3,261.8,511.5,469.3,478.4,365.5,0.3,0.02,0.3,-0.68
79,2.633,4,0,person,0.662,717.1,252.1,798.9,461.7,758.0,356.9,-0.27,-1.14,1.18,1.2
79,2.633,3,0,person,0.554,616.6,240.7,699.0,378.3,657.8,309.5,-0.16,0.13,0.21,-0.96
80,2.667,1,0,person,0.846,318.7,287.4,423.0,511.2,370.9,399.3,-0.52,0.36,0.63,0.64
80,2.667,2,0,person,0.775,445.2,261.2,511.4,468.4,478.3,364.8,-0.11,-0.75,0.76,-0.77
80,2.667,4,0,person,0.714,716.8,255.5,796.8,461.2,756.8,358.3,-1.19,1.46,1.88,2.61
80,2.667,3,0,person,0.596,616.4,240.0,699.0,378.7,657.7,309.3,-0.15,-0.14,0.21,-0.27
81,2.7,1,0,person,0.846,317.3,287.8,422.6,513.7,370.0,400.7,-0.87,1.42,1.67,1.07
81,2.7,2,0,person,0.78,444.0,261.8,510.3,469.6,477.1,365.7,-1.17,0.93,1.5,1.68
81,2.7,4,0,person,0.721,714.8,257.1,794.9,462.9,754.8,360.0,-1.97,1.63,2.56,0.16
81,2.7,3,0,person,0.573,616.2,240.4,698.6,379.1,657.4,309.7,-0.29,0.37,0.46,0.51
82,2.733,1,0,person,0.842,316.5,287.6,422.7,515.9,369.6,401.8,-0.37,1.02,1.08,-0.41
82,2.733,2,0,person,0.792,444.0,261.5,510.5,469.4,477.2,365.4,0.09,-0.28,0.3,-1.22
82,2.733,4,0,person,0.745,712.0,258.9,792.2,463.2,752.1,361.1,-2.76,1.09,2.97,-0.54
82,2.733,3,0,person,0.615,615.5,239.9,698.6,380.2,657.1,310.0,-0.33,0.33,0.46,-0.04
83,2.767,1,0,person,0.843,316.3,287.7,422.6,516.3,369.4,402.0,-0.2,0.23,0.3,-0.79
83,2.767,2,0,person,0.793,443.2,262.0,509.6,469.3,476.4,365.6,-0.82,0.16,0.84,0.45
83,2.767,4,0,person,0.772,709.5,259.6,790.2,462.5,749.8,361.1,-2.24,0.01,2.24,-1.08
83,2.767,3,0,person,0.597,614.2,240.2,697.5,381.1,655.8,310.7,-1.22,0.63,1.37,0.31
84,2.8,1,0,person,0.842,316.6,287.8,422.5,515.9,369.5,401.8,0.13,-0.17,0.22,-0.41
84,2.8,2,0,person,0.793,442.8,262.2,509.0,469.0,475.9,365.6,-0.51,-0.03,0.51,-0.19
84,2.8,4,0,person,0.796,707.6,260.5,789.3,463.4,748.4,362.0,-1.4,0.92,1.67,0.9
84,2.8,3,0,person,0.587,613.5,240.8,697.0,382.4,655.3,311.6,-0.55,0.9,1.05,0.26
85,2.833,1,0,person,0.836,316.4,287.7,422.7,516.7,369.6,402.2,0.01,0.4,0.4,0.57
85,2.833,2,0,person,0.803,442.8,262.1,509.1,469.5,475.9,365.8,0.03,0.19,0.2,0.22
85,2.833,4,0,person,0.77,707.1,261.2,789.6,464.0,748.3,362.6,-0.11,0.63,0.64,-0.28
85,2.833,3,0,person,0.565,612.8,240.6,696.2,381.7,654.5,311.2,-0.78,-0.39,0.87,-1.28
86,2.867,1,0,person,0.84,316.6,287.7,423.1,517.2,369.8,402.5,0.26,0.26,0.37,-0.14
86,2.867,2,0,person,0.807,442.5,262.1,508.3,468.8,475.4,365.4,-0.53,-0.33,0.63,-0.52
86,2.867,4,0,person,0.745,708.6,261.3,791.0,463.6,749.8,362.4,1.49,-0.2,1.51,-0.83
86,2.867,3,0,person,0.546,611.5,240.8,695.7,382.2,653.6,311.5,-0.94,0.31,0.99,0.69
87,2.9,1,0,person,0.84,316.7,287.7,423.4,517.4,370.1,402.6,0.25,0.09,0.26,-0.17
87,2.9,2,0,person,0.803,442.6,262.1,508.4,469.3,475.5,365.7,0.12,0.28,0.3,0.61
87,2.9,4,0,person,0.725,709.5,260.7,792.1,463.5,750.8,362.1,0.96,-0.31,1.01,-0.11
88,2.933,1,0,person,0.85,316.7,287.7,423.3,516.7,370.0,402.2,-0.1,-0.39,0.4,-0.48
88,2.933,2,0,person,0.782,443.0,262.0,508.6,469.6,475.8,365.8,0.25,0.07,0.26,-0.21
88,2.933,4,0,person,0.665,707.9,255.9,791.4,460.2,749.6,358.0,-1.14,-4.06,4.22,-3.75
89,2.967,1,0,person,0.848,316.5,287.6,423.1,516.1,369.8,401.8,-0.13,-0.32,0.35,0.07
89,2.967,2,0,person,0.792,443.0,261.9,508.5,469.4,475.8,365.6,0.0,-0.16,0.16,-0.23
89,2.967,4,0,person,0.629,710.4,256.8,792.6,458.4,751.5,357.6,1.85,-0.44,1.9,3.62
90,3.0,1,0,person,0.854,315.8,287.6,422.5,516.1,369.2,401.8,-0.67,0.0,0.67,0.32
90,3.0,2,0,person,0.785,443.5,262.6,508.4,469.0,475.9,365.8,0.15,0.16,0.22,0.32
90,3.0,4,0,person,0.547,713.5,253.6,795.5,457.5,754.5,355.5,2.98,-2.09,3.64,-1.64
91,3.033,1,0,person,0.857,315.8,287.5,422.2,515.0,369.0,401.3,-0.17,-0.57,0.6,-0.57
91,3.033,2,0,person,0.799,443.5,262.9,508.3,469.6,475.9,366.3,0.01,0.46,0.46,0.3
91,3.033,4,0,person,0.544,712.8,254.4,794.2,457.5,753.5,356.0,-0.98,0.45,1.08,2.54
92,3.067,1,0,person,0.857,315.7,287.7,422.1,514.7,368.9,401.2,-0.07,-0.07,0.1,0.5
92,3.067,2,0,person,0.806,442.3,263.0,507.2,470.5,474.8,366.7,-1.16,0.47,1.25,0.02
92,3.067,4,0,person,0.543,711.3,251.9,793.5,457.7,752.4,354.8,-1.1,-1.18,1.61,-1.63
93,3.1,1,0,person,0.848,316.1,288.2,422.4,514.6,369.3,401.4,0.34,0.16,0.38,0.24
93,3.1,2,0,person,0.811,442.0,263.1,506.9,470.8,474.4,366.9,-0.35,0.2,0.4,-0.28
93,3.1,4,0,person,0.48,711.6,253.5,792.8,458.1,752.2,355.8,-0.16,0.97,0.98,2.14
94,3.133,1,0,person,0.851,316.5,288.4,423.0,515.1,369.7,401.8,0.49,0.39,0.63,0.23
94,3.133,2,0,person,0.776,442.6,263.2,507.4,471.0,475.0,367.1,0.57,0.16,0.59,-0.03
94,3.133,4,0,person,0.535,711.9,257.6,791.0,457.4,751.4,357.5,-0.81,1.76,1.93,0.79
94,3.133,10,30,skis,0.352,790.9,118.7,866.2,410.1,828.6,264.4,0.0,0.0,0.0,0.0
95,3.167,1,0,person,0.853,316.6,288.6,423.4,515.4,370.0,402.0,0.28,0.23,0.36,-0.16
95,3.167,2,0,person,0.784,443.8,263.2,508.3,469.9,476.1,366.5,1.08,-0.56,1.22,-0.72
95,3.167,4,0,person,0.531,710.3,258.7,788.1,455.9,749.2,357.3,-2.22,-0.23,2.23,-1.99
95,3.167,10,30,skis,0.359,790.6,118.9,865.8,409.5,828.2,264.2,-0.35,-0.17,0.39,-0.17
96,3.2,1,0,person,0.852,316.6,288.5,423.6,516.1,370.1,402.3,0.08,0.32,0.33,0.09
96,3.2,2,0,person,0.761,444.4,262.8,508.9,469.3,476.6,366.1,0.56,-0.47,0.73,0.09
96,3.2,4,0,person,0.591,708.3,258.9,785.5,454.7,746.9,356.8,-2.33,-0.49,2.38,-0.26
96,3.2,10,30,skis,0.35,790.5,119.2,865.4,408.9,828.0,264.1,-0.27,-0.15,0.3,0.02
97,3.233,1,0,person,0.852,316.9,288.7,423.5,515.3,370.2,402.0,0.07,-0.34,0.35,-0.66
97,3.233,2,0,person,0.727,444.7,262.1,509.6,469.6,477.2,365.8,0.53,-0.22,0.57,0.25
97,3.233,4,0,person,0.602,706.2,254.8,784.7,454.1,745.5,354.4,-1.42,-2.36,2.76,-1.87
97,3.233,10,30,skis,0.389,790.5,118.4,865.9,409.6,828.2,264.0,0.27,-0.04,0.27,0.11
98,3.267,1,0,person,0.852,317.6,288.7,423.4,514.3,370.5,401.5,0.35,-0.45,0.57,-0.11
98,3.267,2,0,person,0.751,444.9,262.2,510.2,470.7,477.5,366.5,0.39,0.61,0.72,0.82
98,3.267,4,0,person,0.561,704.8,249.3,785.3,454.7,745.1,352.0,-0.4,-2.43,2.47,-0.07
98,3.267,10,30,skis,0.336,790.4,118.0,866.1,409.9,828.2,263.9,0.0,-0.09,0.09,-0.05
99,3.3,1,0,person,0.848,318.0,288.7,423.2,514.2,370.6,401.4,0.06,-0.1,0.11,0.36
99,3.3,2,0,person,0.764,445.2,262.3,510.6,471.5,477.9,366.9,0.37,0.45,0.58,-0.15
99,3.3,4,0,person,0.651,703.0,251.7,782.9,454.7,742.9,353.2,-2.11,1.2,2.43,3.64
99,3.3,10,30,skis,0.324,790.2,117.7,866.2,410.1,828.2,263.9,-0.01,-0.01,0.01,0.08
100,3.333,1,0,person,0.849,317.9,288.6,422.9,514.5,370.4,401.5,-0.22,0.12,0.25,0.21
100,3.333,2,0,person,0.745,445.7,261.9,511.2,471.8,478.4,366.9,0.53,-0.03,0.53,-0.48
100,3.333,4,0,person,0.641,702.2,252.7,782.0,453.9,742.1,353.3,-0.82,0.1,0.82,-1.1
100,3.333,10,30,skis,0.319,790.1,118.1,865.7,408.8,827.9,263.4,-0.28,-0.47,0.55,-0.46
101,3.367,1,0,person,0.852,318.2,288.3,422.7,513.9,370.4,401.1,0.04,-0.43,0.43,-0.55
101,3.367,2,0,person,0.718,445.6,261.7,511.2,471.5,478.4,366.6,-0.04,-0.3,0.3,-0.27
101,3.367,4,0,person,0.645,702.4,249.4,783.6,454.0,743.0,351.7,0.87,-1.59,1.81,-1.68
102,3.4,1,0,person,0.852,318.0,288.1,422.5,514.3,370.2,401.2,-0.17,0.05,0.18,0.48
102,3.4,2,0,person,0.714,445.9,261.1,511.5,471.7,478.7,366.4,0.3,-0.16,0.34,0.14
102,3.4,4,0,person,0.653,701.7,244.8,785.6,455.2,743.6,350.0,0.65,-1.74,1.85,-0.15
103,3.433,1,0,person,0.857,318.1,287.9,422.6,514.3,370.3,401.1,0.09,-0.09,0.12,-0.14
103,3.433,2,0,person,0.709,446.0,261.6,511.3,471.5,478.7,366.6,-0.05,0.16,0.17,0.32
103,3.433,4,0,person,0.635,703.2,242.5,787.4,453.0,745.3,347.8,1.63,-2.19,2.73,-0.45
103,3.433,10,30,skis,0.406,792.7,117.7,868.4,408.1,830.5,262.9,0.87,-0.18,0.89,0.1
104,3.467,1,0,person,0.857,318.5,287.7,422.9,514.0,370.7,400.9,0.35,-0.21,0.41,-0.13
104,3.467,2,0,person,0.732,446.6,261.6,512.1,471.8,479.4,366.7,0.72,0.11,0.73,-0.05
104,3.467,4,0,person,0.627,704.0,245.2,787.4,451.4,745.7,348.3,0.4,0.51,0.65,2.69
104,3.467,10,30,skis,0.36,792.8,117.8,868.8,408.1,830.8,263.0,0.26,0.06,0.26,0.24
105,3.5,1,0,person,0.859,319.3,287.6,424.9,516.2,372.1,401.9,1.45,1.02,1.77,1.23
105,3.5,2,0,person,0.715,447.5,261.6,513.0,471.9,480.2,366.7,0.85,0.05,0.85,-0.06
105,3.5,4,0,person,0.681,704.2,241.5,789.1,450.7,746.6,346.1,0.94,-2.19,2.38,-2.7
105,3.5,10,30,skis,0.354,793.6,117.5,869.9,408.0,831.7,262.8,0.94,-0.18,0.96,-0.25
106,3.533,1,0,person,0.854,319.3,287.7,424.5,515.1,371.9,401.4,-0.22,-0.48,0.53,-1.5
106,3.533,2,0,person,0.71,447.8,261.7,513.6,472.6,480.7,367.1,0.5,0.38,0.63,0.33
106,3.533,4,0,person,0.736,705.4,240.7,790.6,450.3,748.0,345.5,1.38,-0.59,1.5,1.6
106,3.533,10,30,skis,0.308,794.2,117.3,871.0,407.8,832.6,262.5,0.82,-0.23,0.85,-0.05
107,3.567,1,0,person,0.856,319.5,287.6,425.4,516.9,372.4,402.2,0.5,0.84,0.98,1.32
107,3.567,2,0,person,0.734,448.2,261.4,514.3,472.8,481.2,367.1,0.52,-0.02,0.52,-0.4
107,3.567,4,0,person,0.707,706.9,240.1,792.2,450.3,749.5,345.2,1.54,-0.34,1.57,0.25
107,3.567,10,30,skis,0.36,793.9,117.2,871.0,407.6,832.4,262.4,-0.13,-0.17,0.22,0.06
108,3.6,1,0,person,0.859,318.9,287.5,424.5,515.8,371.7,401.7,-0.72,-0.56,0.92,-1.4
108,3.6,2,0,person,0.75,449.0,260.7,515.4,472.3,482.2,366.5,0.96,-0.58,1.12,-0.56
108,3.6,4,0,person,0.717,708.2,239.7,793.2,449.9,750.7,344.8,1.16,-0.37,1.22,-0.04
109,3.633,1,0,person,0.858,319.4,287.4,424.4,514.9,371.9,401.1,0.19,-0.53,0.57,0.03
109,3.633,2,0,person,0.766,449.1,260.6,515.9,472.2,482.5,366.4,0.32,-0.14,0.35,0.44
109,3.633,4,0,person,0.713,709.3,240.0,793.7,449.7,751.5,344.9,0.79,0.06,0.79,0.43
110,3.667,1,0,person,0.856,319.9,287.4,424.8,514.7,372.4,401.0,0.51,-0.1,0.52,0.43
110,3.667,2,0,person,0.764,449.0,260.2,516.4,472.2,482.7,366.2,0.17,-0.19,0.26,-0.05
110,3.667,4,0,person,0.715,709.6,240.3,793.7,449.9,751.6,345.1,0.16,0.23,0.28,0.17
111,3.7,1,0,person,0.854,320.1,287.4,424.8,514.3,372.5,400.9,0.09,-0.17,0.19,-0.07
111,3.7,2,0,person,0.757,448.6,259.8,516.5,472.4,482.6,366.1,-0.11,-0.1,0.14,0.09
111,3.7,4,0,person,0.715,709.5,239.5,793.8,450.5,751.6,345.0,0.0,-0.12,0.12,-0.35
112,3.733,1,0,person,0.856,319.9,287.3,424.8,514.6,372.3,400.9,-0.17,0.06,0.18,0.23
112,3.733,2,0,person,0.771,448.8,259.6,516.8,471.6,482.8,365.6,0.21,-0.48,0.52,-0.38
112,3.733,4,0,person,0.762,708.7,240.5,792.5,450.2,750.6,345.4,-1.05,0.38,1.11,0.5
112,3.733,10,30,skis,0.338,792.7,118.0,870.3,409.9,831.5,264.0,-0.18,0.32,0.37,0.1
113,3.767,1,0,person,0.852,320.7,287.3,425.7,514.8,373.2,401.1,0.89,0.13,0.9,0.07
113,3.767,2,0,person,0.765,448.7,260.2,516.9,471.8,482.8,366.0,0.03,0.36,0.37,0.84
113,3.767,4,0,person,0.757,706.1,242.2,789.9,450.1,748.0,346.2,-2.57,0.81,2.69,0.43
113,3.767,10,30,skis,0.376,792.3,118.3,870.1,410.8,831.2,264.5,-0.31,0.58,0.66,0.26
114,3.8,1,0,person,0.846,321.2,287.3,426.6,515.1,373.9,401.2,0.72,0.12,0.73,-0.01
114,3.8,2,0,person,0.748,448.5,260.7,516.8,472.1,482.7,366.4,-0.14,0.42,0.45,0.06
114,3.8,4,0,person,0.713,703.4,240.7,788.3,450.1,745.9,345.4,-2.15,-0.76,2.28,-1.57
115,3.833,1,0,person,0.847,321.4,287.2,427.0,515.3,374.2,401.2,0.29,0.07,0.3,-0.05
115,3.833,2,0,person,0.761,448.4,260.9,516.7,472.1,482.6,366.5,-0.09,0.08,0.12,-0.34
115,3.833,4,0,person,0.752,702.1,239.9,788.0,450.8,745.0,345.4,-0.84,-0.03,0.84,0.73
115,3.833,10,30,skis,0.38,791.9,117.6,870.2,410.7,831.1,264.1,-0.06,-0.21,0.22,-0.39
116,3.867,1,0,person,0.847,321.1,287.6,426.7,515.2,373.9,401.4,-0.3,0.14,0.33,0.07
116,3.867,2,0,person,0.769,448.1,261.1,516.5,472.4,482.3,366.7,-0.32,0.26,0.41,0.18
116,3.867,4,0,person,0.775,701.5,238.5,788.4,451.1,744.9,344.8,-0.1,-0.58,0.59,-0.55
117,3.9,1,0,person,0.849,320.9,287.8,426.2,514.9,373.5,401.4,-0.39,-0.01,0.39,-0.15
117,3.9,2,0,person,0.792,447.4,261.7,515.6,472.3,481.5,367.0,-0.76,0.23,0.79,-0.04
117,3.9,4,0,person,0.728,702.2,239.4,789.3,452.0,745.8,345.7,0.81,0.87,1.19,1.45
117,3.9,3,0,person,0.379,602.2,271.8,685.2,396.6,643.7,334.2,-0.32,0.73,0.8,0.01
118,3.933,1,0,person,0.844,321.1,287.9,426.7,516.2,373.9,402.0,0.36,0.64,0.73,0.65
118,3.933,2,0,person,0.787,446.8,261.5,515.0,472.1,480.9,366.8,-0.61,-0.16,0.63,-0.39
118,3.933,4,0,person,0.679,703.7,240.2,791.0,453.3,747.3,346.8,1.59,1.12,1.94,0.25
118,3.933,3,0,person,0.577,598.1,266.7,688.3,396.8,643.2,331.8,-0.51,-2.44,2.49,-3.17
119,3.967,1,0,person,0.843,321.2,288.0,426.2,515.6,373.7,401.8,-0.18,-0.18,0.25,-0.82
119,3.967,2,0,person,0.792,446.4,261.7,514.4,471.9,480.4,366.8,-0.48,-0.02,0.48,0.14
119,3.967,4,0,person,0.663,704.1,240.9,791.0,453.0,747.5,346.9,0.2,0.15,0.25,-0.97
119,3.967,3,0,person,0.602,594.3,261.1,690.1,398.1,642.2,329.6,-0.95,-2.15,2.35,0.29
120,4.0,1,0,person,0.845,321.1,288.1,425.7,515.3,373.4,401.7,-0.31,-0.12,0.33,0.06
120,4.0,2,0,person,0.801,446.0,262.2,513.9,471.9,480.0,367.0,-0.46,0.23,0.52,0.25
120,4.0,4,0,person,0.732,702.1,241.2,788.7,451.7,745.4,346.4,-2.14,-0.48,2.19,-0.63
120,4.0,3,0,person,0.536,577.9,256.1,683.4,400.1,630.6,328.1,-11.6,-1.5,11.7,0.65
121,4.033,1,0,person,0.848,320.7,288.2,425.8,517.3,373.3,402.7,-0.13,1.01,1.02,1.13
121,4.033,2,0,person,0.794,446.0,261.5,514.1,471.8,480.0,366.6,0.06,-0.4,0.4,-0.62
121,4.033,4,0,person,0.678,703.5,241.6,790.0,451.8,746.8,346.7,1.34,0.23,1.36,0.71
121,4.033,3,0,person,0.575,563.3,253.5,684.3,417.1,623.8,335.3,-6.87,7.17,9.93,8.66
121,4.033,10,30,skis,0.352,791.3,118.1,869.5,410.5,830.4,264.3,-0.11,0.03,0.11,0.04
122,4.067,1,0,person,0.855,320.5,288.4,425.0,516.5,372.8,402.4,-0.48,-0.29,0.56,-1.3
122,4.067,2,0,person,0.803,446.3,261.2,514.4,471.5,480.3,366.4,0.32,-0.24,0.4,0.15
122,4.067,4,0,person,0.577,705.9,242.2,791.8,451.7,748.8,346.9,2.09,0.26,2.1,0.03
123,4.1,1,0,person,0.851,321.6,288.5,425.6,516.1,373.6,402.3,0.85,-0.14,0.86,0.16
123,4.1,2,0,person,0.774,446.6,260.9,514.6,471.5,480.6,366.2,0.24,-0.19,0.3,0.05
123,4.1,4,0,person,0.593,706.4,247.8,790.1,451.0,748.2,349.4,-0.59,2.48,2.55,2.22
124,4.133,1,0,person,0.854,322.1,288.7,426.9,518.2,374.5,403.4,0.9,1.15,1.46,1.29
124,4.133,2,0,person,0.783,446.7,260.5,514.7,471.4,480.7,366.0,0.15,-0.24,0.29,-0.05
124,4.133,4,0,person,0.492,707.3,251.1,788.7,447.0,748.0,349.0,-0.23,-0.37,0.44,-2.85
125,4.167,1,0,person,0.857,322.3,288.8,427.5,519.7,374.9,404.2,0.42,0.79,0.89,-0.37
125,4.167,2,0,person,0.808,446.5,260.3,514.5,472.5,480.5,366.4,-0.23,0.45,0.51,0.7
125,4.167,4,0,person,0.342,716.7,248.3,794.8,439.3,755.8,343.8,7.77,-5.22,9.36,-4.84
126,4.2,1,0,person,0.855,322.2,288.9,427.5,520.5,374.8,404.7,-0.11,0.48,0.49,-0.31
126,4.2,2,0,person,0.78,446.6,259.9,514.7,472.6,480.7,366.3,0.18,-0.13,0.23,-0.59
126,4.2,4,0,person,0.639,720.4,251.4,798.2,443.7,759.3,347.6,3.5,3.75,5.13,8.96
127,4.233,1,0,person,0.864,322.0,289.1,427.4,521.1,374.7,405.1,-0.15,0.35,0.38,-0.13
127,4.233,2,0,person,0.763,446.7,260.1,514.5,472.2,480.6,366.1,-0.07,-0.14,0.16,-0.01
127,4.233,4,0,person,0.562,722.3,251.0,799.5,443.3,760.9,347.2,1.58,-0.4,1.63,-4.15
128,4.267,1,0,person,0.866,321.9,289.1,427.2,520.6,374.5,404.9,-0.14,-0.18,0.23,-0.53
128,4.267,2,0,person,0.731,446.7,260.5,514.3,472.4,480.5,366.4,-0.11,0.31,0.33,0.45
128,4.267,4,0,person,0.431,723.1,252.4,798.3,439.3,760.7,345.8,-0.17,-1.32,1.33,-0.92
129,4.3,1,0,person,0.864,321.9,289.2,426.2,517.8,374.1,403.5,-0.48,-1.39,1.47,-1.21
129,4.3,2,0,person,0.702,447.0,260.4,514.6,472.5,480.8,366.4,0.3,-0.0,0.3,-0.31
129,4.3,4,0,person,0.539,722.7,250.6,799.4,440.2,761.1,345.4,0.35,-0.43,0.55,0.89
129,4.3,11,7,truck,0.335,0.3,111.7,434.7,282.2,217.5,196.9,0.0,0.0,0.0,0.0
130,4.333,1,0,person,0.865,321.7,289.4,426.9,520.0,374.3,404.7,0.24,1.23,1.25,2.62
130,4.333,2,0,person,0.689,447.3,260.5,514.7,472.3,481.0,366.4,0.24,-0.01,0.24,-0.01
130,4.333,4,0,person,0.393,724.4,252.7,801.4,441.5,762.9,347.1,1.85,1.67,2.49,2.09
130,4.333,11,7,truck,0.348,0.3,111.3,435.2,282.0,217.7,196.7,0.26,-0.3,0.39,-0.3
131,4.367,1,0,person,0.87,321.9,289.7,427.4,521.0,374.7,405.3,0.36,0.63,0.73,-0.6
131,4.367,2,0,person,0.647,448.5,261.4,515.4,471.4,482.0,366.4,0.94,-0.0,0.94,0.01
131,4.367,4,0,person,0.371,729.0,255.1,805.2,441.9,767.1,348.5,4.2,1.44,4.44,-0.22
131,4.367,11,7,truck,0.386,0.6,111.1,435.1,281.6,217.9,196.4,0.11,-0.28,0.3,0.01
132,4.4,1,0,person,0.877,322.1,289.9,427.5,520.9,374.8,405.4,0.14,0.04,0.14,-0.6
132,4.4,2,0,person,0.646,449.1,261.8,515.5,470.7,482.3,366.2,0.3,-0.18,0.34,-0.18
132,4.4,11,7,truck,0.38,0.4,111.0,435.5,281.7,218.0,196.3,0.1,-0.04,0.11,0.24
133,4.433,1,0,person,0.872,322.5,290.1,427.8,520.5,375.1,405.3,0.32,-0.07,0.33,-0.1
133,4.433,2,0,person,0.63,449.2,261.9,515.5,470.7,482.4,366.3,0.11,0.04,0.12,0.21
133,4.433,11,7,truck,0.352,0.4,110.9,435.8,281.7,218.1,196.3,0.11,-0.02,0.11,0.02
133,4.433,4,0,person,0.336,734.6,254.5,810.9,442.8,772.8,348.7,2.84,0.07,2.84,-0.68
134,4.467,1,0,person,0.869,322.6,290.1,427.0,518.0,374.8,404.1,-0.32,-1.25,1.29,-1.18
134,4.467,2,0,person,0.672,449.7,262.7,515.9,471.7,482.8,367.2,0.4,0.9,0.98,0.86
134,4.467,11,7,truck,0.357,0.0,110.5,436.1,281.7,218.1,196.1,0.01,-0.23,0.23,-0.2
134,4.467,13,0,person,0.416,609.9,241.4,704.8,327.1,657.3,284.3,0.0,0.0,0.0,0.0
134,4.467,4,0,person,0.59,738.3,251.4,814.3,441.3,776.3,346.3,3.54,-2.35,4.25,-2.42
135,4.5,1,0,person,0.867,322.5,290.2,426.7,517.3,374.6,403.7,-0.21,-0.34,0.4,0.91
135,4.5,2,0,person,0.7,450.0,263.3,515.9,471.9,482.9,367.6,0.15,0.4,0.43,-0.5
135,4.5,11,7,truck,0.355,0.0,110.4,436.6,281.9,218.3,196.1,0.24,0.07,0.25,0.3
135,4.5,13,0,person,0.411,607.4,237.0,707.3,327.4,657.3,282.2,0.01,-2.07,2.07,-2.07
135,4.5,4,0,person,0.611,741.7,247.8,816.9,439.1,779.3,343.4,2.98,-2.89,4.15,-0.54
136,4.533,1,0,person,0.872,322.3,290.2,426.5,516.8,374.4,403.5,-0.18,-0.21,0.28,0.13
136,4.533,2,0,person,0.729,450.3,263.8,516.0,472.6,483.1,368.2,0.21,0.62,0.65,0.22
136,4.533,11,7,truck,0.354,0.0,110.4,436.8,282.3,218.4,196.3,0.11,0.18,0.21,0.11
136,4.533,13,0,person,0.442,607.6,234.5,709.2,326.8,658.4,280.7,1.06,-1.52,1.86,0.55
136,4.533,4,0,person,0.545,741.7,242.6,818.1,440.6,779.9,341.6,0.6,-1.85,1.95,1.04
137,4.567,1,0,person,0.869,322.2,290.3,426.6,517.1,374.4,403.7,0.03,0.18,0.18,0.39
137,4.567,2,0,person,0.695,450.5,264.4,516.2,472.9,483.3,368.7,0.2,0.46,0.5,-0.16
137,4.567,11,7,truck,0.316,0.0,110.7,437.1,282.6,218.5,196.6,0.12,0.31,0.33,0.13
137,4.567,13,0,person,0.434,609.5,235.1,709.5,326.3,659.5,280.7,1.12,0.01,1.13,1.53
137,4.567,4,0,person,0.31,741.8,240.8,818.1,441.9,779.9,341.4,0.03,-0.22,0.22,1.63
138,4.6,1,0,person,0.868,322.6,290.4,426.7,516.2,374.6,403.3,0.2,-0.42,0.47,-0.6
138,4.6,2,0,person,0.696,450.7,264.9,515.9,472.0,483.3,368.5,-0.06,-0.2,0.21,-0.66
138,4.6,11,7,truck,0.371,0.1,111.0,437.3,283.0,218.7,197.0,0.19,0.38,0.42,0.06
138,4.6,13,0,person,0.506,611.4,234.8,711.3,326.2,661.4,280.5,1.82,-0.16,1.83,-0.17
139,4.633,1,0,person,0.871,322.6,290.5,426.5,515.5,374.5,403.0,-0.1,-0.28,0.3,0.14
139,4.633,2,0,person,0.649,450.6,265.1,515.9,472.1,483.3,368.6,-0.02,0.15,0.15,0.35
139,4.633,11,7,truck,0.347,0.2,111.2,437.0,283.0,218.6,197.1,-0.11,0.11,0.16,-0.27
139,4.633,13,0,person,0.46,615.0,233.6,714.2,324.5,664.6,279.1,3.26,-1.47,3.58,-1.31
140,4.667,1,0,person,0.872,322.5,290.5,426.4,515.1,374.4,402.8,-0.09,-0.16,0.18,0.13
140,4.667,2,0,person,0.625,450.2,265.8,515.5,472.6,482.9,369.2,-0.4,0.57,0.7,0.42
140,4.667,11,7,truck,0.31,0.2,111.3,436.4,282.9,218.3,197.1,-0.29,-0.03,0.29,-0.14
140,4.667,13,0,person,0.472,615.9,233.2,714.0,323.5,665.0,278.3,0.37,-0.72,0.81,0.75
141,4.7,1,0,person,0.868,322.4,290.7,426.5,515.5,374.5,403.1,0.03,0.25,0.25,0.41
141,4.7,2,0,person,0.719,449.8,265.5,515.5,473.1,482.7,369.3,-0.2,0.12,0.23,-0.45
141,4.7,13,0,person,0.52,616.0,233.9,713.2,324.2,664.6,279.0,-0.42,0.69,0.81,1.41
141,4.7,4,0,person,0.314,738.7,240.0,816.1,447.0,777.4,343.5,-0.64,0.54,0.84,0.19
142,4.733,1,0,person,0.868,322.5,290.8,426.9,515.8,374.7,403.3,0.24,0.25,0.35,0.0
142,4.733,2,0,person,0.739,449.4,265.3,515.6,473.8,482.5,369.6,-0.19,0.26,0.32,0.13
142,4.733,13,0,person,0.454,616.8,234.3,712.1,323.8,664.4,279.1,-0.16,0.04,0.16,-0.65
142,4.733,4,0,person,0.499,739.0,239.5,814.2,444.4,776.6,342.0,-0.74,-1.55,1.72,-2.1
143,4.767,1,0,person,0.873,322.1,290.8,426.9,516.0,374.5,403.4,-0.2,0.08,0.21,-0.18
143,4.767,2,0,person,0.647,449.6,265.0,516.1,473.7,482.8,369.3,0.36,-0.24,0.43,-0.5
143,4.767,13,0,person,0.72,592.2,234.9,733.8,373.5,663.0,304.2,-1.41,25.14,25.18,25.1
143,4.767,4,0,person,0.752,737.0,240.8,812.5,450.0,774.7,345.4,-1.9,3.42,3.91,4.97
144,4.8,1,0,person,0.874,322.2,291.2,427.1,516.0,374.6,403.6,0.13,0.22,0.25,0.15
144,4.8,2,0,person,0.603,450.0,265.0,516.6,473.6,483.3,369.3,0.43,-0.03,0.43,0.21
144,4.8,13,0,person,0.745,583.6,234.9,736.9,391.9,660.3,313.4,-2.75,9.21,9.61,-15.93
144,4.8,4,0,person,0.725,736.2,242.6,810.2,449.9,773.2,346.3,-1.54,0.87,1.77,-2.55
145,4.833,1,0,person,0.876,321.9,291.5,426.8,516.0,374.3,403.7,-0.31,0.08,0.32,-0.14
145,4.833,2,0,person,0.638,450.0,265.4,516.8,473.2,483.4,369.3,0.08,-0.02,0.08,0.01
145,4.833,13,0,person,0.726,579.1,234.6,733.6,400.4,656.4,317.5,-3.89,4.06,5.63,-5.15
145,4.833,4,0,person,0.693,735.4,244.9,808.2,450.6,771.8,347.8,-1.4,1.49,2.05,0.62
146,4.867,1,0,person,0.874,321.4,291.7,426.6,516.4,374.0,404.1,-0.32,0.38,0.49,0.3
146,4.867,2,0,person,0.603,449.7,265.7,516.6,472.7,483.1,369.2,-0.23,-0.09,0.25,-0.07
146,4.867,13,0,person,0.743,570.7,233.8,724.3,404.5,647.5,319.1,-8.83,1.66,8.99,-2.4
146,4.867,4,0,person,0.57,734.9,247.3,806.2,449.7,770.5,348.5,-1.28,0.71,1.47,-0.78
147,4.9,1,0,person,0.873,321.4,291.8,426.9,516.6,374.1,404.2,0.12,0.14,0.18,-0.25
147,4.9,2,0,person,0.671,448.6,266.1,516.0,472.9,482.3,369.5,-0.82,0.31,0.88,0.4
147,4.9,13,0,person,0.71,568.2,233.9,717.8,406.1,643.0,320.0,-4.54,0.89,4.62,-0.77
148,4.933,1,0,person,0.872,320.7,291.9,426.3,516.5,373.5,404.2,-0.65,-0.01,0.65,-0.15
148,4.933,2,0,person,0.688,448.2,266.2,515.9,472.7,482.0,369.4,-0.27,-0.04,0.28,-0.35
148,4.933,13,0,person,0.64,568.1,234.1,712.2,405.8,640.1,320.0,-2.87,-0.06,2.88,-0.96
148,4.933,4,0,person,0.366,731.9,253.2,802.9,451.5,767.4,352.4,-1.56,1.95,2.5,0.62
149,4.967,1,0,person,0.874,320.4,291.9,426.4,517.1,373.4,404.5,-0.07,0.29,0.3,0.3
149,4.967,2,0,person,0.663,447.5,265.8,515.6,472.9,481.6,369.4,-0.45,-0.09,0.45,-0.05
149,4.967,13,0,person,0.639,571.9,235.3,706.8,401.6,639.4,318.4,-0.74,-1.53,1.7,-1.47
149,4.967,4,0,person,0.598,729.2,250.8,803.4,453.9,766.3,352.3,-1.08,-0.01,1.08,-1.96
150,5.0,1,0,person,0.871,320.0,291.8,426.4,517.4,373.2,404.6,-0.25,0.11,0.27,-0.18
150,5.0,2,0,person,0.586,446.6,265.6,515.4,473.6,481.0,369.6,-0.56,0.25,0.61,0.34
150,5.0,13,0,person,0.677,582.8,236.8,705.5,395.0,644.1,315.9,4.75,-2.52,5.38,-0.99
150,5.0,4,0,person,0.625,730.6,250.5,805.8,455.4,768.2,353.0,1.92,0.62,2.02,0.63
151,5.033,1,0,person,0.866,319.9,291.8,426.4,517.3,373.2,404.6,0.0,-0.03,0.03,-0.13
151,5.033,2,0,person,0.632,446.0,265.1,515.5,473.9,480.8,369.5,-0.25,-0.13,0.28,-0.38
151,5.033,13,0,person,0.577,587.9,239.6,704.0,396.4,645.9,318.0,1.82,2.08,2.76,4.6
151,5.033,4,0,person,0.519,734.7,251.7,808.9,452.6,771.8,352.1,3.61,-0.82,3.7,-1.44
152,5.067,1,0,person,0.858,319.2,291.9,425.9,518.0,372.6,404.9,-0.61,0.35,0.7,0.37
152,5.067,2,0,person,0.705,446.0,265.3,515.7,473.6,480.8,369.4,0.07,-0.03,0.07,0.1
152,5.067,13,0,person,0.566,590.1,241.9,701.2,399.0,645.7,320.5,-0.29,2.47,2.49,0.39
152,5.067,4,0,person,0.549,736.4,255.5,809.0,449.4,772.7,352.4,0.87,0.31,0.93,1.13
153,5.1,1,0,person,0.856,318.8,292.0,425.4,518.2,372.1,405.1,-0.42,0.17,0.45,-0.18
153,5.1,2,0,person,0.712,446.0,265.4,515.8,473.6,480.9,369.5,0.05,0.05,0.07,0.09
153,5.1,13,0,person,0.512,591.6,242.9,699.0,401.7,645.3,322.3,-0.33,1.83,1.86,-0.64
153,5.1,4,0,person,0.488,738.7,257.8,809.4,443.9,774.1,350.8,1.35,-1.6,2.09,-1.91
154,5.133,1,0,person,0.854,317.9,292.1,424.6,518.7,371.3,405.4,-0.88,0.34,0.94,0.17
154,5.133,2,0,person,0.731,445.9,266.0,516.1,474.1,481.0,370.1,0.1,0.6,0.6,0.54
154,5.133,13,0,person,0.478,596.4,242.0,695.2,393.6,645.8,317.8,0.49,-4.51,4.53,-6.34
154,5.133,4,0,person,0.48,739.6,257.2,808.8,437.0,774.2,347.1,0.14,-3.75,3.76,-2.15
155,5.167,1,0,person,0.854,317.4,292.0,423.9,518.2,370.7,405.1,-0.6,-0.31,0.67,-0.64
155,5.167,2,0,person,0.669,444.8,266.1,515.4,474.2,480.1,370.1,-0.91,0.04,0.91,-0.55
155,5.167,13,0,person,0.538,597.6,243.3,696.0,399.4,646.8,321.4,0.97,3.56,3.69,8.07
156,5.2,1,0,person,0.848,317.9,292.0,424.3,517.7,371.1,404.9,0.44,-0.24,0.5,0.06
156,5.2,2,0,person,0.685,444.4,266.6,515.2,474.3,479.8,370.4,-0.29,0.27,0.4,0.23
156,5.2,13,0,person,0.436,600.6,246.1,696.2,401.5,648.4,323.8,1.62,2.46,2.94,-1.11
156,5.2,4,0,person,0.4,736.3,245.1,809.8,434.7,773.1,339.9,-0.57,-3.6,3.65,0.07
157,5.233,1,0,person,0.846,317.8,292.0,424.7,518.2,371.3,405.1,0.16,0.23,0.29,0.48
157,5.233,2,0,person,0.735,444.1,267.3,515.1,474.5,479.6,370.9,-0.23,0.51,0.56,0.24
157,5.233,13,0,person,0.509,598.0,243.6,692.6,402.5,645.3,323.0,-3.13,-0.78,3.22,-3.24
157,5.233,4,0,person,0.373,735.6,242.5,809.0,432.6,772.3,337.5,-0.77,-2.34,2.46,1.27
158,5.267,1,0,person,0.843,317.8,291.7,425.0,518.8,371.4,405.3,0.12,0.15,0.19,-0.08
158,5.267,2,0,person,0.769,444.4,267.1,515.7,474.6,480.1,370.9,0.52,-0.05,0.53,-0.56
158,5.267,13,0,person,0.503,598.4,243.0,691.4,403.3,644.9,323.2,-0.4,0.16,0.43,0.94
158,5.267,4,0,person,0.624,735.3,240.5,809.2,432.6,772.3,336.5,-0.02,-1.02,1.02,1.31
159,5.3,1,0,person,0.852,317.5,291.7,424.8,519.0,371.1,405.4,-0.23,0.09,0.24,-0.06
159,5.3,2,0,person,0.75,444.6,267.3,516.1,474.5,480.4,370.9,0.27,0.03,0.27,0.08
159,5.3,13,0,person,0.531,597.1,244.9,685.6,402.4,641.3,323.7,-3.54,0.48,3.57,0.32
159,5.3,4,0,person,0.626,734.8,243.0,806.9,431.6,770.9,337.3,-1.4,0.78,1.6,1.81
160,5.333,1,0,person,0.848,317.4,291.8,424.9,519.2,371.2,405.5,0.02,0.13,0.13,0.03
160,5.333,2,0,person,0.761,443.0,267.8,514.8,476.2,478.9,372.0,-1.47,1.11,1.84,1.08
160,5.333,13,0,person,0.487,599.4,249.2,682.1,401.0,640.8,325.1,-0.57,1.41,1.52,0.93
160,5.333,4,0,person,0.691,733.1,247.1,802.7,429.7,767.9,338.4,-2.93,1.09,3.13,0.3
161,5.367,1,0,person,0.847,317.1,292.2,424.5,519.6,370.8,405.9,-0.37,0.38,0.53,0.25
161,5.367,2,0,person,0.735,443.8,267.6,515.2,474.9,479.5,371.3,0.58,-0.74,0.94,-1.86
161,5.367,13,0,person,0.539,599.1,246.8,680.2,400.3,639.7,323.6,-1.12,-1.51,1.88,-2.91
161,5.367,4,0,person,0.667,731.4,248.3,800.1,429.8,765.7,339.0,-2.2,0.64,2.29,-0.45
162,5.4,1,0,person,0.843,316.6,292.3,423.9,519.8,370.3,406.0,-0.52,0.15,0.54,-0.22
162,5.4,2,0,person,0.717,443.9,267.7,515.4,474.6,479.6,371.1,0.17,-0.12,0.21,0.62
162,5.4,13,0,person,0.545,601.4,248.6,679.3,400.5,640.3,324.6,0.68,1.01,1.22,2.52
162,5.4,4,0,person,0.658,730.3,249.3,797.5,427.4,763.9,338.4,-1.87,-0.67,1.99,-1.3
163,5.433,1,0,person,0.844,315.5,292.1,422.7,520.0,369.1,406.1,-1.18,0.04,1.18,-0.12
163,5.433,2,0,person,0.753,443.2,267.8,514.3,474.3,478.8,371.1,-0.88,-0.06,0.88,0.06
163,5.433,13,0,person,0.677,601.6,247.3,678.5,401.2,640.1,324.2,-0.28,-0.36,0.45,-1.37
163,5.433,4,0,person,0.778,731.6,249.2,791.9,407.5,761.8,328.4,-2.1,-9.99,10.21,-9.32
164,5.467,1,0,person,0.851,315.0,292.2,421.9,520.0,368.5,406.1,-0.62,0.03,0.62,-0.01
164,5.467,2,0,person,0.736,443.5,268.1,514.4,474.2,479.0,371.2,0.19,0.07,0.2,0.13
164,5.467,13,0,person,0.697,602.4,246.4,677.7,400.8,640.1,323.6,0.02,-0.59,0.59,-0.23
164,5.467,4,0,person,0.76,732.0,249.3,788.9,396.9,760.5,323.1,-1.31,-5.25,5.41,4.75
165,5.5,1,0,person,0.858,314.6,292.3,421.2,520.3,367.9,406.3,-0.59,0.21,0.63,0.18
165,5.5,2,0,person,0.756,443.4,268.4,514.0,474.4,478.7,371.4,-0.27,0.22,0.35,0.15
165,5.5,13,0,person,0.671,603.3,245.4,676.8,399.5,640.1,322.4,-0.01,-1.18,1.18,-0.59
165,5.5,4,0,person,0.762,731.6,248.8,787.6,392.2,759.6,320.5,-0.84,-2.6,2.73,2.65
166,5.533,1,0,person,0.859,314.5,292.4,420.9,520.4,367.7,406.4,-0.18,0.11,0.2,-0.1
166,5.533,2,0,person,0.77,443.3,268.1,513.9,474.7,478.6,371.4,-0.08,-0.03,0.09,-0.25
166,5.533,13,0,person,0.658,604.0,244.6,676.6,400.4,640.3,322.5,0.26,0.06,0.26,1.24
166,5.533,4,0,person,0.752,731.3,248.1,787.8,391.0,759.6,319.6,-0.06,-0.95,0.95,1.65
167,5.567,1,0,person,0.857,314.5,292.8,420.5,520.4,367.5,406.6,-0.23,0.2,0.31,0.09
167,5.567,2,0,person,0.755,443.0,268.3,513.3,474.8,478.1,371.6,-0.48,0.2,0.52,0.23
167,5.567,13,0,person,0.625,604.4,244.5,676.0,401.2,640.2,322.8,-0.16,0.33,0.37,0.27
167,5.567,4,0,person,0.789,731.1,248.0,788.6,391.5,759.9,319.8,0.32,0.19,0.37,1.14
168,5.6,1,0,person,0.859,314.6,292.9,420.6,520.8,367.6,406.9,0.16,0.25,0.3,0.05
168,5.6,2,0,person,0.762,442.6,268.4,512.4,474.7,477.5,371.6,-0.64,0.03,0.64,-0.17
168,5.6,13,0,person,0.553,602.4,246.6,673.4,403.1,637.9,324.9,-2.27,2.02,3.04,1.69
168,5.6,4,0,person,0.808,731.6,247.5,790.2,391.7,760.9,319.6,1.03,-0.13,1.04,-0.32
169,5.633,1,0,person,0.861,314.4,293.0,420.5,521.2,367.4,407.1,-0.19,0.22,0.29,-0.03
169,5.633,2,0,person,0.753,442.1,267.9,511.2,474.1,476.6,371.0,-0.88,-0.55,1.04,-0.59
169,5.633,13,0,person,0.525,599.9,247.4,672.1,404.0,636.0,325.7,-1.91,0.83,2.08,-1.19
169,5.633,4,0,person,0.8,732.4,246.2,793.1,393.0,762.7,319.6,1.82,-0.01,1.82,0.12
170,5.667,1,0,person,0.864,314.2,293.0,420.4,521.7,367.3,407.3,-0.17,0.27,0.32,0.04
170,5.667,2,0,person,0.781,442.2,268.0,510.5,473.6,476.4,370.8,-0.24,-0.26,0.35,0.3
170,5.667,13,0,person,0.606,600.1,249.0,674.1,404.8,637.1,326.9,1.1,1.19,1.62,0.36
170,5.667,4,0,person,0.763,733.1,245.3,795.2,394.1,764.2,319.7,1.46,0.09,1.46,0.1
171,5.7,1,0,person,0.861,314.2,292.9,420.5,522.0,367.3,407.5,0.07,0.12,0.14,-0.15
171,5.7,2,0,person,0.794,442.1,267.6,510.1,473.7,476.1,370.6,-0.27,-0.13,0.3,0.13
171,5.7,13,0,person,0.56,600.0,251.3,674.7,404.7,637.4,328.0,0.26,1.09,1.12,-0.1
171,5.7,4,0,person,0.743,733.0,243.7,796.7,395.3,764.8,319.5,0.64,-0.23,0.68,-0.32
172,5.733,1,0,person,0.862,314.4,293.1,420.5,521.9,367.4,407.5,0.07,-0.0,0.07,-0.12
172,5.733,2,0,person,0.777,442.3,267.8,509.8,473.6,476.0,370.7,-0.07,0.0,0.07,0.14
172,5.733,13,0,person,0.595,601.3,248.1,677.6,404.4,639.5,326.2,2.11,-1.74,2.73,-2.83
172,5.733,4,0,person,0.735,734.1,242.3,798.9,396.5,766.5,319.4,1.68,-0.07,1.69,0.16
173,5.767,1,0,person,0.857,314.2,293.2,420.2,522.0,367.2,407.6,-0.22,0.12,0.25,0.12
173,5.767,2,0,person,0.806,442.4,267.7,509.5,473.5,475.9,370.6,-0.12,-0.03,0.12,-0.03
173,5.767,13,0,person,0.591,602.2,249.2,678.5,404.7,640.4,327.0,0.91,0.72,1.16,2.46
173,5.767,4,0,person,0.711,734.3,241.6,800.5,399.9,767.4,320.8,0.88,1.35,1.62,1.43
174,5.8,1,0,person,0.859,314.0,293.2,419.9,522.0,366.9,407.6,-0.28,0.04,0.29,-0.08
174,5.8,2,0,person,0.81,442.7,267.6,509.4,473.3,476.1,370.4,0.15,-0.18,0.23,-0.15
174,5.8,13,0,person,0.599,602.1,246.8,678.7,404.0,640.4,325.4,0.01,-1.58,1.58,-2.3
174,5.8,4,0,person,0.743,735.5,242.0,801.8,401.2,768.6,321.6,1.26,0.86,1.52,-0.49
175,5.833,1,0,person,0.853,314.0,293.4,419.9,522.2,367.0,407.8,0.05,0.15,0.16,0.1
175,5.833,2,0,person,0.787,442.6,267.3,509.1,473.2,475.8,370.2,-0.22,-0.2,0.3,-0.03
175,5.833,13,0,person,0.538,601.3,246.9,677.3,404.2,639.3,325.5,-1.06,0.16,1.08,1.73
175,5.833,4,0,person,0.713,735.6,242.6,802.1,403.1,768.9,322.8,0.21,1.22,1.23,0.36
176,5.867,1,0,person,0.851,314.1,293.6,420.0,522.5,367.1,408.0,0.09,0.24,0.26,0.1
176,5.867,2,0,person,0.767,441.9,268.0,508.2,473.5,475.0,370.8,-0.8,0.51,0.95,0.71
176,5.867,13,0,person,0.575,601.7,250.4,675.0,403.4,638.3,326.9,-0.96,1.35,1.66,1.19
176,5.867,4,0,person,0.729,735.3,243.2,800.6,400.2,768.0,321.7,-0.9,-1.12,1.44,-2.34
177,5.9,1,0,person,0.854,313.9,293.6,419.9,522.6,366.9,408.1,-0.18,0.08,0.2,-0.16
177,5.9,2,0,person,0.766,442.2,268.8,508.2,474.2,475.2,371.5,0.19,0.72,0.75,0.21
177,5.9,13,0,person,0.569,601.6,252.8,672.4,402.0,637.0,327.4,-1.32,0.5,1.41,-0.85
177,5.9,4,0,person,0.718,734.7,242.9,800.2,400.4,767.4,321.7,-0.54,-0.03,0.54,1.09
178,5.933,1,0,person,0.853,313.3,293.7,419.4,522.8,366.4,408.2,-0.51,0.13,0.52,0.05
178,5.933,2,0,person,0.747,443.5,269.2,509.7,475.9,476.6,372.6,1.37,1.09,1.76,0.37
178,5.933,13,0,person,0.52,601.8,250.3,671.9,400.5,636.9,325.4,-0.13,-2.0,2.01,-2.5
178,5.933,4,0,person,0.695,734.7,243.0,799.8,399.3,767.2,321.2,-0.19,-0.52,0.56,-0.49
179,5.967,1,0,person,0.85,313.3,293.9,419.3,522.8,366.3,408.3,-0.06,0.11,0.13,-0.02
179,5.967,2,0,person,0.765,443.9,269.5,510.0,476.4,477.0,373.0,0.38,0.4,0.55,-0.7
179,5.967,13,0,person,0.546,603.1,248.1,670.5,394.3,636.8,321.2,-0.06,-4.19,4.19,-2.19
179,5.967,4,0,person,0.72,735.1,243.7,799.6,398.7,767.4,321.2,0.14,0.06,0.15,0.59
180,6.0,1,0,person,0.851,312.7,294.3,418.8,522.7,365.7,408.5,-0.57,0.18,0.6,0.07
180,6.0,2,0,person,0.779,444.0,269.3,510.1,476.8,477.1,373.1,0.1,0.13,0.17,-0.27
180,6.0,13,0,person,0.578,605.5,249.5,669.1,387.9,637.3,318.7,0.46,-2.48,2.52,1.71
180,6.0,4,0,person,0.734,734.8,243.9,799.5,399.3,767.1,321.6,-0.22,0.37,0.43,0.31
181,6.033,1,0,person,0.848,311.4,294.0,417.8,523.2,364.6,408.6,-1.16,0.08,1.17,-0.11
181,6.033,2,0,person,0.742,444.0,269.1,509.9,476.8,477.0,372.9,-0.14,-0.17,0.22,-0.3
181,6.033,13,0,person,0.58,606.8,249.6,668.1,383.9,637.4,316.8,0.15,-1.95,1.95,0.54
181,6.033,4,0,person,0.755,732.6,244.1,797.6,398.8,765.1,321.4,-2.03,-0.15,2.03,-0.52
182,6.067,1,0,person,0.845,310.9,293.6,417.5,523.6,364.2,408.6,-0.38,0.04,0.38,-0.04
182,6.067,2,0,person,0.679,443.3,269.1,508.4,475.2,475.9,372.1,-1.09,-0.79,1.34,-0.62
182,6.067,13,0,person,0.652,606.8,247.1,668.8,384.0,637.8,315.5,0.34,-1.23,1.28,0.71
182,6.067,4,0,person,0.769,730.4,243.6,795.9,397.2,763.2,320.4,-1.93,-1.02,2.18,-0.87
183,6.1,1,0,person,0.85,310.8,293.2,417.5,524.0,364.2,408.6,-0.01,-0.01,0.02,-0.05
183,6.1,2,0,person,0.72,442.9,269.1,507.6,474.4,475.2,371.7,-0.63,-0.39,0.73,0.41
183,6.1,13,0,person,0.675,607.1,245.4,669.5,384.6,638.3,315.0,0.5,-0.53,0.73,0.7
183,6.1,4,0,person,0.754,728.1,244.2,794.4,397.4,761.3,320.8,-1.92,0.41,1.96,1.43
184,6.133,1,0,person,0.854,310.6,292.9,417.4,524.3,364.0,408.6,-0.21,-0.06,0.22,-0.05
184,6.133,2,0,person,0.684,442.7,268.9,507.2,473.7,475.0,371.3,-0.29,-0.44,0.53,-0.05
184,6.133,13,0,person,0.685,606.9,246.5,669.3,387.2,638.1,316.9,-0.16,1.86,1.87,2.39
184,6.133,4,0,person,0.718,725.0,244.3,792.7,397.2,758.8,320.7,-2.43,-0.12,2.43,-0.53
185,6.167,1,0,person,0.872,311.0,292.9,417.5,524.1,364.3,408.5,0.29,-0.07,0.3,-0.01
185,6.167,2,0,person,0.71,442.1,268.7,506.4,473.2,474.3,370.9,-0.69,-0.37,0.78,0.07
185,6.167,13,0,person,0.678,608.0,245.0,669.9,385.8,638.9,315.4,0.83,-1.44,1.66,-3.3
185,6.167,4,0,person,0.712,722.5,244.6,790.7,396.4,756.6,320.5,-2.25,-0.2,2.26,-0.08
186,6.2,1,0,person,0.876,311.6,292.8,417.9,524.1,364.7,408.4,0.47,-0.07,0.47,-0.0
186,6.2,2,0,person,0.725,441.3,268.3,505.4,472.1,473.3,370.2,-0.93,-0.73,1.19,-0.36
186,6.2,13,0,person,0.71,608.6,245.4,669.3,384.9,638.9,315.1,-0.01,-0.3,0.3,1.14
186,6.2,4,0,person,0.726,720.7,245.1,788.9,395.6,754.8,320.4,-1.79,-0.14,1.8,0.06
187,6.233,1,0,person,0.879,311.9,292.4,418.2,523.4,365.0,407.9,0.32,-0.53,0.61,-0.45
187,6.233,2,0,person,0.754,440.9,268.2,505.0,471.6,473.0,369.9,-0.38,-0.29,0.48,0.44
187,6.233,13,0,person,0.725,608.9,244.7,669.1,384.3,639.0,314.5,0.06,-0.64,0.64,-0.34
187,6.233,4,0,person,0.73,720.5,245.6,788.7,395.1,754.6,320.4,-0.2,-0.0,0.2,0.14
188,6.267,1,0,person,0.885,311.9,292.3,418.6,523.2,365.3,407.7,0.23,-0.19,0.29,0.34
188,6.267,2,0,person,0.744,440.5,268.6,504.3,471.4,472.4,370.0,-0.53,0.07,0.53,0.35
188,6.267,13,0,person,0.768,609.1,242.2,669.4,383.5,639.3,312.8,0.26,-1.65,1.67,-1.01
188,6.267,4,0,person,0.705,719.9,245.4,789.1,396.6,754.5,321.0,-0.07,0.62,0.62,0.62
189,6.3,1,0,person,0.884,311.6,292.0,419.0,523.2,365.3,407.6,0.05,-0.12,0.13,0.07
189,6.3,2,0,person,0.769,439.7,268.6,503.6,471.4,471.7,370.0,-0.74,0.02,0.74,-0.04
189,6.3,13,0,person,0.783,609.2,240.3,669.7,383.5,639.4,311.9,0.16,-0.97,0.99,0.68
189,6.3,4,0,person,0.745,719.9,245.4,789.2,396.7,754.6,321.0,0.05,0.05,0.07,-0.56
190,6.333,1,0,person,0.875,312.3,292.2,420.9,522.9,366.6,407.5,1.27,-0.05,1.27,0.07
190,6.333,2,0,person,0.756,439.3,268.5,503.2,471.7,471.3,370.1,-0.41,0.1,0.42,0.08
190,6.333,13,0,person,0.777,609.8,239.5,670.0,383.4,639.9,311.5,0.48,-0.41,0.63,0.56
190,6.333,4,0,person,0.749,720.3,245.3,790.1,396.7,755.2,321.0,0.64,-0.03,0.64,-0.08
191,6.367,1,0,person,0.867,312.0,292.2,422.3,523.3,367.1,407.8,0.55,0.21,0.59,0.26
191,6.367,2,0,person,0.735,439.3,268.7,503.2,472.1,471.3,370.4,-0.01,0.29,0.29,0.19
191,6.367,13,0,person,0.77,610.4,239.5,669.8,382.9,640.1,311.2,0.18,-0.24,0.31,0.17
191,6.367,4,0,person,0.771,721.0,245.5,790.8,396.2,755.9,320.9,0.66,-0.15,0.68,-0.12
192,6.4,1,0,person,0.863,311.7,292.0,423.7,523.8,367.7,407.9,0.55,0.11,0.56,-0.1
192,6.4,2,0,person,0.648,439.4,268.6,503.2,471.7,471.3,370.2,0.01,-0.24,0.24,-0.53
192,6.4,13,0,person,0.76,611.3,240.1,669.6,381.8,640.4,310.9,0.36,-0.29,0.46,-0.04
192,6.4,4,0,person,0.724,721.3,245.2,791.2,395.8,756.2,320.5,0.37,-0.36,0.51,-0.21
193,6.433,1,0,person,0.865,311.1,291.7,424.9,524.4,368.0,408.0,0.28,0.15,0.31,0.04
193,6.433,2,0,person,0.636,439.7,268.9,503.2,471.7,471.4,370.3,0.17,0.16,0.23,0.4
193,6.433,13,0,person,0.679,612.0,241.5,669.1,380.7,640.5,311.1,0.09,0.17,0.19,0.45
193,6.433,4,0,person,0.773,720.3,244.5,791.2,396.4,755.8,320.4,-0.47,-0.06,0.48,0.29
194,6.467,1,0,person,0.863,310.6,291.3,425.9,524.5,368.3,407.9,0.28,-0.12,0.3,-0.27
194,6.467,2,0,person,0.668,439.9,269.0,503.5,472.4,471.7,370.7,0.28,0.38,0.47,0.22
194,6.467,13,0,person,0.683,613.0,246.0,668.2,380.2,640.6,313.1,0.02,1.98,1.98,1.82
194,6.467,4,0,person,0.761,719.2,242.7,790.9,396.1,755.1,319.4,-0.7,-1.04,1.26,-0.98
195,6.5,1,0,person,0.868,310.2,291.1,426.8,524.4,368.5,407.7,0.27,-0.16,0.32,-0.04
195,6.5,2,0,person,0.709,440.1,269.1,503.7,472.5,471.9,370.8,0.19,0.13,0.23,-0.25
195,6.5,13,0,person,0.699,612.8,243.5,669.2,380.8,641.0,312.2,0.44,-0.89,0.99,-2.87
195,6.5,4,0,person,0.762,717.6,241.4,790.7,397.2,754.2,319.3,-0.9,-0.05,0.91,0.99
196,6.533,1,0,person,0.862,308.4,291.1,425.9,523.9,367.2,407.5,-1.34,-0.23,1.35,-0.07
196,6.533,2,0,person,0.748,440.0,269.2,503.7,473.3,471.9,371.3,-0.07,0.46,0.46,0.33
196,6.533,13,0,person,0.719,612.3,244.0,668.6,380.8,640.5,312.4,-0.54,0.23,0.59,1.12
196,6.533,4,0,person,0.754,716.8,240.2,790.8,397.3,753.8,318.7,-0.36,-0.62,0.72,-0.57
197,6.567,1,0,person,0.872,306.3,291.1,424.2,523.3,365.3,407.2,-1.93,-0.31,1.96,-0.08
197,6.567,2,0,person,0.785,440.1,268.9,503.9,473.5,472.0,371.2,0.15,-0.07,0.16,-0.52
197,6.567,13,0,person,0.726,612.4,244.6,668.0,379.8,640.2,312.2,-0.27,-0.2,0.33,-0.43
197,6.567,4,0,person,0.753,716.1,239.5,791.3,398.7,753.7,319.1,-0.09,0.36,0.37,0.98
198,6.6,1,0,person,0.878,305.3,290.9,423.6,523.0,364.5,407.0,-0.8,-0.2,0.82,0.11
198,6.6,2,0,person,0.79,440.3,269.1,504.0,473.6,472.1,371.3,0.12,0.14,0.18,0.2
198,6.6,13,0,person,0.74,612.6,246.7,667.2,379.3,639.9,313.0,-0.29,0.79,0.84,0.98
198,6.6,4,0,person,0.728,716.2,239.3,791.8,399.1,754.0,319.2,0.27,0.14,0.3,-0.23
199,6.633,1,0,person,0.882,303.8,291.1,422.3,523.1,363.1,407.1,-1.41,0.13,1.42,0.33
199,6.633,2,0,person,0.801,439.7,269.0,503.3,473.4,471.5,371.2,-0.62,-0.12,0.63,-0.25
199,6.633,13,0,person,0.76,611.8,244.8,667.8,380.8,639.8,312.8,-0.1,-0.16,0.19,-0.94
199,6.633,4,0,person,0.737,716.1,239.0,792.1,399.4,754.1,319.2,0.09,-0.02,0.09,-0.16
200,6.667,1,0,person,0.88,302.5,290.9,421.3,523.4,361.9,407.1,-1.17,0.04,1.17,-0.09
200,6.667,2,0,person,0.806,439.9,269.3,503.3,473.8,471.6,371.5,0.1,0.3,0.32,0.42
200,6.667,13,0,person,0.753,611.2,244.5,668.5,384.1,639.9,314.3,0.05,1.47,1.47,1.63
200,6.667,4,0,person,0.673,715.6,239.0,791.7,397.8,753.6,318.4,-0.46,-0.76,0.89,-0.74
201,6.7,1,0,person,0.881,301.9,290.7,420.6,522.9,361.2,406.8,-0.64,-0.3,0.71,-0.34
201,6.7,2,0,person,0.806,440.0,268.8,503.2,473.3,471.6,371.1,0.02,-0.47,0.47,-0.77
201,6.7,13,0,person,0.724,610.2,244.5,669.6,390.7,639.9,317.6,0.01,3.28,3.28,1.81
201,6.7,4,0,person,0.692,717.0,239.5,792.3,395.3,754.6,317.4,1.01,-1.01,1.43,-0.24
202,6.733,1,0,person,0.882,302.5,290.9,421.0,522.5,361.8,406.7,0.52,-0.13,0.53,0.17
202,6.733,2,0,person,0.815,440.0,268.6,503.1,473.1,471.6,370.8,-0.08,-0.21,0.23,0.25
202,6.733,13,0,person,0.707,609.4,244.9,670.6,396.7,640.0,320.8,0.11,3.17,3.18,-0.11
202,6.733,4,0,person,0.698,718.0,239.8,793.1,394.4,755.6,317.1,0.95,-0.33,1.0,0.68
203,6.767,1,0,person,0.88,302.8,290.3,421.7,522.8,362.2,406.6,0.47,-0.16,0.49,-0.03
203,6.767,2,0,person,0.833,438.8,268.2,502.2,473.2,470.5,370.7,-1.05,-0.14,1.06,0.07
203,6.767,13,0,person,0.723,607.8,244.5,670.7,400.1,639.3,322.3,-0.71,1.52,1.68,-1.65
203,6.767,4,0,person,0.657,718.2,241.4,792.5,393.7,755.3,317.6,-0.25,0.45,0.51,0.78
204,6.8,1,0,person,0.88,302.4,290.1,421.6,523.2,362.0,406.6,-0.25,0.08,0.27,0.24
204,6.8,2,0,person,0.829,437.7,267.8,501.3,472.9,469.5,370.3,-1.0,-0.35,1.06,-0.21
204,6.8,13,0,person,0.712,606.5,244.0,671.0,402.1,638.7,323.0,-0.52,0.76,0.92,-0.76
204,6.8,4,0,person,0.646,716.3,241.9,791.5,394.7,753.9,318.3,-1.43,0.77,1.63,0.32
205,6.833,1,0,person,0.875,302.1,289.8,421.6,523.3,361.8,406.6,-0.14,-0.08,0.16,-0.16
205,6.833,2,0,person,0.819,436.6,267.7,500.7,473.4,468.7,370.5,-0.86,0.17,0.88,0.52
205,6.833,13,0,person,0.74,606.2,243.7,673.3,402.6,639.8,323.1,1.01,0.09,1.01,-0.67
205,6.833,4,0,person,0.698,715.7,242.9,791.8,396.2,753.7,319.6,-0.17,1.24,1.25,0.46
206,6.867,1,0,person,0.875,302.1,290.0,421.7,523.3,361.9,406.6,0.07,0.08,0.1,0.16
206,6.867,2,0,person,0.785,435.7,268.6,499.9,473.1,467.8,370.8,-0.86,0.31,0.91,0.15
206,6.867,13,0,person,0.752,606.0,243.4,675.5,403.0,640.7,323.2,0.98,0.07,0.98,-0.03
206,6.867,4,0,person,0.732,716.4,243.8,793.1,396.8,754.7,320.3,1.02,0.78,1.28,-0.46
207,6.9,1,0,person,0.876,301.5,290.0,421.2,523.1,361.4,406.6,-0.51,-0.08,0.52,-0.16
207,6.9,2,0,person,0.763,434.2,269.4,498.6,472.9,466.4,371.2,-1.39,0.35,1.43,0.03
207,6.9,13,0,person,0.761,604.3,245.6,675.8,402.4,640.0,324.0,-0.71,0.77,1.05,0.7
207,6.9,4,0,person,0.721,716.7,244.4,793.7,397.0,755.2,320.7,0.45,0.37,0.58,-0.41
208,6.933,1,0,person,0.874,301.5,289.9,421.4,523.6,361.4,406.7,0.03,0.18,0.18,0.26
208,6.933,2,0,person,0.714,434.0,270.8,498.6,472.6,466.3,371.7,-0.1,0.54,0.54,0.19
208,6.933,13,0,person,0.772,602.9,246.8,676.7,401.4,639.8,324.1,-0.23,0.14,0.27,-0.63
208,6.933,4,0,person,0.661,716.0,244.3,793.6,396.7,754.8,320.5,-0.35,-0.19,0.4,-0.56
209,6.967,1,0,person,0.872,301.6,290.0,421.3,523.3,361.5,406.6,0.07,-0.1,0.13,-0.28
209,6.967,2,0,person,0.67,434.2,272.3,499.6,472.6,466.9,372.4,0.62,0.74,0.96,0.2
209,6.967,13,0,person,0.771,601.2,246.7,677.8,401.0,639.5,323.9,-0.29,-0.23,0.37,-0.37
209,6.967,4,0,person,0.747,715.5,244.2,794.1,397.1,754.8,320.6,-0.03,0.12,0.12,0.3
210,7.0,1,0,person,0.876,301.4,290.0,421.0,523.4,361.2,406.7,-0.32,0.06,0.33,0.16
210,7.0,2,0,person,0.604,433.8,273.8,499.5,472.6,466.7,373.2,-0.24,0.74,0.78,0.0
210,7.0,13,0,person,0.766,599.5,246.3,678.9,401.3,639.2,323.8,-0.3,-0.12,0.33,0.1
210,7.0,4,0,person,0.714,715.2,243.0,794.4,396.7,754.8,319.9,0.01,-0.78,0.78,-0.9
211,7.033,1,0,person,0.878,301.4,290.0,420.9,523.4,361.2,406.7,0.01,0.0,0.01,-0.06
211,7.033,2,0,person,0.476,432.9,274.4,497.7,469.1,465.3,371.7,-1.42,-1.44,2.02,-2.18
211,7.033,13,0,person,0.758,597.9,245.2,680.0,401.6,639.0,323.4,-0.26,-0.36,0.44,-0.24
211,7.033,4,0,person,0.636,714.6,242.3,794.3,396.8,754.5,319.5,-0.34,-0.34,0.48,0.44
212,7.067,1,0,person,0.879,301.8,290.2,420.9,523.1,361.3,406.7,0.17,-0.02,0.17,-0.02
212,7.067,2,0,person,0.493,432.6,275.0,496.4,465.8,464.5,370.4,-0.75,-1.39,1.58,0.05
212,7.067,13,0,person,0.754,596.9,244.2,681.9,402.7,639.4,323.5,0.44,0.06,0.44,0.42
212,7.067,4,0,person,0.698,714.4,242.9,793.7,397.2,754.1,320.1,-0.41,0.56,0.7,0.9
213,7.1,1,0,person,0.874,302.2,290.4,421.0,523.1,361.6,406.8,0.26,0.1,0.28,0.12
213,7.1,2,0,person,0.488,432.5,276.3,494.7,461.0,463.6,368.7,-0.89,-1.69,1.91,-0.3
213,7.1,13,0,person,0.732,596.3,244.1,683.0,402.3,639.7,323.2,0.26,-0.28,0.39,-0.34
213,7.1,4,0,person,0.692,713.4,243.2,792.5,397.8,752.9,320.5,-1.12,0.39,1.19,-0.18
214,7.133,1,0,person,0.872,302.2,290.5,420.9,523.2,361.6,406.8,-0.03,0.07,0.08,-0.02
214,7.133,2,0,person,0.496,435.5,276.1,497.5,456.2,466.5,366.1,2.89,-2.55,3.85,-0.86
214,7.133,13,0,person,0.74,596.7,245.2,684.2,401.7,640.4,323.4,0.77,0.26,0.82,0.55
214,7.133,4,0,person,0.688,712.3,242.6,791.5,398.3,751.9,320.5,-1.03,0.0,1.03,-0.38
215,7.167,1,0,person,0.865,302.2,290.8,420.9,523.3,361.5,407.0,-0.05,0.19,0.2,0.12
215,7.167,2,0,person,0.449,440.6,276.9,495.1,427.1,467.8,352.0,1.33,-14.12,14.18,-11.57
215,7.167,13,0,person,0.716,595.9,245.4,684.7,400.6,640.3,323.0,-0.11,-0.43,0.45,-0.7
215,7.167,4,0,person,0.683,712.5,241.3,792.0,398.1,752.3,319.7,0.36,-0.81,0.89,-0.82
216,7.2,1,0,person,0.858,302.2,291.1,421.0,523.6,361.6,407.3,0.05,0.29,0.3,0.1
216,7.2,13,0,person,0.686,596.1,245.1,685.6,398.7,640.9,321.9,0.54,-1.12,1.24,-0.69
216,7.2,4,0,person,0.684,714.3,240.4,793.8,397.8,754.1,319.1,1.79,-0.59,1.88,0.22
217,7.233,1,0,person,0.867,302.9,291.4,421.3,522.9,362.1,407.2,0.55,-0.17,0.58,-0.47
217,7.233,13,0,person,0.648,597.3,244.7,687.0,398.2,642.2,321.5,1.34,-0.4,1.39,0.72
217,7.233,4,0,person,0.701,716.0,240.0,795.5,397.9,755.7,319.0,1.66,-0.12,1.66,0.47
217,7.233,2,0,person,0.308,442.1,277.4,496.6,420.8,469.4,349.1,0.76,-1.46,1.65,6.33
218,7.267,1,0,person,0.857,303.2,291.6,421.4,522.6,362.3,407.1,0.16,-0.05,0.17,0.13
218,7.267,13,0,person,0.695,598.1,244.8,688.8,400.3,643.4,322.5,1.24,1.03,1.62,1.43
218,7.267,4,0,person,0.649,717.5,239.4,797.1,397.9,757.3,318.6,1.62,-0.33,1.66,-0.21
218,7.267,2,0,person,0.452,437.8,277.7,492.2,417.0,465.0,347.3,-4.35,-1.77,4.7,-0.31
219,7.3,1,0,person,0.859,303.5,291.8,421.4,522.4,362.4,407.1,0.13,0.01,0.13,0.06
219,7.3,13,0,person,0.698,598.7,243.8,689.2,399.5,643.9,321.6,0.51,-0.88,1.02,-1.91
219,7.3,4,0,person,0.589,718.5,238.9,798.4,398.4,758.4,318.7,1.1,0.05,1.1,0.38
219,7.3,2,0,person,0.342,435.5,280.5,489.3,414.8,462.4,347.7,-2.62,0.35,2.65,2.12
220,7.333,1,0,person,0.859,303.6,291.7,421.2,521.8,362.4,406.7,-0.02,-0.38,0.38,-0.39
220,7.333,13,0,person,0.694,600.5,243.3,691.5,401.2,646.0,322.2,2.03,0.58,2.11,1.46
220,7.333,4,0,person,0.611,724.9,238.2,803.6,398.1,764.3,318.2,5.83,-0.5,5.85,-0.56
220,7.333,2,0,person,0.345,434.3,280.5,488.7,413.5,461.5,347.0,-0.87,-0.67,1.1,-1.02
221,7.367,1,0,person,0.874,303.3,291.7,420.6,521.7,362.0,406.7,-0.45,-0.05,0.46,0.33
221,7.367,13,0,person,0.737,602.0,243.5,692.9,402.9,647.5,323.2,1.49,0.96,1.77,0.38
221,7.367,4,0,person,0.613,725.8,236.5,805.6,401.8,765.7,319.2,1.44,0.99,1.74,1.49
221,7.367,2,0,person,0.405,432.6,279.6,487.1,411.7,459.8,345.7,-1.66,-1.33,2.13,-0.66
222,7.4,1,0,person,0.875,302.8,291.5,420.2,522.0,361.5,406.8,-0.46,0.07,0.46,0.12
222,7.4,13,0,person,0.764,604.4,244.1,693.8,402.3,649.1,323.2,1.65,0.03,1.65,-0.93
222,7.4,4,0,person,0.634,728.9,234.5,807.5,401.0,768.2,317.8,2.48,-1.37,2.84,-2.36
222,7.4,2,0,person,0.346,431.1,280.0,485.6,410.9,458.4,345.5,-1.49,-0.2,1.5,1.13
223,7.433,1,0,person,0.874,302.3,291.7,419.5,522.3,360.9,407.0,-0.59,0.2,0.62,0.13
223,7.433,13,0,person,0.78,606.7,245.4,694.5,402.1,650.6,323.8,1.49,0.58,1.6,0.55
223,7.433,4,0,person,0.53,731.9,233.8,808.2,400.0,770.1,316.9,1.87,-0.91,2.08,0.46
224,7.467,1,0,person,0.871,301.2,292.0,418.7,523.3,360.0,407.7,-0.93,0.71,1.17,0.52
224,7.467,13,0,person,0.733,610.0,249.8,695.4,402.8,652.7,326.3,2.06,2.53,3.26,1.96
224,7.467,4,0,person,0.569,734.6,234.1,808.4,398.6,771.5,316.3,1.44,-0.53,1.54,0.38
224,7.467,2,0,person,0.434,431.2,268.1,490.3,411.2,460.7,339.6,1.19,-2.92,3.15,-1.36
225,7.5,1,0,person,0.871,300.6,292.4,418.4,523.9,359.5,408.1,-0.44,0.44,0.62,-0.27
225,7.5,13,0,person,0.707,614.5,260.7,694.0,402.3,654.3,331.5,1.6,5.19,5.43,2.66
225,7.5,4,0,person,0.596,735.0,234.7,808.0,400.7,771.5,317.7,0.04,1.32,1.32,1.85
226,7.533,1,0,person,0.845,300.0,292.8,418.2,524.0,359.1,408.4,-0.43,0.3,0.52,-0.14
226,7.533,13,0,person,0.704,618.7,268.1,695.1,402.8,656.9,335.4,2.63,3.95,4.74,-1.24
226,7.533,4,0,person,0.555,733.5,235.7,808.9,410.8,771.2,323.3,-0.37,5.61,5.63,4.29
227,7.567,1,0,person,0.856,299.6,292.6,418.6,523.4,359.1,408.0,-0.02,-0.38,0.38,-0.68
227,7.567,13,0,person,0.768,619.0,260.0,700.4,403.1,659.7,331.6,2.84,-3.86,4.79,-7.81
227,7.567,4,0,person,0.572,731.3,236.3,808.9,420.3,770.1,328.3,-1.05,5.04,5.15,-0.57
228,7.6,1,0,person,0.863,298.1,292.1,418.0,522.8,358.1,407.4,-1.02,-0.61,1.19,-0.23
228,7.6,13,0,person,0.784,619.7,256.9,703.5,403.4,661.6,330.1,1.87,-1.44,2.36,2.42
228,7.6,4,0,person,0.502,731.1,236.9,809.0,425.0,770.1,330.9,-0.03,2.6,2.6,-2.44
229,7.633,1,0,person,0.856,297.2,291.8,418.0,522.8,357.6,407.3,-0.45,-0.15,0.47,0.46
229,7.633,13,0,person,0.622,622.3,258.0,707.6,406.5,665.0,332.3,3.38,2.14,4.0,3.58
229,7.633,4,0,person,0.362,730.0,236.9,807.2,424.5,768.6,330.7,-1.47,-0.21,1.48,-2.82
230,7.667,1,0,person,0.846,297.5,291.7,419.0,523.3,358.3,407.5,0.67,0.23,0.71,0.38
230,7.667,13,0,person,0.653,629.7,276.8,706.6,407.6,668.2,342.2,3.2,9.9,10.4,7.76
230,7.667,4,0,person,0.533,729.6,237.7,807.5,427.3,768.5,332.5,-0.07,1.8,1.8,2.02
231,7.7,1,0,person,0.853,297.8,291.5,419.7,523.4,358.7,407.5,0.44,-0.05,0.44,-0.27
231,7.7,13,0,person,0.509,629.0,272.7,710.2,409.9,669.6,341.3,1.39,-0.86,1.64,-10.76
231,7.7,4,0,person,0.497,731.9,238.0,803.3,408.3,767.6,323.2,-0.92,-9.37,9.41,-11.17
232,7.733,1,0,person,0.854,298.2,291.4,420.6,523.8,359.4,407.6,0.66,0.12,0.67,0.17
232,7.733,13,0,person,0.323,632.8,283.7,707.7,408.1,670.3,345.9,0.69,4.62,4.67,5.48
232,7.733,4,0,person,0.494,729.7,238.2,806.0,419.6,767.9,328.9,0.24,5.73,5.73,15.1
233,7.767,1,0,person,0.854,298.6,291.8,420.6,523.8,359.6,407.8,0.21,0.25,0.33,0.13
233,7.767,13,0,person,0.535,630.2,280.2,709.6,410.2,669.9,345.2,-0.35,-0.69,0.78,-5.31
233,7.767,4,0,person,0.569,732.4,238.7,804.2,405.7,768.3,322.2,0.41,-6.68,6.69,-12.4
233,7.767,14,0,person,0.688,452.9,253.6,549.5,413.4,501.2,333.5,0.0,0.0,0.0,0.0
234,7.8,1,0,person,0.852,299.1,292.0,420.8,523.6,359.9,407.8,0.34,0.01,0.34,-0.24
234,7.8,13,0,person,0.618,629.6,280.5,710.6,411.0,670.1,345.7,0.18,0.49,0.52,1.19
234,7.8,4,0,person,0.635,732.9,238.8,803.5,400.1,768.2,319.4,-0.09,-2.78,2.78,3.9
234,7.8,14,0,person,0.67,455.1,251.0,554.1,414.5,504.6,332.7,3.38,-0.77,3.47,-0.77
235,7.833,1,0,person,0.848,299.0,292.2,420.5,523.5,359.8,407.9,-0.18,0.03,0.18,0.02
235,7.833,13,0,person,0.513,630.8,283.2,711.9,411.9,671.4,347.6,1.27,1.85,2.25,1.36
235,7.833,4,0,person,0.516,729.4,238.8,804.5,408.8,767.0,323.8,-1.2,4.35,4.52,7.13
235,7.833,14,0,person,0.673,457.0,248.6,557.9,414.9,507.4,331.8,2.87,-0.97,3.03,-0.2
236,7.867,1,0,person,0.846,298.9,292.2,420.2,523.4,359.6,407.8,-0.19,-0.06,0.2,-0.09
236,7.867,13,0,person,0.479,630.0,281.7,712.4,410.7,671.2,346.2,-0.18,-1.39,1.4,-3.24
236,7.867,4,0,person,0.582,726.6,239.0,805.7,416.9,766.2,328.0,-0.81,4.17,4.25,-0.19
236,7.867,14,0,person,0.716,459.4,248.0,561.0,414.9,510.2,331.5,2.79,-0.31,2.81,0.65
237,7.9,1,0,person,0.853,299.2,292.0,420.5,523.4,359.8,407.7,0.27,-0.14,0.3,-0.08
237,7.9,13,0,person,0.53,624.6,265.1,716.4,408.6,670.5,336.9,-0.68,-9.33,9.35,-7.94
237,7.9,4,0,person,0.615,723.9,240.4,805.9,422.9,764.9,331.7,-1.27,3.69,3.91,-0.47
237,7.9,14,0,person,0.66,466.6,255.2,563.1,412.5,514.9,333.8,4.63,2.35,5.19,2.66
238,7.933,1,0,person,0.854,299.5,291.9,420.6,523.4,360.1,407.6,0.22,-0.07,0.23,0.07
238,7.933,13,0,person,0.566,622.6,259.4,718.9,409.9,670.7,334.6,0.23,-2.24,2.25,7.09
238,7.933,4,0,person,0.608,722.9,242.6,806.9,429.3,764.9,335.9,-0.03,4.29,4.29,0.59
238,7.933,14,0,person,0.648,469.7,247.3,567.3,406.0,518.5,326.7,3.63,-7.15,8.02,-9.5
239,7.967,1,0,person,0.861,299.7,291.7,420.8,523.5,360.2,407.6,0.18,-0.04,0.18,0.03
239,7.967,13,0,person,0.657,620.2,256.4,718.9,410.7,669.5,333.5,-1.21,-1.08,1.62,1.16
239,7.967,4,0,person,0.681,725.0,244.4,809.3,434.0,767.2,339.2,2.29,3.26,3.99,-1.02
239,7.967,14,0,person,0.579,472.4,243.0,568.6,398.9,520.5,321.0,2.05,-5.69,6.05,1.46
240,8.0,1,0,person,0.857,299.6,291.5,420.9,524.0,360.3,407.7,0.01,0.17,0.17,0.21
240,8.0,13,0,person,0.595,619.8,255.2,719.1,410.3,669.5,332.7,-0.07,-0.81,0.81,0.27
240,8.0,4,0,person,0.635,724.3,245.6,808.4,435.9,766.3,340.7,-0.83,1.54,1.75,-1.73
240,8.0,14,0,person,0.552,473.3,238.9,570.0,395.1,521.7,317.0,1.16,-3.98,4.14,1.72
241,8.033,1,0,person,0.859,300.0,291.6,421.1,524.0,360.5,407.8,0.29,0.05,0.3,-0.12
241,8.033,13,0,person,0.511,619.9,255.5,719.8,411.9,669.8,333.7,0.37,0.99,1.05,1.8
241,8.033,4,0,person,0.7,723.3,247.5,807.1,438.2,765.2,342.8,-1.15,2.1,2.39,0.56
241,8.033,14,0,person,0.504,470.8,233.0,571.7,395.8,521.2,314.4,-0.45,-2.63,2.67,1.34
242,8.067,1,0,person,0.859,300.1,291.6,421.1,523.6,360.6,407.6,0.07,-0.24,0.25,-0.29
242,8.067,13,0,person,0.535,619.0,254.4,719.7,412.2,669.3,333.3,-0.49,-0.41,0.64,-1.4
242,8.067,4,0,person,0.566,723.9,252.8,805.3,438.8,764.6,345.8,-0.62,2.95,3.02,0.86
242,8.067,14,0,person,0.467,473.3,232.2,575.1,395.3,524.2,313.8,2.94,-0.61,3.0,2.02
243,8.1,1,0,person,0.858,299.4,291.3,421.0,523.9,360.2,407.6,-0.42,0.03,0.42,0.28
243,8.1,13,0,person,0.563,618.5,253.7,718.7,411.0,668.6,332.4,-0.75,-0.95,1.22,-0.54
243,8.1,4,0,person,0.546,723.6,255.0,803.2,438.0,763.4,346.5,-1.18,0.7,1.37,-2.25
243,8.1,14,0,person,0.519,475.2,233.1,575.7,393.1,525.5,313.1,1.28,-0.67,1.44,-0.07
244,8.133,1,0,person,0.858,299.1,291.0,421.1,524.3,360.1,407.7,-0.11,0.07,0.13,0.03
244,8.133,13,0,person,0.473,622.9,254.3,713.1,394.1,668.0,324.2,-0.59,-8.15,8.17,-7.19
244,8.133,4,0,person,0.533,722.5,256.1,801.6,438.2,762.1,347.1,-1.35,0.65,1.5,-0.06
244,8.133,14,0,person,0.48,479.0,232.9,580.7,393.0,529.8,312.9,4.37,-0.14,4.37,0.53
245,8.167,1,0,person,0.857,299.4,291.5,421.2,524.2,360.3,407.9,0.24,0.2,0.31,0.14
245,8.167,13,0,person,0.377,621.3,259.9,712.2,400.7,666.7,330.3,-1.27,6.07,6.2,14.21
245,8.167,4,0,person,0.598,720.2,255.8,800.1,440.1,760.2,348.0,-1.89,0.83,2.06,0.19
245,8.167,14,0,person,0.513,479.4,233.6,579.3,391.2,529.3,312.4,-0.5,-0.51,0.72,-0.37
246,8.2,1,0,person,0.858,299.2,291.9,421.0,524.5,360.1,408.2,-0.2,0.34,0.39,0.13
246,8.2,13,0,person,0.378,624.5,270.5,699.7,381.6,662.1,326.0,-4.65,-4.25,6.29,-10.31
246,8.2,4,0,person,0.669,718.3,255.1,799.4,441.0,758.8,348.1,-1.33,0.09,1.33,-0.74
246,8.2,14,0,person,0.535,480.7,235.5,577.3,389.1,529.0,312.3,-0.33,-0.11,0.35,0.4
247,8.233,1,0,person,0.859,299.2,292.0,421.1,524.5,360.2,408.3,0.03,0.09,0.09,-0.25
247,8.233,13,0,person,0.56,623.3,275.2,693.0,374.1,658.2,324.7,-3.94,-1.37,4.17,2.87
247,8.233,4,0,person,0.33,714.7,256.2,795.8,439.3,755.2,347.8,-3.63,-0.3,3.64,-0.39
248,8.267,1,0,person,0.855,299.0,292.0,421.1,524.7,360.1,408.3,-0.1,0.03,0.1,-0.05
248,8.267,13,0,person,0.645,613.5,261.2,693.6,373.0,653.6,317.1,-4.58,-7.54,8.82,-6.17
248,8.267,4,0,person,0.4,713.2,256.9,795.3,438.4,754.2,347.7,-0.96,-0.11,0.96,0.18
248,8.267,14,0,person,0.457,477.6,236.0,574.1,392.7,525.8,314.3,-1.58,1.02,1.88,0.57
249,8.3,1,0,person,0.853,298.9,292.1,420.9,524.6,359.9,408.3,-0.14,0.01,0.14,-0.02
249,8.3,13,0,person,0.63,606.6,258.7,690.6,373.6,648.6,316.2,-4.98,-0.95,5.07,6.59
249,8.3,4,0,person,0.385,722.6,259.0,788.5,393.4,755.5,326.2,1.26,-21.47,21.51,-21.36
249,8.3,14,0,person,0.381,474.2,232.5,570.7,393.3,522.5,312.9,-3.36,-1.43,3.65,-2.45
250,8.333,1,0,person,0.849,298.8,292.3,420.6,524.4,359.7,408.4,-0.22,0.04,0.23,0.03
250,8.333,13,0,person,0.701,596.8,257.4,684.5,375.0,640.6,316.2,-7.97,0.07,7.97,1.02
251,8.367,1,0,person,0.856,298.8,292.4,420.7,524.3,359.7,408.3,0.05,-0.07,0.09,-0.12
251,8.367,13,0,person,0.744,592.4,263.5,679.4,377.2,635.9,320.3,-4.72,4.1,6.25,4.03
251,8.367,4,0,person,0.435,727.8,256.6,789.9,374.0,758.9,315.3,1.69,-5.45,5.7,8.01
252,8.4,1,0,person,0.855,298.7,292.6,420.7,524.4,359.7,408.5,-0.04,0.22,0.22,0.29
252,8.4,13,0,person,0.763,583.3,259.3,676.7,380.3,630.0,319.8,-5.89,-0.55,5.91,-4.65
252,8.4,4,0,person,0.466,730.8,257.5,800.2,386.4,765.5,322.0,6.62,6.68,9.41,12.13
253,8.433,1,0,person,0.853,298.7,293.2,420.7,524.8,359.7,409.0,0.02,0.45,0.45,0.24
253,8.433,13,0,person,0.678,576.7,254.5,673.3,379.7,625.0,317.1,-5.04,-2.7,5.72,-2.15
253,8.433,4,0,person,0.353,732.1,258.2,802.3,384.7,767.2,321.4,1.71,-0.55,1.79,-7.24
254,8.467,1,0,person,0.846,298.1,293.4,420.3,525.0,359.2,409.2,-0.51,0.22,0.56,-0.23
254,8.467,13,0,person,0.471,572.7,254.1,670.5,381.2,621.6,317.6,-3.37,0.55,3.41,3.25
254,8.467,4,0,person,0.356,735.6,251.0,809.9,384.2,772.8,317.6,5.55,-3.84,6.75,-3.29
255,8.5,1,0,person,0.848,298.3,293.7,420.3,524.6,359.3,409.1,0.05,-0.08,0.09,-0.3
255,8.5,13,0,person,0.586,572.6,257.4,668.4,381.6,620.5,319.5,-1.09,1.86,2.16,1.31
255,8.5,4,0,person,0.398,739.2,250.4,810.5,375.9,774.9,313.1,2.1,-4.44,4.91,-0.6
256,8.533,1,0,person,0.831,297.4,293.6,419.7,524.8,358.5,409.2,-0.71,0.1,0.72,0.18
256,8.533,13,0,person,0.529,572.2,253.4,670.3,381.3,621.2,317.4,0.74,-2.12,2.25,-3.98
257,8.567,1,0,person,0.843,297.2,293.7,420.1,525.8,358.6,409.7,0.1,0.51,0.51,0.41
257,8.567,13,0,person,0.55,573.4,248.4,673.4,380.0,623.4,314.2,2.16,-3.18,3.84,-1.06
258,8.6,1,0,person,0.843,297.1,293.7,420.1,525.8,358.6,409.7,-0.03,0.01,0.03,-0.49
258,8.6,13,0,person,0.581,575.4,247.9,674.2,379.0,624.8,313.5,1.41,-0.74,1.59,2.44
258,8.6,14,0,person,0.355,489.6,212.9,586.0,384.1,537.8,298.5,1.7,-1.6,2.34,-0.02
259,8.633,1,0,person,0.846,297.2,293.6,420.2,525.3,358.7,409.5,0.09,-0.26,0.28,-0.28
259,8.633,13,0,person,0.505,581.1,249.5,674.8,374.9,628.0,312.2,3.16,-1.26,3.4,-0.52
260,8.667,1,0,person,0.852,297.5,293.8,420.4,525.0,359.0,409.4,0.24,-0.09,0.26,0.18
261,8.7,1,0,person,0.851,297.1,293.8,420.2,525.3,358.7,409.6,-0.27,0.18,0.33,0.26
261,8.7,13,0,person,0.314,586.8,250.3,676.4,371.6,631.6,311.0,1.81,-0.62,1.91,0.32
262,8.733,1,0,person,0.848,297.3,294.0,420.4,525.2,358.8,409.6,0.16,0.01,0.16,-0.16
262,8.733,13,0,person,0.529,592.5,254.7,677.7,371.2,635.1,313.0,3.48,1.99,4.01,2.61
263,8.767,1,0,person,0.847,297.1,294.0,420.4,525.3,358.8,409.6,-0.05,0.06,0.07,0.05
263,8.767,13,0,person,0.494,595.8,256.1,678.9,370.7,637.3,313.4,2.26,0.4,2.3,-1.59
264,8.8,1,0,person,0.847,297.1,293.9,420.5,525.6,358.8,409.8,0.0,0.11,0.11,0.05
264,8.8,13,0,person,0.386,600.1,260.9,680.9,371.6,640.5,316.3,3.19,2.9,4.31,2.5
265,8.833,1,0,person,0.851,296.9,293.9,420.6,526.0,358.7,410.0,-0.07,0.21,0.22,0.09
265,8.833,13,0,person,0.404,601.1,259.8,682.4,371.0,641.8,315.4,1.22,-0.88,1.5,-3.78
266,8.867,1,0,person,0.853,296.8,293.9,420.6,526.1,358.7,410.0,-0.04,0.03,0.05,-0.18
266,8.867,13,0,person,0.529,601.4,258.9,683.1,370.8,642.2,314.9,0.49,-0.53,0.72,0.35
267,8.9,1,0,person,0.855,296.3,293.8,420.2,526.4,358.3,410.1,-0.42,0.14,0.44,0.11
267,8.9,13,0,person,0.512,602.4,260.2,684.4,371.7,643.4,315.9,1.13,1.08,1.57,1.61
268,8.933,1,0,person,0.853,296.1,293.8,420.1,526.6,358.1,410.2,-0.16,0.08,0.18,-0.05
268,8.933,13,0,person,0.461,602.3,259.7,684.8,371.7,643.6,315.7,0.2,-0.23,0.3,-1.31
268,8.933,17,0,person,0.456,718.3,260.1,795.8,387.2,757.0,323.6,0.0,0.0,0.0,0.0
269,8.967,1,0,person,0.854,295.6,293.9,419.9,527.6,357.8,410.8,-0.33,0.56,0.65,0.47
269,8.967,13,0,person,0.422,603.3,261.4,686.1,373.2,644.7,317.3,1.16,1.6,1.98,1.84
269,8.967,17,0,person,0.433,715.6,256.8,795.5,388.2,755.5,322.5,-1.52,-1.09,1.87,-1.09
270,9.0,1,0,person,0.854,295.7,294.0,420.0,527.9,357.9,411.0,0.11,0.19,0.22,-0.36
270,9.0,13,0,person,0.542,603.1,261.4,686.0,373.2,644.5,317.3,-0.19,-0.03,0.19,-1.63
270,9.0,17,0,person,0.496,714.4,256.2,795.0,389.4,754.7,322.8,-0.84,0.32,0.89,1.41
271,9.033,1,0,person,0.853,295.5,294.0,419.8,528.2,357.7,411.1,-0.21,0.15,0.26,-0.04
271,9.033,13,0,person,0.515,603.3,262.5,685.6,373.0,644.4,317.8,-0.09,0.47,0.48,0.5
271,9.033,17,0,person,0.389,710.6,254.0,792.0,389.3,751.3,321.7,-3.37,-1.18,3.57,-1.49
272,9.067,1,0,person,0.853,295.6,293.8,419.6,527.5,357.6,410.7,-0.06,-0.45,0.46,-0.6
272,9.067,13,0,person,0.451,603.6,262.3,685.6,372.1,644.6,317.2,0.15,-0.56,0.58,-1.03
272,9.067,17,0,person,0.52,706.2,256.7,784.8,387.0,745.5,321.9,-5.81,0.2,5.81,1.38
273,9.1,1,0,person,0.85,295.3,293.7,419.7,528.5,357.5,411.1,-0.14,0.47,0.49,0.92
273,9.1,13,0,person,0.4,604.5,263.9,685.7,372.0,645.1,318.0,0.48,0.76,0.9,1.32
273,9.1,17,0,person,0.556,702.8,255.1,781.6,385.8,742.2,320.4,-3.3,-1.44,3.6,-1.65
274,9.133,1,0,person,0.851,295.3,293.7,419.6,528.5,357.4,411.1,-0.04,-0.03,0.05,-0.5
274,9.133,13,0,person,0.36,604.7,263.7,686.4,371.8,645.6,317.7,0.52,-0.26,0.58,-1.02
274,9.133,17,0,person,0.62,700.5,249.6,782.2,385.4,741.3,317.5,-0.88,-2.92,3.05,-1.48
275,9.167,1,0,person,0.849,295.0,293.6,419.5,528.9,357.2,411.3,-0.2,0.19,0.28,0.22
275,9.167,13,0,person,0.335,603.8,260.8,687.6,371.7,645.7,316.2,0.08,-1.48,1.48,-1.22
275,9.167,17,0,person,0.648,701.0,246.1,784.1,385.4,742.5,315.8,1.21,-1.75,2.13,1.17
276,9.2,1,0,person,0.85,294.9,293.7,419.4,529.3,357.2,411.5,-0.06,0.27,0.28,0.08
276,9.2,17,0,person,0.582,702.5,244.9,785.1,385.2,743.8,315.1,1.25,-0.68,1.43,1.07
277,9.233,1,0,person,0.847,294.7,293.7,419.1,529.2,356.9,411.5,-0.24,-0.09,0.26,-0.36
277,9.233,17,0,person,0.632,700.9,245.2,782.8,385.3,741.9,315.3,-1.93,0.18,1.94,0.86
277,9.233,13,0,person,0.409,605.2,263.9,687.8,372.2,646.5,318.1,0.41,0.92,1.01,1.2
278,9.267,1,0,person,0.846,294.7,293.8,419.1,529.1,356.9,411.4,-0.03,-0.03,0.04,0.06
278,9.267,17,0,person,0.587,700.8,245.4,781.8,385.2,741.3,315.3,-0.57,0.07,0.58,-0.11
278,9.267,13,0,person,0.401,605.7,263.6,689.1,372.1,647.4,317.9,0.92,-0.2,0.94,-1.12
279,9.3,1,0,person,0.851,294.9,293.8,419.4,529.5,357.1,411.7,0.26,0.24,0.36,0.27
279,9.3,17,0,person,0.576,702.7,245.8,782.4,384.9,742.6,315.3,1.28,0.03,1.28,-0.04
279,9.3,13,0,person,0.362,605.6,261.1,691.6,372.4,648.6,316.7,1.21,-1.13,1.65,-0.93
280,9.333,1,0,person,0.849,294.9,293.9,419.4,529.4,357.1,411.6,-0.0,-0.04,0.04,-0.28
280,9.333,17,0,person,0.538,705.7,251.8,781.2,384.5,743.5,318.2,0.91,2.81,2.95,2.78
281,9.367,1,0,person,0.847,295.4,293.8,419.4,528.2,357.4,411.0,0.26,-0.64,0.69,-0.61
281,9.367,17,0,person,0.646,703.6,249.5,780.5,384.8,742.0,317.1,-1.46,-1.04,1.79,-3.84
281,9.367,13,0,person,0.411,607.4,263.1,692.8,372.1,650.1,317.6,0.74,0.42,0.85,0.78
282,9.4,1,0,person,0.854,296.0,293.8,419.8,527.5,357.9,410.6,0.5,-0.35,0.61,0.29
282,9.4,17,0,person,0.593,705.0,249.6,781.7,384.7,743.3,317.2,1.32,0.05,1.32,1.09
282,9.4,13,0,person,0.348,608.4,264.8,693.2,371.9,650.8,318.4,0.72,0.78,1.06,0.35
283,9.433,1,0,person,0.861,296.3,293.7,420.2,527.3,358.2,410.5,0.32,-0.15,0.35,0.21
283,9.433,17,0,person,0.553,704.8,249.1,782.0,384.8,743.4,317.0,0.09,-0.21,0.23,-0.27
283,9.433,13,0,person,0.359,608.8,265.9,693.4,371.7,651.1,318.8,0.32,0.45,0.55,-0.32
284,9.467,1,0,person,0.86,296.3,293.5,420.7,527.9,358.5,410.7,0.25,0.24,0.35,0.39
284,9.467,17,0,person,0.507,702.8,250.0,781.0,386.3,741.9,318.2,-1.55,1.2,1.96,1.41
284,9.467,13,0,person,0.66,606.7,256.9,697.3,370.6,652.0,313.7,0.83,-5.08,5.15,-5.53
284,9.467,14,0,person,0.737,493.1,212.1,581.8,377.5,537.4,294.8,-0.01,-0.14,0.14,0.06
285,9.5,1,0,person,0.857,296.9,293.4,421.4,527.8,359.1,410.6,0.66,-0.12,0.67,-0.36
285,9.5,17,0,person,0.466,702.2,249.8,782.3,387.5,742.3,318.7,0.37,0.52,0.64,-0.68
285,9.5,13,0,person,0.645,606.9,254.2,699.4,370.4,653.2,312.3,1.18,-1.43,1.85,3.65
285,9.5,14,0,person,0.713,495.1,212.6,579.9,375.1,537.5,293.9,0.03,-0.93,0.93,-0.79
286,9.533,1,0,person,0.86,298.1,293.7,421.8,526.5,359.9,410.1,0.81,-0.54,0.97,-0.42
286,9.533,17,0,person,0.367,701.9,249.9,783.2,387.3,742.6,318.6,0.3,-0.11,0.32,-0.63
286,9.533,13,0,person,0.476,610.6,254.5,696.1,360.1,653.3,307.3,0.18,-5.02,5.02,-3.59
286,9.533,14,0,person,0.474,497.7,212.9,579.6,374.0,538.7,293.5,1.17,-0.41,1.24,0.52
287,9.567,1,0,person,0.868,299.2,293.8,422.5,526.2,360.8,410.0,0.9,-0.08,0.91,0.46
287,9.567,17,0,person,0.483,703.1,250.7,786.9,389.9,745.0,320.3,2.48,1.74,3.03,1.85
287,9.567,13,0,person,0.572,613.8,253.9,695.6,353.2,654.7,303.6,1.41,-3.72,3.98,1.3
288,9.6,1,0,person,0.871,299.9,293.8,422.7,525.7,361.3,409.8,0.49,-0.24,0.55,-0.16
288,9.6,13,0,person,0.315,615.7,252.7,696.8,350.0,656.3,301.4,1.52,-2.19,2.66,1.53
289,9.633,1,0,person,0.868,299.9,293.9,422.5,525.8,361.2,409.8,-0.12,0.08,0.15,0.31
289,9.633,13,0,person,0.539,615.5,250.8,698.9,349.7,657.2,300.2,0.93,-1.14,1.47,1.05
290,9.667,1,0,person,0.865,299.8,293.7,422.5,526.1,361.2,409.9,-0.06,0.06,0.09,-0.01
290,9.667,13,0,person,0.423,612.9,246.2,699.6,349.6,656.3,297.9,-0.9,-2.3,2.47,-1.16
290,9.667,14,0,person,0.489,504.6,215.0,587.0,375.6,545.8,295.3,1.78,0.46,1.83,0.22
290,9.667,17,0,person,0.413,718.1,247.8,805.2,396.3,761.7,322.1,5.54,0.59,5.57,-0.39
291,9.7,1,0,person,0.863,299.7,293.6,422.4,526.0,361.0,409.8,-0.14,-0.1,0.17,-0.16
291,9.7,13,0,person,0.502,610.7,243.1,697.0,347.7,653.8,295.4,-2.44,-2.52,3.51,-0.22
291,9.7,17,0,person,0.566,725.4,250.7,809.7,397.6,767.6,324.1,5.92,2.08,6.27,1.49
292,9.733,1,0,person,0.864,299.4,293.9,422.0,525.9,360.7,409.9,-0.33,0.11,0.34,0.21
292,9.733,13,0,person,0.526,609.8,242.1,694.4,346.3,652.1,294.2,-1.73,-1.22,2.12,1.3
293,9.767,1,0,person,0.859,299.3,294.0,421.8,526.0,360.6,410.0,-0.12,0.08,0.14,-0.03
293,9.767,13,0,person,0.589,608.7,241.4,693.7,348.4,651.2,294.9,-0.91,0.72,1.16,1.93
294,9.8,1,0,person,0.859,299.2,294.1,421.8,526.3,360.5,410.2,-0.04,0.17,0.17,0.09
294,9.8,13,0,person,0.712,588.9,240.7,709.8,401.2,649.3,321.0,-1.85,26.04,26.11,25.33
294,9.8,14,0,person,0.508,503.2,213.8,583.8,374.4,543.5,294.1,-0.56,-0.3,0.63,-0.19
294,9.8,17,0,person,0.726,713.3,254.0,819.2,446.6,766.2,350.3,-0.44,8.72,8.73,2.22
295,9.833,1,0,person,0.862,299.5,294.4,421.8,526.3,360.6,410.3,0.12,0.16,0.2,-0.01
295,9.833,13,0,person,0.72,586.4,239.8,715.5,419.3,651.0,329.5,1.62,8.59,8.74,-17.46
295,9.833,17,0,person,0.724,713.8,255.5,818.9,453.4,766.3,354.4,0.07,4.13,4.13,-4.59
296,9.867,1,0,person,0.863,299.4,294.5,421.7,526.2,360.6,410.3,-0.1,-0.01,0.1,-0.17
296,9.867,13,0,person,0.665,589.2,238.9,719.1,427.3,654.1,333.1,3.18,3.56,4.77,-5.03
296,9.867,17,0,person,0.53,714.3,254.9,817.7,456.2,766.0,355.6,-0.32,1.13,1.17,-3.0
296,9.867,14,0,person,0.305,496.1,212.2,574.5,375.7,535.3,294.0,-4.1,-0.05,4.1,0.13
297,9.9,1,0,person,0.862,299.4,294.5,421.7,526.0,360.5,410.3,-0.03,-0.06,0.07,-0.05
297,9.9,13,0,person,0.435,591.8,239.6,721.6,434.1,656.7,336.8,2.56,3.74,4.53,0.18
297,9.9,14,0,person,0.453,491.2,213.3,565.2,375.7,528.2,294.5,-7.12,0.49,7.14,0.54
298,9.933,1,0,person,0.852,298.7,294.2,421.4,526.2,360.0,410.2,-0.48,-0.05,0.48,0.02
298,9.933,13,0,person,0.754,588.9,239.0,715.5,438.4,652.2,338.7,-4.51,1.82,4.86,-1.92
298,9.933,14,0,person,0.667,487.5,213.6,559.7,378.4,523.6,296.0,-4.62,1.52,4.86,1.02
298,9.933,17,0,person,0.621,715.6,253.1,817.8,456.7,766.7,354.9,0.35,-0.35,0.49,-0.74
299,9.967,1,0,person,0.86,299.1,294.4,421.6,526.0,360.3,410.2,0.28,-0.03,0.28,0.01
299,9.967,13,0,person,0.705,590.8,239.2,711.3,438.6,651.0,338.9,-1.18,0.23,1.2,-1.59
299,9.967,14,0,person,0.626,484.8,213.7,553.8,378.6,519.3,296.1,-4.26,0.15,4.26,-1.37
299,9.967,17,0,person,0.526,717.6,243.5,819.4,452.6,768.5,348.1,1.8,-6.79,7.02,-6.44
300,10.0,1,0,person,0.855,298.3,294.4,421.5,526.8,359.9,410.6,-0.43,0.44,0.62,0.48
300,10.0,13,0,person,0.771,591.3,238.9,707.3,438.9,649.3,338.9,-1.72,0.05,1.72,-0.18
300,10.0,14,0,person,0.671,484.0,213.7,550.4,379.4,517.2,296.6,-2.12,0.43,2.16,0.28
300,10.0,17,0,person,0.523,719.4,247.9,817.4,453.3,768.4,350.6,-0.1,2.52,2.52,9.3
301,10.033,1,0,person,0.852,298.5,294.6,421.5,526.6,360.0,410.6,0.12,-0.01,0.12,-0.45
301,10.033,13,0,person,0.764,593.1,239.3,704.4,438.8,648.7,339.0,-0.55,0.12,0.57,0.07
301,10.033,14,0,person,0.657,483.3,214.2,547.3,380.0,515.3,297.1,-1.89,0.52,1.96,0.09
301,10.033,17,0,person,0.66,720.1,251.4,814.9,453.6,767.5,352.5,-0.89,1.9,2.09,-0.62
302,10.067,1,0,person,0.857,298.8,294.6,421.9,526.8,360.4,410.7,0.34,0.07,0.35,0.08
302,10.067,13,0,person,0.74,595.5,239.7,702.1,438.0,648.8,338.8,0.05,-0.21,0.21,-0.33
302,10.067,14,0,person,0.611,481.0,214.8,543.9,382.4,512.4,298.6,-2.87,1.48,3.23,0.97
302,10.067,17,0,person,0.646,719.5,251.9,812.8,454.1,766.2,353.0,-1.35,0.51,1.44,-1.39
303,10.1,1,0,person,0.857,298.7,294.5,421.7,526.4,360.2,410.4,-0.14,-0.24,0.28,-0.31
303,10.1,13,0,person,0.812,590.6,239.6,695.9,437.6,643.3,338.6,-5.54,-0.22,5.54,-0.01
303,10.1,14,0,person,0.627,479.1,214.8,542.3,386.6,510.7,300.7,-1.75,2.13,2.76,0.65
303,10.1,17,0,person,0.775,718.2,252.6,811.7,457.0,765.0,354.8,-1.19,1.82,2.18,1.31
304,10.133,1,0,person,0.852,298.3,294.4,421.4,526.2,359.9,410.3,-0.33,-0.15,0.36,0.09
304,10.133,13,0,person,0.797,588.5,240.3,693.0,438.6,640.8,339.4,-2.5,0.81,2.63,1.03
304,10.133,14,0,person,0.64,478.8,215.0,541.8,389.4,510.3,302.2,-0.38,1.47,1.52,-0.66
304,10.133,17,0,person,0.68,719.8,252.7,811.3,455.3,765.5,354.0,0.56,-0.83,1.0,-2.65
305,10.167,1,0,person,0.851,297.7,294.2,421.2,526.6,359.5,410.4,-0.44,0.09,0.45,0.24
305,10.167,13,0,person,0.787,587.8,240.7,690.8,438.4,639.3,339.6,-1.44,0.13,1.44,-0.68
305,10.167,14,0,person,0.62,480.0,215.2,542.0,389.6,511.0,302.4,0.67,0.24,0.71,-1.23
305,10.167,17,0,person,0.59,722.0,250.2,812.7,454.5,767.3,352.3,1.81,-1.67,2.46,-0.84
306,10.2,1,0,person,0.85,297.2,293.9,421.4,527.6,359.3,410.7,-0.11,0.36,0.38,0.27
306,10.2,13,0,person,0.733,590.1,240.6,691.7,439.0,640.9,339.8,1.6,0.23,1.62,0.09
306,10.2,14,0,person,0.552,483.9,217.1,542.6,384.7,513.2,300.9,2.23,-1.48,2.68,-1.72
306,10.2,17,0,person,0.56,720.1,245.2,811.8,456.6,765.9,350.9,-1.39,-1.43,1.99,0.24
307,10.233,1,0,person,0.842,296.6,293.9,421.3,528.4,359.0,411.1,-0.35,0.4,0.54,0.04
307,10.233,13,0,person,0.657,599.1,241.1,696.9,438.7,648.0,339.9,7.06,0.14,7.06,-0.08
307,10.233,14,0,person,0.521,470.2,217.4,537.1,405.2,503.7,311.3,-9.55,10.39,14.11,11.87
307,10.233,17,0,person,0.5,719.6,248.4,808.2,457.2,763.9,352.8,-2.01,1.87,2.75,3.3
308,10.267,1,0,person,0.849,296.5,294.0,421.3,528.6,358.9,411.3,-0.09,0.13,0.16,-0.27
308,10.267,13,0,person,0.637,606.0,241.6,699.0,436.2,652.5,338.9,4.51,-1.03,4.62,-1.17
308,10.267,14,0,person,0.47,466.4,217.9,536.6,411.3,501.5,314.6,-2.15,3.33,3.96,-7.05
308,10.267,17,0,person,0.578,718.0,254.4,803.7,460.3,760.8,357.4,-3.11,4.61,5.56,2.74
309,10.3,1,0,person,0.856,296.4,293.5,421.4,528.8,358.9,411.2,-0.04,-0.13,0.13,-0.26
309,10.3,13,0,person,0.648,609.3,241.8,698.4,433.9,653.9,337.9,1.36,-1.04,1.71,-0.01
309,10.3,14,0,person,0.488,467.0,218.8,539.8,412.7,503.4,315.8,1.84,1.12,2.16,-2.21
309,10.3,17,0,person,0.662,718.3,256.4,802.0,461.9,760.1,359.2,-0.69,1.82,1.95,-2.79
310,10.333,1,0,person,0.859,296.4,293.4,421.0,528.3,358.7,410.8,-0.2,-0.32,0.38,-0.2
310,10.333,13,0,person,0.633,610.9,242.5,696.9,433.1,653.9,337.8,0.05,-0.05,0.07,0.99
310,10.333,14,0,person,0.665,484.2,219.1,549.0,390.1,516.6,304.6,13.24,-11.17,17.32,-12.29
310,10.333,17,0,person,0.598,720.7,257.1,801.8,461.6,761.3,359.4,1.13,0.2,1.15,-1.62
311,10.367,1,0,person,0.852,295.6,293.4,420.3,529.1,358.0,411.3,-0.7,0.45,0.83,0.77
311,10.367,13,0,person,0.639,610.2,242.6,694.6,434.2,652.4,338.4,-1.51,0.6,1.63,0.65
311,10.367,14,0,person,0.659,493.5,219.4,557.6,384.1,525.6,301.8,8.94,-2.82,9.38,8.34
311,10.367,17,0,person,0.613,720.8,259.1,799.8,462.3,760.3,360.7,-0.95,1.32,1.62,1.12
312,10.4,1,0,person,0.857,295.3,293.4,419.3,528.4,357.3,410.9,-0.67,-0.37,0.77,-0.82
312,10.4,13,0,person,0.418,614.2,242.3,686.3,406.9,650.3,324.6,-2.14,-13.84,14.0,-14.44
312,10.4,14,0,person,0.746,497.9,219.6,562.0,379.3,529.9,299.4,4.39,-2.34,4.98,0.48
312,10.4,17,0,person,0.577,721.1,260.4,798.2,462.9,759.7,361.7,-0.62,0.97,1.16,-0.34
313,10.433,1,0,person,0.857,295.0,293.6,418.5,528.1,356.7,410.9,-0.54,-0.04,0.54,0.33
313,10.433,13,0,person,0.595,608.8,243.7,686.7,425.8,647.8,334.7,-2.47,10.16,10.46,24.0
313,10.433,14,0,person,0.775,499.2,219.4,564.6,377.4,531.9,298.4,1.94,-1.0,2.18,1.35
313,10.433,17,0,person,0.698,719.7,261.5,795.8,464.8,757.7,363.1,-1.95,1.47,2.44,0.49
314,10.467,1,0,person,0.844,295.0,294.6,417.9,528.1,356.5,411.4,-0.26,0.51,0.58,0.55
314,10.467,13,0,person,0.76,606.6,244.5,685.4,432.1,646.0,338.3,-1.79,3.53,3.96,-6.63
314,10.467,14,0,person,0.774,496.6,220.1,565.6,385.1,531.1,302.6,-0.8,4.16,4.23,5.15
314,10.467,17,0,person,0.46,719.6,262.6,795.2,467.7,757.4,365.1,-0.35,2.0,2.03,0.53
315,10.5,1,0,person,0.815,294.3,295.2,417.2,528.9,355.7,412.0,-0.77,0.65,1.0,0.14
315,10.5,13,0,person,0.75,605.1,244.9,683.4,433.5,644.2,339.2,-1.74,0.9,1.96,-2.64
315,10.5,14,0,person,0.806,495.6,220.9,566.7,390.2,531.1,305.5,0.03,2.93,2.93,-1.22
315,10.5,17,0,person,0.541,720.0,264.9,793.8,467.6,756.9,366.2,-0.51,1.1,1.21,-0.9
316,10.533,1,0,person,0.794,294.5,295.8,416.8,528.5,355.6,412.2,-0.07,0.15,0.17,-0.5
316,10.533,13,0,person,0.691,604.3,244.9,682.1,432.7,643.2,338.8,-1.06,-0.35,1.12,-1.25
316,10.533,14,0,person,0.761,495.9,221.5,566.4,388.3,531.2,304.9,0.05,-0.64,0.64,-3.57
316,10.533,17,0,person,0.513,718.5,265.9,791.3,468.5,754.9,367.2,-2.01,0.96,2.22,-0.14
317,10.567,1,0,person,0.788,294.5,296.3,416.1,528.2,355.3,412.3,-0.36,0.1,0.37,-0.05
317,10.567,13,0,person,0.74,603.7,245.5,681.4,432.3,642.5,338.9,-0.66,0.08,0.67,0.43
317,10.567,14,0,person,0.688,492.8,221.4,565.8,391.9,529.3,306.6,-1.89,1.74,2.56,2.38
317,10.567,17,0,person,0.492,717.9,267.0,790.0,468.9,754.0,368.0,-0.91,0.75,1.18,-0.21
318,10.6,1,0,person,0.804,294.3,296.3,415.7,528.2,355.0,412.2,-0.29,-0.06,0.3,-0.16
318,10.6,13,0,person,0.797,600.6,245.9,678.8,432.9,639.7,339.4,-2.83,0.49,2.87,0.41
318,10.6,14,0,person,0.739,490.0,221.7,565.9,395.2,528.0,308.4,-1.33,1.82,2.25,0.08
318,10.6,17,0,person,0.483,714.9,267.8,787.2,469.4,751.1,368.6,-2.9,0.66,2.98,-0.09
319,10.633,1,0,person,0.827,294.7,296.1,415.4,527.5,355.0,411.8,0.03,-0.45,0.45,-0.39
319,10.633,13,0,person,0.805,596.8,246.5,677.3,438.3,637.1,342.4,-2.63,3.0,3.99,2.51
319,10.633,14,0,person,0.782,489.3,221.6,567.2,395.5,528.3,308.6,0.3,0.14,0.33,-1.68
319,10.633,17,0,person,0.5,711.3,268.1,784.4,469.4,747.8,368.7,-3.21,0.11,3.21,-0.55
320,10.667,1,0,person,0.813,294.9,295.6,414.6,526.8,354.7,411.2,-0.27,-0.57,0.64,-0.13
320,10.667,13,0,person,0.711,592.9,246.8,675.4,442.0,634.1,344.4,-2.93,2.04,3.58,-0.96
320,10.667,14,0,person,0.742,489.0,222.0,568.7,394.4,528.9,308.2,0.6,-0.38,0.71,-0.52
320,10.667,17,0,person,0.481,708.1,268.3,782.3,469.5,745.2,368.9,-2.64,0.18,2.65,0.07
321,10.7,1,0,person,0.811,296.0,295.7,414.6,527.3,355.3,411.5,0.53,0.34,0.64,0.92
321,10.7,13,0,person,0.52,588.9,250.0,671.7,443.9,630.3,346.9,-3.87,2.51,4.61,0.46
321,10.7,14,0,person,0.694,488.1,223.1,571.3,397.7,529.7,310.4,0.88,2.19,2.36,2.57
321,10.7,17,0,person,0.517,706.5,269.4,781.0,469.3,743.8,369.4,-1.45,0.46,1.52,0.28
322,10.733,1,0,person,0.827,296.6,295.9,414.5,528.5,355.6,412.2,0.28,0.66,0.72,0.32
322,10.733,13,0,person,0.575,584.7,254.0,667.4,445.6,626.1,349.8,-4.19,2.9,5.1,0.4
322,10.733,14,0,person,0.689,487.0,224.2,573.4,400.7,530.2,312.5,0.47,2.09,2.14,-0.09
322,10.733,17,0,person,0.555,696.3,270.2,774.0,471.1,735.2,370.6,-8.59,1.27,8.69,0.82
323,10.767,1,0,person,0.836,297.3,295.5,414.3,528.9,355.8,412.2,0.26,0.01,0.26,-0.65
323,10.767,13,0,person,0.778,583.1,254.7,667.4,445.5,625.3,350.1,-0.78,0.24,0.82,-2.66
323,10.767,14,0,person,0.698,483.3,226.0,573.9,406.0,528.6,316.0,-1.57,3.55,3.88,1.45
323,10.767,17,0,person,0.629,685.1,271.3,764.4,470.3,724.7,370.8,-10.41,0.19,10.41,-1.09
324,10.8,1,0,person,0.832,299.2,295.3,415.0,529.5,357.1,412.4,1.27,0.17,1.28,0.16
324,10.8,13,0,person,0.683,585.0,255.9,669.1,443.6,627.1,349.7,1.78,-0.38,1.82,-0.62
324,10.8,14,0,person,0.736,483.4,227.7,576.2,407.6,529.8,317.7,1.17,1.63,2.0,-1.92
324,10.8,17,0,person,0.58,673.5,275.4,754.5,471.0,714.0,373.2,-10.78,2.38,11.03,2.19
325,10.833,1,0,person,0.823,301.6,295.2,415.8,530.0,358.7,412.6,1.61,0.18,1.62,0.01
325,10.833,13,0,person,0.675,583.3,258.1,667.4,443.9,625.4,351.0,-1.68,1.28,2.12,1.66
325,10.833,14,0,person,0.725,483.5,229.6,577.0,406.9,530.2,318.2,0.41,0.58,0.71,-1.05
325,10.833,17,0,person,0.631,666.3,278.6,749.8,473.5,708.0,376.0,-5.95,2.85,6.6,0.47
326,10.867,1,0,person,0.837,304.6,294.7,416.9,530.1,360.8,412.4,2.08,-0.18,2.09,-0.36
326,10.867,13,0,person,0.683,571.9,259.0,659.6,445.5,615.7,352.2,-9.65,1.24,9.73,-0.04
326,10.867,14,0,person,0.786,476.4,232.1,572.9,412.2,524.7,322.1,-5.54,3.87,6.76,3.29
326,10.867,17,0,person,0.609,655.1,281.1,741.5,476.9,698.3,379.0,-9.75,2.98,10.2,0.14
327,10.9,1,0,person,0.845,306.6,294.6,417.4,531.3,362.0,412.9,1.18,0.55,1.3,0.73
327,10.9,13,0,person,0.693,565.1,258.8,655.7,445.7,610.4,352.3,-5.32,0.06,5.32,-1.18
327,10.9,14,0,person,0.761,470.2,233.4,569.3,415.2,519.8,324.3,-4.9,2.19,5.37,-1.68
327,10.9,17,0,person,0.783,646.7,283.2,735.6,478.4,691.1,380.8,-7.15,1.76,7.37,-1.23
328,10.933,1,0,person,0.841,307.7,294.7,416.4,531.6,362.0,413.1,0.05,0.21,0.21,-0.34
328,10.933,13,0,person,0.657,561.3,260.4,652.9,444.2,607.1,352.3,-3.34,0.03,3.34,-0.03
328,10.933,14,0,person,0.745,466.0,235.6,564.7,414.7,515.4,325.2,-4.42,0.87,4.5,-1.32
328,10.933,17,0,person,0.821,640.5,285.3,731.3,478.8,685.9,382.1,-5.2,1.27,5.35,-0.49
329,10.967,1,0,person,0.839,309.2,295.1,416.3,532.6,362.7,413.8,0.73,0.69,1.01,0.49
329,10.967,13,0,person,0.506,562.7,279.4,648.2,446.6,605.4,363.0,-1.63,10.7,10.82,10.67
329,10.967,14,0,person,0.684,463.5,238.6,560.9,415.3,512.2,326.9,-3.15,1.78,3.62,0.92
329,10.967,17,0,person,0.778,634.7,286.7,728.5,480.3,681.6,383.5,-4.33,1.42,4.56,0.15
330,11.0,1,0,person,0.819,310.2,296.2,415.0,533.2,362.6,414.7,-0.19,0.86,0.88,0.17
330,11.0,14,0,person,0.715,458.7,237.8,557.6,417.3,508.2,327.6,-4.06,0.62,4.1,-1.16
330,11.0,17,0,person,0.825,604.0,274.2,712.3,481.2,658.1,377.7,-23.44,-5.78,24.14,-7.19
331,11.033,1,0,person,0.808,313.2,298.0,416.1,535.6,364.7,416.8,2.1,2.1,2.97,1.24
331,11.033,14,0,person,0.735,460.2,241.9,556.7,416.8,508.4,329.4,0.27,1.79,1.81,1.17
331,11.033,17,0,person,0.81,594.5,278.2,708.9,482.3,651.7,380.2,-6.44,2.53,6.92,8.31
332,11.067,1,0,person,0.837,318.4,301.5,419.0,537.8,368.7,419.7,4.05,2.85,4.95,0.74
332,11.067,14,0,person,0.7,459.4,241.0,558.3,420.7,508.8,330.9,0.42,1.5,1.56,-0.29
332,11.067,17,0,person,0.681,594.5,285.9,711.8,482.3,653.1,384.1,1.44,3.84,4.1,1.31
333,11.1,1,0,person,0.804,326.6,306.1,428.0,547.4,377.3,426.7,8.59,7.08,11.13,4.23
333,11.1,14,0,person,0.802,463.3,244.4,562.8,425.7,513.0,335.1,4.19,4.2,5.93,2.7
333,11.1,17,0,person,0.75,596.7,279.1,724.4,485.0,660.5,382.1,7.37,-2.01,7.64,-5.85
334,11.133,1,0,person,0.821,335.5,311.7,434.4,550.5,384.9,431.1,7.64,4.35,8.79,-2.73
334,11.133,14,0,person,0.795,472.3,253.2,570.0,431.3,521.2,342.3,8.15,7.21,10.88,3.0
334,11.133,17,0,person,0.696,600.9,273.6,738.0,488.8,669.5,381.2,8.94,-0.85,8.98,1.16
335,11.167,1,0,person,0.837,347.0,318.5,444.0,556.3,395.5,437.4,10.57,6.31,12.31,1.96
335,11.167,14,0,person,0.697,484.0,259.7,579.8,434.7,531.9,347.2,10.7,4.94,11.78,-2.27
335,11.167,17,0,person,0.574,623.0,278.3,739.8,449.0,681.4,363.7,11.96,-17.55,21.24,-16.7
336,11.2,1,0,person,0.842,359.7,323.8,455.3,559.5,407.5,441.7,12.02,4.28,12.76,-2.04
336,11.2,14,0,person,0.782,493.6,268.6,591.0,448.6,542.3,358.6,10.45,11.36,15.44,6.42
336,11.2,17,0,person,0.729,630.8,288.4,767.6,487.2,699.2,387.8,17.77,24.19,30.01,41.74
337,11.233,1,0,person,0.845,370.5,327.1,464.4,559.5,417.4,443.3,9.9,1.61,10.03,-2.67
337,11.233,14,0,person,0.812,500.4,267.1,604.0,462.1,552.2,364.6,9.85,6.03,11.55,-5.33
337,11.233,17,0,person,0.604,640.6,293.1,784.0,501.6,712.3,397.4,13.12,9.52,16.21,-14.67
338,11.267,1,0,person,0.846,378.4,330.8,471.0,560.1,424.7,445.4,7.25,2.18,7.57,0.57
338,11.267,14,0,person,0.816,510.9,272.6,612.5,467.8,561.7,370.2,9.49,5.6,11.02,-0.43
338,11.267,17,0,person,0.772,650.1,289.9,798.9,507.7,724.5,398.8,12.21,1.41,12.29,-8.11
339,11.3,1,0,person,0.843,383.7,333.1,476.1,562.0,429.9,447.5,5.17,2.07,5.57,-0.1
339,11.3,17,0,person,0.658,662.0,294.5,808.8,510.2,735.4,402.4,10.89,3.59,11.46,2.18
339,11.3,13,0,person,0.801,525.8,271.1,622.3,470.1,574.0,370.6,-3.14,0.76,3.23,-0.99
340,11.333,1,0,person,0.833,388.7,333.6,483.5,567.3,436.1,450.5,6.22,2.93,6.88,0.86
340,11.333,17,0,person,0.716,669.2,295.2,816.3,511.9,742.7,403.6,7.34,1.2,7.44,-2.38
340,11.333,13,0,person,0.78,528.1,272.2,622.4,474.8,575.2,373.5,1.2,2.85,3.1,2.09
341,11.367,1,0,person,0.827,392.7,333.7,490.3,571.3,441.5,452.5,5.46,2.03,5.83,-0.91
341,11.367,17,0,person,0.595,688.4,297.7,830.5,511.7,759.4,404.7,16.67,1.17,16.71,-0.04
341,11.367,13,0,person,0.809,530.3,275.3,621.9,478.4,576.1,376.9,0.88,3.41,3.52,0.55
342,11.4,1,0,person,0.839,393.3,332.6,494.4,575.9,443.9,454.2,2.36,1.75,2.93,-0.28
342,11.4,17,0,person,0.518,682.0,293.3,827.6,512.3,754.8,402.8,-4.65,-1.91,5.03,-3.08
342,11.4,13,0,person,0.803,532.3,277.9,620.8,477.8,576.5,377.9,0.42,1.0,1.09,-2.4
343,11.433,1,0,person,0.836,393.9,332.3,498.0,579.2,445.9,455.8,2.01,1.53,2.53,-0.22
343,11.433,17,0,person,0.668,682.6,289.5,830.1,512.6,756.4,401.1,1.61,-1.72,2.36,0.19
343,11.433,13,0,person,0.813,532.1,276.4,620.6,480.0,576.4,378.2,-0.15,0.31,0.34,-0.7
344,11.467,1,0,person,0.835,395.9,332.2,501.7,577.8,448.8,455.0,2.87,-0.76,2.97,-2.28
344,11.467,17,0,person,0.678,681.9,280.7,833.7,512.5,757.8,396.6,1.45,-4.46,4.69,-2.74
344,11.467,13,0,person,0.839,531.2,273.0,619.4,478.8,575.3,375.9,-1.06,-2.26,2.5,-2.57
344,11.467,20,30,skis,0.441,879.4,131.9,960.5,433.5,920.0,282.7,0.0,0.0,0.0,0.0
345,11.5,1,0,person,0.88,402.5,332.9,514.8,583.7,458.7,458.3,9.87,3.32,10.42,4.07
345,11.5,17,0,person,0.704,679.8,266.1,838.3,511.9,759.0,389.0,1.21,-7.62,7.72,-3.16
345,11.5,13,0,person,0.83,529.9,271.2,618.2,478.4,574.0,374.8,-1.28,-1.14,1.71,1.12
345,11.5,20,30,skis,0.309,880.4,130.0,962.1,433.6,921.2,281.8,1.29,-0.92,1.58,-0.92
346,11.533,1,0,person,0.886,404.9,333.9,522.0,587.5,463.5,460.7,4.83,2.4,5.39,-0.92
346,11.533,17,0,person,0.717,690.0,266.0,844.1,511.0,767.1,388.5,8.03,-0.53,8.05,7.09
346,11.533,13,0,person,0.839,529.4,270.3,617.0,476.5,573.2,373.4,-0.78,-1.41,1.61,-0.27
347,11.567,1,0,person,0.89,405.2,333.6,526.4,588.7,465.8,461.1,2.31,0.42,2.35,-1.97
347,11.567,17,0,person,0.7,695.2,267.6,844.2,509.1,769.7,388.4,2.66,-0.12,2.66,0.41
347,11.567,13,0,person,0.823,523.3,267.1,612.3,473.3,567.8,370.2,-5.43,-3.18,6.29,-1.77
348,11.6,1,0,person,0.87,404.0,332.3,530.0,592.8,467.0,462.5,1.22,1.39,1.84,0.96
348,11.6,17,0,person,0.74,699.3,270.3,842.6,506.4,771.0,388.4,1.26,-0.0,1.26,0.12
348,11.6,13,0,person,0.852,518.7,263.4,609.5,470.3,564.1,366.9,-3.72,-3.32,4.99,-0.14
349,11.633,1,0,person,0.851,399.9,331.9,529.1,596.6,464.5,464.2,-2.49,1.7,3.02,0.32
349,11.633,17,0,person,0.704,700.2,264.9,841.6,501.8,770.9,383.3,-0.02,-5.02,5.02,-5.01
349,11.633,13,0,person,0.849,515.5,262.0,607.9,469.5,561.7,365.7,-2.38,-1.13,2.63,2.19
350,11.667,1,0,person,0.868,399.4,334.1,530.1,600.8,464.7,467.5,0.22,3.24,3.24,1.53
350,11.667,17,0,person,0.742,702.6,264.6,838.5,494.7,770.6,379.7,-0.38,-3.68,3.7,1.34
350,11.667,13,0,person,0.839,509.6,263.3,606.4,479.9,558.0,371.6,-3.71,5.85,6.93,6.98
351,11.7,1,0,person,0.86,397.6,333.6,529.1,601.7,463.3,467.6,-1.4,0.16,1.41,-3.07
351,11.7,17,0,person,0.596,691.6,257.3,829.6,489.4,760.6,373.3,-9.99,-6.32,11.82,-2.65
351,11.7,13,0,person,0.767,503.5,265.9,603.1,489.7,553.3,377.8,-4.72,6.18,7.78,0.33
352,11.733,1,0,person,0.862,396.1,333.4,528.0,601.5,462.0,467.4,-1.31,-0.18,1.32,-0.34
352,11.733,17,0,person,0.687,681.6,250.0,822.9,484.8,752.2,367.4,-8.36,-5.94,10.25,0.39
352,11.733,13,0,person,0.828,499.8,267.1,595.0,479.3,547.4,373.2,-5.88,-4.59,7.46,-10.77
353,11.767,1,0,person,0.862,395.4,332.7,527.4,600.1,461.4,466.4,-0.63,-1.07,1.24,-0.89
353,11.767,17,0,person,0.62,674.6,250.6,816.9,483.2,745.7,366.9,-6.5,-0.5,6.52,5.44
353,11.767,13,0,person,0.829,493.9,267.9,587.4,472.5,540.6,370.2,-6.78,-3.01,7.42,1.57
354,11.8,1,0,person,0.864,396.3,334.0,528.4,600.1,462.3,467.0,0.94,0.67,1.15,1.74
354,11.8,17,0,person,0.536,666.4,250.6,810.8,481.7,738.6,366.2,-7.07,-0.75,7.11,-0.25
354,11.8,13,0,person,0.824,487.1,268.3,579.4,467.6,533.3,368.0,-7.36,-2.2,7.69,0.81
355,11.833,1,0,person,0.872,396.5,335.7,527.6,599.6,462.1,467.6,-0.27,0.6,0.65,-0.08
355,11.833,17,0,person,0.474,685.8,259.9,821.0,479.3,753.4,369.6,14.75,3.43,15.14,4.17
355,11.833,13,0,person,0.837,478.5,267.0,571.9,465.0,525.2,366.0,-8.09,-2.01,8.33,0.19
356,11.867,1,0,person,0.869,397.6,337.1,528.4,599.9,463.0,468.5,0.94,0.9,1.3,0.3
356,11.867,17,0,person,0.52,660.1,252.4,804.4,479.6,732.3,366.0,-21.14,-3.59,21.45,-7.02
356,11.867,13,0,person,0.835,470.7,266.6,565.9,464.1,518.3,365.4,-6.84,-0.62,6.86,1.39
357,11.9,1,0,person,0.872,394.9,337.7,524.8,600.3,459.9,469.0,-3.15,0.43,3.18,-0.46
357,11.9,17,0,person,0.613,650.8,256.4,796.1,477.7,723.4,367.1,-8.81,1.09,8.88,4.68
357,11.9,13,0,person,0.822,464.2,266.0,561.4,464.1,512.8,365.0,-5.55,-0.32,5.55,0.3
358,11.933,1,0,person,0.815,392.8,328.4,526.7,603.2,459.7,465.8,-0.14,-3.21,3.22,-3.65
358,11.933,17,0,person,0.562,666.0,259.3,807.1,476.4,736.5,367.8,13.09,0.74,13.11,-0.35
358,11.933,13,0,person,0.749,457.1,266.1,555.7,463.1,506.4,364.6,-6.41,-0.43,6.43,-0.11
359,11.967,1,0,person,0.825,395.5,328.8,528.4,606.2,462.0,467.5,2.28,1.72,2.85,4.93
359,11.967,17,0,person,0.705,671.2,261.7,808.7,475.0,739.9,368.4,3.4,0.56,3.44,-0.17
359,11.967,13,0,person,0.802,448.7,267.7,551.0,468.8,499.8,368.2,-6.54,3.61,7.47,4.04
360,12.0,1,0,person,0.799,399.2,328.2,530.5,607.3,464.8,467.7,2.86,0.23,2.87,-1.49
360,12.0,17,0,person,0.665,671.4,263.0,805.7,473.1,738.6,368.0,-1.37,-0.35,1.41,-0.92
360,12.0,13,0,person,0.603,439.7,271.3,547.2,481.7,493.5,376.5,-6.38,8.28,10.46,4.67
360,12.0,22,0,person,0.398,614.0,252.3,734.5,396.8,674.2,324.6,0.0,0.0,0.0,0.0
361,12.033,1,0,person,0.804,404.9,339.7,529.6,607.0,467.3,473.4,2.43,5.64,6.14,5.41
361,12.033,17,0,person,0.592,671.7,264.4,804.0,473.1,737.9,368.8,-0.7,0.73,1.01,1.08
361,12.033,13,0,person,0.631,443.3,273.2,533.3,440.5,488.3,356.8,-5.14,-19.67,20.33,-27.96
361,12.033,22,0,person,0.321,607.5,253.2,727.6,396.9,667.5,325.0,-6.7,0.45,6.71,0.45
362,12.067,1,0,person,0.803,406.2,346.3,526.6,605.9,466.4,476.1,-0.86,2.74,2.87,-2.9
362,12.067,17,0,person,0.589,659.5,264.9,793.8,474.5,726.6,369.7,-11.23,0.9,11.27,0.18
362,12.067,13,0,person,0.749,442.3,274.5,526.0,424.1,484.1,349.3,-4.2,-7.52,8.61,12.15
363,12.1,1,0,person,0.803,408.9,349.8,523.7,597.5,466.3,473.6,-0.1,-2.48,2.48,-5.22
363,12.1,17,0,person,0.644,666.4,267.1,797.3,473.9,731.9,370.5,5.24,0.8,5.3,-0.11
363,12.1,13,0,person,0.734,440.8,277.4,524.0,421.0,482.4,349.2,-1.72,-0.14,1.72,7.38
364,12.133,1,0,person,0.818,408.4,350.8,522.5,597.8,465.5,474.3,-0.85,0.68,1.09,3.16
364,12.133,17,0,person,0.593,669.5,268.4,797.2,472.4,733.4,370.4,1.47,-0.04,1.48,-0.83
364,12.133,13,0,person,0.744,438.1,278.6,524.9,424.3,481.5,351.4,-0.93,2.24,2.43,2.38
364,12.133,23,30,skis,0.365,843.8,112.1,923.1,416.5,883.4,264.3,0.0,0.0,0.0,0.0
365,12.167,1,0,person,0.783,409.2,350.7,523.7,599.9,466.4,475.3,0.99,1.03,1.43,0.34
365,12.167,17,0,person,0.682,674.6,268.8,800.0,472.5,737.3,370.6,3.95,0.2,3.95,0.24
365,12.167,13,0,person,0.638,433.5,280.5,526.1,433.8,479.8,357.2,-1.65,5.75,5.98,3.5
365,12.167,23,30,skis,0.346,842.2,111.2,921.8,417.0,882.0,264.1,-1.44,-0.25,1.46,-0.25
366,12.2,1,0,person,0.747,413.1,351.8,527.6,601.2,470.3,476.5,3.87,1.16,4.04,0.14
366,12.2,17,0,person,0.745,671.1,265.2,796.7,470.3,733.9,367.7,-3.4,-2.87,4.45,-3.07
366,12.2,13,0,person,0.522,432.0,282.5,525.6,434.4,478.8,358.4,-0.98,1.27,1.6,-4.48
367,12.233,1,0,person,0.7,419.2,351.8,533.6,602.0,476.4,476.9,6.08,0.43,6.1,-0.73
367,12.233,17,0,person,0.75,671.6,265.6,796.3,469.6,734.0,367.6,0.08,-0.15,0.17,2.72
367,12.233,13,0,person,0.472,431.4,282.5,522.0,424.9,476.7,353.7,-2.15,-4.75,5.21,-6.02
368,12.267,1,0,person,0.63,418.7,350.3,534.1,602.7,476.4,476.5,0.01,-0.44,0.44,-0.87
368,12.267,17,0,person,0.653,674.1,267.1,791.9,457.7,733.0,362.4,-0.98,-5.17,5.26,-5.02
368,12.267,13,0,person,0.452,428.0,282.8,520.2,423.8,474.1,353.3,-2.6,-0.41,2.63,4.34
369,12.3,1,0,person,0.777,405.1,306.9,539.8,604.1,472.5,455.5,-3.92,-20.98,21.34,-20.54
370,12.333,1,0,person,0.72,400.9,290.9,542.6,605.2,471.8,448.1,-0.71,-7.45,7.49,13.52
371,12.367,1,0,person,0.729,399.1,284.7,543.4,606.0,471.2,445.3,-0.53,-2.74,2.79,4.71
371,12.367,24,0,person,0.528,727.9,250.7,802.6,396.0,765.3,323.4,0.0,0.0,0.0,0.0
372,12.4,1,0,person,0.625,413.0,321.3,544.9,604.7,478.9,463.0,7.69,17.7,19.29,20.44
372,12.4,24,0,person,0.499,727.7,249.6,803.4,396.6,765.5,323.1,0.28,-0.32,0.42,-0.32
372,12.4,13,0,person,0.617,413.5,282.8,519.6,440.8,466.6,361.8,-1.88,2.13,2.84,0.64
373,12.433,1,0,person,0.625,404.0,294.2,546.3,599.2,475.1,446.7,-3.8,-16.32,16.76,-34.02
373,12.433,24,0,person,0.513,729.5,244.5,807.1,395.6,768.3,320.0,2.77,-3.02,4.1,-2.7
373,12.433,25,0,person,0.387,600.5,244.0,694.2,334.9,647.4,289.4,0.0,0.0,0.0,0.0
374,12.467,1,0,person,0.648,405.9,285.1,552.4,599.3,479.2,442.2,4.03,-4.52,6.06,11.8
374,12.467,24,0,person,0.598,730.6,242.1,806.6,390.4,768.6,316.3,0.29,-3.74,3.76,-0.72
374,12.467,25,0,person,0.531,597.9,241.3,692.5,333.3,645.2,287.3,-2.17,-2.11,3.03,-2.11
375,12.5,1,0,person,0.592,409.1,281.0,556.8,594.7,482.9,437.9,3.78,-4.29,5.71,0.23
375,12.5,24,0,person,0.754,712.5,242.9,812.0,438.6,762.3,340.8,-6.31,24.51,25.31,28.25
375,12.5,22,0,person,0.71,560.0,237.6,723.0,447.6,641.5,342.6,-1.86,1.26,2.25,0.06
376,12.533,1,0,person,0.675,435.7,321.5,565.7,598.2,500.7,459.9,17.78,21.97,28.27,26.26
376,12.533,24,0,person,0.786,707.8,238.9,814.6,451.8,761.2,345.4,-1.09,4.58,4.71,-19.93
376,12.533,22,0,person,0.777,561.9,237.3,715.6,448.9,638.7,343.1,-2.77,0.48,2.81,-0.77
376,12.533,13,0,person,0.724,382.4,282.5,554.3,555.8,468.4,419.1,0.45,14.33,14.34,3.05
377,12.567,1,0,person,0.703,452.8,336.7,573.5,596.1,513.1,466.4,12.43,6.56,14.06,-15.41
377,12.567,24,0,person,0.807,708.8,236.4,816.3,455.1,762.6,345.8,1.37,0.38,1.42,-4.2
377,12.567,22,0,person,0.82,563.2,236.6,709.1,449.0,636.2,342.8,-2.57,-0.31,2.59,-0.79
377,12.567,13,0,person,0.743,384.6,284.8,551.9,566.2,468.3,425.5,-0.12,6.4,6.4,-7.93
378,12.6,1,0,person,0.765,463.4,342.8,580.8,597.8,522.1,470.3,8.98,3.89,9.79,-2.67
378,12.6,24,0,person,0.769,708.8,234.1,815.4,456.2,762.1,345.1,-0.45,-0.65,0.79,-1.03
378,12.6,22,0,person,0.725,563.9,234.9,704.1,449.3,634.0,342.1,-2.19,-0.66,2.29,-0.36
378,12.6,13,0,person,0.761,382.9,289.4,547.5,579.7,465.2,434.6,-3.07,9.04,9.54,2.64
379,12.633,1,0,person,0.791,468.5,343.7,584.6,597.4,526.6,470.6,4.43,0.25,4.44,-3.64
379,12.633,24,0,person,0.727,708.5,233.0,813.7,457.5,761.1,345.3,-0.97,0.17,0.98,0.82
379,12.633,22,0,person,0.753,568.2,234.7,698.8,443.3,633.5,339.0,-0.49,-3.11,3.15,-2.44
379,12.633,13,0,person,0.777,383.1,294.7,541.3,585.2,462.2,439.9,-2.96,5.37,6.13,-3.67
380,12.667,1,0,person,0.821,469.7,343.9,587.2,601.9,528.5,472.9,1.9,2.34,3.01,2.09
380,12.667,24,0,person,0.67,709.7,232.5,811.1,453.7,760.4,343.1,-0.7,-2.18,2.29,-2.36
380,12.667,22,0,person,0.629,572.9,234.2,692.9,433.6,632.9,333.9,-0.57,-5.14,5.17,-2.03
380,12.667,13,0,person,0.776,383.3,299.5,535.2,587.2,459.3,443.3,-2.93,3.41,4.5,-1.96
380,12.667,23,30,skis,0.315,828.4,112.2,907.7,415.6,868.0,263.9,-0.93,-0.01,0.93,0.02
381,12.7,1,0,person,0.785,474.5,343.2,592.1,605.5,533.3,474.4,4.81,1.45,5.02,-0.88
381,12.7,24,0,person,0.732,710.4,232.3,807.4,447.8,758.9,340.0,-1.5,-3.06,3.41,-0.87
381,12.7,13,0,person,0.812,381.8,299.5,529.8,585.4,455.8,442.5,-3.5,-0.85,3.6,-4.26
381,12.7,23,30,skis,0.341,827.7,113.0,907.1,416.0,867.4,264.5,-0.63,0.6,0.87,0.61
381,12.7,25,0,person,0.606,572.6,233.2,691.2,352.5,631.9,292.9,-1.89,0.79,2.05,0.42
382,12.733,1,0,person,0.762,480.3,344.3,595.9,606.9,538.1,475.6,4.82,1.28,4.98,-0.18
382,12.733,24,0,person,0.685,710.7,232.2,799.4,429.5,755.1,330.9,-3.84,-9.17,9.94,-6.11
382,12.733,13,0,person,0.811,390.8,300.6,534.2,585.7,462.5,443.1,6.71,0.67,6.74,1.52
382,12.733,23,30,skis,0.311,827.9,113.9,907.3,415.9,867.6,264.9,0.22,0.38,0.44,-0.22
382,12.733,25,0,person,0.714,573.0,233.7,687.9,353.5,630.4,293.6,-1.49,0.71,1.65,-0.08
383,12.767,1,0,person,0.735,473.6,344.5,589.4,604.9,531.5,474.7,-6.58,-0.96,6.65,-2.23
383,12.767,24,0,person,0.79,711.4,232.4,794.1,415.4,752.7,323.9,-2.36,-6.99,7.38,2.18
383,12.767,13,0,person,0.782,397.6,302.2,536.7,585.6,467.1,443.9,4.61,0.76,4.67,0.09
383,12.767,25,0,person,0.698,572.3,233.5,684.5,355.0,628.4,294.2,-2.03,0.66,2.14,-0.05
384,12.8,1,0,person,0.6,481.8,344.7,596.2,604.4,539.0,474.5,7.48,-0.17,7.48,0.78
384,12.8,24,0,person,0.747,708.9,232.8,789.5,410.1,749.2,321.4,-3.53,-2.45,4.3,4.54
384,12.8,13,0,person,0.548,404.4,302.5,539.9,583.1,472.2,442.8,5.05,-1.1,5.17,-1.86
384,12.8,25,0,person,0.418,558.7,234.3,673.0,360.0,615.8,297.2,-12.58,2.94,12.92,2.28
385,12.833,1,0,person,0.712,478.7,346.0,593.6,603.4,536.2,474.7,-2.82,0.18,2.82,0.35
385,12.833,24,0,person,0.635,707.8,232.9,788.0,408.0,747.9,320.5,-1.3,-0.95,1.61,1.5
385,12.833,13,0,person,0.742,414.3,308.9,545.0,581.4,479.7,445.1,7.5,2.32,7.85,3.42
385,12.833,22,0,person,0.469,546.3,234.5,672.8,453.1,609.5,343.8,-4.68,1.99,5.08,1.43
385,12.833,23,30,skis,0.321,827.8,116.4,907.0,419.3,867.4,267.9,-0.07,1.0,1.01,0.21
386,12.867,1,0,person,0.692,473.8,345.4,591.2,604.0,532.5,474.7,-3.63,0.0,3.63,-0.18
386,12.867,24,0,person,0.524,712.2,232.3,791.9,408.0,752.1,320.1,4.17,-0.34,4.19,0.61
386,12.867,13,0,person,0.64,418.4,316.5,545.7,581.2,482.1,448.9,2.39,3.73,4.43,1.41
386,12.867,22,0,person,0.523,547.6,234.3,667.1,447.5,607.4,340.9,-2.16,-2.9,3.61,-4.89
386,12.867,23,30,skis,0.32,827.9,117.1,907.0,421.1,867.4,269.1,0.02,1.22,1.22,0.21
387,12.9,1,0,person,0.704,470.3,344.9,590.0,603.6,530.2,474.2,-2.38,-0.45,2.42,-0.45
387,12.9,24,0,person,0.461,717.6,232.2,795.6,407.7,756.6,319.9,4.51,-0.2,4.51,0.15
387,12.9,22,0,person,0.518,548.3,234.7,663.2,446.0,605.8,340.3,-1.61,-0.57,1.71,2.33
387,12.9,23,30,skis,0.405,827.7,117.6,906.4,421.9,867.0,269.8,-0.37,0.66,0.76,-0.56
388,12.933,1,0,person,0.703,485.4,346.1,604.2,605.7,544.8,475.9,14.65,1.69,14.74,2.14
388,12.933,24,0,person,0.382,719.4,231.6,796.4,408.0,757.9,319.8,1.32,-0.11,1.32,0.08
388,12.933,22,0,person,0.475,551.0,235.9,660.7,444.4,605.8,340.2,0.09,-0.17,0.19,0.41
388,12.933,23,30,skis,0.454,827.9,117.7,906.3,422.4,867.1,270.0,0.06,0.25,0.25,-0.41
388,12.933,26,0,person,0.38,730.2,232.9,787.4,305.3,758.8,269.1,0.0,0.0,0.0,0.0
389,12.967,1,0,person,0.711,490.0,336.5,612.4,607.4,551.2,471.9,6.4,-3.99,7.55,-5.69
389,12.967,24,0,person,0.373,719.7,231.4,795.2,407.8,757.4,319.6,-0.45,-0.24,0.51,-0.13
389,12.967,23,30,skis,0.403,827.8,117.6,906.2,423.0,867.0,270.3,-0.1,0.24,0.26,-0.01
389,12.967,25,0,person,0.658,556.0,236.7,666.5,364.7,611.2,300.7,-0.92,0.7,1.16,-0.45
390,13.0,1,0,person,0.749,477.0,339.7,602.2,608.8,539.6,474.3,-11.61,2.33,11.84,6.32
390,13.0,23,30,skis,0.319,827.5,117.9,905.8,424.5,866.6,271.2,-0.37,0.96,1.03,0.72
390,13.0,25,0,person,0.509,565.7,237.5,655.5,344.4,610.6,291.0,-0.66,-9.73,9.75,-10.42
390,13.0,26,0,person,0.394,736.7,249.4,781.0,305.1,758.9,277.2,0.03,4.05,4.05,2.03
391,13.033,1,0,person,0.851,470.9,343.8,598.9,611.3,534.9,477.6,-4.7,3.29,5.74,0.96
391,13.033,25,0,person,0.533,566.8,238.1,649.9,339.1,608.3,288.6,-2.25,-2.38,3.27,7.34
391,13.033,26,0,person,0.393,735.0,249.1,780.1,305.3,757.5,277.2,-1.31,-0.01,1.31,-4.06
392,13.067,1,0,person,0.856,467.0,344.5,598.6,613.1,532.8,478.8,-2.1,1.28,2.46,-2.01
392,13.067,25,0,person,0.439,558.7,237.8,656.1,360.7,607.4,299.3,-0.89,10.67,10.71,13.06
392,13.067,17,0,person,0.745,681.5,230.9,803.9,451.6,742.7,341.3,0.4,-0.88,0.97,0.18
393,13.1,1,0,person,0.835,464.3,347.1,598.5,614.0,531.4,480.6,-1.39,1.75,2.24,0.47
393,13.1,17,0,person,0.736,687.9,229.9,801.0,451.7,744.5,340.8,1.77,-0.47,1.83,0.41
394,13.133,1,0,person,0.864,462.2,350.7,597.9,614.0,530.1,482.3,-1.34,1.76,2.21,0.01
394,13.133,17,0,person,0.757,692.7,229.3,799.1,451.0,745.9,340.2,1.44,-0.64,1.58,-0.17
394,13.133,22,0,person,0.35,530.1,247.0,667.1,524.1,598.6,385.5,-1.21,7.57,7.66,1.29
395,13.167,1,0,person,0.857,458.7,354.0,596.1,614.5,527.4,484.3,-2.67,1.92,3.29,0.16
395,13.167,17,0,person,0.743,697.0,229.7,798.3,451.3,747.6,340.5,1.72,0.32,1.75,0.96
395,13.167,22,0,person,0.553,533.1,245.9,670.8,541.6,601.9,393.8,3.31,8.21,8.86,0.65
396,13.2,1,0,person,0.841,454.7,355.8,595.6,616.8,525.1,486.3,-2.26,2.03,3.04,0.11
396,13.2,17,0,person,0.701,699.3,230.5,797.5,451.8,748.4,341.2,0.75,0.66,1.01,0.34
396,13.2,22,0,person,0.733,542.4,249.7,678.8,555.0,610.6,402.4,8.71,8.61,12.24,0.39
397,13.233,1,0,person,0.874,453.6,356.0,598.2,617.3,525.9,486.6,0.78,0.34,0.85,-1.69
397,13.233,17,0,person,0.628,700.9,232.3,796.9,452.0,748.9,342.2,0.52,1.0,1.13,0.33
397,13.233,22,0,person,0.753,563.8,295.2,682.4,564.7,623.1,429.9,12.47,27.58,30.27,18.98
397,13.233,25,0,person,0.488,567.7,248.7,662.2,367.8,615.0,308.3,1.51,1.81,2.35,-1.77
398,13.267,1,0,person,0.87,450.4,356.2,599.0,618.8,524.7,487.5,-1.22,0.88,1.51,0.54
398,13.267,17,0,person,0.704,702.2,234.9,796.0,451.0,749.1,342.9,0.25,0.79,0.83,-0.21
398,13.267,22,0,person,0.724,572.7,314.8,683.6,566.5,628.1,440.7,5.02,10.71,11.83,-16.87
398,13.267,25,0,person,0.437,563.6,251.9,655.1,370.0,609.4,310.9,-5.61,2.64,6.2,0.83
399,13.3,1,0,person,0.881,442.3,355.2,594.2,618.5,518.2,486.8,-6.49,-0.67,6.52,-1.55
399,13.3,17,0,person,0.717,710.9,236.0,802.5,451.1,756.7,343.6,7.55,0.64,7.58,-0.15
399,13.3,22,0,person,0.689,564.2,274.7,691.0,568.8,627.6,421.8,-0.51,-18.89,18.9,-29.6
400,13.333,1,0,person,0.861,435.8,354.5,590.7,618.4,513.2,486.5,-4.98,-0.4,4.99,0.27
400,13.333,17,0,person,0.684,714.0,237.0,804.3,449.8,759.2,343.4,2.48,-0.16,2.49,-0.8
400,13.333,22,0,person,0.78,559.2,259.8,691.2,570.7,625.2,415.2,-2.45,-6.53,6.97,12.36
401,13.367,1,0,person,0.844,422.0,353.3,581.1,619.6,501.5,486.4,-11.73,-0.0,11.73,0.4
401,13.367,17,0,person,0.766,725.1,251.4,808.8,450.6,767.0,351.0,7.81,7.59,10.89,7.75
401,13.367,22,0,person,0.729,571.5,324.7,678.2,570.0,624.9,447.4,-0.3,32.15,32.15,38.68
401,13.367,25,0,person,0.647,535.7,251.5,659.9,420.9,597.8,336.2,-3.86,8.43,9.27,1.93
402,13.4,1,0,person,0.846,403.3,351.4,567.0,620.2,485.1,485.8,-16.38,-0.63,16.39,-0.63
402,13.4,17,0,person,0.81,729.9,255.9,811.8,453.9,770.9,354.9,3.88,3.92,5.51,-3.67
402,13.4,22,0,person,0.73,577.4,354.9,672.8,568.4,625.1,461.6,0.23,14.22,14.23,-17.92
402,13.4,25,0,person,0.661,541.2,251.4,658.0,418.9,599.6,335.2,1.8,-1.04,2.08,-9.46
403,13.433,1,0,person,0.882,378.7,354.0,544.5,622.3,461.6,488.1,-23.56,2.31,23.68,2.95
403,13.433,17,0,person,0.83,733.0,260.2,814.8,459.3,773.9,359.7,3.04,4.78,5.67,0.86
403,13.433,22,0,person,0.798,581.6,376.3,671.4,568.4,626.5,472.3,1.39,10.72,10.81,-3.5
403,13.433,25,0,person,0.608,546.6,251.2,657.2,416.5,601.9,333.9,2.31,-1.28,2.64,-0.24
404,13.467,1,0,person,0.91,359.2,353.5,526.9,621.5,443.1,487.5,-18.52,-0.63,18.53,-2.94
404,13.467,17,0,person,0.846,734.9,261.0,818.2,463.5,776.5,362.3,2.62,2.55,3.66,-2.23
404,13.467,22,0,person,0.759,584.2,386.6,673.1,568.8,628.6,477.7,2.15,5.38,5.8,-5.34
404,13.467,25,0,person,0.559,545.8,249.1,663.1,432.6,604.5,340.8,2.57,6.92,7.38,8.2
405,13.5,1,0,person,0.893,342.2,353.7,510.1,621.8,426.2,487.8,-16.89,0.28,16.89,0.91
405,13.5,17,0,person,0.751,733.1,258.8,820.5,470.1,776.8,364.4,0.25,2.19,2.2,-0.37
405,13.5,22,0,person,0.841,583.9,381.1,678.5,569.6,631.2,475.3,2.58,-2.39,3.52,-7.78
405,13.5,25,0,person,0.676,550.9,248.0,668.2,437.5,609.5,342.8,5.07,1.96,5.44,-4.96
406,13.533,1,0,person,0.889,332.6,351.9,502.0,622.1,417.3,487.0,-8.84,-0.82,8.88,-1.1
406,13.533,17,0,person,0.777,728.5,263.8,815.9,469.4,772.2,366.6,-4.57,2.14,5.05,-0.05
406,13.533,22,0,person,0.84,583.6,370.4,686.0,570.2,634.8,470.3,3.61,-5.0,6.17,-2.61
406,13.533,25,0,person,0.702,563.4,247.1,665.9,417.1,614.7,332.1,5.12,-10.64,11.81,-12.6
407,13.567,1,0,person,0.843,322.8,350.5,491.8,622.0,407.3,486.3,-10.0,-0.7,10.03,0.12
407,13.567,17,0,person,0.731,724.8,269.1,812.8,473.6,768.8,371.3,-3.42,4.76,5.86,2.62
407,13.567,22,0,person,0.854,582.8,353.5,695.6,572.5,639.2,463.0,4.38,-7.35,8.56,-2.35
407,13.567,25,0,person,0.686,571.2,246.7,664.5,406.0,617.9,326.4,3.2,-5.76,6.59,4.88
408,13.6,1,0,person,0.866,312.7,347.9,481.1,621.8,396.9,484.9,-10.43,-1.39,10.52,-0.69
408,13.6,17,0,person,0.737,716.2,274.9,797.6,457.8,756.9,366.4,-11.9,-4.99,12.9,-9.75
408,13.6,22,0,person,0.849,585.9,342.0,704.1,571.0,645.0,456.5,5.82,-6.45,8.69,0.9
408,13.6,25,0,person,0.544,582.7,245.1,664.6,387.8,623.7,316.5,5.81,-9.89,11.47,-4.13
409,13.633,1,0,person,0.832,307.3,344.8,474.4,616.6,390.8,480.7,-6.05,-4.17,7.35,-2.79
409,13.633,17,0,person,0.684,706.6,277.2,783.8,448.4,745.2,362.8,-11.7,-3.55,12.22,1.44
409,13.633,22,0,person,0.867,585.1,339.5,708.2,577.3,646.6,458.4,1.61,1.9,2.49,8.35
409,13.633,25,0,person,0.676,579.0,246.5,673.4,416.6,626.2,331.5,2.54,15.04,15.26,24.93
410,13.667,1,0,person,0.844,296.7,341.2,455.0,600.1,375.9,470.7,-14.99,-10.03,18.03,-5.86
410,13.667,17,0,person,0.511,698.4,277.2,763.2,417.7,730.8,347.5,-14.39,-15.34,21.03,-11.79
410,13.667,22,0,person,0.83,588.0,341.1,716.6,587.2,652.3,464.1,5.7,5.72,8.07,3.82
410,13.667,25,0,person,0.661,584.8,246.5,681.6,425.9,633.2,336.2,6.96,4.68,8.39,-10.37
411,13.7,1,0,person,0.909,284.6,335.3,442.8,594.1,363.7,464.7,-12.13,-5.93,13.5,4.1
411,13.7,17,0,person,0.67,684.0,272.7,745.0,400.2,714.5,336.4,-16.29,-11.05,19.68,4.29
411,13.7,22,0,person,0.843,597.6,345.8,728.4,592.2,663.0,469.0,10.68,4.87,11.73,-0.86
411,13.7,25,0,person,0.368,589.8,245.4,689.5,432.4,639.7,338.9,6.49,2.71,7.03,-1.97
412,13.733,1,0,person,0.897,275.2,331.7,435.3,592.5,355.2,462.1,-8.5,-2.65,8.9,3.29
412,13.733,22,0,person,0.821,605.8,346.4,739.9,595.7,672.9,471.0,9.88,2.02,10.08,-2.84
412,13.733,23,30,skis,0.438,798.3,122.0,875.9,421.6,837.1,271.8,-1.34,0.03,1.34,-0.04
413,13.767,1,0,person,0.896,259.1,328.0,423.5,592.4,341.3,460.2,-13.88,-1.89,14.01,0.76
413,13.767,22,0,person,0.401,607.1,282.9,773.6,595.9,690.4,439.4,17.49,-31.65,36.17,-33.68
413,13.767,23,30,skis,0.364,795.9,122.7,874.1,423.0,835.0,272.9,-2.07,1.08,2.33,1.05
413,13.767,25,0,person,0.471,609.5,247.3,720.2,454.4,664.9,350.9,12.6,5.98,13.95,1.63
414,13.8,1,0,person,0.879,245.1,323.2,411.7,588.6,328.4,455.9,-12.97,-4.3,13.66,-2.41
414,13.8,22,0,person,0.543,633.5,331.0,782.6,600.3,708.0,465.6,17.66,26.24,31.63,57.9
414,13.8,25,0,person,0.787,609.3,259.2,727.0,481.2,668.2,370.2,3.32,19.36,19.64,13.38
415,13.833,1,0,person,0.882,231.4,318.7,400.8,585.7,316.1,452.2,-12.28,-3.67,12.82,0.63
415,13.833,25,0,person,0.775,609.5,264.5,728.9,491.7,669.2,378.1,1.05,7.85,7.92,-11.5
416,13.867,1,0,person,0.907,228.9,314.7,392.7,569.4,310.8,442.0,-5.3,-10.2,11.5,-6.53
416,13.867,25,0,person,0.822,608.4,267.3,731.6,505.4,670.0,386.4,0.76,8.28,8.31,0.42
417,13.9,1,0,person,0.904,226.0,311.0,389.7,563.5,307.9,437.3,-2.93,-4.77,5.6,5.43
417,13.9,25,0,person,0.842,606.1,267.9,730.4,510.5,668.2,389.2,-1.76,2.88,3.37,-5.4
418,13.933,1,0,person,0.906,226.9,309.2,389.8,559.1,308.3,434.1,0.47,-3.14,3.18,1.63
418,13.933,25,0,person,0.84,601.2,265.3,729.1,516.6,665.1,391.0,-3.13,1.73,3.58,-1.15
419,13.967,1,0,person,0.883,227.2,307.4,390.7,557.2,309.0,432.3,0.63,-1.85,1.95,1.3
419,13.967,25,0,person,0.815,594.6,263.7,725.4,522.0,660.0,392.9,-5.13,1.9,5.47,0.17
419,13.967,23,30,skis,0.314,787.1,124.4,864.9,420.2,826.0,272.3,-1.5,-0.1,1.5,-0.2
420,14.0,1,0,person,0.873,235.9,305.5,400.1,557.7,318.0,431.6,9.06,-0.66,9.09,1.19
420,14.0,25,0,person,0.839,590.5,279.7,716.6,529.0,653.5,404.4,-6.46,11.49,13.18,9.59
421,14.033,1,0,person,0.841,243.7,303.6,405.7,554.7,324.7,429.1,6.66,-2.49,7.11,-1.84
421,14.033,25,0,person,0.844,580.9,264.5,716.0,536.9,648.5,400.7,-5.03,-3.66,6.22,-15.15
422,14.067,1,0,person,0.854,251.7,301.9,410.0,549.6,330.9,425.7,6.21,-3.39,7.07,-0.9
422,14.067,25,0,person,0.825,575.4,272.0,707.4,541.7,641.4,406.8,-7.09,6.14,9.38,9.8
423,14.1,1,0,person,0.857,262.2,300.0,410.6,533.7,336.4,416.9,5.54,-8.87,10.46,-5.48
423,14.1,25,0,person,0.787,571.3,295.0,692.5,542.5,631.9,418.8,-9.5,11.93,15.25,5.79
424,14.133,1,0,person,0.844,269.7,297.6,412.8,524.8,341.3,411.2,4.84,-5.65,7.44,3.22
424,14.133,25,0,person,0.828,562.4,302.6,680.5,542.5,621.4,422.6,-10.47,3.8,11.14,-8.12
424,14.133,17,0,person,0.459,626.9,245.9,687.8,372.8,657.3,309.3,-4.4,-2.08,4.87,0.69
425,14.167,1,0,person,0.834,274.1,295.7,416.1,524.6,345.1,410.1,3.85,-1.1,4.0,4.55
425,14.167,25,0,person,0.84,554.2,309.8,670.9,544.4,612.5,427.1,-8.88,4.56,9.98,0.75
425,14.167,17,0,person,0.481,622.5,245.1,688.6,384.1,655.6,314.6,-1.78,5.28,5.57,7.36
426,14.2,1,0,person,0.839,279.7,293.0,419.9,524.4,349.8,408.7,4.67,-1.42,4.88,-0.32
426,14.2,25,0,person,0.862,547.3,309.5,667.6,551.2,607.5,430.3,-5.1,3.2,6.02,-1.36
426,14.2,17,0,person,0.723,623.3,245.7,693.6,392.2,658.5,319.0,2.9,4.34,5.22,-0.94
427,14.233,1,0,person,0.866,283.6,290.8,422.2,525.1,352.9,408.0,3.11,-0.75,3.2,0.67
427,14.233,25,0,person,0.856,541.0,310.2,664.7,560.0,602.8,435.1,-4.61,4.76,6.63,1.56
427,14.233,17,0,person,0.85,621.7,246.8,700.4,412.8,661.0,329.8,2.58,10.84,11.14,6.5
427,14.233,23,30,skis,0.356,778.9,123.7,860.4,432.3,819.7,278.0,-0.8,0.72,1.07,0.1
428,14.267,1,0,person,0.865,287.0,288.9,424.1,526.7,355.5,407.8,2.62,-0.14,2.62,0.6
428,14.267,25,0,person,0.85,531.5,315.1,659.6,577.8,595.6,446.4,-7.26,11.37,13.48,6.61
428,14.267,17,0,person,0.811,622.1,248.1,705.8,427.9,664.0,338.0,2.94,8.19,8.7,-2.65
428,14.267,23,30,skis,0.379,780.6,123.0,861.3,429.6,821.0,276.3,1.31,-1.72,2.16,-2.44
429,14.3,1,0,person,0.839,292.3,287.7,426.3,526.9,359.3,407.3,3.76,-0.5,3.79,-0.35
429,14.3,25,0,person,0.83,522.5,318.4,650.2,583.8,586.4,451.1,-9.24,4.67,10.35,-6.7
429,14.3,17,0,person,0.854,625.4,250.0,711.7,436.8,668.6,343.4,4.59,5.46,7.14,-2.73
430,14.333,1,0,person,0.841,298.2,286.7,428.6,525.9,363.4,406.3,4.1,-1.02,4.22,-0.52
430,14.333,25,0,person,0.881,511.4,319.4,638.7,586.8,575.1,453.1,-11.29,1.99,11.47,-2.67
430,14.333,17,0,person,0.858,628.5,252.9,716.3,442.9,672.4,347.9,3.81,4.46,5.87,-1.0
431,14.367,1,0,person,0.873,299.6,286.3,426.4,525.5,363.0,405.9,-0.37,-0.42,0.56,0.6
431,14.367,25,0,person,0.837,500.3,321.3,624.8,587.0,562.5,454.1,-12.53,1.03,12.57,-0.96
431,14.367,17,0,person,0.817,631.9,252.0,722.3,444.2,677.1,348.1,4.71,0.19,4.72,-4.27
432,14.4,1,0,person,0.876,298.7,285.1,423.8,526.3,361.2,405.7,-1.75,-0.18,1.76,0.23
432,14.4,25,0,person,0.812,466.2,322.4,594.8,597.4,530.5,459.9,-32.01,5.79,32.53,4.75
432,14.4,17,0,person,0.838,636.5,249.5,730.5,445.6,683.5,347.5,6.41,-0.56,6.44,-0.75
433,14.433,1,0,person,0.877,299.9,284.4,420.5,521.0,360.2,402.7,-1.01,-2.99,3.16,-2.81
433,14.433,25,0,person,0.854,440.8,326.3,574.0,605.2,507.4,465.7,-23.11,5.82,23.84,0.04
433,14.433,17,0,person,0.838,639.1,249.0,735.2,447.4,687.2,348.2,3.66,0.65,3.72,1.21
434,14.467,1,0,person,0.861,303.7,284.4,419.0,513.9,361.3,399.1,1.11,-3.6,3.77,-0.61
434,14.467,25,0,person,0.876,421.3,335.2,558.5,612.1,489.9,473.7,-17.51,7.93,19.22,2.1
434,14.467,17,0,person,0.804,641.0,250.8,737.9,449.9,689.5,350.4,2.29,2.19,3.17,1.54
435,14.5,1,0,person,0.844,308.3,285.7,419.0,512.7,363.6,399.2,2.29,0.05,2.29,3.65
435,14.5,25,0,person,0.836,381.5,334.2,518.1,616.4,449.8,475.3,-40.09,1.61,40.12,-6.31
435,14.5,17,0,person,0.832,638.9,258.0,739.3,465.0,689.1,361.5,-0.37,11.14,11.15,8.95
436,14.533,1,0,person,0.719,310.4,285.5,417.0,511.7,363.7,398.6,0.1,-0.54,0.55,-0.59
436,14.533,25,0,person,0.695,359.4,337.0,492.1,618.6,425.7,477.8,-24.1,2.54,24.23,0.92
436,14.533,17,0,person,0.777,633.7,255.8,739.4,475.9,686.6,365.9,-2.52,4.34,5.02,-6.8
437,14.567,1,0,person,0.61,313.7,285.6,409.4,492.1,361.6,388.8,-2.15,-9.78,10.02,-9.24
437,14.567,25,0,person,0.763,331.7,332.9,461.4,612.6,396.5,472.8,-29.17,-5.07,29.6,-7.61
437,14.567,17,0,person,0.793,630.0,256.0,734.8,475.9,682.4,365.9,-4.18,0.08,4.18,-4.26
438,14.6,25,0,person,0.752,299.3,312.9,439.8,617.5,369.6,465.2,-26.98,-7.58,28.02,-2.51
438,14.6,17,0,person,0.827,624.9,257.4,729.6,478.6,677.2,368.0,-5.14,2.05,5.53,1.97
439,14.633,25,0,person,0.805,279.9,297.7,428.9,621.2,354.4,459.5,-15.17,-5.71,16.21,1.87
439,14.633,17,0,person,0.795,621.3,264.2,723.6,480.1,672.4,372.2,-4.8,4.17,6.36,2.12
440,14.667,25,0,person,0.74,264.1,324.0,406.9,619.8,335.5,471.9,-18.88,12.45,22.62,18.16
440,14.667,17,0,person,0.799,618.2,274.6,717.5,484.3,667.9,379.5,-4.58,7.3,8.62,3.13
440,14.667,1,0,person,0.747,312.2,286.5,414.4,511.6,363.3,399.1,0.56,3.41,3.45,4.4
441,14.7,25,0,person,0.846,216.4,336.2,335.9,579.7,276.1,458.0,-59.37,-13.95,60.99,-26.41
441,14.7,17,0,person,0.834,614.6,284.5,716.1,499.6,665.3,392.0,-2.54,12.57,12.83,5.27
441,14.7,1,0,person,0.797,312.2,286.8,413.8,515.0,363.0,400.9,-0.27,1.8,1.82,-1.61
442,14.733,25,0,person,0.825,188.5,342.0,294.7,550.9,241.6,446.5,-34.55,-11.52,36.42,2.43
442,14.733,17,0,person,0.848,613.8,289.2,716.1,506.2,665.0,397.7,-0.36,5.65,5.66,-6.92
442,14.733,1,0,person,0.825,306.5,287.2,408.6,517.6,357.6,402.4,-5.42,1.52,5.63,-0.27
443,14.767,25,0,person,0.858,158.6,344.1,268.2,553.2,213.4,448.6,-28.18,2.19,28.27,13.71
443,14.767,17,0,person,0.834,611.8,291.4,716.7,513.4,664.3,402.4,-0.69,4.71,4.76,-0.94
443,14.767,1,0,person,0.827,308.7,289.2,409.4,519.9,359.1,404.5,1.5,2.17,2.64,0.65
444,14.8,25,0,person,0.769,136.0,343.7,250.6,555.6,193.3,449.6,-20.1,0.99,20.12,-1.2
444,14.8,17,0,person,0.79,609.6,293.3,716.3,515.1,662.9,404.2,-1.33,1.84,2.27,-2.87
444,14.8,1,0,person,0.866,310.6,290.7,409.7,519.8,360.2,405.3,1.09,0.72,1.31,-1.45
445,14.833,25,0,person,0.811,121.5,343.4,241.3,559.2,181.4,451.3,-11.9,1.66,12.02,0.67
445,14.833,17,0,person,0.799,608.6,295.0,717.0,516.8,662.8,405.9,-0.15,1.65,1.66,-0.19
445,14.833,1,0,person,0.863,310.6,292.0,408.6,519.8,359.6,405.9,-0.54,0.61,0.82,-0.11
446,14.867,25,0,person,0.873,112.1,343.1,233.5,557.8,172.8,450.4,-8.62,-0.89,8.67,-2.55
446,14.867,17,0,person,0.83,607.5,296.2,717.9,519.0,662.7,407.6,-0.09,1.73,1.73,0.08
446,14.867,1,0,person,0.852,311.8,292.9,408.2,518.5,360.0,405.7,0.37,-0.19,0.41,-0.8
447,14.9,25,0,person,0.862,97.1,341.0,219.0,558.0,158.1,449.5,-14.71,-0.89,14.74,0.0
447,14.9,17,0,person,0.803,606.7,295.6,719.9,522.3,663.3,409.0,0.6,1.37,1.49,-0.36
447,14.9,1,0,person,0.83,311.6,293.7,406.3,517.8,358.9,405.7,-1.06,0.04,1.06,0.23
448,14.933,25,0,person,0.865,81.1,338.7,206.3,564.3,143.7,451.5,-14.4,1.99,14.53,2.87
448,14.933,17,0,person,0.802,607.6,302.5,720.0,525.8,663.8,414.2,0.55,5.19,5.22,3.82
448,14.933,1,0,person,0.85,310.5,294.0,403.8,517.3,357.1,405.6,-1.79,-0.09,1.79,-0.13
449,14.967,25,0,person,0.853,64.4,337.5,192.8,570.0,128.6,453.7,-15.07,2.22,15.24,0.24
449,14.967,17,0,person,0.817,605.7,308.6,723.8,543.2,664.8,425.9,0.93,11.69,11.73,6.5
449,14.967,1,0,person,0.848,310.1,295.5,403.6,521.3,356.8,408.4,-0.33,2.74,2.76,2.83
450,15.0,25,0,person,0.87,52.3,337.0,182.8,573.3,117.6,455.1,-11.05,1.41,11.14,-0.82
450,15.0,17,0,person,0.816,602.5,311.8,727.1,561.3,664.8,436.5,-0.01,10.67,10.67,-1.02
450,15.0,1,0,person,0.854,310.1,296.8,403.0,522.3,356.6,409.5,-0.22,1.15,1.17,-1.59
