frame,timestamp,track_id,class_id,class_name,confidence,bbox_x1,bbox_y1,bbox_x2,bbox_y2,center_x,center_y,velocity_x,velocity_y,speed,acceleration_y
0,0.0,1,0,person,0.849,1000.7,76.1,1159.0,376.1,1079.8,226.1,0.0,0.0,0.0,0.0
1,0.033,1,0,person,0.774,1004.1,74.8,1162.2,374.9,1083.2,224.9,3.34,-1.25,3.56,-1.25
2,0.067,1,0,person,0.778,1005.1,74.8,1163.0,375.2,1084.1,225.0,0.91,0.13,0.92,1.38
3,0.1,1,0,person,0.855,994.3,68.2,1156.7,377.5,1075.5,222.8,-8.6,-2.2,8.88,-2.34
4,0.133,1,0,person,0.808,988.8,69.8,1151.9,380.8,1070.3,225.3,-5.17,2.46,5.72,4.66
5,0.167,1,0,person,0.726,990.3,73.4,1148.4,375.1,1069.4,224.2,-0.94,-1.05,1.41,-3.51
6,0.2,1,0,person,0.825,988.0,75.4,1148.8,383.4,1068.4,229.4,-0.95,5.21,5.29,6.25
7,0.233,1,0,person,0.827,986.0,78.5,1146.4,386.5,1066.2,232.5,-2.25,3.07,3.81,-2.13
8,0.267,1,0,person,0.774,985.6,80.8,1145.2,387.8,1065.4,234.3,-0.76,1.82,1.97,-1.25
9,0.3,1,0,person,0.831,987.0,87.4,1144.8,391.5,1065.9,239.5,0.5,5.14,5.17,3.32
10,0.333,1,0,person,0.535,989.7,92.6,1146.0,394.5,1067.8,243.5,1.92,4.05,4.48,-1.09
11,0.367,1,0,person,0.817,988.8,94.4,1144.6,395.0,1066.7,244.7,-1.11,1.2,1.63,-2.85
12,0.4,1,0,person,0.87,986.8,94.8,1142.5,394.9,1064.7,244.8,-2.05,0.12,2.05,-1.08
13,0.433,1,0,person,0.857,989.4,95.0,1138.4,380.8,1063.9,237.9,-0.76,-6.94,6.98,-7.06
14,0.467,1,0,person,0.841,975.1,94.3,1128.6,383.6,1051.9,239.0,-12.04,1.08,12.08,8.02
15,0.5,1,0,person,0.786,966.7,93.9,1123.6,384.1,1045.2,239.0,-6.69,-0.0,6.69,-1.08
16,0.533,1,0,person,0.627,957.2,90.9,1118.3,382.4,1037.8,236.6,-7.41,-2.36,7.78,-2.35
17,0.567,1,0,person,0.879,942.1,91.0,1115.9,399.3,1029.0,245.1,-8.81,8.52,12.26,10.88
18,0.6,1,0,person,0.884,934.0,93.1,1114.7,407.5,1024.3,250.3,-4.63,5.17,6.94,-3.35
18,0.6,6,0,person,0.35,1228.8,43.9,1280.0,236.8,1254.4,140.3,0.0,0.0,0.0,0.0
19,0.633,1,0,person,0.901,927.6,97.1,1114.7,416.3,1021.1,256.7,-3.19,6.42,7.17,1.25
20,0.667,1,0,person,0.894,924.4,98.6,1115.8,419.6,1020.1,259.1,-1.0,2.41,2.61,-4.01
21,0.7,1,0,person,0.824,933.7,104.4,1118.8,412.7,1026.2,258.5,6.08,-0.58,6.11,-2.98
21,0.7,6,0,person,0.394,1230.9,47.9,1280.0,230.9,1255.5,139.4,0.35,-0.3,0.46,-0.1
22,0.733,1,0,person,0.822,936.7,106.4,1120.4,410.6,1028.6,258.5,2.34,-0.07,2.34,0.51
22,0.733,6,0,person,0.42,1231.2,48.3,1280.0,230.4,1255.6,139.3,0.13,-0.08,0.15,0.23
23,0.767,1,0,person,0.882,936.8,114.3,1119.2,416.8,1028.0,265.6,-0.51,7.08,7.1,7.15
24,0.8,1,0,person,0.845,934.1,117.4,1117.0,420.9,1025.6,269.1,-2.49,3.58,4.36,-3.5
25,0.833,1,0,person,0.869,928.2,118.5,1112.4,424.2,1020.3,271.4,-5.26,2.22,5.71,-1.37
25,0.833,6,0,person,0.361,1241.2,51.9,1280.0,218.8,1260.6,135.3,1.66,-1.34,2.13,-0.42
26,0.867,1,0,person,0.861,925.7,118.9,1111.0,426.6,1018.3,272.7,-1.97,1.36,2.4,-0.86
26,0.867,6,0,person,0.364,1242.7,52.0,1280.0,217.6,1261.4,134.8,0.77,-0.49,0.91,0.85
27,0.9,1,0,person,0.871,914.1,118.0,1099.9,426.4,1007.0,272.2,-11.35,-0.53,11.36,-1.88
27,0.9,6,0,person,0.632,1235.4,49.3,1277.2,207.1,1256.3,128.2,-5.04,-6.63,8.33,-6.14
28,0.933,1,0,person,0.889,904.5,117.8,1087.3,420.0,995.9,268.9,-11.07,-3.3,11.55,-2.77
28,0.933,6,0,person,0.651,1230.8,48.7,1271.9,197.4,1251.4,123.0,-4.94,-5.16,7.15,1.46
29,0.967,1,0,person,0.881,898.3,118.3,1081.8,420.9,990.0,269.6,-5.87,0.71,5.92,4.01
29,0.967,6,0,person,0.633,1229.3,48.6,1269.8,187.7,1249.6,118.1,-1.8,-4.93,5.25,0.23
30,1.0,1,0,person,0.873,895.1,119.7,1075.0,416.7,985.1,268.2,-4.97,-1.45,5.18,-2.15
30,1.0,6,0,person,0.592,1227.4,48.5,1269.4,186.3,1248.4,117.4,-1.14,-0.71,1.35,4.22
31,1.033,1,0,person,0.874,888.2,120.5,1068.8,420.1,978.5,270.3,-6.56,2.15,6.9,3.59
31,1.033,6,0,person,0.622,1224.7,46.8,1270.5,192.7,1247.6,119.8,-0.81,2.39,2.52,3.1
32,1.067,1,0,person,0.875,877.5,121.1,1062.8,430.8,970.1,275.9,-8.37,5.6,10.08,3.46
32,1.067,6,0,person,0.748,1223.4,42.5,1270.9,188.6,1247.2,115.6,-0.44,-4.22,4.24,-6.61
33,1.1,1,0,person,0.871,870.0,120.9,1058.3,438.9,964.2,279.9,-5.93,4.01,7.16,-1.6
33,1.1,6,0,person,0.671,1222.1,39.9,1272.4,191.1,1247.2,115.5,0.07,-0.06,0.09,4.16
34,1.133,1,0,person,0.851,863.6,121.6,1053.8,447.7,958.7,284.6,-5.51,4.7,7.25,0.7
34,1.133,6,0,person,0.59,1222.0,38.7,1272.6,186.6,1247.3,112.7,0.04,-2.85,2.85,-2.79
35,1.167,1,0,person,0.858,863.4,123.5,1050.7,452.8,957.0,288.1,-1.64,3.53,3.89,-1.18
36,1.2,1,0,person,0.862,862.8,125.2,1047.2,458.3,955.0,291.7,-2.02,3.57,4.1,0.04
36,1.2,9,28,box,0.537,501.1,109.5,859.6,354.5,680.3,232.0,0.0,0.0,0.0,0.0
36,1.2,10,6,train,0.307,0.0,16.6,1207.3,683.0,603.7,349.8,0.0,0.0,0.0,0.0
36,1.2,6,0,person,0.662,1205.8,36.5,1259.0,177.9,1232.4,107.2,-7.45,-2.73,7.93,0.06
37,1.233,1,0,person,0.864,859.4,127.5,1041.4,465.7,950.4,296.6,-4.61,4.91,6.73,1.34
37,1.233,9,28,box,0.611,498.0,106.3,858.7,352.9,678.4,229.6,-1.99,-2.41,3.12,-2.41
37,1.233,6,0,person,0.427,1212.6,34.8,1266.6,173.2,1239.6,104.0,7.22,-3.18,7.89,-0.45
38,1.267,1,0,person,0.871,858.5,127.9,1035.4,465.1,947.0,296.5,-3.44,-0.12,3.45,-5.03
38,1.267,9,28,box,0.448,498.4,105.2,862.0,354.0,680.2,229.6,1.82,-0.05,1.82,2.36
38,1.267,6,0,person,0.397,1207.9,32.9,1263.6,170.9,1235.7,101.9,-3.86,-2.08,4.39,1.1
38,1.267,10,6,train,0.335,0.0,8.0,1205.0,681.3,602.5,344.7,-0.57,-2.55,2.61,-1.27
39,1.3,1,0,person,0.836,857.4,128.1,1028.3,461.6,942.8,294.9,-4.13,-1.65,4.45,-1.53
39,1.3,6,0,person,0.757,1182.1,30.1,1244.6,168.3,1213.4,99.2,-22.38,-2.71,22.54,-0.62
40,1.333,1,0,person,0.853,857.2,127.3,1021.5,452.9,939.4,290.1,-3.46,-4.74,5.87,-3.09
40,1.333,6,0,person,0.592,1169.8,29.7,1238.0,167.1,1203.9,98.4,-9.46,-0.82,9.5,1.88
40,1.333,9,28,box,0.494,499.8,100.6,865.1,350.8,682.4,225.7,1.13,-1.93,2.23,-0.94
41,1.367,1,0,person,0.764,862.2,127.7,1014.9,434.4,938.5,281.0,-0.84,-9.09,9.13,-4.35
41,1.367,9,28,box,0.458,499.6,100.6,865.7,351.8,682.7,226.2,0.25,0.51,0.57,2.44
42,1.4,1,0,person,0.771,860.0,128.3,1014.0,443.4,937.0,285.9,-1.51,4.84,5.07,13.93
42,1.4,9,28,box,0.396,501.0,100.4,867.3,351.7,684.2,226.1,1.48,-0.15,1.48,-0.66
42,1.4,10,6,train,0.311,0.0,15.0,1195.5,678.6,597.7,346.8,-1.19,0.53,1.31,0.77
42,1.4,6,0,person,0.548,1165.5,28.6,1244.1,172.1,1204.8,100.3,0.44,0.97,1.06,0.89
43,1.433,1,0,person,0.791,859.3,128.7,1010.2,443.0,934.8,285.9,-2.28,-0.0,2.28,-4.84
43,1.433,9,28,box,0.332,498.8,100.7,863.6,351.0,681.2,225.8,-2.95,-0.22,2.96,-0.06
43,1.433,6,0,person,0.407,1151.1,25.6,1232.2,168.5,1191.6,97.0,-13.14,-3.3,13.55,-4.26
44,1.467,1,0,person,0.792,861.8,128.2,1004.3,428.3,933.0,278.3,-1.7,-7.61,7.8,-7.61
44,1.467,6,0,person,0.507,1143.9,23.0,1227.8,167.1,1185.9,95.1,-5.79,-1.98,6.12,1.32
45,1.5,1,0,person,0.795,860.1,127.5,1002.5,431.3,931.3,279.4,-1.76,1.14,2.1,8.75
45,1.5,6,0,person,0.523,1139.0,25.4,1220.7,163.9,1179.8,94.6,-6.04,-0.43,6.05,1.55
46,1.533,1,0,person,0.779,861.9,126.8,998.5,420.8,930.2,273.8,-1.1,-5.61,5.71,-6.75
46,1.533,6,0,person,0.62,1134.0,27.7,1213.9,161.9,1173.9,94.8,-5.88,0.17,5.88,0.6
46,1.533,9,28,box,0.334,491.3,98.3,853.7,347.1,672.5,222.7,-2.9,-1.05,3.08,-0.28
47,1.567,1,0,person,0.707,864.6,127.5,997.5,415.7,931.0,271.6,0.85,-2.2,2.36,3.41
47,1.567,6,0,person,0.719,1132.7,29.3,1213.3,162.7,1173.0,96.0,-0.91,1.18,1.49,1.01
47,1.567,9,28,box,0.312,488.3,97.9,852.0,348.2,670.2,223.0,-2.35,0.33,2.37,1.38
48,1.6,1,0,person,0.754,866.1,128.0,997.6,414.6,931.8,271.3,0.78,-0.3,0.84,1.9
48,1.6,6,0,person,0.731,1128.1,30.9,1207.8,162.5,1167.9,96.7,-5.08,0.69,5.12,-0.49
49,1.633,1,0,person,0.741,866.8,126.7,999.1,416.0,933.0,271.3,1.15,0.05,1.15,0.35
49,1.633,6,0,person,0.646,1126.5,30.6,1206.9,162.9,1166.7,96.8,-1.23,0.11,1.24,-0.58
50,1.667,1,0,person,0.747,867.3,126.1,999.7,416.7,933.5,271.4,0.54,0.05,0.55,-0.0
50,1.667,6,0,person,0.631,1125.8,30.6,1206.6,163.3,1166.2,96.9,-0.5,0.12,0.52,0.01
51,1.7,1,0,person,0.775,871.9,124.1,1007.7,422.8,939.8,273.4,6.31,2.04,6.63,2.0
52,1.733,1,0,person,0.836,879.6,122.9,1018.4,429.8,949.0,276.3,9.22,2.91,9.67,0.87
53,1.767,1,0,person,0.838,882.8,122.4,1022.3,432.3,952.5,277.3,3.51,0.99,3.64,-1.93
54,1.8,1,0,person,0.832,892.6,121.0,1033.1,435.6,962.8,278.3,10.29,0.97,10.34,-0.02
54,1.8,10,6,train,0.407,6.2,15.5,1201.1,673.9,603.7,344.7,0.49,-0.17,0.52,-0.06
55,1.833,1,0,person,0.834,902.5,119.9,1040.8,432.6,971.6,276.2,8.8,-2.06,9.03,-3.03
56,1.867,1,0,person,0.838,910.6,118.6,1047.2,430.3,978.9,274.4,7.28,-1.83,7.5,0.23
57,1.9,1,0,person,0.822,914.2,118.9,1050.8,433.5,982.5,276.2,3.6,1.79,4.03,3.62
58,1.933,1,0,person,0.703,918.2,119.4,1054.6,436.3,986.4,277.9,3.89,1.67,4.23,-0.13
59,1.967,1,0,person,0.664,921.3,119.9,1056.5,436.2,988.9,278.1,2.52,0.17,2.52,-1.49
60,2.0,1,0,person,0.659,923.6,120.2,1057.8,435.7,990.7,277.9,1.75,-0.11,1.75,-0.29
61,2.033,1,0,person,0.638,924.8,119.3,1058.1,434.2,991.4,276.8,0.74,-1.16,1.38,-1.05
62,2.067,1,0,person,0.731,924.6,117.1,1058.2,434.0,991.4,275.6,0.01,-1.22,1.22,-0.06
63,2.1,1,0,person,0.77,924.5,115.5,1058.5,434.5,991.5,275.0,0.06,-0.54,0.54,0.68
64,2.133,1,0,person,0.765,925.8,116.6,1058.9,434.9,992.3,275.8,0.85,0.74,1.13,1.28
65,2.167,1,0,person,0.808,926.1,118.1,1059.8,438.8,993.0,278.5,0.62,2.71,2.78,1.96
66,2.2,1,0,person,0.851,925.2,119.5,1059.5,442.8,992.4,281.1,-0.6,2.67,2.74,-0.03
67,2.233,1,0,person,0.857,924.9,120.9,1059.6,445.3,992.3,283.1,-0.08,1.92,1.92,-0.75
67,2.233,15,0,person,0.461,1131.9,48.0,1226.4,171.6,1179.1,109.8,0.0,0.0,0.0,0.0
68,2.267,1,0,person,0.843,925.3,122.6,1060.1,447.3,992.7,284.9,0.4,1.84,1.88,-0.08
68,2.267,15,0,person,0.448,1129.3,48.5,1225.7,174.5,1177.5,111.5,-1.64,1.72,2.37,1.72
69,2.3,1,0,person,0.86,924.3,126.6,1059.3,450.4,991.8,288.5,-0.9,3.61,3.72,1.77
69,2.3,15,0,person,0.357,1133.1,50.7,1232.5,179.8,1182.8,115.2,5.3,3.75,6.49,2.03
70,2.333,1,0,person,0.863,925.3,129.4,1060.8,453.7,993.1,291.5,1.32,3.03,3.3,-0.58
70,2.333,15,0,person,0.537,1131.1,52.4,1234.6,185.9,1182.9,119.2,0.09,3.94,3.94,0.19
70,2.333,16,0,person,0.733,70.1,181.3,347.1,598.5,208.6,389.9,0.0,0.0,0.0,0.0
71,2.367,1,0,person,0.858,926.1,131.0,1061.9,456.3,994.0,293.6,0.93,2.09,2.29,-0.94
71,2.367,15,0,person,0.323,1128.0,56.0,1231.6,189.2,1179.8,122.6,-3.05,3.44,4.6,-0.49
72,2.4,1,0,person,0.861,926.5,131.5,1062.1,456.5,994.3,294.0,0.28,0.34,0.44,-1.74
73,2.433,1,0,person,0.869,926.2,130.8,1061.8,455.2,994.0,293.0,-0.34,-0.98,1.03,-1.32
73,2.433,16,0,person,0.67,57.6,158.3,354.6,605.3,206.1,381.8,-0.84,-2.69,2.82,-0.9
73,2.433,15,0,person,0.338,1121.6,53.8,1225.0,187.4,1173.3,120.6,-3.28,-1.01,3.43,-2.23
74,2.467,1,0,person,0.873,925.5,127.8,1061.9,453.7,993.7,290.7,-0.28,-2.27,2.28,-1.29
74,2.467,16,0,person,0.702,61.3,161.0,355.2,602.7,208.3,381.8,2.18,0.01,2.18,2.7
75,2.5,1,0,person,0.871,924.8,126.2,1061.2,452.3,993.0,289.2,-0.71,-1.49,1.65,0.77
75,2.5,16,0,person,0.675,84.8,167.2,369.2,597.9,227.0,382.5,18.73,0.73,18.74,0.72
75,2.5,15,0,person,0.398,1122.6,51.1,1223.4,182.7,1173.0,116.9,-0.15,-1.84,1.84,-0.41
76,2.533,1,0,person,0.875,924.4,125.6,1060.9,451.9,992.6,288.8,-0.33,-0.48,0.59,1.01
76,2.533,16,0,person,0.586,85.4,168.3,368.8,599.0,227.1,383.7,0.14,1.14,1.15,0.4
76,2.533,15,0,person,0.412,1123.2,50.4,1222.8,182.0,1173.0,116.2,0.04,-0.73,0.73,1.11
77,2.567,1,0,person,0.858,924.8,124.4,1060.6,449.8,992.7,287.1,0.05,-1.66,1.66,-1.18
77,2.567,15,0,person,0.42,1120.0,49.5,1221.0,184.5,1170.5,117.0,-2.52,0.79,2.64,1.51
78,2.6,1,0,person,0.857,925.7,122.7,1061.3,448.7,993.5,285.7,0.84,-1.38,1.61,0.28
78,2.6,16,0,person,0.656,89.4,164.1,373.7,601.1,231.6,382.6,2.22,-0.55,2.29,-0.84
79,2.633,1,0,person,0.86,925.7,117.7,1062.3,446.9,994.0,282.3,0.47,-3.4,3.43,-2.02
80,2.667,1,0,person,0.86,926.3,111.1,1063.5,443.5,994.9,277.3,0.89,-5.03,5.11,-1.63
80,2.667,15,0,person,0.33,1118.8,41.0,1217.5,175.6,1168.1,108.3,-0.78,-2.9,3.0,-1.23
81,2.7,1,0,person,0.865,927.2,106.4,1064.3,439.9,995.7,273.2,0.83,-4.13,4.22,0.9
81,2.7,15,0,person,0.586,1117.6,39.5,1214.5,174.9,1166.0,107.2,-2.09,-1.13,2.38,1.77
81,2.7,16,0,person,0.337,42.7,111.0,360.2,603.1,201.4,357.1,-10.05,-8.5,13.16,-2.65
82,2.733,1,0,person,0.864,929.3,106.8,1064.9,437.8,997.1,272.3,1.4,-0.87,1.65,3.26
82,2.733,15,0,person,0.496,1117.1,38.2,1211.9,174.5,1164.5,106.3,-1.57,-0.82,1.77,0.31
83,2.767,1,0,person,0.86,930.0,105.8,1064.7,435.2,997.4,270.5,0.24,-1.81,1.82,-0.94
83,2.767,15,0,person,0.638,1114.7,34.7,1209.4,175.3,1162.0,105.0,-2.43,-1.34,2.78,-0.52
84,2.8,1,0,person,0.854,930.2,105.8,1064.6,435.2,997.4,270.5,0.03,0.02,0.03,1.83
84,2.8,15,0,person,0.63,1114.7,34.3,1207.3,176.4,1161.0,105.3,-1.05,0.33,1.1,1.67
85,2.833,1,0,person,0.85,930.3,105.9,1064.4,435.2,997.4,270.5,-0.04,0.06,0.07,0.04
85,2.833,15,0,person,0.639,1115.4,34.2,1205.8,177.1,1160.6,105.6,-0.43,0.28,0.51,-0.05
86,2.867,1,0,person,0.853,929.7,103.8,1065.1,437.1,997.4,270.5,0.03,-0.06,0.07,-0.12
86,2.867,15,0,person,0.48,1120.0,35.3,1210.1,179.7,1165.1,107.5,4.51,1.92,4.9,1.64
87,2.9,1,0,person,0.862,929.9,106.2,1066.5,442.1,998.2,274.2,0.82,3.68,3.77,3.75
87,2.9,15,0,person,0.562,1112.6,37.4,1202.8,184.6,1157.7,111.0,-7.37,3.46,8.14,1.54
88,2.933,1,0,person,0.875,929.3,108.7,1066.3,445.1,997.8,276.9,-0.45,2.73,2.77,-0.95
88,2.933,15,0,person,0.366,1110.6,39.1,1200.2,187.4,1155.4,113.2,-2.31,2.22,3.2,-1.24
89,2.967,1,0,person,0.877,928.8,110.0,1065.9,446.2,997.4,278.1,-0.37,1.17,1.23,-1.56
89,2.967,15,0,person,0.31,1110.7,39.8,1199.3,188.0,1155.0,113.9,-0.38,0.7,0.8,-1.52
90,3.0,1,0,person,0.876,929.4,113.6,1066.2,448.3,997.8,280.9,0.43,2.86,2.89,1.69
91,3.033,1,0,person,0.877,929.3,115.0,1066.3,449.2,997.8,282.1,-0.06,1.14,1.14,-1.72
92,3.067,1,0,person,0.857,929.4,117.9,1065.2,448.0,997.3,283.0,-0.46,0.89,1.0,-0.25
92,3.067,15,0,person,0.413,1109.9,46.3,1192.6,186.8,1151.2,116.5,-1.27,0.88,1.54,0.06
93,3.1,1,0,person,0.819,930.5,116.8,1065.8,445.6,998.2,281.2,0.86,-1.76,1.96,-2.66
93,3.1,15,0,person,0.42,1106.7,47.0,1185.9,183.5,1146.3,115.2,-4.92,-1.31,5.09,-2.18
94,3.133,1,0,person,0.826,930.7,116.3,1065.8,444.6,998.3,280.5,0.1,-0.74,0.74,1.03
94,3.133,15,0,person,0.419,1106.0,47.3,1183.5,182.9,1144.8,115.1,-1.51,-0.1,1.51,1.21
95,3.167,1,0,person,0.833,930.5,116.4,1065.3,443.9,997.9,280.1,-0.36,-0.35,0.5,0.38
95,3.167,15,0,person,0.406,1109.8,43.3,1193.8,186.5,1151.8,114.9,7.0,-0.2,7.0,-0.1
96,3.2,1,0,person,0.844,930.5,113.8,1065.2,440.2,997.9,277.0,-0.02,-3.15,3.15,-2.79
96,3.2,16,0,person,0.402,28.9,85.5,368.7,621.6,198.8,353.5,-0.18,-0.24,0.3,0.55
97,3.233,1,0,person,0.857,929.6,111.5,1064.8,438.6,997.2,275.0,-0.67,-1.94,2.05,1.21
97,3.233,16,0,person,0.331,25.1,81.0,362.1,614.8,193.6,347.9,-5.2,-5.6,7.64,-5.37
97,3.233,15,0,person,0.355,1094.5,35.8,1185.0,184.6,1139.8,110.2,-6.0,-2.36,6.45,-1.08
98,3.267,1,0,person,0.86,929.2,110.8,1064.7,437.8,997.0,274.3,-0.23,-0.75,0.78,1.19
98,3.267,16,0,person,0.436,33.0,92.5,359.3,610.4,196.2,351.4,2.58,3.52,4.36,9.12
98,3.267,15,0,person,0.344,1090.0,33.9,1184.0,184.0,1137.0,108.9,-2.8,-1.28,3.07,1.09
99,3.3,1,0,person,0.854,928.6,109.1,1064.3,435.7,996.5,272.4,-0.48,-1.91,1.97,-1.16
100,3.333,1,0,person,0.851,928.3,108.4,1064.3,435.3,996.3,271.8,-0.18,-0.55,0.58,1.36
100,3.333,16,0,person,0.33,15.2,49.0,361.0,603.1,188.1,326.0,-4.04,-12.71,13.34,-8.12
101,3.367,1,0,person,0.854,926.4,105.2,1062.4,431.7,994.4,268.5,-1.91,-3.33,3.85,-2.78
102,3.4,1,0,person,0.858,926.2,103.2,1061.3,427.4,993.7,265.3,-0.67,-3.2,3.27,0.14
103,3.433,1,0,person,0.856,925.6,101.6,1060.5,425.1,993.1,263.3,-0.67,-1.98,2.09,1.22
103,3.433,15,0,person,0.384,1072.5,21.8,1171.5,181.5,1122.0,101.7,-3.0,-1.45,3.33,-0.04
104,3.467,1,0,person,0.852,925.2,100.5,1060.6,425.3,992.9,262.9,-0.13,-0.38,0.4,1.6
105,3.5,1,0,person,0.858,925.1,101.4,1060.2,425.5,992.7,263.4,-0.27,0.48,0.55,0.86
105,3.5,15,0,person,0.488,1069.2,21.9,1170.8,188.7,1120.0,105.3,-1.02,1.83,2.1,1.64
106,3.533,1,0,person,0.853,925.3,101.3,1060.8,426.3,993.0,263.8,0.39,0.4,0.56,-0.09
106,3.533,15,0,person,0.33,1069.6,20.4,1176.2,196.2,1122.9,108.3,2.93,3.0,4.19,1.16
107,3.567,1,0,person,0.854,925.2,101.4,1061.1,427.2,993.1,264.3,0.09,0.5,0.51,0.1
107,3.567,15,0,person,0.418,1071.8,19.2,1179.6,197.0,1125.7,108.1,2.79,-0.18,2.79,-3.17
108,3.6,1,0,person,0.867,925.0,99.3,1061.4,426.2,993.2,262.8,0.03,-1.55,1.55,-2.05
108,3.6,15,0,person,0.536,1073.2,18.2,1185.1,202.5,1129.2,110.3,3.49,2.2,4.12,2.38
109,3.633,1,0,person,0.868,924.9,98.6,1061.4,425.8,993.1,262.2,-0.02,-0.54,0.54,1.01
109,3.633,15,0,person,0.548,1074.0,17.8,1187.3,204.3,1130.7,111.0,1.5,0.68,1.64,-1.52
110,3.667,1,0,person,0.872,925.7,94.8,1063.3,424.9,994.5,259.8,1.36,-2.37,2.74,-1.83
110,3.667,15,0,person,0.51,1089.3,17.5,1201.3,193.3,1145.3,105.4,14.62,-5.61,15.66,-6.28
110,3.667,19,6,train,0.309,11.6,17.2,1250.4,667.5,631.0,342.3,0.0,0.0,0.0,0.0
111,3.7,1,0,person,0.874,926.7,93.4,1064.0,423.1,995.4,258.2,0.86,-1.59,1.81,0.78
111,3.7,15,0,person,0.425,1081.3,17.5,1189.6,188.4,1135.4,103.0,-9.84,-2.46,10.14,3.15
111,3.7,19,6,train,0.318,1.7,14.2,1243.9,666.6,622.8,340.4,-8.24,-1.97,8.47,-1.97
112,3.733,1,0,person,0.867,927.6,92.5,1064.9,422.6,996.3,257.5,0.88,-0.72,1.14,0.87
112,3.733,15,0,person,0.471,1091.7,17.3,1204.1,189.1,1147.9,103.2,12.45,0.26,12.45,2.73
113,3.767,1,0,person,0.874,928.7,92.1,1065.6,421.4,997.2,256.7,0.92,-0.79,1.21,-0.06
113,3.767,15,0,person,0.604,1095.8,17.1,1218.6,200.9,1157.2,109.0,9.31,5.82,10.98,5.56
114,3.8,1,0,person,0.869,930.2,92.0,1066.6,420.5,998.4,256.3,1.24,-0.48,1.32,0.31
114,3.8,15,0,person,0.753,1097.7,16.9,1224.9,202.5,1161.3,109.7,4.12,0.66,4.18,-5.16
115,3.833,1,0,person,0.873,931.1,91.4,1067.0,419.3,999.1,255.3,0.67,-0.94,1.15,-0.46
115,3.833,15,0,person,0.776,1098.1,17.2,1227.2,201.1,1162.7,109.1,1.33,-0.58,1.45,-1.24
116,3.867,1,0,person,0.864,931.7,91.1,1067.6,419.0,999.7,255.1,0.59,-0.25,0.64,0.69
116,3.867,15,0,person,0.702,1094.7,17.7,1226.6,201.7,1160.6,109.7,-2.02,0.59,2.11,1.17
117,3.9,1,0,person,0.863,932.1,90.5,1067.9,418.3,1000.0,254.4,0.31,-0.68,0.74,-0.42
117,3.9,15,0,person,0.678,1091.4,18.1,1224.7,200.9,1158.0,109.5,-2.6,-0.24,2.61,-0.82
118,3.933,1,0,person,0.848,931.8,89.9,1067.1,416.5,999.4,253.2,-0.53,-1.17,1.29,-0.5
118,3.933,15,0,person,0.615,1094.0,18.0,1231.7,200.8,1162.8,109.4,4.79,-0.07,4.79,0.16
119,3.967,1,0,person,0.835,931.6,89.7,1066.3,414.8,999.0,252.2,-0.48,-0.98,1.09,0.2
119,3.967,15,0,person,0.616,1097.1,18.0,1238.8,201.0,1168.0,109.5,5.13,0.1,5.13,0.17
120,4.0,1,0,person,0.832,931.8,89.9,1065.6,412.7,998.7,251.3,-0.28,-0.95,0.99,0.03
120,4.0,15,0,person,0.747,1096.9,17.9,1253.1,214.8,1175.0,116.4,7.04,6.86,9.83,6.77
121,4.033,1,0,person,0.85,931.2,90.2,1064.8,412.3,998.0,251.2,-0.67,-0.07,0.68,0.88
121,4.033,15,0,person,0.836,1100.0,18.3,1264.1,222.5,1182.0,120.4,7.04,4.0,8.1,-2.86
122,4.067,1,0,person,0.851,930.7,90.1,1064.3,411.9,997.5,251.0,-0.46,-0.22,0.51,-0.14
122,4.067,15,0,person,0.816,1101.1,17.8,1270.5,226.7,1185.8,122.2,3.71,1.87,4.16,-2.13
123,4.1,1,0,person,0.825,930.4,90.6,1063.7,411.3,997.0,251.0,-0.5,-0.05,0.51,0.17
123,4.1,15,0,person,0.839,1099.6,17.4,1274.2,231.2,1186.9,124.3,1.13,2.07,2.36,0.19
124,4.133,1,0,person,0.844,928.5,92.2,1063.1,415.2,995.8,253.7,-1.22,2.73,2.99,2.78
124,4.133,15,0,person,0.809,1098.5,16.6,1275.0,231.0,1186.8,123.8,-0.12,-0.51,0.52,-2.58
125,4.167,1,0,person,0.863,928.6,95.0,1064.4,419.7,996.5,257.4,0.67,3.68,3.74,0.95
125,4.167,15,0,person,0.81,1097.5,16.1,1276.8,232.9,1187.2,124.5,0.39,0.7,0.8,1.21
126,4.2,1,0,person,0.85,929.6,98.1,1064.9,421.3,997.2,259.7,0.74,2.31,2.43,-1.37
126,4.2,15,0,person,0.808,1097.2,16.1,1278.6,235.2,1187.9,125.7,0.74,1.18,1.4,0.48
127,4.233,1,0,person,0.864,931.8,101.1,1067.2,423.4,999.5,262.2,2.27,2.55,3.41,0.24
127,4.233,15,0,person,0.76,1098.7,17.6,1280.0,237.9,1189.3,127.8,1.45,2.1,2.55,0.92
128,4.267,1,0,person,0.866,933.8,103.5,1070.6,429.0,1002.2,266.2,2.7,3.99,4.81,1.44
128,4.267,15,0,person,0.806,1101.0,20.1,1280.0,242.7,1190.5,131.4,1.16,3.59,3.77,1.48
129,4.3,1,0,person,0.884,936.9,105.5,1073.8,431.1,1005.3,268.3,3.13,2.09,3.76,-1.9
129,4.3,15,0,person,0.834,1107.5,22.3,1280.0,245.6,1193.7,134.0,3.24,2.59,4.15,-0.99
130,4.333,1,0,person,0.869,940.0,106.9,1076.9,432.0,1008.5,269.4,3.15,1.13,3.34,-0.96
130,4.333,15,0,person,0.854,1117.5,25.1,1280.0,246.6,1198.7,135.8,4.99,1.89,5.33,-0.7
131,4.367,1,0,person,0.881,942.6,107.2,1079.5,431.6,1011.0,269.4,2.55,-0.05,2.55,-1.17
131,4.367,15,0,person,0.797,1124.1,28.2,1280.0,248.2,1202.1,138.2,3.34,2.36,4.08,0.47
132,4.4,1,0,person,0.887,944.5,107.2,1081.7,432.5,1013.1,269.9,2.08,0.46,2.13,0.51
132,4.4,15,0,person,0.788,1127.4,26.6,1280.0,249.1,1203.7,137.8,1.64,-0.38,1.68,-2.73
133,4.433,1,0,person,0.882,945.6,107.3,1083.4,434.7,1014.5,271.0,1.42,1.16,1.83,0.7
133,4.433,15,0,person,0.783,1131.0,26.9,1280.0,249.3,1205.5,138.1,1.8,0.25,1.82,0.62
134,4.467,1,0,person,0.873,946.8,107.7,1085.0,436.2,1015.9,272.0,1.39,0.97,1.69,-0.19
134,4.467,15,0,person,0.807,1133.6,25.8,1280.0,249.0,1206.8,137.4,1.27,-0.63,1.42,-0.88
135,4.5,1,0,person,0.852,946.8,108.7,1083.9,434.4,1015.3,271.5,-0.58,-0.43,0.72,-1.39
135,4.5,15,0,person,0.796,1135.3,24.9,1280.0,249.8,1207.6,137.3,0.87,-0.12,0.87,0.52
136,4.533,1,0,person,0.856,946.5,109.9,1083.4,435.1,1014.9,272.5,-0.39,0.93,1.01,1.36
136,4.533,15,0,person,0.664,1138.1,23.9,1280.0,249.1,1209.0,136.5,1.4,-0.78,1.6,-0.67
137,4.567,1,0,person,0.852,944.8,111.3,1081.4,434.9,1013.1,273.1,-1.81,0.61,1.91,-0.31
137,4.567,15,0,person,0.667,1145.5,29.8,1280.0,248.9,1212.7,139.3,3.69,2.8,4.63,3.58
138,4.6,1,0,person,0.854,942.6,111.7,1079.6,434.8,1011.1,273.2,-2.04,0.16,2.05,-0.45
138,4.6,15,0,person,0.607,1154.6,46.2,1280.0,247.1,1217.3,146.7,4.55,7.33,8.62,4.53
139,4.633,1,0,person,0.865,940.5,112.7,1076.8,431.9,1008.6,272.3,-2.47,-0.98,2.66,-1.15
139,4.633,15,0,person,0.359,1161.9,40.1,1280.0,247.7,1221.0,143.9,3.67,-2.74,4.58,-10.06
140,4.667,1,0,person,0.848,938.4,113.3,1074.2,430.1,1006.3,271.7,-2.36,-0.56,2.42,0.43
141,4.7,1,0,person,0.848,936.0,114.8,1072.0,431.2,1004.0,273.0,-2.24,1.29,2.59,1.85
142,4.733,1,0,person,0.845,934.3,116.7,1069.7,431.2,1002.0,273.9,-2.02,0.94,2.23,-0.35
143,4.767,1,0,person,0.816,931.1,119.2,1065.8,431.2,998.5,275.2,-3.54,1.26,3.76,0.32
144,4.8,1,0,person,0.81,928.9,121.1,1064.3,434.5,996.6,277.8,-1.86,2.56,3.16,1.3
145,4.833,1,0,person,0.799,927.7,123.8,1062.6,436.3,995.2,280.1,-1.44,2.31,2.72,-0.25
146,4.867,1,0,person,0.799,927.0,124.4,1061.3,434.7,994.2,279.5,-1.01,-0.52,1.14,-2.83
146,4.867,23,0,person,0.339,1228.8,21.0,1279.6,234.1,1254.2,127.6,0.0,0.0,0.0,0.0
147,4.9,1,0,person,0.816,924.1,126.4,1058.1,435.3,991.1,280.9,-3.04,1.33,3.32,1.85
148,4.933,1,0,person,0.815,924.3,127.1,1057.8,435.1,991.1,281.1,-0.04,0.26,0.26,-1.08
149,4.967,1,0,person,0.805,922.2,126.7,1056.2,435.5,989.2,281.1,-1.9,-0.05,1.9,-0.31
150,5.0,1,0,person,0.8,923.4,126.6,1056.4,434.0,989.9,280.3,0.69,-0.77,1.04,-0.72
151,5.033,1,0,person,0.81,920.5,125.2,1052.6,428.8,986.6,277.0,-3.3,-3.31,4.67,-2.54
152,5.067,1,0,person,0.832,917.0,125.5,1049.1,426.9,983.1,276.2,-3.51,-0.81,3.6,2.5
153,5.1,1,0,person,0.827,913.9,125.3,1047.6,429.5,980.8,277.4,-2.3,1.16,2.58,1.98
154,5.133,1,0,person,0.853,910.1,125.0,1045.8,432.6,978.0,278.8,-2.81,1.44,3.15,0.27
155,5.167,1,0,person,0.839,907.2,125.3,1043.7,433.3,975.4,279.3,-2.53,0.46,2.57,-0.98
156,5.2,1,0,person,0.835,903.8,126.1,1041.0,434.3,972.4,280.2,-3.01,0.95,3.16,0.5
157,5.233,1,0,person,0.849,901.2,127.7,1037.7,432.3,969.5,280.0,-2.93,-0.2,2.94,-1.16
158,5.267,1,0,person,0.81,897.7,128.6,1035.0,433.6,966.3,281.1,-3.15,1.13,3.34,1.34
159,5.3,1,0,person,0.807,894.9,129.2,1032.9,434.2,963.9,281.7,-2.42,0.57,2.49,-0.56
160,5.333,1,0,person,0.755,888.8,129.6,1033.8,451.0,961.3,290.3,-2.63,8.62,9.01,8.05
160,5.333,24,0,person,0.773,160.4,139.8,385.7,576.0,273.0,357.9,0.0,0.0,0.0,0.0
161,5.367,1,0,person,0.725,880.6,129.2,1034.8,473.5,957.7,301.4,-3.59,11.05,11.62,2.43
161,5.367,24,0,person,0.792,160.3,140.7,377.5,560.2,268.9,350.5,-4.11,-7.44,8.5,-7.44
162,5.4,1,0,person,0.742,875.3,130.3,1033.2,485.9,954.3,308.1,-3.44,6.74,7.56,-4.31
162,5.4,24,0,person,0.736,156.9,144.5,374.3,563.3,265.6,353.9,-3.34,3.43,4.79,10.87
163,5.433,1,0,person,0.751,878.4,132.6,1026.6,465.9,952.5,299.2,-1.75,-8.9,9.07,-15.64
163,5.433,24,0,person,0.779,153.4,145.5,370.6,562.5,262.0,354.0,-3.58,0.12,3.58,-3.31
164,5.467,1,0,person,0.737,879.7,133.4,1024.1,458.3,951.9,295.8,-0.6,-3.37,3.42,5.53
164,5.467,24,0,person,0.771,149.6,145.5,371.9,571.0,260.7,358.3,-1.27,4.27,4.46,4.15
165,5.5,1,0,person,0.645,877.8,135.6,1017.0,447.1,947.4,291.4,-4.5,-4.49,6.36,-1.12
165,5.5,24,0,person,0.773,136.9,145.9,375.4,603.3,256.1,374.6,-4.59,16.32,16.95,12.05
166,5.533,1,0,person,0.659,877.0,136.4,1014.3,441.9,945.7,289.2,-1.72,-2.2,2.8,2.29
166,5.533,24,0,person,0.77,131.6,146.1,378.9,621.6,255.3,383.8,-0.86,9.25,9.29,-7.07
167,5.567,1,0,person,0.624,863.8,134.5,1018.5,481.8,941.1,308.1,-4.55,18.97,19.51,21.18
167,5.567,24,0,person,0.808,141.2,146.9,368.5,581.4,254.8,364.2,-0.46,-19.68,19.69,-28.93
168,5.6,1,0,person,0.75,867.3,132.6,1009.9,451.7,938.6,292.1,-2.57,-15.98,16.19,-34.96
168,5.6,24,0,person,0.778,140.9,144.8,368.0,578.4,254.5,361.6,-0.36,-2.55,2.58,17.13
169,5.633,1,0,person,0.808,866.2,130.8,1004.2,440.1,935.2,285.5,-3.36,-6.67,7.47,9.31
169,5.633,24,0,person,0.81,141.6,143.5,367.1,572.6,254.4,358.0,-0.1,-3.57,3.58,-1.02
170,5.667,1,0,person,0.825,859.4,128.6,997.9,439.1,928.7,283.9,-6.53,-1.58,6.72,5.09
170,5.667,24,0,person,0.8,143.7,143.7,363.6,560.2,253.6,351.9,-0.74,-6.09,6.13,-2.51
171,5.7,1,0,person,0.84,851.2,128.5,990.7,440.2,920.9,284.3,-7.75,0.43,7.76,2.01
171,5.7,24,0,person,0.813,143.7,143.3,361.9,555.3,252.8,349.3,-0.84,-2.63,2.76,3.45
172,5.733,1,0,person,0.816,837.2,129.7,978.0,438.9,907.6,284.3,-13.35,-0.03,13.35,-0.47
172,5.733,24,0,person,0.776,143.9,144.0,361.8,554.5,252.8,349.2,0.07,-0.08,0.1,2.55
173,5.767,1,0,person,0.818,822.2,130.4,965.6,439.2,893.9,284.8,-13.64,0.51,13.65,0.54
173,5.767,24,0,person,0.786,140.6,141.0,365.3,564.4,252.9,352.7,0.09,3.44,3.44,3.52
174,5.8,1,0,person,0.838,812.2,130.8,958.9,442.0,885.6,286.4,-8.37,1.59,8.52,1.08
174,5.8,24,0,person,0.815,142.9,141.7,363.5,555.5,253.2,348.6,0.24,-4.05,4.05,-7.48
175,5.833,1,0,person,0.841,791.4,131.3,943.8,444.1,867.6,287.7,-17.95,1.32,18.0,-0.27
175,5.833,24,0,person,0.781,143.4,142.6,364.1,554.9,253.7,348.7,0.57,0.1,0.58,4.15
176,5.867,1,0,person,0.808,789.8,135.0,941.6,442.7,865.7,288.8,-1.9,1.14,2.22,-0.17
176,5.867,24,0,person,0.809,143.5,142.9,365.1,555.7,254.3,349.3,0.58,0.6,0.83,0.5
177,5.9,1,0,person,0.839,785.7,136.9,938.5,443.9,862.1,290.4,-3.62,1.57,3.94,0.42
177,5.9,24,0,person,0.803,144.5,144.3,367.7,558.8,256.1,351.5,1.76,2.19,2.81,1.6
178,5.933,1,0,person,0.856,780.3,137.9,934.4,448.2,857.4,293.1,-4.74,2.65,5.43,1.08
178,5.933,24,0,person,0.812,146.2,146.8,369.5,560.5,257.8,353.7,1.78,2.14,2.78,-0.06
179,5.967,1,0,person,0.855,779.1,138.3,933.7,450.1,856.4,294.2,-0.95,1.13,1.47,-1.52
179,5.967,24,0,person,0.811,146.4,147.7,370.5,561.5,258.4,354.6,0.58,0.91,1.08,-1.23
180,6.0,1,0,person,0.804,771.2,142.8,925.2,449.5,848.2,296.2,-8.19,1.99,8.43,0.86
180,6.0,24,0,person,0.827,148.2,150.1,371.7,561.6,260.0,355.8,1.53,1.25,1.97,0.34
181,6.033,1,0,person,0.807,766.8,144.3,921.2,449.0,844.0,296.7,-4.19,0.48,4.22,-1.52
181,6.033,24,0,person,0.824,149.1,150.9,372.2,560.6,260.7,355.7,0.73,-0.11,0.73,-1.36
182,6.067,1,0,person,0.811,759.5,140.8,917.9,450.3,838.7,295.6,-5.29,-1.1,5.41,-1.58
182,6.067,24,0,person,0.833,149.7,149.9,372.7,558.6,261.2,354.3,0.53,-1.45,1.55,-1.34
183,6.1,1,0,person,0.842,732.7,138.5,894.1,450.6,813.4,294.6,-25.31,-1.0,25.33,0.1
183,6.1,24,0,person,0.851,152.9,147.2,374.1,552.0,263.5,349.6,2.3,-4.69,5.23,-3.25
184,6.133,1,0,person,0.85,709.3,137.7,872.1,448.1,790.7,292.9,-22.72,-1.65,22.78,-0.65
184,6.133,24,0,person,0.838,154.8,145.5,376.1,550.3,265.4,347.9,1.92,-1.63,2.52,3.06
185,6.167,1,0,person,0.81,695.7,138.8,863.6,458.0,779.6,298.4,-11.07,5.49,12.36,7.15
185,6.167,24,0,person,0.824,155.4,144.6,377.2,550.1,266.3,347.3,0.84,-0.6,1.04,1.03
186,6.2,1,0,person,0.794,694.1,139.4,864.0,465.0,779.0,302.2,-0.61,3.76,3.81,-1.73
186,6.2,24,0,person,0.823,156.2,144.0,378.1,549.2,267.1,346.6,0.86,-0.72,1.12,-0.11
187,6.233,1,0,person,0.703,692.5,141.6,865.3,476.1,778.9,308.9,-0.13,6.7,6.7,2.94
187,6.233,24,0,person,0.834,156.8,143.4,377.6,545.8,267.2,344.6,0.08,-2.03,2.03,-1.32
188,6.267,1,0,person,0.659,690.2,145.6,861.3,478.2,775.8,311.9,-3.14,3.01,4.35,-3.69
188,6.267,24,0,person,0.844,157.4,142.9,377.7,543.4,267.5,343.2,0.32,-1.44,1.47,0.6
189,6.3,1,0,person,0.691,681.5,148.1,850.8,480.4,766.2,314.2,-9.61,2.38,9.9,-0.64
189,6.3,24,0,person,0.613,159.1,139.7,381.1,543.3,270.1,341.5,2.59,-1.63,3.06,-0.19
190,6.333,1,0,person,0.657,680.8,150.3,847.8,481.2,764.3,315.8,-1.81,1.53,2.37,-0.85
190,6.333,24,0,person,0.616,159.8,137.8,382.4,542.4,271.1,340.1,0.99,-1.4,1.72,0.22
191,6.367,1,0,person,0.709,674.3,146.9,841.8,476.8,758.0,311.8,-6.32,-3.93,7.45,-5.46
191,6.367,24,0,person,0.85,166.8,133.3,391.2,541.8,279.0,337.5,7.88,-2.58,8.29,-1.18
192,6.4,1,0,person,0.744,668.6,143.9,838.2,474.6,753.4,309.2,-4.63,-2.6,5.31,1.33
192,6.4,24,0,person,0.738,172.2,129.2,399.7,544.4,286.0,336.8,6.99,-0.76,7.03,1.82
193,6.433,1,0,person,0.554,660.6,142.1,832.4,471.2,746.5,306.6,-6.9,-2.59,7.37,0.01
193,6.433,24,0,person,0.62,172.0,125.3,413.5,572.2,292.7,348.7,6.75,11.96,13.73,12.71
194,6.467,1,0,person,0.736,666.3,175.2,824.2,468.7,745.2,321.9,-1.27,15.29,15.34,17.88
194,6.467,24,0,person,0.761,186.6,123.5,414.1,544.7,300.3,334.1,7.59,-14.63,16.48,-26.59
195,6.5,1,0,person,0.716,665.4,192.6,818.0,469.9,741.7,331.3,-3.53,9.32,9.97,-5.97
195,6.5,24,0,person,0.819,198.4,123.5,416.7,528.1,307.5,325.8,7.19,-8.31,10.99,6.31
196,6.533,1,0,person,0.511,656.6,169.5,825.6,474.5,741.1,322.0,-0.62,-9.27,9.29,-18.59
196,6.533,24,0,person,0.796,206.7,127.1,421.2,524.5,314.0,325.8,6.46,-0.01,6.46,8.3
197,6.567,1,0,person,0.603,670.5,197.9,828.9,479.5,749.7,338.7,8.61,16.68,18.77,25.95
197,6.567,24,0,person,0.768,211.4,134.0,425.4,530.1,318.4,332.1,4.41,6.26,7.66,6.27
198,6.6,1,0,person,0.714,633.6,175.5,816.5,488.8,725.1,332.1,-24.61,-6.53,25.46,-23.2
198,6.6,24,0,person,0.796,217.0,142.9,429.3,535.9,323.2,339.4,4.78,7.31,8.73,1.05
199,6.633,1,0,person,0.778,633.7,182.2,822.3,498.7,728.0,340.4,2.95,8.3,8.81,14.83
199,6.633,24,0,person,0.772,219.6,151.8,431.8,544.9,325.7,348.4,2.54,8.99,9.34,1.68
200,6.667,1,0,person,0.749,617.2,187.7,816.8,512.9,717.0,350.3,-11.0,9.85,14.77,1.54
200,6.667,24,0,person,0.742,214.9,164.3,442.7,589.9,328.8,377.1,3.1,28.73,28.9,19.74
201,6.7,1,0,person,0.767,611.8,193.7,821.4,528.1,716.6,360.9,-0.45,10.65,10.66,0.8
201,6.7,24,0,person,0.806,220.6,173.0,444.4,591.9,332.5,382.4,3.71,5.34,6.5,-23.4
202,6.733,1,0,person,0.792,615.3,205.0,830.0,544.3,722.6,374.7,6.05,13.71,14.98,3.06
202,6.733,24,0,person,0.772,223.1,181.0,444.5,596.3,333.8,388.7,1.28,6.22,6.35,0.89
203,6.767,1,0,person,0.809,621.5,213.8,839.2,557.0,730.3,385.4,7.7,10.77,13.24,-2.94
203,6.767,24,0,person,0.842,232.0,186.8,445.3,587.0,338.7,386.9,4.89,-1.8,5.21,-8.02
204,6.8,1,0,person,0.827,628.1,222.1,846.6,566.4,737.4,394.3,7.03,8.85,11.31,-1.92
204,6.8,24,0,person,0.772,237.1,192.4,448.5,590.6,342.8,391.5,4.15,4.65,6.23,6.45
205,6.833,1,0,person,0.823,637.1,229.4,855.9,573.8,746.5,401.6,9.17,7.32,11.73,-1.54
205,6.833,24,0,person,0.807,241.2,201.1,450.1,595.5,345.6,398.3,2.83,6.79,7.35,2.14
206,6.867,1,0,person,0.872,644.6,239.2,863.8,584.0,754.2,411.6,7.69,10.0,12.61,2.68
206,6.867,24,0,person,0.745,246.0,205.6,452.8,597.4,349.4,401.5,3.73,3.21,4.92,-3.58
207,6.9,1,0,person,0.895,652.8,246.4,869.6,587.0,761.2,416.7,6.99,5.09,8.64,-4.91
207,6.9,24,0,person,0.772,248.2,209.0,456.0,605.0,352.1,407.0,2.73,5.46,6.11,2.26
208,6.933,1,0,person,0.855,655.2,249.7,873.2,590.1,764.2,419.9,3.0,3.21,4.4,-1.88
208,6.933,24,0,person,0.794,251.8,212.1,459.3,608.5,355.6,410.3,3.46,3.33,4.8,-2.14
209,6.967,1,0,person,0.834,651.5,259.8,874.0,601.7,762.8,430.7,-1.45,10.82,10.92,7.61
209,6.967,24,0,person,0.835,264.4,228.9,465.7,613.1,365.0,421.0,9.45,10.68,14.26,7.35
210,7.0,1,0,person,0.81,677.8,275.6,898.0,619.1,787.9,447.4,25.14,16.67,30.17,5.85
210,7.0,24,0,person,0.844,275.4,249.0,474.4,628.0,374.9,438.5,9.86,17.53,20.12,6.86
211,7.033,1,0,person,0.853,703.2,292.0,920.7,638.8,812.0,465.4,24.1,18.02,30.09,1.35
211,7.033,24,0,person,0.69,275.7,268.6,483.0,663.0,379.4,465.8,4.46,27.32,27.68,9.79
212,7.067,1,0,person,0.856,714.2,298.1,928.0,645.9,821.1,472.0,9.08,6.6,11.23,-11.43
212,7.067,24,0,person,0.724,276.1,275.8,486.5,675.5,381.3,475.7,1.93,9.85,10.03,-17.47
212,7.067,30,7,truck,0.362,274.5,218.0,958.2,661.8,616.4,439.9,0.0,0.0,0.0,0.0
213,7.1,1,0,person,0.829,757.6,292.5,970.8,636.7,864.2,464.6,43.14,-7.39,43.76,-13.99
213,7.1,24,0,person,0.772,287.2,281.7,497.4,674.3,392.3,478.0,10.99,2.32,11.23,-7.52
214,7.133,1,0,person,0.832,774.0,290.0,987.6,633.0,880.8,461.5,16.58,-3.14,16.87,4.25
214,7.133,24,0,person,0.748,289.9,283.7,502.7,675.6,396.3,479.7,4.05,1.67,4.38,-0.65
215,7.167,1,0,person,0.813,797.0,285.9,1013.5,634.2,905.3,460.1,24.48,-1.41,24.52,1.73
215,7.167,24,0,person,0.846,296.9,285.7,516.0,684.7,406.5,485.2,10.13,5.53,11.55,3.86
216,7.2,1,0,person,0.864,822.0,276.1,1039.5,628.6,930.7,452.4,25.44,-7.71,26.58,-6.3
216,7.2,24,0,person,0.69,324.7,316.4,540.4,696.1,432.5,506.3,26.08,21.05,33.51,15.52
217,7.233,1,0,person,0.85,858.4,257.4,1076.9,617.4,967.6,437.4,36.93,-14.95,39.85,-7.24
218,7.267,1,0,person,0.848,872.6,250.2,1089.5,612.9,981.1,431.6,13.43,-5.82,14.64,9.14
219,7.3,1,0,person,0.853,954.7,222.2,1160.3,565.7,1057.5,394.0,76.45,-37.6,85.2,-31.79
220,7.333,1,0,person,0.843,982.5,222.9,1180.3,552.7,1081.4,387.8,23.9,-6.2,24.7,31.4
221,7.367,1,0,person,0.877,990.4,242.7,1181.8,558.8,1086.1,400.8,4.65,12.98,13.78,19.18
222,7.4,1,0,person,0.892,989.3,252.7,1177.0,565.7,1083.1,409.2,-2.96,8.41,8.92,-4.56
223,7.433,1,0,person,0.681,976.8,246.3,1161.7,554.3,1069.3,400.3,-13.83,-8.9,16.44,-17.31
224,7.467,1,0,person,0.891,980.0,236.8,1164.1,548.9,1072.0,392.9,2.73,-7.4,7.89,1.5
225,7.5,1,0,person,0.894,981.6,228.6,1158.0,535.1,1069.8,381.8,-2.21,-11.03,11.25,-3.62
225,7.5,36,0,person,0.646,1183.2,518.1,1277.2,702.0,1230.2,610.0,0.0,0.0,0.0,0.0
226,7.533,1,0,person,0.897,975.1,209.2,1138.1,496.9,1056.6,353.0,-13.21,-28.8,31.69,-17.77
226,7.533,36,0,person,0.504,1162.7,479.8,1273.6,696.3,1218.1,588.0,-12.07,-22.03,25.12,-22.03
227,7.567,1,0,person,0.918,968.9,180.2,1128.7,462.8,1048.8,321.5,-7.83,-31.56,32.52,-2.76
227,7.567,36,0,person,0.725,1156.2,395.8,1280.0,669.7,1218.1,532.8,-0.05,-55.26,55.26,-33.23
228,7.6,1,0,person,0.862,974.5,143.3,1133.6,420.8,1054.1,282.0,5.31,-39.42,39.78,-7.86
228,7.6,36,0,person,0.784,1141.5,347.8,1280.0,642.4,1210.8,495.1,-7.33,-37.64,38.35,17.62
229,7.633,1,0,person,0.867,974.0,130.1,1134.3,405.7,1054.2,267.9,0.08,-14.11,14.11,25.31
229,7.633,36,0,person,0.797,1135.7,330.2,1280.0,631.0,1207.9,480.6,-2.9,-14.5,14.79,23.14
230,7.667,1,0,person,0.866,981.0,114.3,1138.0,384.8,1059.5,249.6,5.37,-18.34,19.11,-4.23
230,7.667,36,0,person,0.705,1134.1,346.3,1268.0,605.6,1201.0,475.9,-6.83,-4.68,8.28,9.83
231,7.7,1,0,person,0.857,950.2,97.6,1107.4,372.1,1028.8,234.8,-30.74,-14.74,34.1,3.6
232,7.733,1,0,person,0.879,929.5,75.2,1078.9,337.2,1004.2,206.2,-24.58,-28.64,37.75,-13.9
232,7.733,37,0,person,0.832,956.2,331.2,1153.1,550.9,1054.7,441.1,0.0,0.0,0.0,0.0
232,7.733,36,0,person,0.515,1138.8,247.7,1271.6,503.2,1205.2,375.4,2.06,-50.25,50.29,-22.79
233,7.767,1,0,person,0.853,915.8,59.8,1062.1,318.5,988.9,189.2,-15.28,-17.05,22.89,11.6
233,7.767,37,0,person,0.866,905.5,310.0,1121.0,551.3,1013.2,430.6,-41.41,-10.43,42.7,-10.43
233,7.767,36,0,person,0.738,1119.0,211.2,1270.6,500.4,1194.8,355.8,-10.36,-19.64,22.21,30.61
234,7.8,1,0,person,0.831,912.6,59.1,1050.3,304.0,981.5,181.5,-7.46,-7.62,10.67,9.43
234,7.8,37,0,person,0.832,859.5,297.4,1084.4,550.1,971.9,423.7,-41.31,-6.92,41.89,3.51
234,7.8,36,0,person,0.722,1110.6,194.6,1280.0,528.2,1195.3,361.4,0.49,5.63,5.65,25.27
235,7.833,1,0,person,0.623,907.1,60.5,1035.3,288.7,971.2,174.6,-10.3,-6.96,12.43,0.66
235,7.833,37,0,person,0.879,808.6,292.7,1037.0,550.0,922.8,421.3,-49.15,-2.38,49.21,4.54
235,7.833,36,0,person,0.624,1117.1,226.3,1280.0,560.7,1198.6,393.5,3.29,32.08,32.25,26.45
236,7.867,37,0,person,0.873,748.1,273.9,991.5,549.4,869.8,411.7,-52.97,-9.68,53.84,-7.3
237,7.9,37,0,person,0.805,702.0,248.2,966.2,548.3,834.1,398.3,-35.75,-13.38,38.17,-3.7
237,7.9,1,0,person,0.704,874.0,62.5,985.2,263.7,929.6,163.1,-20.8,-5.74,21.58,0.61
237,7.9,36,0,person,0.634,1137.9,260.0,1280.0,576.5,1209.0,418.3,5.2,12.37,13.42,-9.85
238,7.933,37,0,person,0.886,704.1,232.6,979.1,548.8,841.6,390.7,7.52,-7.58,10.68,5.8
238,7.933,1,0,person,0.695,857.4,50.3,958.7,236.5,908.1,143.4,-21.47,-19.73,29.16,-14.0
238,7.933,36,0,person,0.63,1150.0,283.6,1280.0,585.2,1215.0,434.4,6.05,16.14,17.23,3.76
239,7.967,37,0,person,0.881,703.0,215.0,989.6,549.0,846.3,382.0,4.71,-8.67,9.87,-1.09
239,7.967,1,0,person,0.697,828.9,50.6,931.9,245.9,880.4,148.2,-27.67,4.85,28.09,24.58
240,8.0,37,0,person,0.858,698.4,193.1,995.9,547.4,847.1,370.2,0.85,-11.79,11.82,-3.12
241,8.033,37,0,person,0.861,699.9,184.8,997.2,546.7,848.6,365.7,1.45,-4.49,4.72,7.3
241,8.033,41,0,person,0.382,1162.4,428.2,1276.9,582.9,1219.6,505.5,0.0,0.0,0.0,0.0
242,8.067,37,0,person,0.871,711.1,152.8,990.4,502.1,850.8,327.5,2.17,-38.29,38.35,-33.79
243,8.1,37,0,person,0.904,724.5,140.5,992.4,482.8,858.5,311.7,7.71,-15.8,17.58,22.48
244,8.133,37,0,person,0.889,745.0,130.5,1009.3,474.8,877.1,302.7,18.67,-9.0,20.73,6.8
245,8.167,37,0,person,0.857,770.2,126.0,1026.0,466.2,898.1,296.1,20.95,-6.58,21.96,2.42
246,8.2,37,0,person,0.877,784.1,125.3,1035.2,465.5,909.6,295.4,11.54,-0.69,11.56,5.89
247,8.233,37,0,person,0.849,798.8,125.5,1042.0,462.4,920.4,293.9,10.76,-1.44,10.85,-0.75
248,8.267,37,0,person,0.873,803.5,125.4,1037.9,458.0,920.7,291.7,0.31,-2.25,2.27,-0.81
249,8.3,37,0,person,0.886,794.2,127.2,1019.2,452.1,906.7,289.6,-14.01,-2.06,14.16,0.19
250,8.333,37,0,person,0.848,793.0,128.8,1012.5,454.0,902.7,291.4,-3.95,1.78,4.33,3.84
250,8.333,41,0,person,0.594,1132.3,404.6,1252.4,559.5,1192.4,482.1,-3.03,-2.61,4.0,-0.29
251,8.367,37,0,person,0.783,769.1,128.2,988.2,457.0,878.6,292.6,-24.11,1.17,24.14,-0.61
251,8.367,41,0,person,0.528,1134.3,409.5,1255.0,559.0,1194.7,484.2,2.32,2.18,3.19,4.79
252,8.4,37,0,person,0.715,735.3,111.9,949.1,439.7,842.2,275.8,-36.46,-16.78,40.13,-17.95
252,8.4,41,0,person,0.439,1137.1,412.1,1257.2,555.3,1197.1,483.7,2.46,-0.53,2.52,-2.71
253,8.433,37,0,person,0.349,703.0,92.5,908.7,413.3,805.8,252.9,-36.33,-22.9,42.94,-6.12
254,8.467,9000,0,person,0.306,437.7,16.3,592.5,195.6,515.1,106.0,0.0,0.0,0.0,0.0
255,8.5,45,0,person,0.778,432.3,28.0,594.4,216.1,513.4,122.0,0.0,0.0,0.0,0.0
255,8.5,37,0,person,0.847,613.7,105.4,821.6,432.4,717.7,268.9,-44.09,8.01,44.81,15.46
256,8.533,45,0,person,0.502,450.1,36.8,604.5,216.6,527.3,126.7,13.9,4.68,14.67,4.68
256,8.533,37,0,person,0.84,589.3,106.6,790.9,427.4,690.1,267.0,-27.58,-1.93,27.64,-9.94
257,8.567,37,0,person,0.895,593.0,95.6,794.3,417.5,693.7,256.5,3.58,-10.46,11.06,-8.54
258,8.6,37,0,person,0.868,596.3,93.2,796.8,418.0,696.5,255.6,2.87,-0.92,3.01,9.54
259,8.633,37,0,person,0.87,598.3,92.6,797.2,418.8,697.8,255.7,1.25,0.12,1.25,1.04
260,8.667,37,0,person,0.874,597.2,87.7,796.1,419.0,696.7,253.4,-1.12,-2.36,2.61,-2.48
261,8.7,37,0,person,0.869,599.1,87.7,794.6,418.9,696.8,253.3,0.18,-0.03,0.19,2.33
261,8.7,45,0,person,0.62,434.8,24.7,599.2,215.7,517.0,120.2,-2.06,-1.31,2.44,-1.2
262,8.733,37,0,person,0.856,597.6,85.4,790.5,416.6,694.1,251.0,-2.78,-2.35,3.63,-2.31
262,8.733,45,0,person,0.737,437.4,19.3,603.6,215.0,520.5,117.2,3.51,-3.03,4.63,-1.72
263,8.767,37,0,person,0.856,597.4,84.5,786.9,414.5,692.1,249.5,-1.93,-1.46,2.42,0.89
263,8.767,45,0,person,0.508,450.8,18.7,612.9,215.0,531.8,116.9,11.33,-0.3,11.33,2.72
264,8.8,37,0,person,0.883,604.7,82.2,789.1,409.2,696.9,245.7,4.74,-3.83,6.09,-2.37
264,8.8,45,0,person,0.714,468.1,15.7,623.8,210.3,545.9,113.0,14.12,-3.81,14.62,-3.5
265,8.833,37,0,person,0.886,609.2,81.6,790.0,407.8,699.6,244.7,2.68,-1.02,2.87,2.8
265,8.833,45,0,person,0.719,475.6,14.7,626.4,208.8,551.0,111.7,5.03,-1.3,5.2,2.51
266,8.867,37,0,person,0.838,613.6,82.5,792.2,411.5,702.9,247.0,3.34,2.3,4.06,3.33
267,8.9,37,0,person,0.893,604.0,80.6,788.9,422.9,696.4,251.8,-6.46,4.79,8.04,2.49
267,8.9,45,0,person,0.662,484.7,16.2,600.3,165.4,542.5,90.8,-4.22,-10.47,11.29,-4.58
268,8.933,37,0,person,0.838,611.2,87.7,794.1,427.1,702.7,257.4,6.25,5.61,8.4,0.83
268,8.933,45,0,person,0.717,462.3,17.7,594.1,191.2,528.2,104.5,-14.36,13.65,19.81,24.12
269,8.967,37,0,person,0.846,613.5,97.5,787.1,411.0,700.3,254.3,-2.41,-3.11,3.93,-8.72
269,8.967,45,0,person,0.793,453.3,18.2,584.9,194.4,519.1,106.3,-9.09,1.83,9.27,-11.82
270,9.0,9001,0,person,0.323,1152.7,421.8,1279.2,524.2,1216.0,473.0,0.0,0.0,0.0,0.0
272,9.067,37,0,person,0.454,598.3,149.5,754.8,408.9,676.6,279.2,-7.91,8.31,11.47,3.81
273,9.1,9002,0,person,0.354,529.4,155.4,783.3,450.0,656.4,302.7,0.0,0.0,0.0,0.0
274,9.133,54,0,person,0.372,524.6,155.3,788.7,462.0,656.6,308.7,0.0,0.0,0.0,0.0
278,9.267,9003,0,person,0.35,268.2,287.7,736.6,527.8,502.4,407.8,0.0,0.0,0.0,0.0
282,9.4,54,0,person,0.494,462.7,155.5,770.8,523.3,616.8,339.4,-4.99,3.84,6.3,0.48
283,9.433,54,0,person,0.745,516.4,135.5,824.1,516.1,670.2,325.8,53.48,-13.58,55.18,-17.42
284,9.467,9004,0,person,0.739,716.0,142.9,899.8,476.1,807.9,309.5,0.0,0.0,0.0,0.0
284,9.467,9005,7,truck,0.373,224.0,27.2,942.0,542.9,583.0,285.1,0.0,0.0,0.0,0.0
284,9.467,9006,28,box,0.3,416.5,234.1,733.0,405.7,574.8,319.9,0.0,0.0,0.0,0.0
285,9.5,57,0,person,0.759,763.3,141.5,945.8,473.4,854.5,307.4,0.0,0.0,0.0,0.0
286,9.533,57,0,person,0.761,772.8,141.2,954.3,473.3,863.6,307.3,9.01,-0.19,9.02,-0.19
287,9.567,57,0,person,0.716,852.0,131.7,1036.8,466.0,944.4,298.8,80.85,-8.41,81.29,-8.22
288,9.6,9007,0,person,0.873,1012.1,130.5,1180.0,444.1,1096.0,287.3,0.0,0.0,0.0,0.0
289,9.633,57,0,person,0.87,1016.1,148.1,1204.5,484.2,1110.3,316.2,82.95,8.66,83.4,8.54
290,9.667,57,0,person,0.876,1096.6,161.8,1278.2,486.9,1187.4,324.4,77.14,8.22,77.57,-0.44
291,9.7,57,0,person,0.745,1114.0,178.2,1280.0,504.6,1197.0,341.4,9.57,17.0,19.51,8.79
292,9.733,57,0,person,0.779,1133.9,226.9,1280.0,519.3,1206.9,373.1,9.94,31.72,33.24,14.72
293,9.767,9008,0,person,0.325,1142.5,265.3,1279.4,527.1,1211.0,396.2,0.0,0.0,0.0,0.0
293,9.767,9009,73,book,0.315,480.9,14.3,753.5,75.0,617.2,44.6,0.0,0.0,0.0,0.0
297,9.9,9010,0,person,0.751,320.9,48.0,466.3,236.5,393.6,142.2,0.0,0.0,0.0,0.0
300,10.0,45,0,person,0.417,405.6,26.2,545.4,227.2,475.5,126.7,-1.41,0.66,1.55,-0.04
302,10.067,9011,0,person,0.546,1163.6,324.5,1279.1,558.2,1221.4,441.3,0.0,0.0,0.0,0.0
303,10.1,66,0,person,0.435,1154.7,321.1,1269.8,553.5,1212.2,437.3,0.0,0.0,0.0,0.0
304,10.133,66,0,person,0.421,1149.3,318.5,1267.8,556.8,1208.6,437.6,-3.69,0.32,3.7,0.32
305,10.167,66,0,person,0.546,1132.6,320.0,1251.9,556.1,1192.2,438.1,-16.32,0.41,16.32,0.09
306,10.2,67,73,book,0.386,417.4,241.3,994.2,446.6,705.8,343.9,0.0,0.0,0.0,0.0
307,10.233,67,73,book,0.351,421.9,246.6,986.6,447.7,704.2,347.1,-1.56,3.21,3.57,3.21
307,10.233,66,0,person,0.385,1110.4,315.9,1236.4,556.7,1173.4,436.3,-9.43,-0.88,9.47,-0.64
308,10.267,66,0,person,0.638,1133.6,296.5,1267.7,553.6,1200.6,425.0,27.27,-11.26,29.5,-10.39
309,10.3,66,0,person,0.366,1143.1,285.5,1280.0,550.6,1211.6,418.1,10.93,-6.95,12.95,4.31
309,10.3,69,0,person,0.719,860.3,417.6,1101.4,549.7,980.8,483.7,0.0,0.0,0.0,0.0
310,10.333,69,0,person,0.574,809.7,434.3,1020.7,549.6,915.2,492.0,-65.61,8.31,66.14,8.31
312,10.4,9012,0,person,0.395,874.1,45.4,976.8,120.9,925.5,83.2,0.0,0.0,0.0,0.0
314,10.467,66,0,bird,0.415,1134.1,330.5,1254.8,551.6,1194.5,441.0,-3.42,4.59,5.72,2.31
315,10.5,71,0,person,0.551,895.7,36.6,976.5,132.9,936.1,84.8,0.0,0.0,0.0,0.0
316,10.533,71,0,person,0.531,895.0,34.5,974.1,128.4,934.5,81.4,-1.58,-3.36,3.72,-3.36
316,10.533,66,0,person,0.768,1120.3,282.4,1266.7,546.4,1193.5,414.4,-0.5,-13.32,13.33,-8.96
317,10.567,66,0,person,0.689,1112.6,279.7,1265.3,548.2,1189.0,413.9,-4.52,-0.48,4.54,12.84
318,10.6,66,0,person,0.769,1109.3,281.3,1266.7,552.8,1188.0,417.1,-0.94,3.13,3.27,3.61
319,10.633,66,0,person,0.604,1115.2,301.6,1272.2,570.7,1193.7,436.2,5.63,19.1,19.92,15.97
323,10.767,66,0,person,0.366,1132.1,350.6,1273.1,589.2,1202.6,469.9,2.24,8.42,8.72,-2.67
324,10.8,66,0,person,0.668,1129.5,355.2,1272.7,594.2,1201.1,474.7,-1.46,4.86,5.08,-3.56
325,10.833,66,0,person,0.614,1123.3,345.8,1276.4,601.1,1199.8,473.4,-1.31,-1.28,1.83,-6.14
326,10.867,66,0,person,0.649,1119.2,338.0,1277.5,601.3,1198.4,469.6,-1.46,-3.83,4.1,-2.56
327,10.9,66,0,person,0.59,1121.5,343.3,1274.9,595.8,1198.2,469.5,-0.17,-0.07,0.19,3.76
328,10.933,66,0,person,0.444,1124.3,351.5,1272.7,592.7,1198.5,472.1,0.33,2.55,2.57,2.62
329,10.967,66,0,person,0.526,1120.5,342.3,1275.0,592.4,1197.8,467.4,-0.75,-4.73,4.79,-7.28
330,11.0,66,0,person,0.472,1119.7,340.8,1275.1,590.6,1197.4,465.7,-0.37,-1.67,1.71,3.06
331,11.033,66,0,person,0.589,1118.0,336.0,1276.8,590.7,1197.4,463.4,-0.01,-2.31,2.31,-0.64
331,11.033,76,0,person,0.412,805.7,76.0,937.0,168.0,871.3,122.0,0.0,0.0,0.0,0.0
332,11.067,66,0,person,0.566,1117.2,334.7,1277.4,591.1,1197.3,462.9,-0.08,-0.51,0.52,1.8
332,11.067,76,0,person,0.348,802.4,74.3,935.5,167.9,868.9,121.1,-2.39,-0.9,2.55,-0.9
333,11.1,66,0,person,0.613,1115.9,329.9,1277.5,588.0,1196.7,458.9,-0.6,-3.95,4.0,-3.44
334,11.133,66,0,person,0.349,1117.5,333.2,1277.5,587.9,1197.5,460.6,0.82,1.66,1.85,5.61
334,11.133,77,0,person,0.513,793.7,414.3,1015.0,551.0,904.4,482.7,0.0,0.0,0.0,0.0
335,11.167,66,0,person,0.418,1121.2,346.1,1276.4,591.9,1198.8,469.0,1.3,8.44,8.54,6.79
336,11.2,77,0,person,0.51,878.2,444.3,1052.5,550.2,965.3,497.2,30.48,7.29,31.34,3.65
337,11.233,77,0,person,0.458,889.6,449.0,1059.1,550.0,974.4,499.5,9.06,2.26,9.34,-5.03
341,11.367,66,0,person,0.432,1128.5,344.5,1277.6,579.7,1203.1,462.1,0.71,-1.15,1.35,-1.6
342,11.4,79,0,person,0.58,678.6,342.8,1025.2,552.2,851.9,447.5,0.0,0.0,0.0,0.0
342,11.4,66,0,person,0.536,1127.9,337.1,1275.3,567.3,1201.6,452.2,-1.47,-9.85,9.96,-8.7
343,11.433,79,0,person,0.617,650.4,305.5,1053.9,549.8,852.2,427.7,0.25,-19.81,19.81,-19.81
343,11.433,66,0,person,0.486,1128.1,332.1,1275.9,561.3,1202.0,446.7,0.38,-5.55,5.56,4.3
344,11.467,66,0,person,0.338,1143.0,337.8,1280.0,562.4,1211.5,450.1,9.54,3.38,10.12,8.92
345,11.5,66,0,person,0.744,1157.5,347.0,1280.0,561.5,1218.7,454.3,7.22,4.2,8.35,0.82
346,11.533,66,0,person,0.529,1168.3,360.7,1280.0,553.5,1224.1,457.1,5.4,2.85,6.1,-1.35
347,11.567,82,28,box,0.516,504.1,364.7,756.7,530.7,630.4,447.7,0.0,0.0,0.0,0.0
348,11.6,82,28,box,0.329,462.5,345.8,762.2,543.3,612.4,444.6,-18.03,-3.14,18.3,-3.14
349,11.633,82,28,person,0.828,378.7,270.5,793.2,546.6,585.9,408.5,-26.43,-36.03,44.68,-32.89
350,11.667,82,28,person,0.824,348.1,241.2,802.3,547.9,575.2,394.6,-10.72,-13.97,17.61,22.06
351,11.7,82,28,person,0.782,327.5,217.0,809.3,548.7,568.4,382.8,-6.81,-11.72,13.55,2.26
352,11.733,9013,28,box,0.424,477.6,79.3,785.1,187.8,631.4,133.6,0.0,0.0,0.0,0.0
352,11.733,9014,28,box,0.367,444.5,281.4,686.2,432.5,565.4,357.0,0.0,0.0,0.0,0.0
352,11.733,9015,0,person,0.332,693.6,21.3,835.2,141.5,764.4,81.4,0.0,0.0,0.0,0.0
353,11.767,9016,28,box,0.347,475.3,77.8,736.2,201.5,605.8,139.7,0.0,0.0,0.0,0.0
354,11.8,82,28,person,0.87,225.5,167.7,747.3,541.4,486.4,354.6,-27.34,-9.42,28.91,0.76
355,11.833,90,0,person,0.576,611.2,20.6,720.3,197.0,665.8,108.8,0.0,0.0,0.0,0.0
355,11.833,82,28,person,0.868,223.4,164.9,726.3,539.8,474.8,352.3,-11.58,-2.25,11.8,7.18
356,11.867,82,28,person,0.786,233.3,152.7,726.5,537.2,479.9,344.9,5.11,-7.39,8.99,-5.15
357,11.9,82,28,person,0.826,255.6,134.1,721.8,515.5,488.7,324.8,8.79,-20.15,21.99,-12.76
357,11.9,90,0,person,0.779,583.4,17.5,700.5,207.0,641.9,112.3,-11.9,1.71,12.03,0.86
358,11.933,82,28,person,0.879,261.3,128.0,710.1,511.8,485.7,319.9,-3.01,-4.85,5.71,15.3
358,11.933,90,0,person,0.782,605.9,17.0,719.3,200.3,662.6,108.7,20.63,-3.6,20.94,-5.31
359,11.967,82,28,person,0.82,250.0,123.6,672.9,498.9,461.5,311.3,-24.26,-8.66,25.76,-3.81
359,11.967,90,0,person,0.78,627.5,16.6,738.5,194.7,683.0,105.6,20.39,-3.03,20.61,0.57
360,12.0,82,28,person,0.8,233.5,124.8,641.2,504.7,437.4,314.7,-24.09,3.46,24.34,12.12
360,12.0,90,0,person,0.413,642.3,21.0,751.6,197.2,696.9,109.1,13.98,3.5,14.42,6.53
361,12.033,82,28,person,0.792,233.1,124.8,625.0,507.6,429.1,316.2,-8.29,1.46,8.42,-2.0
361,12.033,90,0,person,0.459,647.4,22.5,755.8,197.9,701.6,110.2,4.67,1.06,4.79,-2.45
362,12.067,82,28,person,0.767,226.8,132.5,614.8,528.5,420.8,330.5,-8.28,14.27,16.5,12.82
362,12.067,90,0,person,0.679,622.5,44.2,731.8,222.0,677.2,133.1,-24.45,22.95,33.53,21.89
363,12.1,82,28,person,0.774,224.5,146.0,593.0,535.7,408.8,340.9,-12.01,10.43,15.91,-3.84
366,12.2,82,28,person,0.383,198.0,129.3,568.4,541.8,383.2,335.6,-8.52,-1.78,8.7,-4.07
368,12.267,82,28,person,0.852,219.4,116.2,572.7,526.3,396.0,321.2,6.4,-7.16,9.6,-2.69
369,12.3,82,28,person,0.834,245.3,117.6,575.9,514.1,410.6,315.9,14.55,-5.38,15.51,1.77
370,12.333,82,28,person,0.86,272.2,131.7,581.2,514.0,426.7,322.9,16.12,7.01,17.58,12.4
371,12.367,82,28,person,0.856,283.8,135.8,581.6,515.0,432.7,325.4,5.98,2.56,6.51,-4.46
372,12.4,82,28,person,0.84,296.0,142.9,593.2,533.1,444.6,338.0,11.94,12.59,17.35,10.03
373,12.433,82,28,person,0.813,332.1,164.4,617.5,539.3,474.8,351.9,30.19,13.88,33.23,1.3
373,12.433,96,0,person,0.653,442.8,60.0,572.4,244.6,507.6,152.3,0.0,0.0,0.0,0.0
374,12.467,82,28,person,0.82,346.5,172.9,627.3,541.8,486.9,357.3,12.11,5.44,13.28,-8.45
374,12.467,96,0,person,0.666,443.1,61.7,571.3,244.2,507.2,152.9,-0.42,0.64,0.77,0.64
375,12.5,82,28,person,0.86,424.1,205.3,686.7,545.3,555.4,375.3,68.48,17.94,70.79,12.5
375,12.5,96,0,person,0.453,440.4,81.6,549.4,236.7,494.9,159.1,-12.28,6.17,13.74,5.52
376,12.533,82,28,person,0.73,505.2,229.0,753.8,545.2,629.5,387.1,74.15,11.81,75.09,-6.13
376,12.533,96,0,person,0.331,443.8,70.3,559.0,233.4,501.4,151.8,6.48,-7.3,9.76,-13.47
377,12.567,82,28,person,0.871,580.7,263.0,809.0,546.7,694.9,404.9,65.33,17.77,67.7,5.95
377,12.567,96,0,person,0.557,445.6,64.5,564.6,232.7,505.1,148.6,3.71,-3.22,4.91,4.09
378,12.6,82,28,person,0.831,632.7,300.6,841.2,548.6,736.9,424.6,42.05,19.73,46.45,1.97
378,12.6,96,0,person,0.783,449.9,67.5,572.1,238.9,511.0,153.2,5.89,4.58,7.46,7.8
379,12.633,82,28,person,0.838,679.1,319.6,882.1,549.3,780.6,434.4,43.67,9.85,44.77,-9.88
379,12.633,96,0,person,0.654,456.0,72.8,575.9,239.2,515.9,156.0,4.94,2.8,5.68,-1.78
380,12.667,82,28,person,0.776,710.0,323.3,918.4,550.0,814.2,436.6,33.58,2.2,33.65,-7.65
380,12.667,96,0,person,0.586,453.5,56.3,582.0,233.7,517.8,145.0,1.83,-10.99,11.15,-13.8
381,12.7,82,28,person,0.718,730.7,316.8,952.9,550.6,841.8,433.7,27.63,-2.96,27.79,-5.16
381,12.7,96,0,person,0.661,456.4,44.3,582.0,215.6,519.2,130.0,1.4,-15.02,15.09,-4.03
382,12.733,82,28,person,0.695,737.6,313.9,970.2,550.8,853.9,432.4,12.06,-1.33,12.14,1.63
382,12.733,96,0,person,0.646,456.4,37.5,583.7,209.4,520.1,123.4,0.89,-6.51,6.57,8.51
383,12.767,82,28,person,0.73,744.7,313.8,984.3,551.4,864.5,432.6,10.59,0.23,10.59,1.56
383,12.767,96,0,person,0.555,466.6,34.6,593.7,204.7,530.1,119.7,10.08,-3.78,10.77,2.74
384,12.8,82,28,person,0.817,742.2,308.6,989.3,549.8,865.8,429.2,1.31,-3.41,3.66,-3.64
384,12.8,96,0,person,0.384,473.2,26.0,603.6,198.7,538.4,112.3,8.24,-7.33,11.03,-3.55
385,12.833,82,28,person,0.821,738.3,305.1,991.7,549.4,865.0,427.3,-0.76,-1.9,2.05,1.51
385,12.833,96,0,person,0.639,466.3,22.3,606.0,207.9,536.1,115.1,-2.24,2.75,3.55,10.08
385,12.833,98,0,person,0.773,1130.3,244.6,1243.4,554.5,1186.9,399.5,0.0,0.0,0.0,0.0
386,12.867,82,28,person,0.796,734.7,303.3,992.4,548.2,863.5,425.8,-1.49,-1.52,2.13,0.38
386,12.867,96,0,person,0.599,451.2,31.2,588.7,214.3,519.9,122.8,-16.2,7.7,17.93,4.95
386,12.867,98,0,person,0.882,1106.7,240.6,1223.6,554.3,1165.1,397.4,-21.73,-2.1,21.83,-2.1
387,12.9,82,28,person,0.841,721.8,302.4,983.4,548.2,852.6,425.3,-10.92,-0.45,10.93,1.08
387,12.9,96,0,person,0.573,432.4,27.1,574.8,217.9,503.6,122.5,-16.36,-0.25,16.36,-7.95
387,12.9,98,0,person,0.799,1081.1,226.1,1205.5,551.5,1143.3,388.8,-21.81,-8.66,23.46,-6.56
388,12.933,82,28,person,0.836,707.7,301.6,972.6,548.7,840.2,425.1,-12.45,-0.17,12.45,0.28
388,12.933,96,0,person,0.747,419.6,21.2,564.3,216.7,491.9,119.0,-11.63,-3.58,12.16,-3.33
388,12.933,98,0,person,0.842,1067.5,215.8,1198.5,549.1,1133.0,382.5,-10.28,-6.31,12.06,2.35
389,12.967,82,28,person,0.828,701.6,300.9,969.2,548.9,835.4,424.9,-4.77,-0.22,4.77,-0.05
389,12.967,96,0,person,0.613,432.6,21.2,572.8,214.0,502.7,117.6,10.72,-1.38,10.81,2.2
389,12.967,98,0,person,0.881,1062.5,213.8,1200.1,550.0,1131.3,381.9,-1.77,-0.6,1.87,5.71
390,13.0,82,28,person,0.845,704.6,303.9,972.2,549.3,838.4,426.6,3.03,1.7,3.47,1.92
390,13.0,96,0,person,0.577,449.8,17.8,589.8,215.1,519.8,116.4,17.13,-1.18,17.17,0.2
390,13.0,98,0,person,0.893,1064.7,220.3,1207.3,550.8,1136.0,385.6,4.73,3.71,6.01,4.31
391,13.033,82,28,person,0.842,704.0,304.8,973.0,549.4,838.5,427.1,0.08,0.51,0.52,-1.19
391,13.033,96,0,person,0.568,457.0,16.9,594.8,215.4,525.9,116.1,6.12,-0.27,6.12,0.91
391,13.033,98,0,person,0.894,1063.8,223.0,1213.2,551.2,1138.5,387.1,2.5,1.54,2.94,-2.17
392,13.067,82,28,person,0.756,750.6,309.3,1020.4,550.0,885.5,429.7,47.03,2.53,47.1,2.01
392,13.067,98,0,person,0.855,1080.5,235.7,1230.0,551.4,1155.2,393.6,16.74,6.44,17.93,4.9
393,13.1,82,28,person,0.843,786.2,321.8,1045.9,549.4,916.0,435.6,30.52,5.95,31.1,3.42
393,13.1,98,0,person,0.872,1072.9,236.5,1230.4,553.9,1151.7,395.2,-3.59,1.61,3.93,-4.83
394,13.133,82,28,person,0.855,811.7,344.4,1054.5,550.4,933.1,447.4,17.09,11.79,20.77,5.84
394,13.133,98,0,person,0.85,1084.6,232.8,1246.7,551.7,1165.7,392.3,14.0,-2.91,14.3,-4.52
395,13.167,82,28,person,0.82,830.9,372.3,1052.4,550.9,941.7,461.6,8.52,14.21,16.57,2.42
395,13.167,98,0,person,0.881,1091.4,227.4,1259.2,552.7,1175.3,390.0,9.65,-2.22,9.9,0.69
396,13.2,82,28,person,0.836,848.6,393.6,1056.9,552.3,952.8,472.9,11.1,11.32,15.85,-2.89
396,13.2,98,0,person,0.882,1094.3,222.6,1266.2,552.2,1180.2,387.4,4.94,-2.61,5.59,-0.39
397,13.233,82,28,person,0.663,897.7,415.2,1093.4,553.4,995.5,484.3,42.76,11.33,44.24,0.02
397,13.233,98,0,person,0.863,1099.4,219.9,1272.2,549.1,1185.8,384.5,5.55,-2.94,6.28,-0.33
397,13.233,100,28,box,0.397,454.7,39.4,565.6,148.7,510.2,94.1,0.0,0.0,0.0,0.0
397,13.233,101,0,person,0.57,722.0,16.8,844.9,149.9,783.4,83.4,0.0,0.0,0.0,0.0
398,13.267,82,28,person,0.671,908.2,421.3,1107.8,553.5,1008.0,487.4,12.46,3.14,12.85,-8.19
398,13.267,98,0,person,0.866,1101.1,219.0,1274.7,548.0,1187.9,383.5,2.07,-1.01,2.3,1.93
398,13.267,100,28,box,0.421,456.1,39.3,566.3,147.9,511.2,93.6,1.04,-0.44,1.13,-0.44
398,13.267,101,0,person,0.584,724.8,16.9,849.5,152.9,787.1,84.9,3.69,1.54,4.0,1.54
398,13.267,102,28,box,0.419,497.7,80.6,752.1,182.3,624.9,131.5,0.0,0.0,0.0,0.0
399,13.3,98,0,person,0.834,1072.6,225.1,1254.1,555.1,1163.4,390.1,-24.47,6.65,25.36,7.66
400,13.333,98,0,person,0.87,1077.3,229.9,1258.4,552.1,1167.9,391.0,4.47,0.85,4.55,-5.8
401,13.367,98,0,person,0.821,1078.3,231.2,1262.7,554.0,1170.5,392.6,2.64,1.61,3.09,0.77
402,13.4,98,0,person,0.824,1079.9,233.5,1267.1,557.4,1173.5,395.4,2.96,2.81,4.08,1.2
403,13.433,98,0,person,0.861,1081.3,238.6,1271.0,564.4,1176.2,401.5,2.72,6.06,6.64,3.24
403,13.433,105,28,box,0.35,507.7,87.0,915.8,214.2,711.8,150.6,0.0,0.0,0.0,0.0
404,13.467,98,0,person,0.843,1082.6,243.0,1272.2,566.3,1177.4,404.7,1.24,3.2,3.43,-2.85
405,13.5,98,0,person,0.86,1083.3,247.1,1273.7,569.8,1178.5,408.4,1.09,3.74,3.9,0.54
406,13.533,98,0,person,0.859,1083.1,248.6,1274.5,571.4,1178.8,410.0,0.3,1.58,1.61,-2.16
407,13.567,98,0,person,0.858,1087.1,256.6,1274.8,571.2,1181.0,413.9,2.15,3.91,4.46,2.33
408,13.6,98,0,person,0.854,1093.0,263.5,1278.7,575.1,1185.8,419.3,4.87,5.36,7.24,1.46
409,13.633,98,0,person,0.845,1095.3,266.1,1280.0,576.7,1187.7,421.4,1.83,2.13,2.81,-3.24
409,13.633,108,0,person,0.733,1058.1,58.2,1150.4,272.4,1104.3,165.3,0.0,0.0,0.0,0.0
410,13.667,98,0,person,0.841,1098.7,269.1,1280.0,575.3,1189.3,422.2,1.68,0.84,1.88,-1.29
410,13.667,108,0,person,0.609,1094.1,62.8,1172.8,244.0,1133.4,153.4,29.18,-11.86,31.49,-11.86
411,13.7,98,0,person,0.859,1099.1,270.8,1280.0,575.0,1189.6,422.9,0.23,0.69,0.72,-0.15
411,13.7,108,0,person,0.706,1096.5,70.5,1197.1,301.6,1146.8,186.0,13.33,32.63,35.25,44.49
412,13.733,98,0,person,0.856,1097.6,266.1,1280.0,573.8,1188.8,419.9,-0.75,-2.99,3.08,-3.68
412,13.733,108,0,person,0.695,1120.3,69.7,1226.8,310.6,1173.6,190.2,26.79,4.15,27.11,-28.48
413,13.767,98,0,person,0.873,1090.8,253.8,1280.0,573.1,1185.4,413.4,-3.44,-6.5,7.35,-3.51
413,13.767,108,0,person,0.557,1124.4,64.8,1238.1,318.2,1181.3,191.5,7.71,1.31,7.82,-2.84
414,13.8,98,0,person,0.882,1087.0,242.4,1280.0,567.4,1183.5,404.9,-1.87,-8.5,8.7,-2.0
414,13.8,108,0,person,0.356,1153.3,69.1,1257.0,296.0,1205.2,182.5,23.9,-8.99,25.54,-10.31
415,13.833,98,0,person,0.864,1087.9,238.6,1280.0,563.4,1184.0,401.0,0.44,-3.93,3.96,4.57
415,13.833,108,0,person,0.384,1174.1,67.5,1262.2,253.0,1218.1,160.3,12.98,-22.25,25.75,-13.25
416,13.867,98,0,person,0.878,1085.7,234.8,1280.0,564.2,1182.8,399.5,-1.12,-1.53,1.89,2.41
416,13.867,108,0,person,0.557,1190.5,75.6,1272.0,244.5,1231.2,160.1,13.07,-0.18,13.07,22.07
417,13.9,98,0,person,0.868,1087.2,240.1,1280.0,570.5,1183.6,405.3,0.76,5.81,5.86,7.34
417,13.9,108,0,person,0.646,1194.9,79.9,1279.1,253.4,1237.0,166.6,5.77,6.55,8.73,6.73
418,13.933,98,0,person,0.759,1092.4,247.6,1280.0,571.2,1186.2,409.4,2.6,4.13,4.89,-1.68
418,13.933,108,0,person,0.509,1200.8,94.2,1280.0,292.0,1240.4,193.1,3.4,26.48,26.7,19.93
419,13.967,108,0,person,0.51,1197.9,97.5,1280.0,320.5,1238.9,209.0,-1.46,15.88,15.95,-10.6
420,14.0,98,0,person,0.454,1086.4,140.1,1280.0,568.2,1183.2,354.2,-1.5,-27.63,27.67,-15.88
426,14.2,9017,0,person,0.6,1214.8,205.3,1279.7,441.2,1247.3,323.2,0.0,0.0,0.0,0.0
427,14.233,109,0,person,0.549,1213.8,207.7,1279.5,446.4,1246.7,327.0,0.0,0.0,0.0,0.0
428,14.267,109,0,person,0.545,1209.1,211.7,1279.1,465.9,1244.1,338.8,-2.53,11.74,12.01,11.74
430,14.333,109,0,person,0.34,1199.4,248.3,1261.6,468.0,1230.5,358.2,-6.83,9.68,11.85,-1.03
432,14.4,109,0,person,0.587,1193.2,219.2,1267.0,476.1,1230.1,347.6,-0.2,-5.26,5.26,-7.47
433,14.433,109,0,person,0.584,1184.6,180.8,1269.9,474.0,1227.3,327.4,-2.82,-20.26,20.45,-15.0
434,14.467,109,0,person,0.913,1158.3,162.5,1252.8,468.8,1205.5,315.6,-21.72,-11.77,24.7,8.49
435,14.5,109,0,person,0.766,1101.7,162.0,1206.3,470.9,1154.0,316.5,-51.54,0.83,51.55,12.6
436,14.533,109,0,person,0.636,1072.7,160.6,1180.9,470.1,1126.8,315.3,-27.22,-1.12,27.24,-1.96
437,14.567,109,0,person,0.886,1008.8,161.1,1125.9,473.3,1067.4,317.2,-59.43,1.89,59.46,3.01
438,14.6,109,0,person,0.704,961.0,145.1,1086.8,470.4,1023.9,307.7,-43.44,-9.48,44.46,-11.36
439,14.633,109,0,person,0.803,927.9,127.2,1054.9,455.2,991.4,291.2,-32.52,-16.55,36.49,-7.07
440,14.667,109,0,person,0.867,912.9,129.5,1039.9,454.8,976.4,292.2,-15.04,0.97,15.07,17.51
441,14.7,109,0,person,0.897,892.0,146.0,1021.1,466.2,956.6,306.1,-19.82,13.96,24.24,13.0
442,14.733,109,0,person,0.904,887.8,166.8,1019.2,484.0,953.5,325.4,-3.05,19.29,19.53,5.33
443,14.767,109,0,person,0.903,893.6,177.2,1029.3,495.4,961.5,336.3,7.98,10.88,13.49,-8.41
444,14.8,109,0,person,0.864,908.3,186.0,1049.9,504.9,979.1,345.5,17.61,9.18,19.86,-1.7
445,14.833,109,0,person,0.919,926.6,191.6,1074.6,515.0,1000.6,353.3,21.48,7.83,22.87,-1.35
446,14.867,109,0,person,0.895,941.8,195.5,1095.2,525.6,1018.5,360.5,17.94,7.22,19.34,-0.61
447,14.9,109,0,person,0.915,935.8,201.0,1090.4,522.4,1013.1,361.7,-5.43,1.16,5.55,-6.06
448,14.933,109,0,person,0.879,947.6,206.2,1102.3,521.3,1024.9,363.8,11.83,2.1,12.02,0.93
449,14.967,109,0,person,0.808,971.6,205.6,1125.8,514.6,1048.7,360.1,23.78,-3.71,24.07,-5.81
449,14.967,111,0,person,0.718,1088.9,258.6,1245.3,571.7,1167.1,415.2,0.0,0.0,0.0,0.0
450,15.0,109,0,person,0.836,976.2,209.3,1153.3,550.1,1064.7,379.7,16.04,19.62,25.34,23.33
451,15.033,109,0,person,0.323,989.0,208.4,1175.0,557.3,1082.0,382.8,17.23,3.12,17.51,-16.5
451,15.033,111,0,person,0.795,1140.9,333.0,1257.9,564.7,1199.4,448.9,16.15,16.84,23.33,8.42
452,15.067,109,0,person,0.66,990.3,209.0,1182.0,557.7,1086.1,383.3,4.18,0.53,4.21,-2.6
452,15.067,111,0,person,0.701,1127.2,341.0,1244.2,566.7,1185.7,453.9,-13.7,5.01,14.59,-11.84
453,15.1,109,0,person,0.76,996.8,223.0,1183.7,552.5,1090.2,387.7,4.08,4.4,6.0,3.87
453,15.1,111,0,person,0.769,1098.5,349.3,1217.4,571.4,1158.0,460.4,-27.74,6.51,28.5,1.51
454,15.133,109,0,person,0.527,983.2,229.5,1179.8,565.3,1081.5,397.4,-8.71,9.62,12.98,5.22
455,15.167,109,0,person,0.364,1016.5,232.0,1200.9,551.3,1108.7,391.7,27.16,-5.7,27.75,-15.33
456,15.2,109,0,person,0.791,1029.2,231.0,1219.2,557.6,1124.2,394.3,15.57,2.64,15.79,8.34
456,15.2,116,0,person,0.788,403.2,255.8,683.9,554.6,543.6,405.2,0.0,0.0,0.0,0.0
456,15.2,117,0,person,0.764,915.0,340.5,1100.9,566.0,1007.9,453.3,0.0,0.0,0.0,0.0
457,15.233,109,0,person,0.895,1048.0,232.8,1243.1,557.7,1145.6,395.3,21.33,0.96,21.36,-1.68
457,15.233,116,0,person,0.611,375.3,231.1,678.3,555.9,526.8,393.5,-16.74,-11.7,20.42,-11.7
457,15.233,117,0,person,0.752,874.7,322.7,1069.9,559.4,972.3,441.0,-35.6,-12.24,37.65,-12.24
458,15.267,109,0,person,0.723,1066.0,243.9,1265.6,573.9,1165.8,408.9,20.19,13.65,24.37,12.69
458,15.267,116,0,person,0.588,355.1,238.2,650.4,557.0,502.8,397.6,-24.07,4.1,24.42,15.8
458,15.267,117,0,person,0.814,814.5,317.2,1014.1,557.9,914.3,437.6,-58.03,-3.48,58.14,8.76
459,15.3,109,0,person,0.735,1099.0,244.2,1280.0,572.2,1189.5,408.2,23.73,-0.69,23.74,-14.34
459,15.3,116,0,person,0.677,329.5,245.0,616.7,557.3,473.1,401.1,-29.66,3.49,29.86,-0.61
459,15.3,117,0,person,0.88,772.4,305.3,982.9,557.6,877.7,431.5,-36.64,-6.08,37.14,-2.59
460,15.333,109,0,person,0.668,1114.6,223.8,1280.0,563.7,1197.3,393.8,7.78,-14.44,16.4,-13.74
460,15.333,116,0,person,0.795,302.8,239.7,591.5,556.7,447.1,398.2,-26.0,-2.91,26.16,-6.39
460,15.333,117,0,person,0.887,747.3,290.7,969.6,556.9,858.4,423.8,-19.24,-7.66,20.7,-1.58
461,15.367,116,0,person,0.762,298.9,225.6,595.7,557.3,447.3,391.5,0.21,-6.73,6.74,-3.83
461,15.367,117,0,person,0.802,736.2,275.2,972.6,556.0,854.4,415.6,-4.03,-8.24,9.18,-0.59
462,15.4,117,0,person,0.915,725.7,273.0,964.0,556.3,844.9,414.7,-9.53,-0.93,9.57,7.31
463,15.433,117,0,person,0.911,752.4,259.9,998.3,553.9,875.4,406.9,30.51,-7.73,31.47,-6.8
464,15.467,117,0,person,0.893,776.6,247.2,1029.6,553.8,903.1,400.5,27.74,-6.42,28.47,1.31
465,15.5,117,0,person,0.905,772.7,247.7,1022.8,555.8,897.7,401.7,-5.36,1.23,5.5,7.65
465,15.5,116,0,person,0.563,271.7,148.8,615.6,544.2,443.6,346.5,-0.92,-11.24,11.28,-1.13
466,15.533,117,0,person,0.887,754.1,248.7,999.2,556.4,876.7,402.5,-21.09,0.81,21.1,-0.43
466,15.533,126,28,box,0.493,592.8,368.5,786.4,545.6,689.6,457.0,0.0,0.0,0.0,0.0
466,15.533,127,28,box,0.575,560.8,190.3,668.7,283.2,614.8,236.8,0.0,0.0,0.0,0.0
467,15.567,117,0,person,0.873,725.7,250.8,965.6,555.4,845.7,403.1,-30.98,0.6,30.99,-0.21
467,15.567,127,28,box,0.399,560.0,188.8,668.5,282.6,614.3,235.7,-0.47,-1.03,1.13,-1.03
468,15.6,117,0,person,0.834,694.1,244.5,938.3,555.2,816.2,399.8,-29.48,-3.32,29.67,-3.92
468,15.6,127,28,box,0.552,555.9,179.3,665.7,274.5,610.8,226.9,-3.47,-8.83,9.48,-7.8
469,15.633,117,0,person,0.857,668.3,233.8,916.1,554.1,792.2,394.0,-23.99,-5.84,24.69,-2.52
469,15.633,127,28,box,0.489,561.3,170.2,672.0,266.7,616.7,218.5,5.84,-8.45,10.27,0.38
470,15.667,117,0,person,0.839,659.9,228.6,905.2,552.9,782.6,390.8,-9.65,-3.19,10.16,2.65
470,15.667,127,28,box,0.429,548.9,158.5,677.5,271.7,613.2,215.1,-3.44,-3.35,4.8,5.1
471,15.7,117,0,person,0.779,655.3,233.5,889.1,552.1,772.2,392.8,-10.35,2.01,10.54,5.2
472,15.733,117,0,person,0.832,642.8,232.2,870.3,552.4,756.5,392.3,-15.67,-0.47,15.68,-2.47
473,15.767,117,0,person,0.871,619.1,226.5,844.4,552.2,731.7,389.3,-24.83,-3.0,25.01,-2.54
473,15.767,135,0,person,0.801,1102.7,94.5,1221.7,338.3,1162.2,216.4,0.0,0.0,0.0,0.0
474,15.8,117,0,person,0.844,577.6,206.9,804.3,539.9,691.0,373.4,-40.75,-15.94,43.76,-12.93
475,15.833,117,0,person,0.825,532.7,186.1,759.9,519.7,646.3,352.9,-44.66,-20.51,49.14,-4.57
476,15.867,117,0,person,0.797,491.6,181.4,718.8,513.6,605.2,347.5,-41.07,-5.37,41.42,15.14
477,15.9,117,0,person,0.779,469.5,181.4,696.2,511.1,582.8,346.2,-22.4,-1.29,22.43,4.08
477,15.9,140,0,person,0.673,945.5,30.1,1031.9,246.6,988.7,138.3,0.0,0.0,0.0,0.0
478,15.933,117,0,person,0.814,467.2,173.6,695.1,505.3,581.2,339.4,-1.67,-6.76,6.97,-5.47
478,15.933,140,0,person,0.415,932.2,29.6,1015.9,239.4,974.1,134.5,-14.63,-3.78,15.11,-3.78
478,15.933,141,28,box,0.359,829.6,256.5,1213.3,520.8,1021.5,388.7,0.0,0.0,0.0,0.0
479,15.967,117,0,person,0.821,474.8,160.1,705.5,498.9,590.2,329.5,8.99,-9.95,13.41,-3.18
479,15.967,140,0,person,0.752,927.2,21.5,1010.9,230.7,969.0,126.1,-5.01,-8.45,9.83,-4.68
479,15.967,141,28,box,0.444,833.1,247.6,1220.9,514.8,1027.0,381.2,5.59,-7.45,9.31,-7.45
480,16.0,117,0,person,0.828,484.0,155.6,714.9,497.7,599.4,326.7,9.29,-2.83,9.71,7.12
480,16.0,140,0,person,0.775,927.9,19.6,1012.1,228.3,970.0,123.9,0.97,-2.15,2.36,6.31
481,16.033,117,0,person,0.783,502.6,151.9,732.4,499.6,617.5,325.8,18.08,-0.9,18.1,1.93
481,16.033,140,0,person,0.821,930.9,18.3,1016.6,227.8,973.7,123.0,3.73,-0.89,3.83,1.26
482,16.067,117,0,person,0.823,509.3,147.3,732.9,493.8,621.1,320.6,3.62,-5.21,6.34,-4.31
482,16.067,140,0,person,0.814,932.6,16.4,1019.6,227.3,976.1,121.8,2.36,-1.2,2.65,-0.31
482,16.067,141,28,box,0.529,835.5,241.9,1224.6,510.3,1030.0,376.1,1.0,-1.72,1.99,1.91
483,16.1,117,0,person,0.747,527.9,150.3,748.9,498.4,638.4,324.4,17.27,3.82,17.69,9.03
483,16.1,140,0,person,0.832,930.8,16.9,1015.7,219.9,973.3,118.4,-2.85,-3.41,4.44,-2.21
484,16.133,117,0,person,0.735,548.2,164.7,762.3,511.1,655.3,337.9,16.84,13.51,21.59,9.69
484,16.133,140,0,person,0.839,935.0,16.9,1018.9,214.7,976.9,115.8,3.69,-2.63,4.53,0.78
484,16.133,141,28,box,0.443,834.9,233.2,1225.5,502.9,1030.2,368.1,0.06,-4.01,4.02,-1.15
485,16.167,117,0,person,0.869,572.7,181.2,787.8,538.6,680.2,359.9,24.96,21.99,33.27,8.49
485,16.167,140,0,person,0.807,938.9,17.7,1022.7,211.5,980.8,114.6,3.88,-1.19,4.06,1.44
485,16.167,141,28,box,0.381,839.9,230.6,1227.5,498.5,1033.7,364.6,3.55,-3.49,4.98,0.52
486,16.2,117,0,person,0.844,581.5,206.1,790.9,553.4,686.2,379.8,6.02,19.89,20.78,-2.1
486,16.2,140,0,person,0.79,939.6,18.4,1023.5,210.1,981.6,114.2,0.74,-0.36,0.83,0.83
487,16.233,117,0,person,0.851,581.0,235.4,779.7,556.2,680.4,395.8,-5.86,16.0,17.04,-3.9
487,16.233,140,0,person,0.791,930.1,17.7,1016.2,211.6,973.1,114.7,-8.44,0.44,8.45,0.8
488,16.267,117,0,person,0.876,584.9,261.0,780.9,563.6,682.9,412.3,2.51,16.57,16.76,0.58
488,16.267,140,0,person,0.794,923.9,17.8,1011.2,211.9,967.6,114.9,-5.58,0.19,5.58,-0.25
489,16.3,117,0,person,0.866,589.0,288.7,774.5,564.0,681.8,426.3,-1.09,14.01,14.05,-2.56
489,16.3,140,0,person,0.779,919.9,17.4,1007.1,209.1,963.5,113.2,-4.01,-1.64,4.33,-1.83
490,16.333,117,0,person,0.888,614.5,305.8,791.2,556.6,702.8,431.2,21.05,4.87,21.61,-9.14
490,16.333,140,0,person,0.755,919.2,18.3,1002.8,199.3,961.0,108.8,-2.53,-4.45,5.12,-2.8
491,16.367,117,0,person,0.745,631.6,309.4,802.0,540.6,716.8,425.0,13.95,-6.24,15.28,-11.12
491,16.367,140,0,person,0.729,921.4,17.9,1000.7,185.3,961.0,101.6,0.03,-7.18,7.18,-2.73
492,16.4,117,0,person,0.856,627.6,306.5,795.7,527.5,711.6,417.0,-5.17,-7.99,9.51,-1.75
492,16.4,140,0,person,0.509,919.6,17.4,994.0,169.3,956.8,93.3,-4.26,-8.25,9.29,-1.08
493,16.433,117,0,person,0.855,612.5,308.3,784.7,528.3,698.6,418.3,-13.02,1.29,13.08,9.28
493,16.433,140,0,person,0.681,913.8,17.5,990.5,171.5,952.2,94.5,-4.61,1.12,4.75,9.37
493,16.433,141,28,box,0.37,809.6,191.5,1197.2,460.2,1003.4,325.9,-3.79,-4.84,6.15,-0.17
494,16.467,117,0,person,0.862,597.7,314.2,774.0,532.8,685.8,423.5,-12.78,5.22,13.8,3.92
494,16.467,140,0,person,0.74,911.3,17.5,991.9,175.6,951.6,96.5,-0.58,2.06,2.14,0.94
495,16.5,117,0,person,0.828,592.0,312.4,772.6,529.6,682.3,421.0,-3.54,-2.52,4.34,-7.74
495,16.5,140,0,person,0.63,915.9,17.7,996.7,172.8,956.3,95.3,4.72,-1.26,4.89,-3.32
495,16.5,141,28,box,0.384,817.1,187.2,1202.8,454.8,1010.0,321.0,3.3,-2.43,4.09,1.21
496,16.533,117,0,person,0.827,592.9,307.6,777.1,524.0,685.0,415.8,2.72,-5.15,5.82,-2.63
496,16.533,140,0,person,0.522,920.7,17.1,1000.0,165.8,960.3,91.5,4.01,-3.77,5.51,-2.51
496,16.533,141,28,box,0.301,822.6,182.5,1206.4,448.9,1014.5,315.7,4.54,-5.34,7.01,-2.91
497,16.567,117,0,person,0.845,593.2,302.9,782.3,520.7,687.7,411.8,2.73,-4.0,4.84,1.15
497,16.567,140,0,person,0.534,926.3,17.1,1005.0,161.6,965.6,89.3,5.3,-2.15,5.72,1.62
497,16.567,141,28,box,0.384,827.6,179.6,1207.9,443.4,1017.7,311.5,3.22,-4.15,5.26,1.19
498,16.6,117,0,person,0.839,590.4,302.4,785.2,523.8,687.8,413.1,0.07,1.31,1.31,5.3
498,16.6,140,0,person,0.557,925.0,17.1,1005.9,163.7,965.4,90.4,-0.19,1.07,1.09,3.23
498,16.6,141,28,box,0.397,825.2,181.1,1208.4,447.0,1016.8,314.1,-0.93,2.54,2.7,6.69
499,16.633,117,0,person,0.857,587.1,296.0,787.4,520.8,687.2,408.4,-0.57,-4.74,4.77,-6.04
499,16.633,140,0,person,0.484,923.4,17.1,1005.2,163.0,964.3,90.0,-1.13,-0.38,1.19,-1.46
500,16.667,117,0,person,0.855,584.6,293.5,788.6,519.8,686.6,406.7,-0.63,-1.72,1.83,3.02
500,16.667,140,0,person,0.489,922.3,17.1,1005.2,162.9,963.8,90.0,-0.52,-0.01,0.52,0.37
500,16.667,141,28,box,0.336,825.3,179.5,1208.8,446.1,1017.1,312.8,0.13,-0.62,0.63,-1.58
501,16.7,117,0,person,0.844,584.9,277.7,795.0,509.4,689.9,393.5,3.33,-13.15,13.57,-11.43
502,16.733,117,0,person,0.823,579.5,273.9,793.9,508.5,686.7,391.2,-3.23,-2.32,3.98,10.84
502,16.733,140,0,person,0.392,931.4,16.4,1009.7,152.8,970.6,84.6,3.38,-2.7,4.33,-1.34
502,16.733,141,28,box,0.316,828.3,173.0,1210.6,438.8,1019.5,305.9,1.21,-3.45,3.66,-1.42
503,16.767,117,0,person,0.799,575.6,272.7,792.6,508.5,684.1,390.6,-2.6,-0.63,2.68,1.68
503,16.767,140,0,person,0.425,930.9,16.2,1009.6,151.9,970.2,84.1,-0.31,-0.56,0.64,2.14
503,16.767,141,28,box,0.435,829.1,172.7,1210.2,437.6,1019.6,305.1,0.16,-0.76,0.78,2.69
504,16.8,117,0,person,0.828,571.5,271.3,790.7,507.8,681.1,389.6,-3.03,-0.99,3.19,-0.36
504,16.8,140,0,person,0.402,929.7,16.0,1008.8,151.1,969.2,83.6,-0.99,-0.49,1.11,0.07
504,16.8,141,28,box,0.344,827.7,171.1,1210.3,437.0,1019.0,304.0,-0.61,-1.14,1.29,-0.37
505,16.833,117,0,person,0.797,566.9,270.2,788.3,507.2,677.6,388.7,-3.46,-0.85,3.56,0.14
505,16.833,140,0,person,0.417,930.3,15.9,1008.8,149.6,969.6,82.8,0.31,-0.8,0.85,-0.31
506,16.867,117,0,person,0.829,563.8,269.6,787.4,507.5,675.6,388.5,-2.01,-0.21,2.02,0.64
506,16.867,140,0,person,0.456,927.4,16.6,1006.3,149.5,966.9,83.1,-2.71,0.29,2.73,1.09
506,16.867,141,28,box,0.379,825.7,169.0,1209.8,436.2,1017.8,302.6,-0.64,-0.68,0.93,0.23
507,16.9,117,0,person,0.826,561.1,270.2,786.2,508.1,673.7,389.1,-1.94,0.61,2.04,0.82
507,16.9,140,0,person,0.521,924.3,17.0,1004.4,150.3,964.4,83.6,-2.5,0.55,2.55,0.25
508,16.933,117,0,person,0.834,559.7,269.4,786.1,507.1,672.9,388.2,-0.78,-0.91,1.2,-1.52
508,16.933,140,0,person,0.461,925.2,16.7,1005.7,150.0,965.4,83.4,1.09,-0.25,1.11,-0.8
509,16.967,117,0,person,0.813,560.3,267.8,788.1,505.8,674.2,386.8,1.31,-1.44,1.94,-0.52
509,16.967,140,0,person,0.35,928.3,17.0,1007.5,147.4,967.9,82.2,2.48,-1.15,2.73,-0.9
510,17.0,117,0,person,0.795,561.4,266.6,791.0,505.2,676.2,385.9,1.99,-0.9,2.19,0.53
510,17.0,140,0,person,0.361,929.6,16.8,1009.5,147.0,969.5,81.9,1.6,-0.32,1.63,0.83
511,17.033,117,0,person,0.776,566.6,265.5,796.2,503.7,681.4,384.6,5.21,-1.31,5.37,-0.41
512,17.067,117,0,person,0.819,570.9,264.5,802.1,504.2,686.5,384.4,5.11,-0.19,5.11,1.12
512,17.067,142,0,person,0.343,876.1,15.0,1023.5,146.6,949.8,80.8,0.0,0.0,0.0,0.0
513,17.1,117,0,person,0.831,575.0,265.3,806.1,504.9,690.6,385.1,4.07,0.71,4.13,0.89
513,17.1,142,0,person,0.315,878.7,14.4,1026.6,146.3,952.7,80.3,2.87,-0.44,2.9,-0.44
514,17.133,117,0,person,0.837,578.5,266.4,810.0,507.0,694.3,386.7,3.69,1.59,4.02,0.88
514,17.133,140,0,person,0.337,946.7,16.6,1029.1,147.7,987.9,82.1,4.59,0.06,4.59,0.1
515,17.167,117,0,person,0.784,577.6,268.6,809.6,509.1,693.6,388.9,-0.64,2.19,2.29,0.61
515,17.167,140,0,person,0.36,948.6,15.8,1033.9,150.0,991.3,82.9,3.37,0.76,3.45,0.69
516,17.2,117,0,person,0.795,577.4,272.6,810.2,513.5,693.8,393.0,0.18,4.17,4.17,1.98
516,17.2,140,0,person,0.464,946.0,15.5,1034.3,155.3,990.2,85.4,-1.07,2.51,2.73,1.76
517,17.233,117,0,person,0.786,570.3,275.7,804.5,515.3,687.4,395.5,-6.42,2.47,6.88,-1.7
517,17.233,140,0,person,0.497,944.2,15.7,1033.1,158.1,988.7,86.9,-1.53,1.5,2.14,-1.01
518,17.267,117,0,person,0.795,573.0,277.5,807.7,517.0,690.4,397.3,2.97,1.76,3.45,-0.71
518,17.267,140,0,person,0.49,944.6,15.6,1033.9,159.8,989.2,87.7,0.59,0.78,0.98,-0.72
519,17.3,117,0,person,0.795,577.1,279.6,810.9,518.5,694.0,399.1,3.63,1.8,4.05,0.03
519,17.3,140,0,person,0.454,942.0,16.2,1030.4,161.1,986.2,88.6,-3.03,0.92,3.16,0.14
519,17.3,141,28,box,0.304,840.0,181.6,1220.0,446.6,1030.0,314.1,0.94,0.88,1.29,0.12
520,17.333,117,0,person,0.787,568.1,281.1,803.4,519.0,685.8,400.0,-8.24,0.96,8.29,-0.83
520,17.333,140,0,person,0.413,943.2,16.3,1032.8,162.4,988.0,89.3,1.81,0.72,1.95,-0.2
521,17.367,117,0,person,0.806,563.2,282.1,800.3,519.2,681.7,400.6,-4.05,0.61,4.09,-0.35
521,17.367,140,0,person,0.384,940.3,15.8,1030.3,163.6,985.3,89.7,-2.72,0.33,2.74,-0.39
522,17.4,117,0,person,0.787,561.0,280.5,800.3,518.1,680.6,399.3,-1.08,-1.35,1.73,-1.96
522,17.4,140,0,person,0.346,938.7,16.6,1026.2,162.3,982.5,89.5,-2.83,-0.2,2.83,-0.53
522,17.4,143,0,person,0.626,1135.3,7.7,1221.7,103.7,1178.5,55.7,0.0,0.0,0.0,0.0
523,17.433,117,0,person,0.817,556.9,278.5,802.2,520.7,679.6,399.6,-1.05,0.28,1.09,1.62
523,17.433,140,0,person,0.447,938.0,16.5,1024.0,161.2,981.0,88.9,-1.43,-0.62,1.56,-0.42
523,17.433,143,0,person,0.451,1129.4,7.0,1223.2,111.3,1176.3,59.1,-2.21,3.45,4.1,3.45
524,17.467,117,0,person,0.819,554.0,275.6,800.7,518.2,677.3,396.9,-2.23,-2.68,3.48,-2.95
524,17.467,140,0,person,0.367,936.2,16.2,1021.2,160.1,978.7,88.1,-2.34,-0.73,2.45,-0.11
524,17.467,143,0,person,0.503,1126.7,9.2,1221.4,114.7,1174.0,62.0,-2.26,2.84,3.63,-0.61
525,17.5,117,0,person,0.805,552.8,272.7,798.9,514.0,675.9,393.4,-1.47,-3.53,3.83,-0.85
525,17.5,140,0,person,0.331,932.4,16.2,1015.0,155.9,973.7,86.1,-5.02,-2.07,5.43,-1.34
525,17.5,143,0,person,0.669,1124.8,11.1,1218.8,116.0,1171.8,63.6,-2.26,1.57,2.75,-1.27
525,17.5,141,28,box,0.354,829.6,176.1,1211.2,442.9,1020.4,309.5,-1.6,-0.76,1.77,-0.27
526,17.533,117,0,person,0.81,550.4,269.8,795.8,509.9,673.1,389.9,-2.74,-3.5,4.44,0.03
526,17.533,140,0,person,0.496,929.0,16.7,1010.4,153.2,969.7,85.0,-4.01,-1.1,4.16,0.97
526,17.533,143,0,person,0.762,1125.0,11.6,1217.5,114.7,1171.3,63.1,-0.51,-0.41,0.65,-1.98
527,17.567,117,0,person,0.827,549.1,268.9,794.0,508.7,671.6,388.8,-1.56,-1.01,1.86,2.49
527,17.567,140,0,person,0.499,923.0,17.5,1004.1,151.3,963.6,84.4,-6.11,-0.55,6.13,0.55
527,17.567,143,0,person,0.689,1128.2,11.5,1220.0,113.4,1174.1,62.4,2.83,-0.71,2.91,-0.31
528,17.6,117,0,person,0.766,544.7,269.0,789.2,508.1,667.0,388.6,-4.6,-0.3,4.61,0.72
528,17.6,140,0,person,0.45,907.3,16.1,993.1,151.7,950.2,83.9,-13.35,-0.5,13.36,0.05
528,17.6,143,0,person,0.651,1129.3,10.5,1221.7,112.7,1175.5,61.6,1.36,-0.85,1.61,-0.14
529,17.633,117,0,person,0.808,535.4,269.9,780.8,508.2,658.1,389.0,-8.91,0.48,8.92,0.78
529,17.633,140,0,person,0.488,887.5,15.0,979.6,151.5,933.6,83.3,-16.65,-0.65,16.67,-0.15
529,17.633,143,0,person,0.633,1129.5,10.0,1224.9,115.7,1177.2,62.8,1.71,1.26,2.12,2.11
529,17.633,141,28,box,0.518,815.4,174.0,1194.6,438.5,1005.0,306.3,-3.85,-0.81,3.93,-0.01
530,17.667,117,0,person,0.787,532.6,270.0,778.5,507.9,655.6,388.9,-2.52,-0.11,2.52,-0.59
530,17.667,143,0,person,0.402,1129.3,9.9,1225.4,116.5,1177.4,63.2,0.18,0.41,0.45,-0.85
530,17.667,141,28,box,0.385,812.3,173.3,1191.6,437.3,1002.0,305.3,-3.04,-0.98,3.2,-0.16
531,17.7,117,0,person,0.794,527.5,270.5,776.0,510.0,651.7,390.3,-3.84,1.35,4.07,1.45
531,17.7,141,28,box,0.368,807.3,174.7,1188.4,439.9,997.8,307.3,-4.14,1.98,4.58,2.96
531,17.7,140,0,person,0.577,874.5,13.5,972.6,151.8,923.6,82.6,-5.0,-0.31,5.01,0.17
532,17.733,117,0,person,0.83,525.4,272.3,774.7,512.3,650.1,392.3,-1.64,2.02,2.6,0.68
532,17.733,141,28,box,0.339,804.2,176.0,1186.4,442.5,995.3,309.2,-2.54,1.96,3.21,-0.02
532,17.733,140,0,person,0.641,869.6,13.0,974.6,154.8,922.1,83.9,-1.45,1.28,1.93,1.59
533,17.767,117,0,person,0.804,519.7,274.1,771.4,515.8,645.6,395.0,-4.52,2.67,5.25,0.65
533,17.767,140,0,person,0.592,865.9,13.6,975.7,157.1,920.8,85.3,-1.29,1.4,1.9,0.13
534,17.8,117,0,person,0.806,512.5,274.5,766.4,516.8,639.5,395.6,-6.09,0.68,6.12,-1.99
534,17.8,140,0,person,0.634,862.1,13.6,976.3,158.7,919.2,86.2,-1.59,0.87,1.81,-0.54
535,17.833,117,0,person,0.791,509.1,274.6,764.3,516.6,636.7,395.6,-2.78,-0.05,2.78,-0.73
535,17.833,140,0,person,0.624,858.7,13.6,975.9,158.7,917.3,86.2,-1.97,-0.0,1.97,-0.87
536,17.867,117,0,person,0.782,506.1,273.4,762.0,514.2,634.1,393.8,-2.61,-1.81,3.18,-1.76
536,17.867,140,0,person,0.578,854.4,13.5,974.2,157.8,914.3,85.7,-2.97,-0.51,3.02,-0.51
536,17.867,143,0,person,0.474,1130.7,13.8,1254.3,154.8,1192.5,84.3,2.52,3.51,4.32,0.52
537,17.9,117,0,person,0.78,516.1,271.9,770.2,511.4,643.2,391.7,9.09,-2.14,9.34,-0.33
537,17.9,140,0,person,0.544,857.2,14.3,976.2,155.8,916.7,85.0,2.41,-0.61,2.48,-0.1
537,17.9,143,0,person,0.545,1134.3,14.4,1256.3,157.8,1195.3,86.1,2.83,1.8,3.35,-1.71
538,17.933,117,0,person,0.774,521.6,270.4,774.4,509.1,648.0,389.8,4.83,-1.9,5.19,0.24
538,17.933,140,0,person,0.532,859.0,14.5,977.1,152.7,918.0,83.6,1.35,-1.45,1.98,-0.84
539,17.967,117,0,person,0.776,524.7,270.7,775.7,508.0,650.2,389.4,2.2,-0.4,2.24,1.5
539,17.967,140,0,person,0.596,860.0,14.3,979.2,151.5,919.6,82.9,1.57,-0.69,1.71,0.76
540,18.0,117,0,person,0.783,526.0,269.4,776.6,506.3,651.3,387.9,1.06,-1.48,1.83,-1.08
540,18.0,140,0,person,0.503,860.7,14.9,980.5,150.3,920.6,82.6,0.99,-0.32,1.04,0.37
540,18.0,143,0,person,0.329,1151.9,16.2,1265.7,152.2,1208.8,84.2,4.5,-0.62,4.55,-0.81
541,18.033,117,0,person,0.754,524.9,267.5,776.8,505.3,650.8,386.4,-0.42,-1.46,1.52,0.02
541,18.033,140,0,person,0.415,859.2,15.3,979.7,148.1,919.4,81.7,-1.18,-0.91,1.49,-0.58
541,18.033,143,0,person,0.43,1159.2,16.2,1267.9,147.1,1213.5,81.6,4.67,-2.61,5.35,-1.98
542,18.067,117,0,person,0.767,521.1,266.1,776.1,505.7,648.6,385.9,-2.23,-0.51,2.29,0.95
542,18.067,140,0,person,0.498,879.2,16.0,995.3,146.5,937.3,81.3,17.85,-0.42,17.86,0.49
542,18.067,143,0,person,0.733,1163.1,15.6,1271.5,146.8,1217.3,81.2,3.82,-0.42,3.84,2.18
543,18.1,117,0,person,0.765,522.8,267.9,776.8,505.8,649.8,386.9,1.21,0.96,1.55,1.48
543,18.1,140,0,person,0.511,890.2,16.1,1003.3,146.4,946.7,81.3,9.47,0.01,9.47,0.43
543,18.1,143,0,person,0.559,1164.6,16.0,1277.0,152.8,1220.8,84.4,3.47,3.21,4.72,3.63
544,18.133,117,0,person,0.743,529.6,270.1,781.5,506.5,655.6,388.3,5.74,1.48,5.93,0.51
544,18.133,140,0,person,0.552,894.8,15.9,1006.4,147.4,950.6,81.7,3.85,0.44,3.87,0.43
544,18.133,143,0,person,0.514,1163.4,16.4,1280.0,164.0,1221.7,90.2,0.93,5.74,5.81,2.53
545,18.167,117,0,person,0.706,529.5,272.5,780.4,507.4,655.0,390.0,-0.61,1.64,1.74,0.16
545,18.167,140,0,person,0.501,896.7,16.1,1007.1,148.1,951.9,82.1,1.3,0.42,1.36,-0.02
545,18.167,143,0,person,0.657,1160.7,15.9,1280.0,173.1,1220.3,94.5,-1.39,4.31,4.52,-1.43
546,18.2,117,0,person,0.732,528.2,274.3,779.7,508.6,653.9,391.4,-1.01,1.44,1.76,-0.19
546,18.2,140,0,person,0.612,899.6,15.8,1009.3,149.8,954.4,82.8,2.53,0.69,2.62,0.27
546,18.2,143,0,person,0.394,1158.0,15.7,1280.0,185.0,1219.0,100.4,-1.35,5.92,6.07,1.61
547,18.233,117,0,person,0.635,530.1,276.4,780.8,508.9,655.5,392.6,1.53,1.21,1.95,-0.23
547,18.233,140,0,person,0.492,900.8,16.6,1008.1,149.0,954.4,82.8,0.01,0.01,0.01,-0.68
547,18.233,143,0,person,0.628,1157.2,16.6,1280.0,191.2,1218.6,103.9,-0.36,3.53,3.55,-2.39
548,18.267,117,0,person,0.74,537.5,278.2,787.8,511.2,662.7,394.7,7.2,2.09,7.5,0.88
548,18.267,140,0,person,0.519,901.7,16.2,1009.6,152.2,955.7,84.2,1.22,1.38,1.84,1.37
548,18.267,143,0,person,0.653,1156.7,17.0,1280.0,196.5,1218.3,106.7,-0.28,2.83,2.84,-0.7
549,18.3,117,0,person,0.759,538.1,281.0,788.4,514.3,663.3,397.6,0.59,2.91,2.97,0.82
549,18.3,140,0,person,0.513,901.4,16.2,1009.1,154.8,955.3,85.5,-0.37,1.33,1.38,-0.05
549,18.3,143,0,person,0.577,1156.3,17.4,1280.0,201.1,1218.1,109.3,-0.21,2.52,2.53,-0.31
549,18.3,141,28,box,0.304,805.2,176.2,1191.5,447.3,998.4,311.8,0.18,0.15,0.23,-0.11
550,18.333,117,0,person,0.672,533.7,282.7,785.2,516.3,659.5,399.5,-3.79,1.87,4.22,-1.05
550,18.333,140,0,person,0.463,902.1,16.3,1008.8,156.3,955.4,86.3,0.14,0.78,0.79,-0.56
550,18.333,143,0,person,0.373,1163.8,17.3,1280.0,202.6,1221.9,110.0,3.76,0.71,3.83,-1.81
551,18.367,117,0,person,0.717,538.2,284.0,788.8,517.3,663.5,400.6,4.03,1.12,4.18,-0.74
551,18.367,140,0,person,0.528,901.8,16.3,1007.1,157.3,954.4,86.8,-0.98,0.54,1.12,-0.24
551,18.367,143,0,person,0.472,1171.0,16.7,1280.0,203.7,1225.5,110.2,3.59,0.23,3.6,-0.48
551,18.367,141,28,box,0.306,807.9,177.7,1189.5,445.4,998.7,311.6,0.18,-0.1,0.21,-0.13
552,18.4,117,0,person,0.737,538.1,284.7,787.8,517.4,663.0,401.0,-0.55,0.43,0.7,-0.7
552,18.4,140,0,person,0.526,900.8,16.4,1004.6,158.2,952.7,87.3,-1.74,0.44,1.79,-0.1
552,18.4,143,0,person,0.477,1177.9,16.9,1280.0,206.5,1228.9,111.7,3.45,1.48,3.75,1.25
553,18.433,117,0,person,0.69,539.7,285.0,788.4,517.1,664.0,401.1,1.08,0.01,1.08,-0.42
553,18.433,140,0,person,0.499,892.5,15.9,997.4,158.4,944.9,87.1,-7.78,-0.14,7.78,-0.58
553,18.433,143,0,person,0.617,1183.5,16.3,1280.0,208.2,1231.8,112.2,2.82,0.53,2.87,-0.95
554,18.467,117,0,person,0.777,542.4,285.8,790.0,518.0,666.2,401.9,2.15,0.86,2.32,0.85
554,18.467,140,0,person,0.496,897.2,16.3,1000.3,158.5,948.7,87.4,3.8,0.28,3.81,0.42
554,18.467,143,0,person,0.641,1187.5,14.9,1280.0,210.3,1233.8,112.6,2.0,0.38,2.03,-0.15
555,18.5,117,0,person,0.771,544.5,287.1,790.0,518.3,667.3,402.7,1.07,0.79,1.33,-0.07
555,18.5,140,0,person,0.493,898.1,16.5,999.7,159.0,948.9,87.8,0.17,0.34,0.38,0.07
555,18.5,143,0,person,0.671,1181.5,15.7,1280.0,247.5,1230.8,131.6,-2.99,19.04,19.27,18.66
555,18.5,141,28,box,0.342,804.3,180.5,1184.3,446.7,994.3,313.6,-1.1,0.51,1.22,0.15
556,18.533,117,0,person,0.736,542.9,286.9,787.6,517.9,665.2,402.4,-2.06,-0.28,2.08,-1.07
556,18.533,140,0,person,0.467,897.8,16.4,997.9,159.1,947.8,87.8,-1.05,0.02,1.05,-0.32
556,18.533,143,0,person,0.721,1181.0,16.4,1280.0,263.9,1230.5,140.1,-0.24,8.49,8.5,-10.54
557,18.567,117,0,person,0.785,543.1,287.8,786.2,517.6,664.6,402.7,-0.56,0.27,0.62,0.55
557,18.567,140,0,person,0.47,897.4,16.5,996.0,158.9,946.7,87.7,-1.1,-0.11,1.11,-0.13
557,18.567,143,0,person,0.758,1185.6,17.0,1280.0,270.7,1232.8,143.8,2.26,3.73,4.36,-4.77
558,18.6,117,0,person,0.769,539.3,287.7,783.0,517.5,661.1,402.6,-3.51,-0.08,3.51,-0.35
558,18.6,140,0,person,0.435,878.7,16.4,981.1,159.7,929.9,88.1,-16.84,0.4,16.84,0.51
558,18.6,143,0,person,0.746,1190.5,16.5,1280.0,271.8,1235.3,144.2,2.49,0.32,2.51,-3.4
559,18.633,117,0,person,0.781,535.7,288.2,779.9,517.5,657.8,402.9,-3.36,0.26,3.37,0.34
559,18.633,140,0,person,0.478,886.4,16.5,986.8,159.7,936.6,88.1,6.65,0.01,6.65,-0.4
559,18.633,143,0,person,0.626,1194.3,16.7,1280.0,271.7,1237.1,144.2,1.88,0.01,1.88,-0.32
560,18.667,117,0,person,0.796,523.7,289.2,770.8,518.3,647.2,403.7,-10.57,0.84,10.6,0.58
560,18.667,140,0,person,0.487,886.9,16.7,987.2,161.6,937.0,89.2,0.46,1.08,1.17,1.08
560,18.667,143,0,person,0.57,1195.5,17.2,1280.0,272.3,1237.7,144.8,0.58,0.59,0.83,0.59
561,18.7,117,0,person,0.767,517.3,290.4,770.5,523.8,643.9,407.1,-3.32,3.4,4.76,2.57
561,18.7,140,0,person,0.577,885.2,17.1,985.6,164.0,935.4,90.6,-1.61,1.42,2.14,0.34
561,18.7,143,0,person,0.476,1199.2,17.1,1280.0,266.1,1239.6,141.6,1.85,-3.15,3.66,-3.74
562,18.733,117,0,person,0.755,534.3,294.1,780.7,523.2,657.5,408.6,13.66,1.49,13.74,-1.91
562,18.733,140,0,person,0.65,883.8,17.6,985.0,166.9,934.4,92.3,-1.04,1.68,1.97,0.26
562,18.733,143,0,person,0.628,1199.0,17.7,1280.0,266.4,1239.5,142.0,-0.07,0.41,0.42,3.56
563,18.767,117,0,person,0.775,536.5,294.5,781.4,523.5,658.9,409.0,1.4,0.38,1.45,-1.11
563,18.767,140,0,person,0.725,883.1,17.9,984.1,168.5,933.6,93.2,-0.79,0.96,1.24,-0.72
563,18.767,143,0,person,0.528,1199.2,19.6,1280.0,271.6,1239.6,145.6,0.09,3.55,3.55,3.14
564,18.8,117,0,person,0.806,535.8,294.9,779.6,523.8,657.7,409.4,-1.25,0.38,1.31,0.0
564,18.8,140,0,person,0.739,882.3,18.0,984.1,171.2,933.2,94.6,-0.37,1.37,1.42,0.41
564,18.8,143,0,person,0.426,1202.2,24.4,1280.0,284.4,1241.1,154.4,1.5,8.86,8.99,5.31
565,18.833,117,0,person,0.78,533.7,294.3,778.1,524.5,655.9,409.4,-1.81,0.02,1.81,-0.36
565,18.833,140,0,person,0.731,881.5,17.8,983.2,171.9,932.3,94.9,-0.88,0.25,0.91,-1.12
565,18.833,146,0,person,0.36,1163.4,26.9,1280.0,332.1,1221.7,179.5,0.0,0.0,0.0,0.0
566,18.867,117,0,person,0.788,532.6,294.5,776.1,524.4,654.3,409.5,-1.57,0.06,1.57,0.04
566,18.867,140,0,person,0.679,879.9,17.8,981.1,171.6,930.5,94.7,-1.84,-0.14,1.84,-0.39
566,18.867,146,0,person,0.319,1159.2,32.3,1278.2,343.6,1218.7,187.9,-2.98,8.39,8.9,8.39
567,18.9,117,0,person,0.814,529.8,294.1,772.7,523.3,651.2,408.7,-3.09,-0.74,3.18,-0.8
567,18.9,140,0,person,0.685,879.1,17.9,979.6,171.1,929.3,94.5,-1.16,-0.22,1.18,-0.08
567,18.9,146,0,person,0.7,1160.5,42.2,1277.4,347.5,1219.0,194.9,0.26,6.95,6.95,-1.44
568,18.933,117,0,person,0.755,528.7,292.8,771.2,521.4,650.0,407.1,-1.26,-1.62,2.05,-0.88
568,18.933,140,0,person,0.693,879.8,17.7,978.0,167.9,928.9,92.8,-0.45,-1.68,1.73,-1.46
568,18.933,146,0,person,0.626,1160.8,48.3,1276.4,349.6,1218.6,198.9,-0.33,4.06,4.07,-2.89
569,18.967,117,0,person,0.733,528.7,290.9,771.2,519.5,649.9,405.2,-0.02,-1.85,1.85,-0.23
569,18.967,140,0,person,0.702,880.4,17.4,977.4,165.4,928.9,91.4,-0.0,-1.43,1.43,0.25
569,18.967,146,0,person,0.612,1161.4,49.4,1277.6,352.1,1219.5,200.7,0.85,1.79,1.99,-2.26
570,19.0,117,0,person,0.777,532.5,289.3,773.7,517.0,653.1,403.2,3.16,-2.07,3.78,-0.22
570,19.0,140,0,person,0.612,880.6,17.3,976.9,163.8,928.7,90.6,-0.15,-0.81,0.83,0.62
570,19.0,146,0,person,0.667,1172.5,50.7,1280.0,348.0,1226.2,199.3,6.76,-1.39,6.9,-3.19
571,19.033,117,0,person,0.657,532.2,287.5,773.3,514.5,652.8,401.0,-0.33,-2.17,2.2,-0.1
571,19.033,140,0,person,0.506,866.1,15.9,966.0,161.7,916.0,88.8,-12.71,-1.79,12.83,-0.97
571,19.033,146,0,person,0.518,1171.4,51.4,1280.0,348.8,1225.7,200.1,-0.57,0.75,0.94,2.15
572,19.067,117,0,person,0.75,527.9,284.5,771.1,512.6,649.5,398.5,-3.23,-2.48,4.07,-0.31
572,19.067,140,0,person,0.508,876.6,15.6,974.4,158.1,925.5,86.8,9.49,-1.95,9.69,-0.17
572,19.067,146,0,person,0.686,1181.5,52.5,1280.0,345.2,1230.8,198.8,5.08,-1.25,5.24,-2.01
573,19.1,117,0,person,0.771,533.0,281.5,775.3,509.1,654.2,395.3,4.62,-3.21,5.62,-0.73
573,19.1,140,0,person,0.552,880.1,16.4,975.2,154.3,927.6,85.4,2.12,-1.46,2.57,0.49
573,19.1,146,0,person,0.536,1187.6,62.8,1280.0,344.8,1233.8,203.8,3.04,4.98,5.83,6.23
574,19.133,117,0,person,0.694,533.0,277.7,775.5,505.3,654.2,391.5,0.09,-3.82,3.82,-0.61
574,19.133,140,0,person,0.524,881.3,16.8,974.5,151.1,927.9,84.0,0.27,-1.43,1.45,0.03
574,19.133,146,0,person,0.541,1189.4,72.9,1280.0,367.0,1234.7,219.9,0.91,16.12,16.14,11.14
575,19.167,117,0,person,0.769,530.5,273.1,775.3,502.3,652.9,387.7,-1.35,-3.81,4.04,0.01
575,19.167,140,0,person,0.419,884.9,17.0,976.1,148.3,930.5,82.6,2.59,-1.31,2.91,0.12
575,19.167,146,0,person,0.528,1191.4,77.7,1280.0,383.0,1235.7,230.4,0.98,10.43,10.48,-5.69
576,19.2,117,0,person,0.734,527.6,268.9,773.9,498.3,650.8,383.6,-2.13,-4.06,4.58,-0.25
576,19.2,140,0,person,0.386,889.4,16.8,978.2,143.5,933.8,80.2,3.31,-2.5,4.15,-1.19
576,19.2,146,0,person,0.523,1195.3,84.1,1280.0,396.8,1237.7,240.5,1.97,10.1,10.29,-0.33
577,19.233,117,0,person,0.802,531.1,266.1,777.4,495.9,654.3,381.0,3.5,-2.63,4.38,1.43
577,19.233,140,0,person,0.492,890.4,17.1,977.8,140.5,934.1,78.8,0.31,-1.35,1.39,1.14
577,19.233,146,0,person,0.599,1199.4,96.0,1280.0,406.8,1239.7,251.4,2.05,10.92,11.11,0.82
578,19.267,117,0,person,0.801,531.2,264.2,778.3,495.0,654.7,379.6,0.45,-1.36,1.43,1.27
578,19.267,140,0,person,0.502,890.1,17.3,977.5,139.2,933.8,78.2,-0.32,-0.55,0.64,0.8
578,19.267,146,0,person,0.526,1201.6,100.3,1280.0,409.9,1240.8,255.1,1.09,3.74,3.89,-7.18
579,19.3,117,0,person,0.619,525.3,266.1,773.1,496.1,649.2,381.1,-5.5,1.43,5.68,2.79
579,19.3,140,0,person,0.345,890.5,17.0,979.1,140.0,934.8,78.5,1.03,0.24,1.06,0.8
580,19.333,117,0,person,0.771,525.7,268.5,773.9,498.7,649.8,383.6,0.59,2.55,2.62,1.12
580,19.333,140,0,person,0.333,888.1,17.2,978.6,142.8,933.4,80.0,-1.48,1.54,2.14,1.3
581,19.367,117,0,person,0.757,527.3,270.4,775.0,499.9,651.2,385.1,1.38,1.54,2.07,-1.01
581,19.367,140,0,person,0.321,887.0,17.3,978.8,144.5,932.9,80.9,-0.48,0.88,1.0,-0.66
582,19.4,117,0,person,0.71,524.5,270.7,773.3,500.2,648.9,385.5,-2.29,0.32,2.31,-1.22
582,19.4,140,0,person,0.307,889.1,17.1,981.6,143.7,935.3,80.4,2.46,-0.49,2.51,-1.37
583,19.433,117,0,person,0.715,526.2,270.7,775.1,500.0,650.7,385.3,1.78,-0.14,1.79,-0.45
583,19.433,140,0,person,0.412,887.6,17.4,980.2,144.1,933.9,80.7,-1.44,0.32,1.47,0.81
584,19.467,117,0,person,0.736,527.6,270.3,776.6,499.7,652.1,385.0,1.41,-0.36,1.45,-0.22
584,19.467,140,0,person,0.46,886.7,17.3,979.5,143.8,933.1,80.6,-0.8,-0.17,0.82,-0.48
585,19.5,117,0,person,0.632,525.0,269.7,774.1,498.2,649.6,384.0,-2.52,-1.01,2.72,-0.65
585,19.5,140,0,person,0.406,886.6,16.8,979.2,142.9,932.9,79.9,-0.18,-0.67,0.7,-0.5
586,19.533,117,0,person,0.732,526.6,268.3,776.3,497.2,651.5,382.7,1.91,-1.22,2.27,-0.21
586,19.533,140,0,person,0.567,885.4,17.3,976.8,141.4,931.1,79.3,-1.81,-0.56,1.9,0.11
587,19.567,117,0,person,0.746,533.7,269.5,780.6,496.6,657.1,383.1,5.66,0.32,5.67,1.54
587,19.567,140,0,person,0.598,884.1,17.5,975.3,141.0,929.7,79.2,-1.43,-0.08,1.43,0.48
588,19.6,117,0,person,0.781,530.7,270.1,778.4,497.3,654.6,383.7,-2.56,0.63,2.64,0.31
589,19.633,117,0,person,0.754,527.5,272.0,776.4,499.0,651.9,385.5,-2.65,1.81,3.21,1.18
589,19.633,140,0,person,0.527,879.0,16.9,971.0,139.8,925.0,78.4,-2.35,-0.43,2.39,-0.18
590,19.667,117,0,person,0.694,537.5,276.0,783.1,501.3,660.3,388.7,8.38,3.16,8.96,1.35
591,19.7,117,0,person,0.706,529.0,276.7,777.3,502.7,653.1,389.7,-7.15,1.05,7.23,-2.11
591,19.7,140,0,person,0.303,868.3,16.7,963.0,140.2,915.7,78.4,-4.65,0.03,4.65,0.23
592,19.733,117,0,person,0.793,523.8,276.4,775.6,503.3,649.7,389.8,-3.46,0.1,3.46,-0.95
592,19.733,140,0,person,0.538,856.0,15.6,956.9,141.6,906.4,78.6,-9.23,0.13,9.23,0.1
593,19.767,117,0,person,0.802,521.3,276.6,776.2,504.1,648.8,390.4,-0.9,0.55,1.05,0.45
593,19.767,140,0,person,0.63,851.1,15.3,956.7,142.8,903.9,79.1,-2.54,0.5,2.59,0.37
594,19.8,117,0,person,0.789,520.3,276.9,777.9,504.6,649.1,390.8,0.34,0.41,0.53,-0.14
594,19.8,140,0,person,0.511,849.2,15.7,957.5,143.0,903.4,79.4,-0.52,0.31,0.61,-0.19
595,19.833,117,0,person,0.792,519.8,277.0,779.3,504.4,649.5,390.7,0.39,-0.02,0.39,-0.43
595,19.833,140,0,person,0.423,848.5,15.9,958.1,141.4,903.3,78.7,-0.09,-0.72,0.73,-1.04
596,19.867,117,0,person,0.748,519.9,276.7,781.2,503.9,650.6,390.3,1.07,-0.46,1.16,-0.44
596,19.867,140,0,person,0.387,848.0,16.4,952.5,131.2,900.3,73.8,-3.01,-4.85,5.71,-4.12
597,19.9,117,0,person,0.795,520.8,276.0,783.0,502.6,651.9,389.3,1.28,-1.0,1.63,-0.55
598,19.933,117,0,person,0.772,521.7,274.7,784.1,500.0,652.9,387.3,1.04,-1.95,2.21,-0.95
599,19.967,117,0,person,0.781,520.4,271.3,785.3,497.6,652.9,384.4,-0.04,-2.9,2.9,-0.95
600,20.0,117,0,person,0.809,532.9,269.3,795.9,496.0,664.4,382.6,11.51,-1.78,11.65,1.12
601,20.033,117,0,person,0.786,526.9,268.2,790.6,495.1,658.7,381.7,-5.65,-0.98,5.73,0.8
602,20.067,117,0,person,0.804,522.6,266.0,786.6,492.3,654.6,379.1,-4.16,-2.52,4.87,-1.54
603,20.1,117,0,person,0.837,534.8,260.9,797.7,489.0,666.2,374.9,11.65,-4.2,12.39,-1.68
604,20.133,117,0,person,0.81,530.2,255.4,793.4,483.6,661.8,369.5,-4.41,-5.45,7.01,-1.26
605,20.167,117,0,person,0.801,526.1,252.1,790.0,480.1,658.0,366.1,-3.78,-3.37,5.06,2.09
606,20.2,117,0,person,0.806,545.8,251.7,805.0,478.6,675.4,365.2,17.39,-0.93,17.41,2.44
607,20.233,117,0,person,0.796,533.7,248.4,796.5,476.0,665.1,362.2,-10.37,-3.0,10.8,-2.06
608,20.267,117,0,person,0.819,549.1,246.1,810.4,474.3,679.7,360.2,14.67,-2.0,14.81,1.0
609,20.3,117,0,person,0.815,562.2,245.4,820.6,474.1,691.4,359.8,11.67,-0.41,11.68,1.58
610,20.333,117,0,person,0.848,572.4,245.4,826.4,473.1,699.4,359.2,8.01,-0.54,8.02,-0.13
611,20.367,117,0,person,0.815,577.6,245.4,827.6,472.5,702.6,358.9,3.19,-0.3,3.21,0.24
612,20.4,117,0,person,0.803,579.9,245.5,826.8,472.2,703.3,358.8,0.72,-0.09,0.73,0.22
613,20.433,117,0,person,0.76,577.9,244.8,821.1,469.8,699.5,357.3,-3.84,-1.55,4.15,-1.46
614,20.467,117,0,person,0.758,577.8,242.5,818.7,467.3,698.2,354.9,-1.25,-2.37,2.68,-0.82
615,20.5,117,0,person,0.738,578.7,238.4,818.7,464.5,698.7,351.4,0.5,-3.49,3.53,-1.12
616,20.533,117,0,person,0.817,578.1,231.9,818.5,460.9,698.3,346.4,-0.43,-5.06,5.08,-1.57
617,20.567,117,0,person,0.84,579.4,222.2,820.6,455.5,700.0,338.9,1.72,-7.52,7.71,-2.46
617,20.567,148,0,person,0.395,679.6,18.9,839.2,95.7,759.4,57.3,0.0,0.0,0.0,0.0
618,20.6,117,0,person,0.828,579.1,210.2,824.1,452.2,701.6,331.2,1.58,-7.65,7.82,-0.14
618,20.6,148,0,person,0.48,682.1,18.9,836.3,93.3,759.2,56.1,-0.19,-1.24,1.25,-1.24
619,20.633,117,0,person,0.811,576.2,197.6,825.2,449.1,700.7,323.4,-0.89,-7.83,7.88,-0.18
620,20.667,117,0,person,0.829,576.4,186.4,826.2,445.2,701.3,315.8,0.62,-7.59,7.62,0.24
621,20.7,117,0,person,0.829,578.1,182.2,824.7,443.7,701.4,312.9,0.05,-2.86,2.86,4.73
622,20.733,117,0,person,0.815,577.1,163.1,829.7,439.5,703.4,301.3,2.0,-11.65,11.82,-8.79
623,20.767,117,0,person,0.81,578.2,153.4,830.8,437.7,704.5,295.5,1.1,-5.73,5.83,5.92
624,20.8,117,0,person,0.794,578.2,144.0,833.9,440.2,706.0,292.1,1.57,-3.43,3.77,2.3
625,20.833,117,0,person,0.804,578.0,140.5,833.8,445.3,705.9,292.9,-0.12,0.77,0.78,4.2
626,20.867,117,0,person,0.812,578.9,134.5,834.0,447.0,706.5,290.8,0.55,-2.13,2.2,-2.9
627,20.9,117,0,person,0.791,579.1,124.9,832.6,443.8,705.8,284.3,-0.66,-6.44,6.47,-4.31
628,20.933,117,0,person,0.822,574.0,118.9,828.0,447.0,701.0,283.0,-4.81,-1.32,4.99,5.12
629,20.967,117,0,person,0.826,567.3,115.1,821.3,452.0,694.3,283.5,-6.71,0.53,6.73,1.85
630,21.0,117,0,person,0.802,560.1,112.3,813.4,456.2,686.7,284.2,-7.57,0.68,7.6,0.15
631,21.033,117,0,person,0.801,554.9,112.6,802.4,454.8,678.6,283.7,-8.09,-0.52,8.11,-1.2
632,21.067,117,0,person,0.712,542.8,111.2,780.0,443.4,661.4,277.3,-17.23,-6.35,18.36,-5.83
633,21.1,117,0,person,0.705,519.6,106.4,751.5,435.9,635.6,271.1,-25.83,-6.22,26.57,0.13
634,21.133,117,0,person,0.684,487.9,93.4,721.0,430.5,604.4,261.9,-31.17,-9.18,32.49,-2.96
638,21.267,117,0,person,0.473,474.3,129.7,672.2,424.0,573.2,276.9,-7.79,3.74,8.64,3.23
639,21.3,117,0,person,0.445,482.6,135.8,673.9,423.9,578.3,279.8,5.04,2.97,5.84,-0.77
646,21.533,9018,0,person,0.349,374.5,107.1,500.3,342.5,437.4,224.8,0.0,0.0,0.0,0.0
647,21.567,149,0,person,0.314,373.7,106.9,499.9,342.9,436.8,224.9,0.0,0.0,0.0,0.0
652,21.733,9019,55,cake,0.312,797.5,166.6,1175.9,430.4,986.7,298.5,0.0,0.0,0.0,0.0
654,21.8,9020,74,clock,0.43,53.6,19.0,515.7,502.5,284.6,260.7,0.0,0.0,0.0,0.0
655,21.833,9021,0,person,0.306,217.0,186.5,371.8,436.4,294.4,311.4,0.0,0.0,0.0,0.0
656,21.867,9022,0,person,0.304,217.9,188.8,371.9,438.4,294.9,313.6,0.0,0.0,0.0,0.0
657,21.9,9023,0,person,0.458,271.6,56.2,470.1,402.9,370.9,229.5,0.0,0.0,0.0,0.0
658,21.933,154,0,person,0.446,270.4,56.3,470.0,405.0,370.2,230.7,0.0,0.0,0.0,0.0
659,21.967,154,0,person,0.472,260.9,54.2,482.1,441.1,371.5,247.7,1.29,17.03,17.08,17.03
660,22.0,154,0,person,0.331,251.8,54.3,478.3,452.4,365.1,253.4,-6.41,5.68,8.56,-11.35
661,22.033,154,0,person,0.348,248.6,54.3,473.6,451.6,361.1,252.9,-4.01,-0.43,4.03,-6.11
662,22.067,154,0,person,0.323,247.7,54.3,471.6,451.9,359.7,253.1,-1.4,0.18,1.41,0.61
666,22.2,9024,74,clock,0.33,49.8,19.0,518.3,498.5,284.1,258.7,0.0,0.0,0.0,0.0
667,22.233,154,0,clock,0.7,147.0,20.6,426.6,486.0,286.8,253.3,-14.58,0.03,14.58,-0.03
668,22.267,154,0,clock,0.396,131.7,17.9,431.3,488.5,281.5,253.2,-5.25,-0.07,5.25,-0.1
669,22.3,154,0,clock,0.359,121.5,17.0,437.5,489.5,279.5,253.2,-1.99,0.03,1.99,0.1
670,22.333,9025,0,person,0.318,155.3,135.7,359.1,435.2,257.2,285.5,0.0,0.0,0.0,0.0
671,22.367,156,0,person,0.33,157.9,136.8,361.1,435.5,259.5,286.1,0.0,0.0,0.0,0.0
672,22.4,156,0,person,0.358,158.1,136.5,361.4,435.4,259.8,285.9,0.25,-0.2,0.32,-0.2
673,22.433,156,0,person,0.306,159.8,134.0,363.1,434.1,261.5,284.0,1.7,-1.89,2.54,-1.7
674,22.467,154,0,clock,0.318,112.7,20.2,449.9,496.6,281.3,258.4,0.35,1.04,1.1,0.2
676,22.533,154,0,clock,0.349,105.7,24.1,454.3,491.6,280.0,257.8,-0.64,-0.29,0.7,-0.66
679,22.633,9026,0,person,0.304,1210.3,111.8,1279.7,407.5,1245.0,259.6,0.0,0.0,0.0,0.0
680,22.667,154,0,clock,0.421,102.5,24.6,457.7,474.4,280.1,249.5,0.03,-2.08,2.08,-0.45
681,22.7,154,0,clock,0.333,95.9,24.6,465.5,472.5,280.7,248.5,0.55,-0.96,1.11,1.12
682,22.733,160,0,person,0.797,1181.1,44.8,1274.1,380.1,1227.6,212.4,0.0,0.0,0.0,0.0
683,22.767,160,0,person,0.797,1178.1,34.1,1273.6,377.3,1225.8,205.7,-1.81,-6.72,6.96,-6.72
683,22.767,161,74,clock,0.318,25.6,18.2,1180.0,488.3,602.8,253.3,0.0,0.0,0.0,0.0
684,22.8,160,0,person,0.858,1176.7,17.7,1275.9,373.8,1226.3,195.7,0.47,-9.98,9.99,-3.26
684,22.8,154,0,clock,0.423,86.9,21.7,477.3,480.5,282.1,251.1,0.48,0.86,0.99,0.61
685,22.833,160,0,person,0.837,1175.6,10.6,1275.3,367.2,1225.5,188.9,-0.82,-6.81,6.86,3.17
686,22.867,160,0,person,0.805,1170.5,10.4,1270.0,361.9,1220.2,186.2,-5.24,-2.77,5.93,4.04
687,22.9,160,0,person,0.839,1164.9,11.8,1256.4,322.9,1210.6,167.3,-9.59,-18.81,21.11,-16.03
688,22.933,160,0,person,0.787,1155.5,15.9,1243.3,296.7,1199.4,156.3,-11.22,-11.05,15.74,7.76
689,22.967,160,0,person,0.812,1145.9,18.0,1236.4,287.7,1191.2,152.9,-8.25,-3.44,8.94,7.61
689,22.967,156,0,person,0.539,207.4,42.3,395.7,323.6,301.5,183.0,2.5,-6.32,6.79,-0.28
690,23.0,160,0,person,0.775,1139.0,17.8,1234.3,283.4,1186.7,150.6,-4.51,-2.25,5.04,1.19
690,23.0,156,0,person,0.575,206.4,40.2,394.4,321.0,300.4,180.6,-1.14,-2.37,2.63,3.94
691,23.033,160,0,person,0.761,1128.1,18.0,1231.2,289.1,1179.7,153.5,-7.0,2.93,7.59,5.19
691,23.033,156,0,person,0.369,214.1,40.9,408.5,325.6,311.3,183.2,10.91,2.63,11.23,5.01
692,23.067,160,0,person,0.756,1112.5,17.7,1221.2,289.8,1166.8,153.7,-12.81,0.18,12.82,-2.75
692,23.067,156,0,person,0.425,205.1,42.3,398.0,327.6,301.6,185.0,-9.72,1.71,9.87,-0.92
693,23.1,160,0,person,0.504,1095.4,18.2,1208.6,291.6,1152.0,154.9,-14.88,1.17,14.93,0.99
693,23.1,156,0,person,0.33,207.8,57.1,393.3,329.3,300.5,193.2,-1.04,8.26,8.32,6.55
694,23.133,160,0,person,0.444,1088.1,17.9,1203.5,292.5,1145.8,155.2,-6.13,0.3,6.14,-0.87
698,23.267,160,0,person,0.773,1064.7,16.5,1157.1,225.6,1110.9,121.0,-8.73,-8.54,12.21,-2.21
699,23.3,160,0,person,0.793,1059.5,16.9,1147.7,206.5,1103.6,111.7,-7.33,-9.33,11.87,-0.79
700,23.333,160,0,person,0.722,1046.9,17.0,1135.3,199.2,1091.1,108.1,-12.46,-3.6,12.97,5.73
701,23.367,160,0,person,0.701,1038.9,16.6,1128.7,196.5,1083.8,106.5,-7.32,-1.56,7.49,2.04
702,23.4,160,0,person,0.515,1028.8,16.7,1118.5,194.0,1073.7,105.4,-10.13,-1.17,10.19,0.39
703,23.433,160,0,person,0.442,1016.6,16.9,1100.1,179.9,1058.3,98.4,-15.34,-6.97,16.85,-5.8
706,23.533,9027,0,person,0.475,1196.9,98.4,1279.7,388.3,1238.3,243.3,0.0,0.0,0.0,0.0
709,23.633,161,74,book,0.314,3.4,27.4,1098.9,480.8,551.2,254.1,-1.99,0.03,1.99,0.0
709,23.633,160,0,person,0.481,959.5,15.7,1032.4,145.4,996.0,80.6,-10.39,-2.97,10.81,0.67
710,23.667,164,0,person,0.66,1189.8,24.8,1273.0,307.8,1231.4,166.3,0.0,0.0,0.0,0.0
710,23.667,160,0,person,0.543,955.2,15.8,1031.6,143.7,993.4,79.8,-2.55,-0.8,2.67,2.18
711,23.7,164,0,person,0.502,1185.7,19.6,1269.6,303.1,1227.7,161.3,-3.74,-4.94,6.2,-4.94
711,23.7,160,0,person,0.378,952.2,16.2,1033.5,147.2,992.9,81.7,-0.54,1.92,1.99,2.72
712,23.733,164,0,person,0.457,1181.7,18.1,1264.6,295.3,1223.2,156.7,-4.5,-4.63,6.46,0.31
712,23.733,166,28,box,0.637,761.1,117.7,1149.0,384.6,955.1,251.2,0.0,0.0,0.0,0.0
713,23.767,164,0,person,0.534,1198.9,16.5,1280.0,300.9,1239.4,158.7,16.29,2.03,16.42,6.66
713,23.767,166,28,box,0.652,761.0,115.8,1149.5,383.2,955.2,249.5,0.18,-1.65,1.66,-1.65
714,23.8,164,0,person,0.377,1208.1,17.2,1280.0,284.3,1244.0,150.8,4.6,-7.96,9.19,-9.99
716,23.867,9028,73,book,0.339,26.2,361.9,1277.4,692.3,651.8,527.1,0.0,0.0,0.0,0.0
717,23.9,166,28,box,0.641,764.0,112.7,1153.3,380.9,958.6,246.8,0.85,-0.67,1.09,0.24
718,23.933,168,0,person,0.559,1152.5,14.7,1280.0,220.3,1216.2,117.5,0.0,0.0,0.0,0.0
718,23.933,166,28,box,0.672,765.5,112.4,1154.0,380.4,959.7,246.4,1.1,-0.4,1.17,0.28
719,23.967,168,0,person,0.505,1157.1,14.8,1280.0,215.0,1218.6,114.9,2.31,-2.58,3.47,-2.58
719,23.967,166,28,box,0.617,766.0,111.5,1154.9,380.0,960.4,245.7,0.7,-0.69,0.99,-0.29
720,24.0,168,0,person,0.492,1158.7,14.9,1280.0,213.6,1219.3,114.2,0.79,-0.67,1.04,1.91
720,24.0,166,28,box,0.67,766.1,111.0,1155.1,379.9,960.6,245.5,0.16,-0.28,0.32,0.41
721,24.033,168,0,person,0.508,1160.0,14.9,1280.0,213.3,1220.0,114.1,0.66,-0.15,0.68,0.53
721,24.033,166,28,box,0.437,767.0,110.3,1156.0,379.6,961.5,245.0,0.9,-0.48,1.02,-0.21
722,24.067,168,0,person,0.676,1160.9,15.7,1280.0,211.7,1220.4,113.7,0.43,-0.42,0.6,-0.27
722,24.067,166,28,box,0.507,768.0,110.8,1156.5,380.2,962.3,245.5,0.75,0.53,0.92,1.01
723,24.1,168,0,person,0.669,1158.0,16.1,1272.6,201.7,1215.3,108.9,-5.13,-4.76,7.0,-4.35
724,24.133,168,0,person,0.469,1158.6,15.0,1251.5,162.6,1205.1,88.8,-10.23,-20.09,22.54,-15.33
725,24.167,171,0,person,0.365,956.4,18.0,1026.7,120.8,991.6,69.4,0.0,0.0,0.0,0.0
725,24.167,166,28,box,0.371,770.7,108.8,1158.9,378.6,964.8,243.7,0.84,-0.59,1.03,-0.37
726,24.2,172,73,book,0.331,52.0,368.4,1273.7,680.4,662.9,524.4,0.0,0.0,0.0,0.0
726,24.2,166,28,box,0.314,771.3,108.8,1158.9,378.9,965.1,243.9,0.29,0.12,0.31,0.7
726,24.2,168,0,person,0.401,1152.7,9.9,1234.1,136.4,1193.4,73.2,-5.84,-7.82,9.76,6.13
727,24.233,166,28,box,0.648,772.2,110.0,1158.6,379.7,965.4,244.8,0.31,0.99,1.04,0.87
727,24.233,168,0,person,0.542,1138.9,9.5,1224.1,137.5,1181.5,73.5,-11.92,0.36,11.92,8.18
728,24.267,166,28,box,0.526,773.0,112.0,1157.9,381.1,965.5,246.6,0.07,1.71,1.71,0.72
728,24.267,168,0,person,0.648,1128.0,9.3,1218.5,141.0,1173.2,75.1,-8.24,1.6,8.4,1.24
729,24.3,166,28,box,0.414,774.0,113.7,1157.4,381.9,965.7,247.8,0.21,1.23,1.24,-0.49
729,24.3,168,0,person,0.463,1125.7,10.3,1217.1,140.6,1171.4,75.4,-1.83,0.31,1.85,-1.3
729,24.3,171,0,person,0.481,958.6,17.8,1034.4,125.9,996.5,71.8,1.23,0.61,1.37,0.15
730,24.333,168,0,person,0.482,1123.4,11.7,1214.4,140.6,1168.9,76.1,-2.55,0.7,2.64,0.39
730,24.333,171,0,person,0.313,965.5,18.2,1042.4,126.0,1004.0,72.1,7.44,0.26,7.44,-0.34
731,24.367,168,0,person,0.48,1122.3,11.9,1211.5,137.2,1166.9,74.5,-1.95,-1.6,2.52,-2.3
731,24.367,171,0,person,0.398,962.7,18.3,1042.0,126.6,1002.3,72.4,-1.63,0.33,1.66,0.06
734,24.467,166,28,box,0.53,776.9,111.8,1161.9,381.5,969.4,246.7,0.74,-0.22,0.78,-0.29
735,24.5,166,28,box,0.439,777.0,111.1,1162.6,381.7,969.8,246.4,0.43,-0.31,0.53,-0.1
736,24.533,166,28,box,0.345,777.6,112.4,1161.7,382.1,969.6,247.2,-0.19,0.83,0.86,1.15
737,24.567,166,28,box,0.35,777.8,112.7,1161.1,382.1,969.5,247.4,-0.18,0.2,0.26,-0.64
738,24.6,166,28,box,0.34,778.3,112.5,1160.1,380.7,969.2,246.6,-0.23,-0.84,0.88,-1.04
739,24.633,166,28,box,0.385,778.6,113.2,1159.6,380.8,969.1,247.0,-0.11,0.48,0.5,1.33
741,24.7,172,73,book,0.379,78.7,390.8,1223.2,678.8,650.9,534.8,-0.79,0.69,1.05,0.05
744,24.8,9029,73,book,0.307,408.6,21.0,1037.3,314.5,723.0,167.8,0.0,0.0,0.0,0.0
748,24.933,9030,73,book,0.371,415.7,66.2,835.3,231.3,625.5,148.7,0.0,0.0,0.0,0.0
751,25.033,166,28,box,0.324,787.0,115.7,1169.9,385.0,978.4,250.4,0.78,0.28,0.83,-0.02
752,25.067,166,28,box,0.418,787.9,116.1,1170.1,384.8,979.0,250.5,0.58,0.11,0.59,-0.17
759,25.3,9031,0,person,0.347,268.3,35.4,446.2,309.6,357.2,172.5,0.0,0.0,0.0,0.0
760,25.333,9032,0,person,0.334,242.1,17.5,446.2,306.3,344.1,161.9,0.0,0.0,0.0,0.0
763,25.433,166,28,box,0.394,798.4,104.7,1187.9,379.9,993.2,242.3,1.29,-0.74,1.48,-0.08
764,25.467,178,0,person,0.504,244.0,19.4,453.8,296.6,348.9,158.0,0.0,0.0,0.0,0.0
764,25.467,166,28,box,0.3,802.8,105.2,1188.4,378.2,995.6,241.7,2.38,-0.6,2.46,0.14
765,25.5,178,0,person,0.5,243.4,19.4,457.7,302.1,350.6,160.7,1.62,2.73,3.18,2.73
765,25.5,166,28,box,0.318,804.6,104.9,1190.8,378.8,997.7,241.8,2.12,0.12,2.13,0.72
766,25.533,178,0,person,0.499,233.1,20.1,471.6,335.7,352.3,177.9,1.78,17.15,17.25,14.42
767,25.567,178,0,person,0.625,238.2,21.2,464.0,318.5,351.1,169.8,-1.22,-8.04,8.13,-25.2
768,25.6,178,0,person,0.591,244.6,73.8,431.6,312.7,338.1,193.2,-12.99,23.39,26.75,31.43
769,25.633,178,0,person,0.5,247.4,92.9,430.7,322.0,339.1,207.4,0.97,14.2,14.24,-9.18
770,25.667,178,0,person,0.568,228.8,100.9,453.5,381.0,341.2,241.0,2.08,33.52,33.59,19.32
771,25.7,178,0,person,0.682,240.2,107.0,452.3,363.8,346.2,235.4,5.05,-5.55,7.5,-39.07
772,25.733,178,0,person,0.768,241.8,109.6,436.1,336.3,338.9,223.0,-7.29,-12.42,14.39,-6.87
773,25.767,178,0,person,0.753,245.7,109.5,441.0,328.8,343.3,219.1,4.42,-3.85,5.86,8.56
774,25.8,178,0,person,0.741,247.8,113.1,450.0,331.0,348.9,222.1,5.55,2.92,6.27,6.77
775,25.833,178,0,person,0.696,241.0,114.4,445.6,327.1,343.3,220.7,-5.59,-1.34,5.75,-4.26
776,25.867,178,0,person,0.684,236.5,114.5,446.0,325.2,341.3,219.9,-2.05,-0.85,2.22,0.49
777,25.9,178,0,person,0.563,233.2,108.2,449.6,321.2,341.4,214.7,0.18,-5.14,5.14,-4.29
778,25.933,178,0,person,0.748,225.4,111.7,446.5,322.8,336.0,217.2,-5.45,2.51,6.0,7.65
779,25.967,178,0,person,0.672,221.8,112.7,446.8,322.5,334.3,217.6,-1.7,0.34,1.73,-2.17
780,26.0,178,0,person,0.682,217.7,110.7,448.1,321.5,332.9,216.1,-1.38,-1.52,2.05,-1.86
781,26.033,9033,62,tv,0.442,0.8,8.3,1195.9,683.9,598.4,346.1,0.0,0.0,0.0,0.0
782,26.067,179,62,tv,0.579,4.3,10.2,1187.5,679.0,595.9,344.6,0.0,0.0,0.0,0.0
783,26.1,179,62,tv,0.554,61.1,10.8,1264.5,691.2,662.8,351.0,66.93,6.38,67.23,6.38
784,26.133,179,62,tv,0.485,73.7,9.3,1280.0,697.4,676.8,353.4,14.01,2.38,14.21,-4.0
785,26.167,179,62,tv,0.471,35.0,13.4,1239.2,693.9,637.1,353.6,-39.72,0.28,39.72,-2.1
786,26.2,179,62,tv,0.416,20.9,14.5,1222.5,692.9,621.7,353.7,-15.39,0.08,15.39,-0.2
787,26.233,179,62,tv,0.527,15.2,20.0,1213.4,695.8,614.3,357.9,-7.4,4.18,8.5,4.11
788,26.267,179,62,tv,0.568,9.7,17.8,1215.4,697.3,612.6,357.6,-1.72,-0.33,1.75,-4.51
789,26.3,179,62,tv,0.462,1.9,14.9,1208.5,695.1,605.2,355.0,-7.4,-2.6,7.84,-2.27
790,26.333,179,62,tv,0.682,0.0,14.9,1202.9,695.1,601.5,355.0,-3.73,0.04,3.73,2.64
791,26.367,179,62,tv,0.471,0.6,13.8,1213.2,697.5,606.9,355.7,5.44,0.65,5.48,0.61
791,26.367,181,14,bird,0.497,655.4,18.5,795.1,106.3,725.3,62.4,0.0,0.0,0.0,0.0
798,26.6,181,14,bird,0.625,624.3,20.5,798.4,132.6,711.4,76.6,-1.99,2.02,2.84,0.29
799,26.633,181,14,bird,0.714,628.5,20.5,800.9,134.3,714.7,77.4,3.32,0.87,3.43,-1.15
800,26.667,181,14,person,0.416,641.0,19.4,808.3,132.9,724.6,76.1,9.98,-1.3,10.06,-2.18
801,26.7,9034,0,person,0.337,697.9,17.9,801.9,118.2,749.9,68.1,0.0,0.0,0.0,0.0
802,26.733,179,62,tv,0.356,0.0,9.6,1217.9,702.7,608.9,356.2,0.18,0.05,0.19,-0.05
803,26.767,179,62,tv,0.435,0.0,11.6,1208.3,703.7,604.2,357.7,-4.77,1.5,5.0,1.46
806,26.867,9035,14,bird,0.344,715.4,17.6,843.6,124.7,779.5,71.1,0.0,0.0,0.0,0.0
807,26.9,9036,14,bird,0.321,1029.6,221.7,1213.7,378.3,1121.6,300.0,0.0,0.0,0.0,0.0
808,26.933,9037,14,bird,0.309,944.0,204.7,1168.9,380.1,1056.5,292.4,0.0,0.0,0.0,0.0
810,27.0,9038,0,person,0.38,727.5,20.0,853.3,134.2,790.4,77.1,0.0,0.0,0.0,0.0
811,27.033,9039,0,person,0.305,784.9,18.8,848.2,133.3,816.5,76.1,0.0,0.0,0.0,0.0
812,27.067,187,0,person,0.433,791.0,19.4,849.6,125.1,820.3,72.3,0.0,0.0,0.0,0.0
813,27.1,187,0,person,0.379,794.9,18.9,848.9,116.1,821.9,67.5,1.63,-4.77,5.04,-4.77
814,27.133,188,0,person,0.505,710.0,104.8,907.4,369.3,808.7,237.1,0.0,0.0,0.0,0.0
815,27.167,188,0,person,0.398,667.0,39.6,904.7,360.6,785.9,200.1,-22.85,-36.99,43.48,-36.99
816,27.2,179,62,tv,0.389,2.6,7.1,1225.4,701.0,614.0,354.1,0.76,-0.28,0.81,-0.14
817,27.233,188,0,person,0.754,630.9,60.2,852.6,363.2,741.8,211.7,-22.05,5.79,22.79,21.39
819,27.3,188,0,person,0.857,578.6,69.2,802.1,376.6,690.3,222.9,-25.72,5.62,26.33,-0.09
820,27.333,189,28,box,0.334,428.7,152.2,619.7,388.0,524.2,270.1,0.0,0.0,0.0,0.0
820,27.333,190,0,person,0.594,749.1,25.4,827.8,121.3,788.5,73.4,0.0,0.0,0.0,0.0
820,27.333,188,0,person,0.884,552.4,64.9,764.4,357.7,658.4,211.3,-31.93,-11.58,33.97,-17.2
821,27.367,190,0,person,0.528,747.8,22.5,828.0,120.4,787.9,71.5,-0.58,-1.91,2.0,-1.91
821,27.367,188,0,person,0.494,508.2,62.5,708.3,338.8,608.2,200.7,-50.17,-10.64,51.29,0.94
821,27.367,191,0,person,0.358,820.3,21.3,877.9,124.0,849.1,72.7,0.0,0.0,0.0,0.0
822,27.4,190,0,person,0.686,748.9,22.0,829.9,120.7,789.4,71.3,1.49,-0.12,1.5,1.79
822,27.4,188,0,person,0.749,487.9,75.8,680.7,341.1,584.3,208.5,-23.93,7.78,25.16,18.42
822,27.4,191,0,person,0.413,825.3,22.5,882.0,123.7,853.7,73.1,4.56,0.44,4.59,0.44
823,27.433,190,0,person,0.382,753.4,26.4,832.4,122.7,792.9,74.5,3.53,3.2,4.76,3.32
823,27.433,188,0,person,0.783,459.4,56.8,665.9,342.6,562.7,199.7,-21.63,-8.8,23.35,-16.58
823,27.433,191,0,person,0.444,824.9,20.7,884.6,127.0,854.8,73.8,1.1,0.69,1.3,0.25
824,27.467,190,0,person,0.435,758.0,29.3,836.2,125.1,797.1,77.2,4.17,2.66,4.95,-0.54
824,27.467,188,0,person,0.708,440.9,50.8,648.0,340.4,544.5,195.6,-18.21,-4.07,18.66,4.73
824,27.467,191,0,person,0.558,823.6,19.9,885.9,130.9,854.8,75.4,0.01,1.58,1.58,0.89
825,27.5,188,0,person,0.688,412.9,48.7,615.1,339.6,514.0,194.2,-30.48,-1.44,30.51,2.63
825,27.5,191,0,person,0.565,816.9,18.9,883.5,138.1,850.2,78.5,-4.6,3.11,5.55,1.52
826,27.533,188,0,person,0.701,400.5,46.2,590.5,326.8,495.5,186.5,-18.47,-7.65,19.99,-6.21
826,27.533,191,0,person,0.663,814.3,18.3,880.3,136.7,847.3,77.5,-2.88,-0.99,3.04,-4.1
826,27.533,190,0,person,0.395,760.5,22.3,838.1,119.1,799.3,70.7,1.12,-3.26,3.45,-2.96
827,27.567,188,0,person,0.545,388.2,25.7,582.1,318.5,485.2,172.1,-10.37,-14.4,17.74,-6.74
827,27.567,191,0,person,0.659,811.5,17.7,876.3,132.2,843.9,74.9,-3.41,-2.57,4.27,-1.58
828,27.6,188,0,person,0.68,360.0,21.1,580.4,362.2,470.2,191.6,-14.93,19.51,24.57,33.9
829,27.633,188,0,person,0.665,344.4,22.8,565.5,370.2,455.0,196.5,-15.25,4.88,16.01,-14.62
829,27.633,191,0,person,0.518,810.7,18.7,874.1,128.6,842.4,73.7,-0.74,-0.64,0.98,0.97
830,27.667,188,0,person,0.37,347.6,27.7,545.6,333.7,446.6,180.7,-8.33,-15.78,17.84,-20.67
830,27.667,191,0,person,0.568,807.3,18.8,873.9,133.2,840.6,76.0,-1.83,2.34,2.97,2.98
831,27.7,188,0,person,0.464,344.9,33.7,549.0,347.5,446.9,190.6,0.29,9.91,9.92,25.7
831,27.7,191,0,person,0.518,803.6,18.4,874.3,138.8,839.0,78.6,-1.61,2.63,3.08,0.29
832,27.733,188,0,person,0.536,340.2,36.6,553.0,364.6,446.6,200.6,-0.36,9.98,9.98,0.06
832,27.733,191,0,person,0.352,800.3,18.2,872.7,141.4,836.5,79.8,-2.44,1.16,2.7,-1.46
833,27.767,191,0,person,0.369,797.2,18.3,871.1,144.0,834.2,81.1,-2.34,1.36,2.71,0.2
836,27.867,191,0,person,0.339,796.3,18.6,868.7,140.0,832.5,79.3,-0.57,-0.61,0.84,-0.66
840,28.0,9040,28,box,0.443,810.4,148.2,1111.6,365.9,961.0,257.1,0.0,0.0,0.0,0.0
841,28.033,9041,0,person,0.307,810.3,17.7,882.1,131.2,846.2,74.5,0.0,0.0,0.0,0.0
842,28.067,191,0,person,0.635,816.0,18.0,886.7,135.5,851.4,76.7,3.15,-0.42,3.18,0.03
843,28.1,191,0,person,0.571,816.6,17.6,887.7,134.3,852.2,76.0,0.81,-0.77,1.12,-0.35
844,28.133,191,0,person,0.497,816.9,17.8,886.6,130.6,851.7,74.2,-0.44,-1.75,1.81,-0.98
845,28.167,191,0,person,0.653,815.1,17.9,884.9,128.6,850.0,73.2,-1.73,-0.97,1.99,0.78
846,28.2,191,0,person,0.646,811.1,16.9,884.1,129.4,847.6,73.2,-2.4,-0.09,2.41,0.88
847,28.233,191,0,person,0.559,804.2,16.8,881.5,132.3,842.8,74.6,-4.76,1.4,4.96,1.49
848,28.267,191,0,person,0.615,795.2,17.0,879.5,139.0,837.3,78.0,-5.53,3.41,6.5,2.02
848,28.267,199,28,box,0.32,827.6,169.1,1125.4,376.9,976.5,273.0,0.0,0.0,0.0,0.0
851,28.367,199,28,box,0.429,812.0,175.2,1115.0,386.7,963.5,281.0,-4.34,2.65,5.08,0.88
852,28.4,9042,0,person,0.489,751.0,17.1,831.5,153.0,791.3,85.0,0.0,0.0,0.0,0.0
853,28.433,200,0,person,0.457,749.0,16.8,832.7,158.0,790.8,87.4,0.0,0.0,0.0,0.0
854,28.467,200,0,person,0.512,740.8,18.5,820.8,153.5,780.8,86.0,-9.99,-1.42,10.1,-1.42
854,28.467,199,28,box,0.507,803.1,181.7,1112.9,398.4,958.0,290.0,-1.81,3.02,3.52,0.12
855,28.5,200,0,person,0.727,745.0,18.5,824.1,151.6,784.5,85.1,3.69,-0.91,3.81,0.51
855,28.5,199,28,box,0.544,801.2,180.4,1113.9,399.9,957.6,290.2,-0.48,0.16,0.5,-2.86
856,28.533,200,0,person,0.752,748.5,18.3,828.3,152.3,788.4,85.3,3.88,0.23,3.88,1.14
856,28.533,199,28,box,0.662,799.9,179.9,1113.1,400.5,956.5,290.2,-1.08,0.03,1.08,-0.13
857,28.567,200,0,person,0.716,746.5,19.5,832.2,162.8,789.3,91.2,0.94,5.87,5.94,5.64
857,28.567,201,0,person,0.376,343.2,101.8,559.8,407.9,451.5,254.8,0.0,0.0,0.0,0.0
858,28.6,200,0,person,0.678,739.8,22.6,828.0,169.1,783.9,95.9,-5.48,4.7,7.22,-1.17
859,28.633,200,0,person,0.512,742.1,24.9,832.6,174.2,787.4,99.6,3.49,3.7,5.09,-1.0
859,28.633,201,0,person,0.804,370.4,114.6,585.2,418.2,477.8,266.4,13.14,5.81,14.36,2.9
860,28.667,200,0,person,0.644,748.0,25.4,839.4,174.7,793.7,100.1,6.33,0.52,6.35,-3.17
860,28.667,201,0,person,0.642,411.1,148.3,603.2,417.8,507.1,283.1,29.31,16.62,33.7,10.82
861,28.7,200,0,person,0.392,754.7,25.3,845.8,172.8,800.3,99.1,6.6,-1.02,6.67,-1.54
861,28.7,201,0,person,0.613,421.7,144.4,610.0,407.3,515.8,275.9,8.73,-7.19,11.31,-23.81
862,28.733,200,0,person,0.454,759.7,23.0,849.8,167.7,804.7,95.3,4.46,-3.72,5.81,-2.71
862,28.733,201,0,person,0.765,412.9,120.0,622.9,414.2,517.9,267.1,2.07,-8.75,8.99,-1.56
863,28.767,201,0,person,0.788,418.1,110.2,626.1,400.6,522.1,255.4,4.2,-11.7,12.43,-2.96
864,28.8,201,0,person,0.81,420.0,104.6,625.1,390.4,522.6,247.5,0.45,-7.92,7.93,3.78
864,28.8,200,0,person,0.556,763.0,20.1,853.4,164.0,808.2,92.1,1.73,-1.63,2.37,1.05
865,28.833,201,0,person,0.807,418.5,104.8,624.6,391.2,521.6,248.0,-1.0,0.55,1.14,8.47
865,28.833,200,0,person,0.355,762.3,19.7,854.2,164.5,808.2,92.1,0.04,-0.01,0.04,1.61
866,28.867,201,0,person,0.807,416.9,105.2,624.7,393.3,520.8,249.3,-0.75,1.21,1.43,0.66
867,28.9,201,0,person,0.802,410.9,101.9,620.1,394.1,515.5,248.0,-5.28,-1.21,5.41,-2.42
867,28.9,200,0,person,0.517,764.9,19.7,859.2,165.9,812.1,92.8,1.92,0.37,1.95,0.19
868,28.933,201,0,person,0.502,402.5,118.3,601.8,399.7,502.2,259.0,-13.37,10.95,17.28,12.16
869,28.967,201,0,person,0.549,392.8,116.3,596.0,407.9,494.4,262.1,-7.74,3.12,8.34,-7.83
870,29.0,201,0,person,0.54,383.0,124.4,582.5,415.0,482.8,269.7,-11.66,7.6,13.92,4.48
871,29.033,201,0,person,0.704,370.7,119.5,575.6,422.4,473.2,270.9,-9.58,1.24,9.66,-6.36
872,29.067,201,0,person,0.693,373.8,110.1,577.4,412.3,475.6,261.2,2.41,-9.78,10.07,-11.02
873,29.1,201,0,person,0.633,368.2,105.4,564.5,402.7,466.4,254.0,-9.2,-7.14,11.65,2.64
874,29.133,201,0,person,0.697,379.7,101.4,583.3,409.9,481.5,255.7,15.14,1.62,15.23,8.76
874,29.133,191,0,person,0.539,737.3,21.0,840.6,170.4,789.0,95.7,-1.86,0.68,1.98,-0.11
875,29.167,201,0,person,0.624,373.0,101.7,572.9,412.2,472.9,256.9,-8.58,1.28,8.67,-0.34
875,29.167,191,0,person,0.49,737.2,22.4,838.8,171.0,788.0,96.7,-0.93,1.0,1.37,0.32
876,29.2,201,0,person,0.716,386.7,119.2,572.7,408.4,479.7,263.8,6.73,6.86,9.61,5.58
876,29.2,191,0,person,0.663,735.2,22.5,836.3,171.0,785.7,96.7,-2.29,0.03,2.29,-0.98
876,29.2,199,28,box,0.332,775.6,208.3,1073.7,416.2,924.6,312.2,-1.59,1.1,1.94,0.05
877,29.233,201,0,person,0.722,384.9,126.6,561.9,406.7,473.4,266.7,-6.25,2.86,6.87,-4.01
877,29.233,191,0,person,0.75,729.5,22.6,830.4,171.9,779.9,97.3,-5.79,0.52,5.81,0.49
878,29.267,201,0,person,0.62,383.9,120.2,562.8,408.6,473.4,264.4,-0.04,-2.24,2.24,-5.09
878,29.267,191,0,person,0.664,723.7,24.6,823.4,172.1,773.5,98.4,-6.41,1.1,6.5,0.58
879,29.3,201,0,person,0.792,385.2,129.0,558.6,412.1,471.9,270.6,-1.49,6.14,6.32,8.38
879,29.3,191,0,person,0.525,719.8,27.2,817.3,171.4,768.5,99.3,-5.01,0.98,5.1,-0.12
880,29.333,201,0,person,0.58,394.0,140.3,556.2,405.8,475.1,273.1,3.22,2.5,4.08,-3.64
880,29.333,191,0,person,0.575,714.5,23.7,812.6,169.0,763.5,96.4,-5.0,-2.95,5.8,-3.92
881,29.367,201,0,person,0.465,392.3,131.6,556.6,405.7,474.4,268.7,-0.68,-4.39,4.44,-6.89
881,29.367,191,0,person,0.721,712.5,19.5,810.0,163.5,761.3,91.5,-2.28,-4.84,5.35,-1.89
882,29.4,201,0,person,0.752,429.3,117.5,597.1,390.2,513.2,253.8,38.79,-14.82,41.53,-10.43
882,29.4,191,0,person,0.598,714.2,18.0,808.6,156.6,761.4,87.3,0.13,-4.22,4.22,0.62
883,29.433,201,0,person,0.821,449.7,115.0,621.4,388.4,535.5,251.7,22.32,-2.15,22.43,12.67
883,29.433,191,0,person,0.67,715.7,16.4,811.4,156.6,763.6,86.5,2.16,-0.82,2.31,3.4
884,29.467,201,0,person,0.829,475.5,120.5,645.6,391.6,560.6,256.1,25.01,4.36,25.39,6.52
884,29.467,191,0,person,0.691,713.2,19.0,812.7,165.4,762.9,92.2,-0.63,5.74,5.77,6.56
885,29.5,201,0,person,0.816,499.0,124.8,668.9,397.0,583.9,260.9,23.35,4.84,23.85,0.47
885,29.5,191,0,person,0.566,711.6,21.4,812.9,169.4,762.2,95.4,-0.69,3.14,3.21,-2.6
885,29.5,199,28,truck,0.391,754.4,208.0,1059.8,420.3,907.1,314.1,-1.95,0.21,1.96,-0.1
886,29.533,201,0,person,0.772,528.6,135.3,705.0,416.7,616.8,276.0,32.87,15.11,36.17,10.27
886,29.533,191,0,person,0.758,716.5,22.2,818.6,172.6,767.6,97.4,5.34,2.03,5.71,-1.11
887,29.567,201,0,person,0.69,547.3,151.2,728.5,439.7,637.9,295.5,21.11,19.47,28.72,4.36
887,29.567,191,0,person,0.759,719.6,23.6,822.0,175.4,770.8,99.5,3.22,2.08,3.83,0.05
887,29.567,199,28,truck,0.445,711.5,178.2,1064.5,421.9,888.0,300.0,-9.56,-7.05,11.88,-3.63
888,29.6,201,0,person,0.754,571.0,162.3,751.3,453.0,661.2,307.7,23.27,12.19,26.27,-7.27
888,29.6,191,0,person,0.729,724.3,23.5,826.4,175.9,775.3,99.7,4.54,0.2,4.55,-1.87
888,29.6,199,28,truck,0.379,706.5,170.6,1071.4,422.7,889.0,296.6,0.97,-3.43,3.57,3.62
889,29.633,201,0,person,0.787,598.3,170.3,776.0,457.8,687.1,314.1,26.0,6.41,26.77,-5.78
889,29.633,191,0,person,0.537,728.9,28.1,829.5,178.7,779.2,103.4,3.84,3.75,5.37,3.55
889,29.633,199,28,box,0.35,730.0,182.5,1076.5,423.9,903.3,303.2,14.29,6.6,15.75,10.04
890,29.667,201,0,person,0.634,639.6,182.2,817.0,463.0,728.3,322.6,41.14,8.54,42.01,2.13
890,29.667,191,0,person,0.437,734.3,32.6,833.9,182.2,784.1,107.4,4.91,3.93,6.29,0.18
891,29.7,201,0,person,0.792,675.7,202.5,847.4,471.3,761.5,336.9,33.25,14.25,36.18,5.71
891,29.7,199,28,box,0.404,773.9,204.4,1095.2,434.4,934.6,319.4,15.66,8.1,17.63,0.75
892,29.733,201,0,person,0.874,707.6,215.6,874.3,472.6,790.9,344.1,29.4,7.22,30.28,-7.04
892,29.733,191,0,person,0.389,732.9,41.3,830.8,190.0,781.9,115.7,-1.11,4.16,4.3,0.11
893,29.767,201,0,person,0.872,718.3,220.1,884.5,472.7,801.4,346.4,10.45,2.3,10.7,-4.92
893,29.767,191,0,person,0.381,733.0,43.3,829.9,191.5,781.5,117.4,-0.4,1.75,1.79,-2.41
894,29.8,191,0,person,0.43,721.5,27.9,820.0,176.3,770.7,102.1,-10.75,-15.33,18.73,-17.08
895,29.833,191,0,person,0.459,713.1,24.8,811.1,171.9,762.1,98.3,-8.63,-3.75,9.41,11.58
895,29.833,199,28,person,0.483,774.1,233.8,1060.4,447.0,917.3,340.4,-4.32,5.25,6.8,-0.71
897,29.9,191,0,person,0.579,693.5,20.6,790.4,167.0,741.9,93.8,-10.08,-2.27,10.33,0.74
897,29.9,199,28,person,0.701,862.6,276.4,1084.9,443.5,973.8,360.0,28.24,9.79,29.89,2.27
898,29.933,191,0,person,0.605,687.9,19.4,783.2,164.9,735.5,92.2,-6.42,-1.64,6.63,0.64
899,29.967,191,0,person,0.434,679.8,19.3,772.0,162.4,725.9,90.8,-9.6,-1.33,9.69,0.31
900,30.0,191,0,person,0.617,667.2,18.7,754.4,155.7,710.8,87.2,-15.1,-3.6,15.53,-2.27
915,30.5,9043,0,person,0.382,536.8,18.9,650.3,165.9,593.5,92.4,0.0,0.0,0.0,0.0
924,30.8,9044,0,person,0.652,577.8,17.9,674.0,161.5,625.9,89.7,0.0,0.0,0.0,0.0
925,30.833,191,0,person,0.737,562.6,17.6,650.5,147.2,606.5,82.4,-4.17,-0.19,4.18,0.14
926,30.867,191,0,person,0.642,571.0,17.2,650.9,135.5,610.9,76.3,4.4,-6.05,7.48,-5.86
927,30.9,191,0,person,0.715,577.4,18.2,653.5,128.7,615.4,73.4,4.5,-2.92,5.36,3.14
928,30.933,191,0,person,0.476,577.0,17.4,655.1,130.9,616.1,74.2,0.62,0.75,0.97,3.67
929,30.967,191,0,person,0.582,551.8,18.1,640.2,136.5,596.0,77.3,-20.02,3.11,20.26,2.36
930,31.0,191,0,person,0.602,539.7,17.9,636.5,140.8,588.1,79.4,-7.95,2.08,8.22,-1.03
931,31.033,191,0,person,0.602,540.9,17.2,636.3,139.6,588.6,78.4,0.52,-0.93,1.07,-3.02
933,31.1,191,0,person,0.538,542.3,17.9,633.2,136.0,587.8,77.0,-0.42,-0.72,0.83,0.11
934,31.133,191,0,person,0.54,549.7,18.3,638.3,133.2,594.0,75.7,6.2,-1.26,6.33,-0.54
935,31.167,191,0,person,0.555,564.0,17.3,651.1,131.1,607.6,74.2,13.6,-1.51,13.69,-0.25
936,31.2,191,0,person,0.678,574.4,17.1,665.2,136.4,619.8,76.7,12.25,2.52,12.51,4.03
937,31.233,191,0,person,0.643,575.7,17.8,671.0,142.3,623.4,80.0,3.55,3.28,4.83,0.76
938,31.267,191,0,person,0.642,564.2,18.1,663.5,144.0,613.8,81.0,-9.54,1.03,9.59,-2.25
939,31.3,191,0,person,0.582,574.8,17.3,670.4,140.7,622.6,79.0,8.74,-2.06,8.98,-3.08
939,31.3,213,0,person,0.671,776.7,145.7,994.4,397.3,885.6,271.5,0.0,0.0,0.0,0.0
940,31.333,191,0,person,0.58,579.2,17.1,670.9,138.1,625.0,77.6,2.47,-1.39,2.83,0.67
940,31.333,213,0,person,0.751,752.8,138.1,976.3,397.4,864.6,267.8,-21.03,-3.74,21.36,-3.74
942,31.4,191,0,person,0.474,574.1,17.0,662.2,137.3,618.1,77.2,-3.45,-0.2,3.45,0.59
942,31.4,213,0,person,0.807,690.7,121.3,920.0,390.2,805.4,255.8,-29.58,-6.0,30.18,-1.13
943,31.433,191,0,person,0.563,557.9,18.3,651.5,147.1,604.7,82.7,-13.42,5.47,14.49,5.67
943,31.433,213,0,person,0.768,666.0,120.0,897.1,395.5,781.6,257.8,-23.83,2.01,23.91,8.01
944,31.467,191,0,person,0.478,552.4,18.5,647.1,148.5,599.8,83.5,-4.97,0.81,5.03,-4.67
944,31.467,213,0,person,0.731,633.7,116.2,865.8,395.6,749.7,255.9,-31.82,-1.86,31.87,-3.87
945,31.5,191,0,person,0.621,550.6,18.2,648.8,152.2,599.7,85.2,-0.01,1.72,1.72,0.91
945,31.5,213,0,person,0.724,614.0,109.1,847.4,394.1,730.7,251.6,-19.07,-4.28,19.54,-2.42
946,31.533,191,0,person,0.619,551.1,17.0,654.9,159.6,603.0,88.3,3.27,3.08,4.5,1.36
946,31.533,213,0,person,0.782,598.9,105.1,834.0,396.9,716.5,251.0,-14.23,-0.62,14.24,3.66
946,31.533,215,28,box,0.409,801.0,147.2,1107.3,373.9,954.2,260.5,0.0,0.0,0.0,0.0
947,31.567,191,0,person,0.654,548.7,17.2,656.6,167.5,602.6,92.3,-0.37,4.06,4.08,0.97
947,31.567,213,0,person,0.836,589.3,102.5,808.0,376.9,698.7,239.7,-17.77,-11.32,21.07,-10.71
947,31.567,215,28,box,0.346,806.2,162.8,1102.4,381.9,954.3,272.4,0.15,11.84,11.84,11.84
948,31.6,191,0,person,0.634,546.3,16.8,657.3,171.9,601.8,94.4,-0.83,2.03,2.19,-2.03
948,31.6,213,0,person,0.83,584.7,102.9,789.5,363.2,687.1,233.1,-11.59,-6.62,13.35,4.7
948,31.6,215,28,box,0.311,811.7,173.0,1100.4,386.1,956.1,279.5,1.74,7.14,7.35,-4.7
949,31.633,191,0,person,0.551,551.0,18.1,662.7,174.8,606.8,96.4,5.02,2.06,5.43,0.03
949,31.633,213,0,person,0.838,582.9,105.3,780.9,361.0,681.9,233.2,-5.18,0.1,5.18,6.72
950,31.667,213,0,person,0.696,593.0,136.8,768.2,362.3,680.6,249.6,-1.31,16.39,16.44,16.29
951,31.7,213,0,person,0.851,581.2,114.9,771.4,360.6,676.3,237.7,-4.3,-11.81,12.56,-28.2
952,31.733,213,0,person,0.859,568.1,112.3,764.2,366.1,666.1,239.2,-10.19,1.43,10.29,13.23
953,31.767,213,0,person,0.357,558.6,121.4,755.0,377.5,656.8,249.4,-9.32,10.23,13.84,8.8
954,31.8,213,0,person,0.488,554.5,123.2,751.6,381.9,653.0,252.6,-3.75,3.15,4.9,-7.08
955,31.833,213,0,person,0.497,558.6,120.3,758.1,385.7,658.4,253.0,5.34,0.42,5.36,-2.73
956,31.867,213,0,person,0.86,573.7,115.6,775.2,387.6,674.5,251.6,16.07,-1.37,16.13,-1.8
957,31.9,213,0,person,0.874,589.3,117.8,787.0,388.9,688.2,253.4,13.7,1.76,13.81,3.13
958,31.933,213,0,person,0.841,608.2,124.0,798.9,390.8,703.5,257.4,15.37,4.04,15.89,2.28
958,31.933,191,0,person,0.558,596.0,28.1,705.0,181.8,650.5,104.9,4.85,0.95,4.94,-0.12
959,31.967,213,0,person,0.344,628.0,136.9,807.4,393.8,717.7,265.3,14.18,7.93,16.25,3.89
960,32.0,213,0,person,0.712,651.5,144.7,823.0,397.9,737.3,271.3,19.58,5.98,20.48,-1.95
961,32.033,213,0,person,0.858,671.2,148.5,837.7,402.4,754.4,275.4,17.16,4.13,17.64,-1.86
961,32.033,191,0,person,0.334,598.0,38.3,714.2,208.6,656.1,123.5,1.87,6.17,6.45,1.74
962,32.067,213,0,person,0.858,679.9,149.8,841.6,404.0,760.8,276.9,6.33,1.47,6.5,-2.65
962,32.067,191,0,person,0.368,599.5,39.8,713.8,212.4,656.7,126.1,0.56,2.67,2.72,-3.5
968,32.267,9045,28,box,0.425,804.9,198.1,1109.1,421.4,957.0,309.8,0.0,0.0,0.0,0.0
968,32.267,9046,28,box,0.39,632.3,84.1,926.7,203.5,779.5,143.8,0.0,0.0,0.0,0.0
970,32.333,9047,0,person,0.627,547.4,31.3,644.7,205.0,596.1,118.2,0.0,0.0,0.0,0.0
971,32.367,220,0,person,0.534,545.4,33.2,639.9,201.8,592.7,117.5,0.0,0.0,0.0,0.0
971,32.367,213,0,person,0.78,744.5,182.6,895.0,398.2,819.8,290.4,6.56,1.5,6.72,0.0
972,32.4,220,0,person,0.568,541.3,23.6,640.5,200.2,590.9,111.9,-1.76,-5.65,5.92,-5.65
972,32.4,221,28,box,0.326,799.2,204.7,1092.3,412.0,945.8,308.3,0.0,0.0,0.0,0.0
972,32.4,213,0,person,0.78,741.8,183.2,901.5,396.7,821.6,289.9,1.87,-0.46,1.93,-1.96
973,32.433,220,0,person,0.432,543.7,22.6,640.8,195.5,592.2,109.1,1.34,-2.81,3.12,2.84
973,32.433,213,0,person,0.75,743.2,179.3,911.8,394.0,827.5,286.7,5.88,-3.28,6.74,-2.83
974,32.467,220,0,person,0.34,550.4,22.6,642.9,186.9,596.7,104.7,4.41,-4.32,6.17,-1.51
974,32.467,213,0,person,0.702,747.0,173.8,921.0,385.9,834.0,279.9,6.5,-6.79,9.4,-3.51
975,32.5,213,0,person,0.59,745.3,171.4,923.6,381.6,834.5,276.5,0.43,-3.4,3.43,3.39
976,32.533,213,0,person,0.542,739.0,173.6,922.6,384.4,830.8,279.0,-3.65,2.53,4.44,5.93
976,32.533,220,0,person,0.349,548.6,23.9,640.2,185.8,594.4,104.8,-1.13,0.05,1.13,2.18
977,32.567,213,0,person,0.685,736.5,169.9,925.3,382.3,830.9,276.1,0.12,-2.89,2.89,-5.42
978,32.6,213,0,person,0.539,736.1,166.8,928.8,379.4,832.4,273.1,1.52,-3.03,3.39,-0.14
978,32.6,221,28,box,0.358,797.9,185.4,1101.1,400.2,949.5,292.8,0.62,-2.58,2.66,-0.43
978,32.6,220,0,person,0.557,552.0,20.2,641.4,176.6,596.7,98.4,1.15,-3.2,3.4,-1.62
979,32.633,213,0,person,0.658,736.5,168.6,931.4,380.2,834.0,274.4,1.51,1.33,2.02,4.36
979,32.633,221,28,box,0.425,800.6,186.9,1097.9,397.3,949.2,292.1,-0.22,-0.73,0.76,1.86
979,32.633,220,0,person,0.345,551.1,19.8,641.5,177.8,596.3,98.8,-0.37,0.39,0.54,3.59
980,32.667,213,0,person,0.49,733.2,167.6,931.0,379.0,832.1,273.3,-1.84,-1.12,2.15,-2.45
980,32.667,221,28,box,0.348,802.5,186.5,1095.4,393.2,948.9,289.8,-0.3,-2.26,2.28,-1.53
981,32.7,213,0,person,0.56,731.6,166.2,933.5,379.2,832.6,272.7,0.43,-0.6,0.74,0.52
981,32.7,221,28,box,0.382,804.0,185.2,1098.5,392.6,951.2,288.9,2.27,-0.93,2.45,1.33
981,32.7,220,0,person,0.34,552.6,19.8,642.7,177.3,597.6,98.5,0.66,-0.14,0.67,-0.27
982,32.733,213,0,person,0.735,732.8,166.3,936.5,379.4,834.6,272.9,2.09,0.15,2.1,0.75
982,32.733,221,28,box,0.334,804.6,186.6,1098.6,393.1,951.6,289.9,0.37,0.94,1.02,1.87
982,32.733,222,28,box,0.429,630.1,53.0,922.4,166.8,776.2,109.9,0.0,0.0,0.0,0.0
983,32.767,213,0,person,0.736,731.7,170.5,936.8,382.6,834.2,276.5,-0.4,3.69,3.71,3.53
983,32.767,221,28,box,0.347,800.7,191.6,1102.2,403.5,951.4,297.5,-0.15,7.67,7.67,6.73
983,32.767,222,28,box,0.311,625.0,55.3,924.2,171.8,774.6,113.5,-1.66,3.65,4.01,3.65
984,32.8,213,0,person,0.815,725.8,172.3,935.2,387.5,830.5,279.9,-3.75,3.33,5.01,-0.36
984,32.8,221,28,box,0.368,798.9,193.5,1099.1,404.2,949.0,298.9,-2.44,1.35,2.79,-6.32
985,32.833,213,0,person,0.789,723.5,169.1,935.4,385.6,829.5,277.3,-1.04,-2.52,2.73,-5.85
985,32.833,221,28,box,0.583,796.8,189.4,1098.5,401.2,947.7,295.3,-1.32,-3.55,3.79,-4.9
986,32.867,213,0,person,0.798,722.3,167.8,935.7,384.8,829.0,276.3,-0.49,-1.0,1.11,1.52
986,32.867,221,28,box,0.581,794.2,187.9,1100.1,403.0,947.1,295.4,-0.56,0.12,0.58,3.66
987,32.9,213,0,person,0.78,717.3,161.5,935.0,382.7,826.2,272.1,-2.81,-4.26,5.11,-3.26
987,32.9,221,28,box,0.633,790.3,184.4,1096.4,400.2,943.4,292.3,-3.75,-3.15,4.89,-3.27
987,32.9,220,0,person,0.523,553.2,20.1,644.7,174.1,598.9,97.1,0.22,-0.24,0.32,-0.02
988,32.933,213,0,person,0.727,718.2,162.5,933.6,380.5,825.9,271.5,-0.23,-0.56,0.6,3.71
988,32.933,221,28,box,0.594,794.0,184.3,1092.5,394.3,943.3,289.3,-0.11,-2.99,2.99,0.16
988,32.933,220,0,person,0.536,550.8,19.2,646.7,176.2,598.8,97.7,-0.17,0.6,0.62,0.84
989,32.967,213,0,person,0.758,724.1,160.3,940.4,378.4,832.2,269.3,6.3,-2.2,6.67,-1.64
989,32.967,221,28,box,0.584,794.1,182.8,1096.9,395.4,945.5,289.1,2.22,-0.23,2.23,2.76
989,32.967,220,0,person,0.596,556.8,19.6,654.5,175.7,605.7,97.6,6.88,-0.07,6.88,-0.67
990,33.0,213,0,person,0.591,729.2,156.4,948.5,376.9,838.9,266.7,6.66,-2.65,7.16,-0.45
990,33.0,221,28,box,0.527,799.1,179.5,1106.8,396.0,953.0,287.7,7.49,-1.34,7.6,-1.11
990,33.0,220,0,person,0.587,566.6,20.4,664.6,174.0,615.6,97.2,9.93,-0.43,9.94,-0.37
991,33.033,213,0,person,0.623,734.2,158.8,953.0,378.1,843.6,268.4,4.7,1.76,5.02,4.4
991,33.033,221,28,box,0.586,805.1,181.2,1111.6,396.7,958.3,289.0,5.36,1.24,5.5,2.58
991,33.033,220,0,person,0.536,573.2,20.1,673.9,174.1,623.6,97.1,7.96,-0.11,7.96,0.32
992,33.067,213,0,person,0.774,743.5,167.7,960.2,383.9,851.8,275.8,8.22,7.4,11.06,5.64
992,33.067,221,28,box,0.557,819.6,188.8,1116.5,397.1,968.0,292.9,9.71,3.97,10.49,2.74
992,33.067,220,0,person,0.596,574.5,19.2,680.8,179.3,627.6,99.2,4.09,2.11,4.61,2.23
993,33.1,213,0,person,0.676,754.0,171.8,968.7,384.1,861.3,278.0,9.52,2.15,9.76,-5.24
993,33.1,221,28,box,0.353,828.7,190.7,1123.5,397.0,976.1,293.8,8.07,0.89,8.12,-3.08
994,33.133,213,0,person,0.427,755.7,170.1,972.3,383.0,864.0,276.5,2.69,-1.45,3.05,-3.6
994,33.133,221,28,box,0.301,828.3,188.1,1126.2,396.5,977.2,292.3,1.13,-1.54,1.91,-2.43
995,33.167,213,0,person,0.652,751.5,172.1,967.6,383.1,859.6,277.6,-4.45,1.08,4.58,2.52
995,33.167,221,28,box,0.459,826.6,189.8,1122.8,396.8,974.7,293.3,-2.53,1.0,2.72,2.55
995,33.167,220,0,person,0.505,574.6,18.8,684.3,182.0,629.4,100.4,0.6,0.4,0.72,-0.57
996,33.2,213,0,person,0.311,745.7,175.3,965.3,389.2,855.5,282.2,-4.06,4.64,6.16,3.56
996,33.2,220,0,person,0.464,572.8,20.1,685.5,187.0,629.1,103.5,-0.31,3.14,3.16,2.74
997,33.233,213,0,person,0.587,743.7,176.3,965.5,391.8,854.6,284.0,-0.88,1.78,1.99,-2.86
997,33.233,220,0,person,0.707,571.9,20.3,687.1,190.5,629.5,105.4,0.36,1.86,1.89,-1.28
997,33.233,221,28,box,0.369,827.1,195.9,1122.8,402.3,975.0,299.1,0.12,2.9,2.9,0.95
998,33.267,213,0,person,0.592,742.4,174.8,969.2,395.4,855.8,285.1,1.16,1.06,1.57,-0.73
998,33.267,220,0,person,0.67,572.6,20.3,688.7,191.8,630.6,106.1,1.14,0.67,1.32,-1.19
998,33.267,221,28,box,0.369,826.8,196.3,1123.5,403.2,975.2,299.7,0.21,0.66,0.69,-2.24
999,33.3,213,0,person,0.361,743.1,175.5,968.0,393.7,855.6,284.6,-0.24,-0.49,0.55,-1.55
999,33.3,220,0,person,0.577,572.4,18.7,688.7,190.1,630.6,104.4,-0.07,-1.66,1.66,-2.33
999,33.3,221,28,box,0.351,825.8,194.9,1124.3,403.1,975.1,299.0,-0.09,-0.76,0.77,-1.42
1000,33.333,213,0,person,0.403,743.1,175.8,967.7,393.4,855.4,284.6,-0.16,0.02,0.16,0.52
1000,33.333,220,0,person,0.617,572.4,18.1,688.9,189.7,630.6,103.9,0.06,-0.47,0.47,1.19
1000,33.333,221,28,box,0.375,826.1,195.5,1123.2,402.5,974.6,299.0,-0.43,0.03,0.43,0.79
1001,33.367,220,0,person,0.545,573.0,18.4,689.1,188.8,631.0,103.6,0.41,-0.31,0.51,0.16
1002,33.4,220,0,person,0.666,575.2,18.8,690.4,187.5,632.8,103.1,1.77,-0.5,1.84,-0.19
1002,33.4,213,0,person,0.476,746.0,176.3,965.5,388.1,855.7,282.2,0.16,-1.2,1.22,-0.61
1002,33.4,221,28,box,0.367,827.9,194.2,1123.7,399.7,975.8,296.9,0.58,-1.04,1.19,-0.53
1003,33.433,220,0,person,0.712,575.8,19.9,688.8,184.4,632.3,102.1,-0.54,-0.99,1.13,-0.49
1003,33.433,213,0,person,0.595,745.4,174.4,965.6,386.4,855.5,280.4,-0.22,-1.81,1.83,-0.61
1003,33.433,221,28,box,0.492,826.3,190.7,1125.2,398.5,975.8,294.6,-0.02,-2.35,2.35,-1.31
1004,33.467,220,0,person,0.728,574.7,19.5,687.6,183.2,631.2,101.3,-1.12,-0.79,1.37,0.21
1004,33.467,213,0,person,0.548,745.3,173.7,964.7,383.8,855.0,278.7,-0.54,-1.66,1.75,0.15
1005,33.5,220,0,person,0.559,575.6,20.1,688.1,182.5,631.9,101.3,0.69,-0.04,0.69,0.75
1005,33.5,213,0,person,0.745,745.9,172.8,965.6,382.3,855.8,277.6,0.8,-1.18,1.42,0.49
1005,33.5,221,28,box,0.441,825.9,191.3,1123.3,397.7,974.6,294.5,-0.58,-0.06,0.58,1.15
1006,33.533,213,0,person,0.552,745.9,171.0,966.4,380.5,856.2,275.7,0.39,-1.81,1.85,-0.63
1006,33.533,221,28,box,0.447,825.1,189.8,1122.0,395.5,973.6,292.6,-1.06,-1.84,2.13,-1.79
1007,33.567,213,0,person,0.762,743.2,168.4,965.4,379.2,854.3,273.8,-1.88,-1.95,2.71,-0.15
1007,33.567,221,28,box,0.362,824.1,185.9,1120.4,391.0,972.3,288.5,-1.31,-4.17,4.37,-2.33
1007,33.567,220,0,person,0.761,575.7,19.8,685.5,177.1,630.6,98.4,-0.64,-1.44,1.57,-0.7
1008,33.6,213,0,person,0.774,742.4,165.6,966.6,378.2,854.5,271.9,0.22,-1.87,1.89,0.08
1008,33.6,221,28,box,0.437,825.6,184.5,1121.5,389.4,973.5,286.9,1.29,-1.55,2.02,2.62
1008,33.6,220,0,person,0.495,573.4,18.4,683.2,175.8,628.3,97.1,-2.28,-1.3,2.62,0.14
1009,33.633,213,0,person,0.526,745.1,169.2,965.9,377.8,855.5,273.5,1.02,1.57,1.87,3.44
1009,33.633,221,28,box,0.336,827.2,185.3,1121.3,388.5,974.3,286.9,0.71,-0.05,0.71,1.5
1009,33.633,220,0,person,0.308,571.6,18.3,682.4,177.4,627.0,97.9,-1.26,0.74,1.46,2.04
1009,33.633,223,73,book,0.348,1.7,17.0,346.8,690.0,174.2,353.5,0.0,0.0,0.0,0.0
1010,33.667,213,0,person,0.564,745.8,171.7,965.1,377.8,855.5,274.7,-0.06,1.22,1.22,-0.35
1010,33.667,221,28,box,0.392,825.0,186.9,1120.0,390.6,972.5,288.8,-1.76,1.89,2.59,1.94
1010,33.667,223,73,book,0.304,2.6,16.6,347.7,689.4,175.2,353.0,0.95,-0.44,1.05,-0.44
1011,33.7,213,0,person,0.465,745.7,172.7,964.9,377.7,855.3,275.2,-0.15,0.52,0.55,-0.69
1011,33.7,221,28,box,0.378,824.2,187.7,1119.3,391.4,971.7,289.5,-0.77,0.78,1.1,-1.11
1011,33.7,223,73,book,0.314,2.6,16.5,347.6,689.0,175.1,352.8,-0.06,-0.25,0.26,0.19
