frame,timestamp,track_id,class_id,class_name,confidence,bbox_x1,bbox_y1,bbox_x2,bbox_y2,center_x,center_y,velocity_x,velocity_y,speed,acceleration_y
0,0.0,1,0,person,0.839,825.6,297.4,963.2,554.8,894.4,426.1,0.0,0.0,0.0,0.0
1,0.033,1,0,person,0.841,825.5,299.7,962.1,555.1,893.8,427.4,-0.58,1.31,1.44,1.31
2,0.067,1,0,person,0.855,825.0,300.3,962.0,556.4,893.5,428.3,-0.27,0.92,0.96,-0.39
2,0.067,2,0,person,0.462,980.0,164.7,1071.4,347.8,1025.7,256.2,0.0,0.0,0.0,0.0
3,0.1,1,0,person,0.843,825.0,301.9,961.3,556.7,893.2,429.3,-0.36,1.0,1.06,0.08
3,0.1,2,0,person,0.369,981.3,164.5,1072.9,348.0,1027.1,256.2,1.43,-0.01,1.43,-0.01
4,0.133,1,0,person,0.844,825.4,301.9,960.1,553.2,892.7,427.5,-0.44,-1.79,1.84,-2.79
4,0.133,2,0,person,0.311,982.7,155.2,1078.3,346.5,1030.5,250.9,3.34,-5.33,6.29,-5.33
5,0.167,1,0,person,0.854,825.5,302.3,960.1,553.0,892.8,427.7,0.05,0.13,0.14,1.92
6,0.2,1,0,person,0.855,827.1,303.4,961.5,552.7,894.3,428.1,1.53,0.43,1.59,0.3
7,0.233,1,0,person,0.848,827.5,303.7,962.6,552.9,895.0,428.3,0.72,0.18,0.74,-0.25
8,0.267,1,0,person,0.838,827.2,303.5,963.1,552.8,895.1,428.2,0.08,-0.12,0.14,-0.3
9,0.3,1,0,person,0.798,827.8,302.0,964.3,550.7,896.1,426.4,0.96,-1.78,2.02,-1.66
10,0.333,1,0,person,0.754,826.6,299.4,963.5,548.0,895.1,423.7,-0.99,-2.68,2.85,-0.9
11,0.367,1,0,person,0.811,829.5,297.9,967.4,546.8,898.5,422.4,3.36,-1.33,3.62,1.35
12,0.4,1,0,person,0.755,831.3,295.8,970.8,546.9,901.1,421.3,2.61,-1.05,2.81,0.28
13,0.433,1,0,person,0.814,832.2,294.9,972.9,546.7,902.6,420.8,1.51,-0.5,1.59,0.56
14,0.467,1,0,person,0.827,833.7,294.3,974.5,545.4,904.1,419.9,1.53,-0.97,1.81,-0.47
15,0.5,1,0,person,0.836,835.7,292.7,978.2,545.5,907.0,419.1,2.86,-0.75,2.95,0.22
16,0.533,1,0,person,0.844,837.3,290.5,981.2,543.9,909.3,417.2,2.3,-1.86,2.96,-1.11
17,0.567,1,0,person,0.821,838.7,292.5,982.7,544.3,910.7,418.4,1.45,1.17,1.86,3.03
18,0.6,1,0,person,0.82,840.0,294.5,985.3,546.6,912.6,420.5,1.93,2.13,2.87,0.96
19,0.633,1,0,person,0.853,841.5,295.4,988.4,548.5,915.0,421.9,2.33,1.39,2.71,-0.74
20,0.667,1,0,person,0.865,840.2,296.7,992.3,557.7,916.3,427.2,1.31,5.25,5.41,3.85
21,0.7,1,0,person,0.867,837.5,299.7,991.7,562.9,914.6,431.3,-1.64,4.13,4.44,-1.11
22,0.733,1,0,person,0.83,835.8,302.8,992.4,568.2,914.1,435.5,-0.57,4.2,4.24,0.06
23,0.767,1,0,person,0.812,835.1,307.4,994.5,575.6,914.8,441.5,0.74,6.0,6.05,1.8
24,0.8,1,0,person,0.826,833.3,309.3,993.8,576.5,913.5,442.9,-1.27,1.42,1.9,-4.58
25,0.833,1,0,person,0.827,832.7,311.6,992.6,574.0,912.7,442.8,-0.86,-0.07,0.86,-1.49
26,0.867,1,0,person,0.831,832.8,314.2,992.5,572.0,912.6,443.1,-0.05,0.23,0.24,0.3
27,0.9,1,0,person,0.831,832.6,318.7,989.5,566.5,911.1,442.6,-1.53,-0.46,1.6,-0.69
28,0.933,1,0,person,0.839,832.7,319.7,990.0,562.7,911.4,441.2,0.29,-1.46,1.49,-0.99
29,0.967,1,0,person,0.787,833.2,319.8,992.3,560.1,912.8,440.0,1.39,-1.18,1.82,0.28
30,1.0,1,0,person,0.825,834.1,320.1,995.0,558.3,914.5,439.2,1.76,-0.78,1.92,0.4
31,1.033,1,0,person,0.818,834.8,320.1,996.5,553.4,915.6,436.7,1.13,-2.48,2.73,-1.7
32,1.067,1,0,person,0.798,851.9,321.3,1017.9,561.7,934.9,441.5,19.27,4.79,19.85,7.28
33,1.1,1,0,person,0.826,861.3,321.0,1029.8,565.2,945.6,443.1,10.68,1.58,10.8,-3.21
34,1.133,1,0,person,0.771,868.7,321.4,1036.8,563.9,952.8,442.6,7.19,-0.44,7.21,-2.02
35,1.167,1,0,person,0.777,875.1,322.1,1042.9,563.1,959.0,442.6,6.22,-0.01,6.22,0.43
36,1.2,1,0,person,0.794,871.3,322.6,1039.5,559.0,955.4,440.8,-3.57,-1.83,4.01,-1.82
37,1.233,1,0,person,0.781,892.1,324.2,1056.1,554.1,974.1,439.1,18.68,-1.67,18.75,0.16
38,1.267,1,0,person,0.706,903.3,323.6,1065.3,550.6,984.3,437.1,10.21,-2.03,10.41,-0.36
39,1.3,1,0,person,0.576,899.4,322.4,1063.5,547.6,981.4,435.0,-2.87,-2.08,3.54,-0.05
40,1.333,1,0,person,0.44,890.8,322.8,1060.0,546.8,975.4,434.8,-6.0,-0.21,6.01,1.87
41,1.367,1,0,person,0.554,873.1,322.7,1052.1,548.3,962.6,435.5,-12.82,0.65,12.84,0.86
41,1.367,11,0,person,0.429,1100.8,113.5,1243.3,377.2,1172.1,245.4,0.0,0.0,0.0,0.0
42,1.4,9000,0,person,0.357,947.2,321.2,1095.2,542.0,1021.2,431.6,0.0,0.0,0.0,0.0
43,1.433,1,0,person,0.486,878.1,323.0,1063.8,548.4,971.0,435.7,4.18,0.1,4.18,-0.27
44,1.467,1,0,person,0.637,869.8,327.7,1063.4,550.4,966.6,439.0,-4.38,3.36,5.52,3.25
45,1.5,1,0,person,0.625,886.5,333.0,1080.9,551.1,983.7,442.1,17.11,3.03,17.38,-0.33
46,1.533,1,0,person,0.384,895.7,339.6,1088.8,548.6,992.3,444.1,8.54,2.04,8.78,-0.99
47,1.567,1,0,person,0.453,912.6,345.9,1100.3,546.9,1006.4,446.4,14.17,2.25,14.35,0.21
48,1.6,1,0,person,0.306,932.6,353.0,1111.6,545.8,1022.1,449.4,15.64,3.04,15.93,0.79
50,1.667,9001,7,truck,0.327,641.5,163.4,719.9,246.6,680.7,205.0,0.0,0.0,0.0,0.0
61,2.033,9002,0,person,0.558,1037.0,193.2,1104.7,337.1,1070.8,265.2,0.0,0.0,0.0,0.0
62,2.067,16,0,person,0.402,1032.5,193.9,1100.6,338.3,1066.5,266.1,0.0,0.0,0.0,0.0
86,2.867,9003,0,person,0.414,1008.7,327.9,1144.0,583.3,1076.4,455.6,0.0,0.0,0.0,0.0
87,2.9,17,0,person,0.524,1003.5,329.1,1138.2,583.2,1070.9,456.1,0.0,0.0,0.0,0.0
88,2.933,17,0,person,0.546,997.2,332.3,1132.9,588.2,1065.1,460.3,-5.81,4.11,7.12,4.11
89,2.967,17,0,person,0.629,991.1,332.8,1127.3,589.4,1059.2,461.1,-5.86,0.85,5.92,-3.26
90,3.0,17,0,person,0.445,981.3,330.4,1117.3,586.4,1049.3,458.4,-9.92,-2.72,10.29,-3.57
91,3.033,17,0,person,0.485,969.4,327.7,1107.7,586.9,1038.6,457.3,-10.72,-1.11,10.78,1.61
92,3.067,17,0,person,0.418,968.3,325.8,1110.5,588.4,1039.4,457.1,0.83,-0.15,0.84,0.96
92,3.067,20,37,surfboard,0.335,539.8,400.1,840.5,553.1,690.1,476.6,0.0,0.0,0.0,0.0
93,3.1,17,0,person,0.414,946.8,332.9,1086.4,589.7,1016.6,461.3,-22.79,4.17,23.17,4.32
94,3.133,17,0,person,0.52,930.8,291.6,1100.7,598.0,1015.7,444.8,-0.87,-16.5,16.53,-20.67
95,3.167,17,0,person,0.611,919.1,236.6,1122.0,601.8,1020.5,419.2,4.82,-25.58,26.03,-9.08
99,3.3,9004,0,person,0.312,685.5,245.9,786.0,356.5,735.7,301.2,0.0,0.0,0.0,0.0
100,3.333,24,0,person,0.478,685.0,243.5,786.0,354.8,735.5,299.1,0.0,0.0,0.0,0.0
101,3.367,24,0,person,0.42,683.8,241.5,785.3,353.5,734.6,297.5,-0.94,-1.6,1.86,-1.6
102,3.4,24,0,person,0.446,683.0,235.8,788.2,352.1,735.6,294.0,1.04,-3.54,3.68,-1.93
103,3.433,24,0,person,0.502,682.4,227.0,794.2,351.3,738.3,289.2,2.64,-4.82,5.5,-1.28
104,3.467,17,0,person,0.475,850.1,252.0,1012.0,550.1,931.1,401.1,-9.94,-2.02,10.14,2.62
105,3.5,17,0,person,0.443,848.3,253.0,1006.1,550.1,927.2,401.5,-3.86,0.47,3.89,2.48
108,3.6,17,0,person,0.394,854.1,256.0,1004.0,546.2,929.1,401.1,0.61,-0.14,0.63,-0.2
109,3.633,17,0,person,0.447,858.4,258.4,1002.0,543.4,930.2,400.9,1.12,-0.21,1.14,-0.08
110,3.667,17,0,person,0.499,859.8,259.9,1000.6,544.0,930.2,401.9,0.05,1.03,1.03,1.24
111,3.7,17,0,person,0.545,853.6,261.5,995.9,553.2,924.8,407.3,-5.45,5.37,7.65,4.34
112,3.733,17,0,person,0.599,852.0,265.4,988.9,549.8,920.4,407.6,-4.33,0.25,4.34,-5.12
113,3.767,17,0,person,0.627,847.5,272.1,984.0,559.4,915.8,415.7,-4.69,8.15,9.4,7.9
114,3.8,17,0,person,0.537,846.0,277.9,979.4,564.4,912.7,421.1,-3.04,5.4,6.19,-2.75
115,3.833,17,0,person,0.62,842.2,276.9,976.0,568.2,909.1,422.5,-3.62,1.41,3.88,-3.98
116,3.867,17,0,person,0.721,837.7,271.5,975.1,573.0,906.4,422.2,-2.69,-0.28,2.7,-1.7
117,3.9,17,0,person,0.656,835.0,281.5,969.2,576.8,902.1,429.1,-4.32,6.88,8.13,7.17
118,3.933,17,0,person,0.656,830.3,292.2,960.2,581.6,895.3,436.9,-6.82,7.79,10.35,0.91
119,3.967,17,0,person,0.756,826.8,298.3,952.5,582.5,889.6,440.4,-5.64,3.5,6.64,-4.29
120,4.0,17,0,person,0.753,823.5,301.4,946.2,583.9,884.9,442.6,-4.77,2.24,5.27,-1.26
121,4.033,17,0,person,0.731,822.2,302.0,941.6,582.3,881.9,442.2,-2.96,-0.47,3.0,-2.72
122,4.067,17,0,person,0.743,822.1,301.3,938.2,578.2,880.1,439.7,-1.76,-2.45,3.02,-1.98
123,4.1,17,0,person,0.595,820.0,297.6,934.4,573.7,877.2,435.6,-2.98,-4.08,5.05,-1.63
124,4.133,17,0,person,0.487,821.4,292.7,924.4,540.6,872.9,416.6,-4.27,-19.02,19.5,-14.94
125,4.167,17,0,person,0.465,816.5,292.0,917.5,536.3,867.0,414.1,-5.89,-2.49,6.4,16.54
126,4.2,17,0,person,0.464,812.8,293.2,913.7,538.9,863.2,416.0,-3.79,1.88,4.23,4.37
127,4.233,17,0,person,0.545,811.2,291.6,907.5,525.2,859.3,408.4,-3.9,-7.61,8.55,-9.49
128,4.267,17,0,person,0.517,809.8,290.9,902.6,514.1,856.2,402.5,-3.14,-5.91,6.69,1.69
129,4.3,17,0,person,0.438,806.1,291.4,901.5,521.0,853.8,406.2,-2.39,3.69,4.4,9.6
130,4.333,17,0,person,0.43,804.8,291.7,897.6,514.6,851.2,403.2,-2.56,-3.02,3.95,-6.71
130,4.333,30,0,person,0.58,889.8,217.1,961.4,372.5,925.6,294.8,0.0,0.0,0.0,0.0
131,4.367,17,0,person,0.503,810.5,291.4,887.7,470.3,849.1,380.9,-2.16,-22.3,22.4,-19.28
131,4.367,30,0,person,0.582,885.4,217.2,956.7,372.1,921.1,294.6,-4.54,-0.16,4.55,-0.16
132,4.4,17,0,person,0.555,810.7,289.9,884.4,455.4,847.6,372.6,-1.53,-8.25,8.39,14.04
132,4.4,30,0,person,0.516,880.4,215.9,952.3,371.5,916.3,293.7,-4.75,-0.94,4.84,-0.78
133,4.433,17,0,person,0.559,806.2,287.6,883.7,456.5,844.9,372.1,-2.61,-0.55,2.67,7.7
133,4.433,30,0,person,0.644,880.4,213.8,952.6,370.8,916.5,292.3,0.19,-1.34,1.36,-0.4
133,4.433,31,2,car,0.606,11.8,353.5,493.1,574.0,252.5,463.8,0.0,0.0,0.0,0.0
134,4.467,17,0,person,0.676,801.1,285.1,877.6,446.9,839.3,366.0,-5.62,-6.07,8.27,-5.52
134,4.467,30,0,person,0.535,876.7,212.8,949.2,371.1,912.9,291.9,-3.57,-0.41,3.59,0.93
134,4.467,31,2,car,0.747,54.1,335.1,506.8,542.4,280.4,438.8,27.96,-25.0,37.51,-25.0
135,4.5,17,0,person,0.761,794.8,283.4,872.8,442.9,833.8,363.2,-5.53,-2.83,6.22,3.24
135,4.5,30,0,person,0.605,873.8,211.4,946.2,370.8,910.0,291.1,-2.93,-0.79,3.04,-0.38
135,4.5,31,2,car,0.887,77.5,323.9,519.4,526.4,298.4,425.2,17.97,-13.59,22.53,11.41
136,4.533,17,0,person,0.745,788.0,281.4,868.8,441.5,828.4,361.5,-5.39,-1.68,5.64,1.15
136,4.533,30,0,person,0.617,870.4,208.2,943.6,369.6,907.0,288.9,-3.0,-2.22,3.73,-1.44
136,4.533,31,2,car,0.45,132.8,309.4,551.4,502.1,342.1,405.8,43.67,-19.43,47.8,-5.83
137,4.567,17,0,person,0.754,782.5,281.4,866.1,441.6,824.3,361.5,-4.07,0.05,4.07,1.73
137,4.567,30,0,person,0.586,869.3,207.1,942.4,368.0,905.8,287.6,-1.19,-1.34,1.8,0.88
137,4.567,31,2,car,0.729,177.6,299.3,565.2,478.6,371.4,389.0,29.31,-16.78,33.78,2.64
138,4.6,17,0,person,0.755,777.9,280.0,865.0,441.2,821.5,360.6,-2.85,-0.89,2.99,-0.95
138,4.6,30,0,person,0.632,867.1,205.7,940.6,366.7,903.9,286.2,-1.96,-1.38,2.4,-0.04
138,4.6,31,2,car,0.905,204.2,287.1,572.9,458.0,388.6,372.6,17.16,-16.41,23.75,0.37
138,4.6,32,0,person,0.447,998.8,172.0,1145.6,457.6,1072.2,314.8,0.0,0.0,0.0,0.0
139,4.633,17,0,person,0.784,775.2,280.3,865.6,441.7,820.4,361.0,-1.07,0.37,1.14,1.27
139,4.633,30,0,person,0.57,866.2,205.4,940.6,366.2,903.4,285.8,-0.5,-0.37,0.62,1.01
139,4.633,31,2,car,0.906,231.0,271.8,588.6,438.1,409.8,354.9,21.26,-17.64,27.62,-1.22
140,4.667,17,0,person,0.794,774.0,282.2,867.3,443.3,820.7,362.8,0.28,1.77,1.79,1.4
140,4.667,30,0,person,0.53,865.7,206.5,940.7,365.2,903.2,285.9,-0.12,0.04,0.13,0.41
140,4.667,31,2,car,0.905,264.5,267.3,602.1,424.8,433.3,346.1,23.51,-8.85,25.12,8.79
141,4.7,17,0,person,0.766,773.5,284.4,869.0,445.3,821.3,364.8,0.57,2.06,2.13,0.29
141,4.7,31,2,car,0.834,286.2,264.9,609.9,416.3,448.1,340.6,14.74,-5.46,15.72,3.39
142,4.733,17,0,person,0.705,771.5,285.0,868.6,445.4,820.0,365.2,-1.2,0.34,1.25,-1.71
142,4.733,31,2,car,0.849,312.5,260.0,620.1,404.6,466.3,332.3,18.24,-8.3,20.04,-2.84
142,4.733,30,0,person,0.452,877.3,210.1,950.8,364.8,914.1,287.5,5.41,0.81,5.47,0.39
143,4.767,17,0,person,0.749,771.1,284.8,868.5,443.9,819.8,364.4,-0.25,-0.8,0.84,-1.15
143,4.767,31,2,car,0.821,340.2,255.8,627.1,391.3,483.7,323.5,17.36,-8.79,19.46,-0.49
143,4.767,30,0,person,0.594,879.6,210.0,953.9,365.7,916.7,287.8,2.68,0.33,2.7,-0.49
144,4.8,17,0,person,0.735,771.4,286.8,868.5,443.6,819.9,365.2,0.13,0.83,0.84,1.64
144,4.8,31,2,car,0.839,356.8,253.3,633.5,385.0,495.1,319.2,11.46,-4.35,12.26,4.44
144,4.8,30,0,person,0.576,881.5,210.3,957.3,368.1,919.4,289.2,2.64,1.38,2.98,1.05
145,4.833,17,0,person,0.735,769.5,288.3,867.6,444.8,818.5,366.5,-1.38,1.31,1.9,0.48
145,4.833,31,2,car,0.858,378.2,247.3,642.8,374.7,510.5,311.0,15.38,-8.15,17.4,-3.8
145,4.833,30,0,person,0.551,884.3,209.3,962.2,370.4,923.2,289.9,3.86,0.66,3.91,-0.72
146,4.867,17,0,person,0.728,767.8,289.7,866.3,444.8,817.1,367.2,-1.5,0.69,1.65,-0.62
146,4.867,31,2,car,0.804,397.9,241.8,651.7,366.0,524.8,303.9,14.29,-7.09,15.95,1.06
146,4.867,30,0,person,0.547,888.1,209.2,966.4,369.9,927.2,289.5,4.01,-0.33,4.02,-0.99
147,4.9,17,0,person,0.527,766.6,288.7,867.8,446.5,817.2,367.6,0.11,0.4,0.42,-0.29
147,4.9,31,2,car,0.764,419.0,240.8,654.8,357.9,536.9,299.4,12.1,-4.57,12.93,2.52
147,4.9,30,0,person,0.484,889.1,208.0,968.1,368.2,928.6,288.1,1.38,-1.42,1.98,-1.09
148,4.933,17,0,person,0.524,765.7,288.6,869.0,448.3,817.3,368.5,0.17,0.84,0.86,0.44
148,4.933,31,2,car,0.691,430.9,235.6,661.1,352.3,546.0,294.0,9.11,-5.4,10.59,-0.83
148,4.933,30,0,person,0.486,891.3,207.0,971.0,366.6,931.2,286.8,2.55,-1.28,2.85,0.15
149,4.967,17,0,person,0.689,765.0,287.6,871.0,450.6,818.0,369.1,0.66,0.64,0.92,-0.2
149,4.967,31,2,car,0.8,448.0,229.4,668.5,343.9,558.3,286.6,12.27,-7.3,14.28,-1.9
149,4.967,30,0,person,0.545,893.2,206.6,974.5,368.3,933.9,287.4,2.68,0.58,2.74,1.86
150,5.0,17,0,person,0.674,762.5,286.6,873.3,456.9,817.9,371.8,-0.13,2.65,2.65,2.01
150,5.0,31,2,car,0.822,471.1,228.5,669.1,333.8,570.1,281.2,11.82,-5.46,13.02,1.84
150,5.0,30,0,person,0.544,895.0,205.2,976.9,367.8,936.0,286.5,2.14,-0.9,2.32,-1.48
151,5.033,17,0,person,0.769,759.8,286.4,876.4,466.0,818.1,376.2,0.23,4.45,4.45,1.8
151,5.033,31,2,car,0.816,493.6,228.2,669.8,324.4,581.7,276.3,11.58,-4.88,12.56,0.58
151,5.033,30,0,person,0.603,896.1,204.8,978.7,368.5,937.4,286.7,1.4,0.14,1.4,1.03
152,5.067,17,0,person,0.745,758.5,288.4,877.5,472.4,818.0,380.4,-0.15,4.2,4.2,-0.24
152,5.067,31,2,car,0.827,513.1,229.5,669.9,317.5,591.5,273.5,9.79,-2.81,10.19,2.07
152,5.067,30,0,person,0.514,896.5,204.6,977.9,365.7,937.2,285.2,-0.15,-1.5,1.5,-1.63
153,5.1,17,0,person,0.73,758.9,290.5,875.5,470.5,817.2,380.5,-0.75,0.11,0.76,-4.09
153,5.1,31,2,car,0.797,524.9,228.1,670.0,312.2,597.4,270.1,5.94,-3.36,6.83,-0.56
153,5.1,30,0,person,0.579,896.1,205.8,977.4,367.3,936.7,286.6,-0.49,1.41,1.5,2.91
154,5.133,17,0,person,0.673,759.9,291.5,871.8,462.6,815.8,377.0,-1.39,-3.49,3.76,-3.6
154,5.133,31,2,car,0.757,536.1,225.0,673.4,307.7,604.8,266.4,7.36,-3.76,8.26,-0.4
154,5.133,30,0,person,0.604,894.2,207.0,975.2,369.0,934.7,288.0,-2.05,1.43,2.5,0.01
155,5.167,17,0,person,0.644,757.9,292.0,870.1,462.1,814.0,377.0,-1.83,0.01,1.83,3.5
155,5.167,31,2,car,0.775,546.3,219.8,675.6,301.4,611.0,260.6,6.2,-5.78,8.47,-2.02
155,5.167,30,0,person,0.64,894.0,206.1,973.3,364.9,933.7,285.5,-1.03,-2.51,2.71,-3.94
156,5.2,17,0,person,0.664,757.5,292.6,865.5,453.7,811.5,373.2,-2.47,-3.87,4.6,-3.89
156,5.2,31,2,car,0.749,553.2,215.6,676.2,297.2,614.7,256.4,3.71,-4.23,5.63,1.55
156,5.2,30,0,person,0.653,893.2,205.0,971.4,361.7,932.3,283.3,-1.37,-2.16,2.56,0.35
157,5.233,17,0,person,0.608,752.4,292.4,864.2,458.3,808.3,375.4,-3.19,2.22,3.89,6.1
157,5.233,31,2,car,0.62,564.1,211.9,677.7,291.7,620.9,251.8,6.21,-4.59,7.72,-0.36
157,5.233,30,0,person,0.656,892.9,203.4,970.8,358.5,931.8,280.9,-0.48,-2.42,2.47,-0.26
158,5.267,17,0,person,0.822,737.2,292.8,872.6,498.4,804.9,395.6,-3.46,20.18,20.48,17.96
158,5.267,30,0,person,0.695,892.0,202.8,970.6,357.5,931.3,280.2,-0.55,-0.74,0.92,1.68
159,5.3,17,0,person,0.839,731.8,295.4,872.7,513.7,802.2,404.6,-2.62,8.98,9.36,-11.2
159,5.3,30,0,person,0.667,888.8,203.1,969.3,360.8,929.1,282.0,-2.22,1.78,2.84,2.52
160,5.333,17,0,person,0.864,727.1,296.2,873.1,527.8,800.1,412.0,-2.18,7.45,7.76,-1.53
160,5.333,30,0,person,0.659,887.5,203.3,967.7,358.8,927.6,281.0,-1.49,-0.91,1.75,-2.68
161,5.367,17,0,person,0.871,725.0,294.5,871.4,531.7,798.2,413.1,-1.84,1.11,2.15,-6.34
161,5.367,30,0,person,0.711,888.9,201.4,968.8,354.5,928.9,277.9,1.31,-3.12,3.38,-2.21
162,5.4,17,0,person,0.87,725.1,292.1,869.7,530.9,797.4,411.5,-0.81,-1.61,1.8,-2.72
162,5.4,30,0,person,0.675,891.0,199.3,971.3,351.9,931.1,275.6,2.29,-2.37,3.29,0.75
163,5.433,17,0,person,0.871,725.2,290.7,867.5,529.0,796.3,409.9,-1.06,-1.62,1.94,-0.02
163,5.433,30,0,person,0.636,893.5,196.9,975.7,352.3,934.6,274.6,3.46,-0.98,3.59,1.39
164,5.467,17,0,person,0.866,725.3,290.8,865.5,528.1,795.4,409.5,-0.95,-0.42,1.04,1.21
164,5.467,30,0,person,0.614,895.7,196.1,978.7,352.3,937.2,274.2,2.62,-0.41,2.65,0.57
165,5.5,17,0,person,0.862,725.9,290.4,864.6,527.2,795.3,408.8,-0.12,-0.69,0.7,-0.28
165,5.5,30,0,person,0.631,897.2,195.3,980.7,352.3,939.0,273.8,1.77,-0.36,1.81,0.05
166,5.533,17,0,person,0.858,727.5,289.3,864.8,525.9,796.2,407.6,0.88,-1.18,1.47,-0.49
166,5.533,30,0,person,0.608,899.0,193.9,983.7,352.8,941.4,273.3,2.37,-0.47,2.42,-0.11
166,5.533,36,28,box,0.394,781.4,549.0,857.1,654.3,819.2,601.6,0.0,0.0,0.0,0.0
167,5.567,17,0,person,0.866,729.0,288.8,865.2,526.2,797.1,407.5,0.97,-0.11,0.98,1.07
167,5.567,30,0,person,0.627,900.3,192.8,986.8,355.8,943.5,274.3,2.17,0.96,2.37,1.43
167,5.567,36,28,box,0.427,778.6,548.1,855.9,655.0,817.3,601.6,-1.94,-0.06,1.94,-0.06
168,5.6,17,0,person,0.87,729.9,289.5,864.8,527.3,797.4,408.4,0.23,0.92,0.95,1.03
168,5.6,30,0,person,0.616,902.4,192.7,989.1,357.8,945.7,275.2,2.19,0.92,2.38,-0.04
168,5.6,36,28,box,0.311,777.4,548.6,855.9,656.3,816.7,602.4,-0.59,0.83,1.02,0.89
169,5.633,17,0,person,0.872,731.5,290.7,864.4,527.4,797.9,409.1,0.6,0.67,0.89,-0.25
169,5.633,30,0,person,0.569,904.5,192.9,990.8,359.0,947.6,275.9,1.89,0.71,2.01,-0.21
170,5.667,17,0,person,0.875,733.3,290.2,865.3,527.3,799.3,408.8,1.38,-0.3,1.41,-0.97
170,5.667,30,0,person,0.653,906.3,192.6,992.1,359.6,949.2,276.1,1.57,0.16,1.58,-0.54
171,5.7,17,0,person,0.869,735.0,289.2,866.1,526.3,800.5,407.8,1.21,-1.01,1.57,-0.71
171,5.7,30,0,person,0.626,906.4,191.8,992.7,361.0,949.5,276.4,0.36,0.32,0.49,0.16
172,5.733,17,0,person,0.872,736.1,287.4,866.6,524.5,801.4,406.0,0.83,-1.78,1.96,-0.77
172,5.733,30,0,person,0.611,907.6,190.8,993.0,359.4,950.3,275.1,0.75,-1.33,1.52,-1.65
173,5.767,17,0,person,0.863,736.8,285.4,866.8,522.6,801.8,404.0,0.45,-2.01,2.06,-0.23
173,5.767,30,0,person,0.579,908.5,189.4,993.3,358.1,950.9,273.7,0.6,-1.37,1.5,-0.05
174,5.8,17,0,person,0.857,738.0,283.4,867.5,521.0,802.7,402.2,0.92,-1.77,1.99,0.24
174,5.8,30,0,person,0.6,909.9,187.6,993.9,356.1,951.9,271.9,1.0,-1.86,2.11,-0.48
175,5.833,17,0,person,0.844,739.4,281.7,868.4,520.0,803.9,400.9,1.16,-1.35,1.78,0.41
175,5.833,30,0,person,0.594,910.9,185.8,993.7,353.3,952.3,269.6,0.4,-2.31,2.35,-0.46
176,5.867,17,0,person,0.836,741.6,279.7,869.8,517.9,805.7,398.8,1.78,-2.06,2.72,-0.7
176,5.867,30,0,person,0.619,911.7,184.3,992.5,350.2,952.1,267.3,-0.17,-2.3,2.3,0.02
177,5.9,17,0,person,0.829,742.5,277.6,870.1,516.0,806.3,396.8,0.63,-1.96,2.06,0.09
177,5.9,30,0,person,0.428,912.2,182.6,992.9,350.2,952.5,266.4,0.43,-0.83,0.94,1.46
178,5.933,17,0,person,0.834,742.1,276.7,869.2,515.2,805.7,395.9,-0.65,-0.91,1.12,1.06
178,5.933,30,0,person,0.595,912.4,181.9,992.8,350.8,952.6,266.4,0.05,-0.05,0.07,0.79
179,5.967,17,0,person,0.838,741.2,276.6,867.9,514.9,804.5,395.7,-1.12,-0.21,1.14,0.7
179,5.967,30,0,person,0.563,912.0,182.7,991.2,350.5,951.6,266.6,-0.98,0.23,1.01,0.28
180,6.0,17,0,person,0.848,741.1,277.0,866.9,513.8,804.0,395.4,-0.52,-0.32,0.61,-0.11
180,6.0,30,0,person,0.604,911.6,183.2,990.5,351.4,951.1,267.3,-0.54,0.7,0.88,0.46
181,6.033,17,0,person,0.834,742.3,277.4,868.0,513.6,805.1,395.5,1.12,0.11,1.13,0.44
181,6.033,30,0,person,0.601,911.4,183.4,990.4,352.6,950.9,268.0,-0.16,0.69,0.71,-0.0
182,6.067,17,0,person,0.832,742.9,276.9,868.8,514.0,805.9,395.4,0.76,-0.07,0.76,-0.19
182,6.067,30,0,person,0.589,910.7,185.1,989.8,354.7,950.2,269.9,-0.68,1.87,1.99,1.17
183,6.1,17,0,person,0.836,743.4,278.5,869.5,516.7,806.5,397.6,0.58,2.19,2.27,2.26
183,6.1,30,0,person,0.494,909.1,187.7,988.6,357.9,948.9,272.8,-1.36,2.96,3.26,1.09
184,6.133,17,0,person,0.835,745.5,280.3,870.2,516.4,807.9,398.3,1.41,0.71,1.58,-1.48
184,6.133,30,0,person,0.478,909.5,190.4,988.9,360.0,949.2,275.2,0.32,2.38,2.4,-0.57
185,6.167,17,0,person,0.547,754.0,282.6,859.2,475.1,806.6,378.8,-1.3,-19.51,19.55,-20.22
185,6.167,30,0,person,0.518,907.0,194.0,986.6,362.7,946.8,278.4,-2.38,3.16,3.96,0.78
186,6.2,17,0,person,0.579,757.5,286.6,852.4,454.5,805.0,370.5,-1.6,-8.29,8.44,11.22
186,6.2,30,0,person,0.504,907.1,197.2,987.1,365.7,947.1,281.5,0.28,3.09,3.1,-0.07
187,6.233,17,0,person,0.631,757.5,289.9,849.1,446.9,803.3,368.4,-1.67,-2.12,2.7,6.17
187,6.233,30,0,person,0.53,908.3,201.2,987.9,368.7,948.1,285.0,1.03,3.5,3.65,0.41
188,6.267,17,0,person,0.579,755.3,292.5,849.4,448.9,802.3,370.7,-0.98,2.27,2.47,4.39
188,6.267,30,0,person,0.438,910.7,203.8,989.8,370.1,950.3,286.9,2.14,1.99,2.93,-1.51
189,6.3,17,0,person,0.629,754.2,295.0,848.3,446.6,801.3,370.8,-1.07,0.12,1.07,-2.15
189,6.3,30,0,person,0.468,912.1,206.4,990.6,372.1,951.4,289.3,1.14,2.32,2.59,0.33
190,6.333,17,0,person,0.719,754.8,296.6,849.1,444.0,802.0,370.3,0.71,-0.51,0.87,-0.63
190,6.333,30,0,person,0.614,913.9,208.2,991.5,371.9,952.7,290.1,1.32,0.8,1.54,-1.52
191,6.367,17,0,person,0.606,755.2,295.8,851.1,442.4,803.2,369.1,1.18,-1.18,1.67,-0.67
192,6.4,17,0,person,0.639,756.5,294.8,854.3,441.5,805.4,368.1,2.26,-0.99,2.47,0.18
193,6.433,17,0,person,0.632,756.5,294.1,856.3,441.2,806.4,367.6,0.98,-0.49,1.09,0.5
194,6.467,17,0,person,0.611,755.2,293.9,857.3,441.5,806.3,367.7,-0.13,0.03,0.13,0.52
195,6.5,17,0,person,0.595,752.9,293.4,862.1,449.1,807.5,371.2,1.27,3.54,3.76,3.52
196,6.533,17,0,person,0.606,743.0,292.0,872.0,477.8,807.5,384.9,-0.02,13.67,13.67,10.13
196,6.533,30,0,person,0.351,926.8,201.5,1005.8,364.8,966.3,283.2,2.26,-1.15,2.54,-0.33
197,6.567,17,0,person,0.668,740.1,291.2,875.3,488.0,807.7,389.6,0.2,4.74,4.75,-8.93
197,6.567,30,0,person,0.319,930.7,216.9,1004.1,363.6,967.4,290.3,1.11,7.1,7.19,8.25
198,6.6,17,0,person,0.663,742.3,291.5,877.8,490.9,810.1,391.2,2.38,1.56,2.84,-3.18
199,6.633,17,0,person,0.563,750.5,294.3,871.9,471.8,811.2,383.1,1.14,-8.13,8.2,-9.68
199,6.633,30,0,person,0.329,930.7,225.8,1006.0,370.9,968.3,298.3,0.47,4.03,4.06,-1.53
200,6.667,17,0,person,0.585,753.0,295.1,871.5,468.0,812.3,381.6,1.05,-1.48,1.81,6.64
200,6.667,30,0,person,0.429,931.9,224.9,1010.8,374.4,971.4,299.7,3.01,1.34,3.3,-2.69
201,6.7,17,0,person,0.573,748.0,293.0,877.5,484.1,812.7,388.5,0.48,6.94,6.96,8.42
201,6.7,30,0,person,0.457,937.6,226.1,1018.4,374.2,978.0,300.1,6.64,0.45,6.65,-0.89
202,6.733,17,0,person,0.572,745.4,292.9,877.7,489.3,811.6,391.1,-1.18,2.57,2.83,-4.37
202,6.733,30,0,person,0.452,939.4,219.3,1024.4,373.8,981.9,296.6,3.9,-3.53,5.26,-3.97
203,6.767,17,0,person,0.586,746.3,294.9,873.6,483.6,810.0,389.3,-1.6,-1.83,2.43,-4.41
203,6.767,30,0,person,0.512,939.1,221.4,1023.0,374.0,981.1,297.7,-0.83,1.11,1.39,4.64
204,6.8,17,0,person,0.553,744.7,295.3,874.2,487.7,809.5,391.5,-0.51,2.2,2.25,4.03
204,6.8,30,0,person,0.525,941.7,227.3,1022.5,374.3,982.1,300.8,1.04,3.1,3.27,1.99
205,6.833,17,0,person,0.575,746.1,294.3,876.3,488.8,811.2,391.5,1.72,0.09,1.72,-2.1
205,6.833,30,0,person,0.443,944.0,217.0,1029.0,372.3,986.5,294.6,4.37,-6.16,7.55,-9.26
206,6.867,17,0,person,0.688,748.3,293.4,878.2,489.2,813.2,391.3,2.07,-0.24,2.09,-0.34
206,6.867,30,0,person,0.36,947.0,218.8,1029.3,369.6,988.1,294.2,1.67,-0.41,1.72,5.74
207,6.9,17,0,person,0.71,751.0,292.9,880.4,490.1,815.7,391.5,2.48,0.18,2.48,0.42
207,6.9,30,0,person,0.377,948.1,225.9,1026.5,368.6,987.3,297.3,-0.85,3.03,3.15,3.44
208,6.933,17,0,person,0.749,752.0,291.9,882.5,493.8,817.3,392.9,1.56,1.37,2.08,1.2
208,6.933,30,0,person,0.335,950.5,225.5,1029.1,368.7,989.8,297.1,2.5,-0.15,2.5,-3.18
209,6.967,17,0,person,0.743,752.6,290.4,882.5,494.4,817.5,392.4,0.27,-0.41,0.49,-1.78
210,7.0,17,0,person,0.719,753.3,286.4,882.4,491.5,817.9,388.9,0.34,-3.5,3.51,-3.08
210,7.0,30,0,person,0.316,950.0,221.0,1026.5,361.6,988.2,291.3,-0.77,-2.9,3.0,-1.38
211,7.033,17,0,person,0.743,751.5,283.2,880.6,490.7,816.0,387.0,-1.86,-1.98,2.71,1.51
211,7.033,30,0,person,0.355,944.5,201.3,1028.5,359.4,986.5,280.3,-1.73,-10.96,11.1,-8.06
212,7.067,17,0,person,0.736,748.9,281.0,877.6,489.7,813.3,385.4,-2.75,-1.61,3.19,0.37
212,7.067,30,0,person,0.376,944.7,204.2,1026.6,359.2,985.7,281.7,-0.86,1.32,1.57,12.28
213,7.1,17,0,person,0.733,747.3,280.4,875.5,490.2,811.4,385.3,-1.85,-0.07,1.85,1.54
213,7.1,30,0,person,0.373,947.3,213.3,1024.2,359.3,985.8,286.3,0.11,4.62,4.62,3.3
214,7.133,17,0,person,0.764,748.5,279.7,876.6,490.8,812.5,385.2,1.11,-0.05,1.11,0.02
214,7.133,30,0,person,0.301,948.3,215.5,1024.0,358.0,986.1,286.7,0.35,0.46,0.58,-4.16
215,7.167,17,0,person,0.77,751.3,279.3,877.2,488.0,814.2,383.6,1.7,-1.59,2.33,-1.55
216,7.2,17,0,person,0.757,753.4,279.4,877.7,486.9,815.6,383.1,1.33,-0.5,1.42,1.1
217,7.233,17,0,person,0.76,755.5,278.9,878.3,484.8,816.9,381.9,1.35,-1.28,1.86,-0.78
218,7.267,17,0,person,0.756,756.5,278.1,878.8,484.1,817.6,381.1,0.73,-0.76,1.05,0.52
219,7.3,17,0,person,0.845,751.5,279.3,884.2,507.2,817.8,393.3,0.21,12.15,12.15,12.91
220,7.333,17,0,person,0.835,750.7,280.1,885.6,515.5,818.1,397.8,0.31,4.55,4.56,-7.6
220,7.333,41,28,box,0.385,735.0,553.4,792.3,665.6,763.6,609.5,0.0,0.0,0.0,0.0
221,7.367,17,0,person,0.83,750.9,280.2,885.9,519.3,818.4,399.7,0.26,1.91,1.93,-2.65
221,7.367,41,28,box,0.386,736.2,554.0,793.3,665.6,764.8,609.8,1.11,0.28,1.14,0.28
222,7.4,17,0,person,0.841,751.0,279.0,885.5,520.7,818.3,399.9,-0.16,0.14,0.21,-1.77
222,7.4,41,28,box,0.506,737.7,555.0,794.5,666.1,766.1,610.5,1.39,0.76,1.58,0.47
223,7.433,17,0,person,0.842,751.8,279.6,884.6,521.3,818.2,400.5,-0.08,0.63,0.64,0.5
223,7.433,41,28,box,0.542,738.9,555.0,795.9,666.2,767.4,610.6,1.23,0.06,1.23,-0.69
223,7.433,43,28,box,0.365,828.0,542.6,887.3,648.4,857.6,595.5,0.0,0.0,0.0,0.0
224,7.467,17,0,person,0.842,752.2,274.7,885.2,520.5,818.7,397.6,0.55,-2.86,2.92,-3.5
224,7.467,41,28,box,0.378,740.5,552.7,797.9,664.8,769.2,608.8,1.82,-1.83,2.58,-1.89
224,7.467,43,28,box,0.389,830.1,541.4,889.7,647.5,859.9,594.4,2.3,-1.1,2.55,-1.1
225,7.5,17,0,person,0.825,756.2,275.0,886.1,518.0,821.1,396.5,2.41,-1.12,2.65,1.75
225,7.5,41,28,box,0.404,743.0,552.0,799.8,663.0,771.4,607.5,2.24,-1.26,2.57,0.57
225,7.5,43,28,box,0.524,831.2,540.6,890.1,645.2,860.6,592.9,0.73,-1.52,1.69,-0.42
226,7.533,17,0,person,0.833,759.3,273.0,887.0,514.1,823.2,393.5,2.04,-2.98,3.61,-1.86
226,7.533,41,28,box,0.307,744.1,550.7,800.9,661.6,772.5,606.2,1.1,-1.32,1.72,-0.06
226,7.533,43,28,box,0.591,832.6,540.0,890.7,642.9,861.7,591.4,1.03,-1.48,1.8,0.04
227,7.567,17,0,person,0.845,762.5,272.5,888.4,511.9,825.5,392.2,2.31,-1.34,2.67,1.64
227,7.567,43,28,box,0.634,832.9,539.0,891.3,642.3,862.1,590.7,0.47,-0.77,0.9,0.71
228,7.6,17,0,person,0.847,764.3,272.5,888.7,510.6,826.5,391.6,0.98,-0.61,1.16,0.73
228,7.6,43,28,box,0.589,833.4,538.7,891.9,642.0,862.7,590.3,0.54,-0.34,0.64,0.43
229,7.633,17,0,person,0.838,766.0,271.9,889.4,509.5,827.7,390.7,1.26,-0.88,1.53,-0.26
229,7.633,43,28,box,0.586,833.5,537.1,892.3,640.6,862.9,588.9,0.22,-1.45,1.47,-1.11
230,7.667,17,0,person,0.825,768.3,271.9,889.6,507.4,828.9,389.6,1.23,-1.05,1.61,-0.17
230,7.667,43,28,box,0.465,834.8,534.4,893.4,637.9,864.1,586.1,1.17,-2.72,2.96,-1.26
231,7.7,17,0,person,0.813,770.2,269.2,890.7,505.3,830.4,387.2,1.49,-2.41,2.84,-1.37
231,7.7,43,28,box,0.377,835.1,530.1,893.8,634.2,864.4,582.1,0.35,-3.99,4.01,-1.27
232,7.733,17,0,person,0.821,771.1,268.0,890.9,503.9,831.0,385.9,0.6,-1.29,1.42,1.12
233,7.767,17,0,person,0.812,771.2,268.2,890.1,503.4,830.6,385.8,-0.42,-0.14,0.45,1.15
234,7.8,17,0,person,0.816,770.1,266.8,888.9,503.5,829.5,385.1,-1.13,-0.66,1.31,-0.52
235,7.833,17,0,person,0.831,770.2,264.5,889.1,503.0,829.7,383.7,0.19,-1.4,1.41,-0.74
236,7.867,17,0,person,0.831,770.8,264.0,889.1,502.9,829.9,383.4,0.27,-0.29,0.4,1.11
237,7.9,17,0,person,0.835,769.9,262.5,888.3,503.4,829.1,383.0,-0.84,-0.45,0.96,-0.16
237,7.9,41,28,box,0.402,747.4,536.4,805.5,649.4,776.5,592.9,0.36,-1.21,1.26,0.01
237,7.9,43,28,box,0.361,833.5,527.0,892.2,631.2,862.8,579.1,-0.27,-0.51,0.57,0.58
238,7.933,17,0,person,0.839,769.9,264.0,887.5,505.2,828.7,384.6,-0.39,1.59,1.63,2.04
239,7.967,17,0,person,0.844,770.7,267.6,886.3,506.7,828.5,387.2,-0.19,2.57,2.58,0.98
240,8.0,17,0,person,0.839,771.1,268.1,885.8,507.4,828.4,387.7,-0.07,0.57,0.57,-2.0
241,8.033,17,0,person,0.831,771.8,268.5,885.5,508.4,828.6,388.5,0.2,0.74,0.77,0.17
242,8.067,17,0,person,0.823,772.4,267.9,885.5,509.1,829.0,388.5,0.31,0.0,0.31,-0.74
243,8.1,17,0,person,0.802,773.2,272.7,883.1,509.6,828.1,391.2,-0.83,2.7,2.83,2.7
244,8.133,17,0,person,0.824,774.1,273.0,882.9,509.8,828.5,391.4,0.4,0.22,0.45,-2.48
245,8.167,17,0,person,0.843,777.4,271.0,886.5,510.1,831.9,390.6,3.42,-0.83,3.51,-1.04
246,8.2,17,0,person,0.79,780.7,271.0,889.1,509.7,834.9,390.3,2.96,-0.2,2.97,0.62
247,8.233,17,0,person,0.808,783.7,270.8,892.6,511.6,838.2,391.2,3.26,0.85,3.37,1.06
248,8.267,17,0,person,0.85,786.9,273.6,896.6,516.4,841.7,395.0,3.57,3.79,5.21,2.93
249,8.3,17,0,person,0.825,791.8,279.7,900.1,518.0,846.0,398.9,4.25,3.89,5.77,0.11
250,8.333,17,0,person,0.818,796.9,286.4,904.2,519.4,850.5,402.9,4.53,4.02,6.06,0.13
251,8.367,17,0,person,0.74,802.2,298.9,906.6,520.0,854.4,409.5,3.91,6.55,7.63,2.53
252,8.4,17,0,person,0.755,803.9,297.5,911.9,521.8,857.9,409.7,3.49,0.2,3.5,-6.35
253,8.433,17,0,person,0.807,804.4,295.4,916.4,521.9,860.4,408.7,2.49,-0.97,2.67,-1.17
254,8.467,17,0,person,0.8,807.2,292.7,922.0,518.4,864.6,405.5,4.2,-3.14,5.24,-2.17
255,8.5,17,0,person,0.81,808.0,290.8,925.4,514.3,866.7,402.6,2.07,-2.97,3.62,0.17
256,8.533,17,0,person,0.829,811.2,288.6,931.0,511.4,871.1,400.0,4.42,-2.56,5.11,0.42
257,8.567,17,0,person,0.783,814.8,286.9,936.8,510.8,875.8,398.8,4.69,-1.18,4.83,1.38
258,8.6,17,0,person,0.769,817.7,284.2,942.5,512.4,880.1,398.3,4.31,-0.55,4.35,0.63
259,8.633,17,0,person,0.739,822.4,282.1,947.9,513.0,885.1,397.6,5.03,-0.74,5.09,-0.2
260,8.667,17,0,person,0.767,821.2,279.9,949.9,519.5,885.5,399.7,0.39,2.14,2.18,2.89
261,8.7,17,0,person,0.807,816.8,279.1,946.3,522.4,881.5,400.7,-4.0,1.05,4.14,-1.1
262,8.733,17,0,person,0.781,810.7,281.5,940.3,526.0,875.5,403.8,-6.06,3.01,6.77,1.96
263,8.767,17,0,person,0.76,809.2,285.3,937.0,526.9,873.1,406.1,-2.34,2.35,3.31,-0.66
264,8.8,17,0,person,0.687,811.2,289.9,934.5,523.7,872.9,406.8,-0.26,0.7,0.75,-1.65
265,8.833,17,0,person,0.729,812.0,293.7,933.3,524.5,872.6,409.1,-0.23,2.29,2.3,1.59
266,8.867,17,0,person,0.697,812.6,299.1,930.8,524.9,871.7,412.0,-0.93,2.91,3.06,0.62
267,8.9,17,0,person,0.646,814.9,300.2,933.1,528.0,874.0,414.1,2.32,2.06,3.1,-0.85
268,8.933,17,0,person,0.716,816.6,299.3,934.2,528.1,875.4,413.7,1.35,-0.36,1.39,-2.42
269,8.967,17,0,person,0.773,818.8,304.8,933.1,528.1,875.9,416.4,0.57,2.73,2.79,3.09
270,9.0,17,0,person,0.525,819.3,312.1,947.7,563.9,883.5,438.0,7.53,21.6,22.88,18.87
271,9.033,17,0,person,0.55,822.8,317.2,952.7,572.4,887.8,444.8,4.3,6.78,8.03,-14.83
272,9.067,17,0,person,0.588,829.4,319.1,944.3,541.9,886.9,430.5,-0.88,-14.31,14.34,-21.09
273,9.1,17,0,person,0.359,834.0,328.5,940.3,529.2,887.2,428.8,0.28,-1.66,1.68,12.66
275,9.167,17,0,person,0.456,845.0,330.6,950.5,525.5,897.8,428.0,5.29,-0.41,5.31,0.62
276,9.2,17,0,person,0.572,844.8,330.6,953.4,525.7,899.1,428.2,1.34,0.13,1.34,0.55
277,9.233,17,0,person,0.452,845.6,333.2,955.9,526.9,900.8,430.1,1.68,1.9,2.54,1.77
277,9.233,45,0,person,0.346,761.1,256.5,843.1,356.2,802.1,306.3,0.0,0.0,0.0,0.0
278,9.267,17,0,person,0.524,847.7,335.1,960.0,527.6,903.9,431.3,3.11,1.26,3.35,-0.64
278,9.267,45,0,person,0.428,761.0,257.8,842.3,356.5,801.7,307.1,-0.42,0.81,0.91,0.81
284,9.467,17,0,person,0.407,838.0,343.1,974.2,576.0,906.1,459.5,0.37,4.7,4.72,0.57
285,9.5,17,0,person,0.455,842.5,342.1,967.9,550.4,905.2,446.2,-0.89,-13.32,13.35,-18.02
286,9.533,17,0,person,0.322,846.4,341.6,965.1,533.1,905.7,437.4,0.51,-8.84,8.86,4.48
288,9.6,9005,0,person,0.35,839.8,205.6,1057.5,526.2,948.6,365.9,0.0,0.0,0.0,0.0
289,9.633,47,0,person,0.461,841.2,206.1,1057.4,524.5,949.3,365.3,0.0,0.0,0.0,0.0
293,9.767,17,0,person,0.381,853.8,333.9,973.2,520.3,913.5,427.1,1.11,-1.47,1.84,1.05
294,9.8,17,0,person,0.457,853.2,333.1,974.4,517.4,913.8,425.2,0.29,-1.87,1.89,-0.4
296,9.867,17,0,person,0.464,851.0,330.4,976.7,518.1,913.9,424.3,0.02,-0.48,0.48,0.7
297,9.9,17,0,person,0.524,849.7,329.9,977.5,518.8,913.6,424.4,-0.27,0.1,0.29,0.58
298,9.933,17,0,person,0.564,847.4,329.2,978.7,522.3,913.0,425.8,-0.57,1.42,1.53,1.32
299,9.967,17,0,person,0.441,843.6,328.7,980.5,530.0,912.0,429.4,-1.0,3.57,3.71,2.15
301,10.033,17,0,person,0.442,845.6,328.3,978.3,522.7,912.0,425.5,-0.02,-1.93,1.93,-2.75
302,10.067,17,0,person,0.322,842.7,327.6,980.4,530.4,911.6,429.0,-0.4,3.51,3.54,5.44
303,10.1,17,0,person,0.344,838.9,322.9,984.2,539.5,911.6,431.2,0.01,2.19,2.19,-1.33
304,10.133,17,0,person,0.537,836.9,309.8,988.9,539.9,912.9,424.9,1.31,-6.32,6.46,-8.51
305,10.167,17,0,person,0.435,840.2,310.6,985.7,531.2,913.0,420.9,0.1,-3.98,3.98,2.34
306,10.2,17,0,person,0.705,839.7,300.0,987.6,526.1,913.7,413.1,0.67,-7.83,7.86,-3.85
307,10.233,17,0,person,0.58,838.8,292.5,991.3,528.0,915.0,410.2,1.36,-2.82,3.13,5.02
308,10.267,17,0,person,0.678,840.2,286.4,996.4,530.2,918.3,408.3,3.29,-1.91,3.81,0.91
309,10.3,17,0,person,0.737,847.4,281.7,1000.6,522.2,924.0,402.0,5.66,-6.36,8.52,-4.45
310,10.333,17,0,person,0.575,851.1,277.8,1002.9,516.5,927.0,397.1,3.02,-4.82,5.69,1.54
311,10.367,17,0,person,0.642,856.2,278.0,1004.9,511.5,930.6,394.7,3.56,-2.4,4.3,2.42
316,10.533,17,0,person,0.342,875.8,301.8,1015.5,517.8,945.7,409.8,3.02,3.01,4.26,1.08
317,10.567,17,0,person,0.497,878.4,307.3,1019.4,523.2,948.9,415.2,3.24,5.48,6.36,2.47
318,10.6,17,0,person,0.458,880.0,308.9,1024.1,531.8,952.1,420.4,3.18,5.11,6.02,-0.36
319,10.633,17,0,person,0.472,881.7,309.5,1026.2,536.2,954.0,422.8,1.92,2.48,3.14,-2.63
321,10.7,17,0,person,0.41,883.8,307.7,1033.9,547.2,958.8,427.5,2.42,2.31,3.35,-0.09
322,10.733,17,0,person,0.637,882.4,304.4,1031.5,546.0,956.9,425.2,-1.93,-2.25,2.97,-4.56
323,10.767,17,0,person,0.61,881.7,305.1,1028.4,546.1,955.0,425.6,-1.87,0.43,1.92,2.68
324,10.8,17,0,person,0.601,880.5,299.8,1027.9,545.9,954.2,422.8,-0.84,-2.8,2.92,-3.22
325,10.833,17,0,person,0.702,879.6,292.2,1027.6,544.3,953.6,418.2,-0.63,-4.59,4.63,-1.79
326,10.867,17,0,person,0.707,878.3,289.8,1025.6,544.6,951.9,417.2,-1.65,-1.05,1.96,3.53
327,10.9,17,0,person,0.729,877.3,290.0,1022.7,545.7,950.0,417.9,-1.9,0.69,2.02,1.74
327,10.9,48,0,person,0.461,965.9,150.4,1109.6,449.0,1037.7,299.7,0.0,0.0,0.0,0.0
328,10.933,17,0,person,0.753,878.6,289.9,1022.5,546.8,950.5,418.4,0.51,0.47,0.7,-0.22
329,10.967,17,0,person,0.743,879.3,291.9,1020.6,547.8,950.0,419.8,-0.57,1.48,1.59,1.01
330,11.0,17,0,person,0.752,879.3,293.4,1018.2,547.6,948.7,420.5,-1.21,0.62,1.36,-0.86
330,11.0,48,0,person,0.34,961.7,149.6,1116.7,471.9,1039.2,310.7,0.5,3.69,3.72,1.23
331,11.033,17,0,person,0.715,880.2,293.6,1017.3,547.7,948.7,420.6,-0.01,0.19,0.19,-0.43
332,11.067,17,0,person,0.785,886.2,292.5,1020.6,544.8,953.4,418.6,4.67,-2.01,5.08,-2.2
333,11.1,17,0,person,0.763,888.1,291.9,1020.8,544.5,954.4,418.2,1.04,-0.45,1.13,1.56
334,11.133,17,0,person,0.794,889.2,293.1,1020.0,545.1,954.6,419.1,0.15,0.91,0.93,1.36
335,11.167,17,0,person,0.712,889.0,294.7,1018.4,545.8,953.7,420.2,-0.89,1.15,1.45,0.23
336,11.2,17,0,person,0.735,890.1,297.2,1019.0,548.0,954.5,422.6,0.82,2.31,2.45,1.16
337,11.233,17,0,person,0.776,892.8,300.4,1020.9,549.8,956.9,425.1,2.33,2.55,3.45,0.24
338,11.267,17,0,person,0.759,895.6,304.5,1022.9,552.3,959.3,428.4,2.43,3.29,4.09,0.74
339,11.3,17,0,person,0.827,901.9,309.8,1026.7,552.9,964.3,431.4,5.04,2.95,5.84,-0.34
340,11.333,17,0,person,0.797,905.6,314.8,1030.5,558.7,968.1,436.8,3.76,5.43,6.61,2.48
341,11.367,17,0,person,0.793,905.9,322.7,1031.8,569.5,968.8,446.1,0.76,9.32,9.35,3.89
342,11.4,17,0,person,0.776,905.8,331.4,1031.7,578.8,968.7,455.1,-0.1,9.0,9.0,-0.32
343,11.433,17,0,person,0.771,906.5,338.2,1031.4,584.4,968.9,461.3,0.21,6.2,6.2,-2.8
344,11.467,17,0,person,0.727,908.7,345.2,1031.8,588.5,970.2,466.9,1.29,5.59,5.74,-0.61
345,11.5,17,0,person,0.688,906.1,349.6,1031.1,597.5,968.6,473.5,-1.65,6.65,6.85,1.06
346,11.533,17,0,person,0.709,904.9,351.7,1030.3,601.3,967.6,476.5,-1.02,2.91,3.08,-3.74
347,11.567,17,0,person,0.732,904.3,351.5,1028.3,598.9,966.3,475.2,-1.28,-1.25,1.79,-4.16
348,11.6,17,0,person,0.757,902.5,349.7,1025.3,595.7,963.9,472.7,-2.37,-2.5,3.45,-1.25
349,11.633,17,0,person,0.603,900.4,346.6,1024.5,595.5,962.4,471.1,-1.51,-1.62,2.22,0.88
350,11.667,17,0,person,0.702,895.6,344.1,1024.1,604.2,959.9,474.2,-2.55,3.08,4.0,4.7
351,11.7,17,0,person,0.798,893.7,341.9,1019.8,598.0,956.7,470.0,-3.12,-4.21,5.24,-7.29
352,11.733,17,0,person,0.798,890.6,338.3,1014.2,589.9,952.4,464.1,-4.34,-5.84,7.28,-1.64
353,11.767,17,0,person,0.755,888.3,334.1,1009.5,581.1,948.9,457.6,-3.52,-6.5,7.39,-0.66
354,11.8,17,0,person,0.746,886.1,329.2,1006.3,574.9,946.2,452.1,-2.63,-5.54,6.14,0.96
355,11.833,17,0,person,0.702,881.1,326.7,1007.6,587.6,944.3,457.2,-1.89,5.1,5.43,10.64
356,11.867,17,0,person,0.736,881.1,324.1,1006.0,582.6,943.6,453.4,-0.79,-3.8,3.88,-8.89
357,11.9,17,0,person,0.753,881.7,321.1,1003.5,573.4,942.6,447.3,-0.94,-6.07,6.14,-2.27
358,11.933,17,0,person,0.75,879.7,319.7,1004.7,580.4,942.2,450.1,-0.41,2.77,2.8,8.84
359,11.967,17,0,person,0.729,874.9,321.1,1004.4,594.2,939.6,457.7,-2.58,7.6,8.03,4.83
360,12.0,17,0,person,0.708,869.1,325.8,1003.4,611.1,936.2,468.4,-3.4,10.77,11.29,3.17
361,12.033,17,0,person,0.695,866.9,329.8,1001.6,618.0,934.3,473.9,-1.97,5.46,5.81,-5.31
362,12.067,17,0,person,0.717,866.9,332.4,1000.4,619.9,933.6,476.2,-0.64,2.29,2.37,-3.18
363,12.1,17,0,person,0.747,867.4,333.5,999.8,620.4,933.6,476.9,0.02,0.76,0.76,-1.53
364,12.133,17,0,person,0.721,869.0,333.4,997.5,612.1,933.3,472.8,-0.35,-4.18,4.2,-4.94
365,12.167,17,0,person,0.728,867.3,332.7,995.9,613.1,931.6,472.9,-1.67,0.13,1.67,4.31
366,12.2,17,0,person,0.741,865.8,331.2,994.1,612.4,929.9,471.8,-1.69,-1.05,1.99,-1.17
367,12.233,17,0,person,0.749,864.9,328.6,994.0,613.4,929.5,471.0,-0.46,-0.87,0.99,0.17
368,12.267,17,0,person,0.71,868.1,326.3,992.3,599.7,930.2,463.0,0.71,-7.97,8.0,-7.09
369,12.3,17,0,person,0.747,871.2,325.2,992.3,590.8,931.8,458.0,1.58,-4.98,5.23,2.98
370,12.333,17,0,person,0.747,874.5,325.3,993.5,585.6,934.0,455.4,2.28,-2.57,3.44,2.41
371,12.367,17,0,person,0.706,875.2,325.6,994.4,585.3,934.8,455.4,0.75,-0.01,0.75,2.57
372,12.4,17,0,person,0.686,876.0,327.8,996.1,588.7,936.1,458.3,1.3,2.82,3.1,2.83
373,12.433,17,0,person,0.591,872.5,329.5,999.8,607.7,936.1,468.6,0.07,10.35,10.35,7.53
374,12.467,17,0,person,0.642,877.0,330.4,998.1,594.2,937.6,462.3,1.41,-6.29,6.44,-16.64
375,12.5,17,0,person,0.62,879.1,331.8,997.7,589.4,938.4,460.6,0.88,-1.7,1.91,4.59
375,12.5,53,0,person,0.357,1002.7,239.8,1088.6,382.7,1045.6,311.3,0.0,0.0,0.0,0.0
376,12.533,17,0,person,0.596,877.1,331.0,998.8,595.7,937.9,463.3,-0.49,2.72,2.76,4.41
377,12.567,17,0,person,0.752,882.6,326.5,999.2,578.3,940.9,452.4,2.92,-10.97,11.35,-13.69
378,12.6,17,0,person,0.771,885.7,319.6,1001.1,567.2,943.4,443.4,2.56,-8.97,9.32,2.01
379,12.633,17,0,person,0.765,886.3,312.9,1002.4,561.0,944.4,436.9,0.93,-6.47,6.54,2.49
380,12.667,17,0,person,0.658,884.9,307.8,1000.6,553.3,942.7,430.5,-1.61,-6.38,6.58,0.09
381,12.7,17,0,person,0.682,883.0,301.7,998.7,546.5,940.9,424.1,-1.89,-6.45,6.72,-0.07
382,12.733,17,0,person,0.734,882.9,295.8,999.4,541.4,941.1,418.6,0.29,-5.47,5.48,0.98
383,12.767,17,0,person,0.768,884.2,292.3,1002.3,540.5,943.2,416.4,2.11,-2.27,3.09,3.2
384,12.8,17,0,person,0.781,885.9,291.0,1004.3,539.1,945.1,415.1,1.84,-1.28,2.24,0.99
385,12.833,17,0,person,0.786,889.7,293.0,1006.5,536.8,948.1,414.9,3.01,-0.13,3.02,1.15
386,12.867,17,0,person,0.631,892.3,297.0,1009.7,542.7,951.0,419.9,2.93,4.9,5.71,5.03
387,12.9,17,0,person,0.451,889.8,298.1,1021.1,578.3,955.5,438.2,4.44,18.37,18.9,13.47
388,12.933,17,0,person,0.6,898.9,299.0,1021.3,558.8,960.1,428.9,4.65,-9.35,10.44,-27.72
389,12.967,17,0,person,0.669,905.9,299.9,1022.8,547.0,964.4,423.4,4.23,-5.43,6.88,3.92
390,13.0,17,0,person,0.726,909.0,299.3,1024.6,542.4,966.8,420.8,2.41,-2.63,3.57,2.8
391,13.033,17,0,person,0.725,911.2,298.4,1027.1,541.4,969.1,419.9,2.36,-0.92,2.54,1.71
392,13.067,17,0,person,0.712,911.3,296.9,1028.6,542.1,970.0,419.5,0.86,-0.41,0.95,0.51
393,13.1,17,0,person,0.761,912.8,293.4,1032.5,543.1,972.6,418.2,2.64,-1.25,2.92,-0.84
394,13.133,17,0,person,0.793,913.8,290.7,1032.6,537.0,973.2,413.9,0.56,-4.37,4.41,-3.12
394,13.133,57,28,box,0.448,902.9,530.8,961.3,633.3,932.1,582.0,0.0,0.0,0.0,0.0
395,13.167,17,0,person,0.796,914.3,288.6,1033.0,533.9,973.7,411.3,0.48,-2.6,2.64,1.77
395,13.167,57,28,box,0.397,902.5,530.1,960.7,632.2,931.6,581.1,-0.53,-0.89,1.04,-0.89
396,13.2,17,0,person,0.79,910.1,288.4,1033.2,542.8,971.6,415.6,-2.03,4.35,4.8,6.94
396,13.2,57,28,box,0.338,902.1,530.9,958.7,630.2,930.4,580.5,-1.21,-0.6,1.35,0.29
397,13.233,17,0,person,0.784,910.0,288.3,1032.0,539.5,971.0,413.9,-0.65,-1.7,1.82,-6.04
397,13.233,57,28,box,0.32,900.9,532.1,956.8,629.8,928.9,580.9,-1.53,0.4,1.58,1.0
398,13.267,17,0,person,0.753,909.4,289.4,1031.4,540.5,970.4,415.0,-0.59,1.05,1.21,2.75
398,13.267,57,28,box,0.365,899.3,530.0,957.1,631.3,928.2,580.6,-0.65,-0.32,0.72,-0.72
399,13.3,17,0,person,0.783,907.7,290.1,1030.0,541.3,968.9,415.7,-1.53,0.77,1.71,-0.28
399,13.3,57,28,box,0.45,898.9,532.6,955.7,632.1,927.3,582.4,-0.89,1.74,1.95,2.06
400,13.333,17,0,person,0.794,905.4,290.9,1030.1,547.3,967.8,419.1,-1.07,3.37,3.54,2.6
400,13.333,57,28,box,0.465,897.9,533.6,954.6,632.3,926.2,583.0,-1.09,0.59,1.24,-1.15
401,13.367,17,0,person,0.789,904.7,292.0,1030.0,550.2,967.4,421.1,-0.42,1.99,2.04,-1.38
401,13.367,57,28,box,0.424,897.7,534.3,954.4,632.6,926.1,583.4,-0.18,0.49,0.52,-0.1
402,13.4,17,0,person,0.766,905.4,292.5,1029.4,548.2,967.4,420.3,0.02,-0.77,0.77,-2.76
402,13.4,57,28,box,0.421,895.0,533.9,953.2,633.7,924.1,583.8,-1.92,0.37,1.96,-0.12
403,13.433,17,0,person,0.688,904.0,294.1,1026.6,546.2,965.3,420.2,-2.07,-0.17,2.08,0.6
404,13.467,17,0,person,0.745,904.8,294.8,1025.7,542.7,965.2,418.7,-0.09,-1.41,1.42,-1.24
404,13.467,57,28,box,0.426,895.4,536.6,953.3,634.5,924.4,585.6,0.12,0.88,0.89,0.26
405,13.5,17,0,person,0.719,903.5,295.2,1023.8,541.3,963.6,418.2,-1.59,-0.52,1.67,0.89
405,13.5,57,28,box,0.397,893.7,538.1,951.7,634.7,922.7,586.4,-1.7,0.85,1.9,-0.03
406,13.533,17,0,person,0.744,903.3,295.1,1023.0,539.5,963.2,417.3,-0.47,-0.88,1.0,-0.36
406,13.533,57,28,box,0.399,892.7,538.4,951.3,634.4,922.0,586.4,-0.67,-0.02,0.67,-0.86
407,13.567,17,0,person,0.697,903.3,293.3,1023.8,538.6,963.6,416.0,0.39,-1.36,1.41,-0.48
408,13.6,17,0,person,0.764,903.4,290.2,1024.4,536.5,963.9,413.3,0.32,-2.64,2.66,-1.28
408,13.6,57,28,box,0.505,889.5,533.2,950.5,631.7,920.0,582.4,-1.0,-1.99,2.22,-0.98
409,13.633,17,0,person,0.74,902.8,288.4,1024.2,535.6,963.5,412.0,-0.38,-1.35,1.4,1.3
409,13.633,57,28,box,0.483,888.9,529.9,951.2,630.1,920.0,580.0,0.01,-2.44,2.44,-0.45
410,13.667,17,0,person,0.74,903.5,286.1,1023.5,530.2,963.5,408.1,0.04,-3.85,3.85,-2.51
411,13.7,17,0,person,0.748,903.1,282.2,1023.2,525.9,963.1,404.0,-0.41,-4.1,4.12,-0.24
411,13.7,57,28,box,0.318,888.1,523.7,951.2,624.9,919.6,574.3,-0.2,-2.84,2.85,-0.2
412,13.733,17,0,person,0.795,901.8,278.6,1023.3,525.0,962.6,401.8,-0.57,-2.23,2.3,1.86
413,13.767,17,0,person,0.784,901.2,275.2,1023.5,523.7,962.4,399.5,-0.19,-2.32,2.33,-0.09
413,13.767,58,6,train,0.402,13.8,0.0,1278.8,607.9,646.3,303.9,0.0,0.0,0.0,0.0
414,13.8,17,0,person,0.801,898.8,272.4,1026.6,534.3,962.7,403.4,0.31,3.89,3.91,6.22
414,13.8,57,28,box,0.4,888.2,513.7,953.1,617.0,920.7,565.3,0.35,-2.99,3.01,-0.05
415,13.833,17,0,person,0.677,901.9,269.8,1025.6,523.8,963.7,396.8,1.05,-6.61,6.7,-10.51
416,13.867,17,0,person,0.681,903.2,267.6,1025.2,517.9,964.2,392.7,0.46,-4.04,4.07,2.57
417,13.9,17,0,person,0.707,904.6,266.0,1024.9,512.4,964.8,389.2,0.56,-3.51,3.55,0.53
418,13.933,17,0,person,0.735,904.7,265.1,1025.6,512.6,965.1,388.8,0.36,-0.37,0.52,3.14
419,13.967,17,0,person,0.732,904.7,265.2,1025.4,512.0,965.1,388.6,-0.03,-0.28,0.28,0.09
420,14.0,17,0,person,0.729,904.8,265.3,1025.1,510.8,965.0,388.1,-0.12,-0.52,0.53,-0.24
421,14.033,17,0,person,0.802,904.9,264.3,1026.1,511.5,965.5,387.9,0.54,-0.13,0.55,0.39
421,14.033,57,28,box,0.369,890.5,505.0,955.8,609.2,923.2,557.1,0.35,-1.18,1.23,0.26
422,14.067,17,0,person,0.777,904.4,262.6,1026.9,512.8,965.7,387.7,0.18,-0.2,0.27,-0.08
422,14.067,57,28,box,0.304,891.8,504.1,956.5,608.0,924.1,556.0,0.99,-1.07,1.46,0.11
423,14.1,17,0,person,0.811,905.7,260.7,1028.1,510.8,966.9,385.8,1.18,-1.97,2.3,-1.77
423,14.1,57,28,box,0.442,893.6,502.5,957.8,606.9,925.7,554.7,1.59,-1.35,2.09,-0.28
424,14.133,17,0,person,0.801,908.4,258.5,1031.2,509.2,969.8,383.8,2.97,-1.91,3.53,0.06
424,14.133,57,28,box,0.533,895.8,499.9,960.2,606.1,928.0,553.0,2.25,-1.65,2.79,-0.3
425,14.167,17,0,person,0.785,910.1,257.0,1034.3,510.6,972.2,383.8,2.37,-0.04,2.37,1.86
425,14.167,57,28,box,0.608,895.1,497.3,960.4,605.7,927.8,551.5,-0.21,-1.53,1.54,0.12
426,14.2,17,0,person,0.783,912.6,256.8,1035.1,506.7,973.9,381.8,1.65,-2.05,2.63,-2.0
426,14.2,57,28,box,0.543,893.9,497.4,959.4,605.6,926.6,551.5,-1.14,-0.04,1.14,1.49
427,14.233,17,0,person,0.77,913.5,256.4,1035.9,506.4,974.7,381.4,0.89,-0.35,0.96,1.7
427,14.233,57,28,box,0.552,891.9,497.6,958.1,605.6,925.0,551.6,-1.61,0.14,1.62,0.18
428,14.267,17,0,person,0.769,913.2,257.0,1037.2,511.3,975.2,384.2,0.46,2.75,2.78,3.09
428,14.267,57,28,box,0.519,894.1,497.9,960.1,605.7,927.1,551.8,2.05,0.18,2.06,0.04
429,14.3,17,0,person,0.745,912.9,257.4,1038.4,516.3,975.7,386.8,0.47,2.7,2.74,-0.05
429,14.3,57,28,box,0.372,896.1,498.3,961.7,605.9,928.9,552.1,1.82,0.33,1.85,0.14
430,14.333,17,0,person,0.688,912.2,258.0,1038.6,520.4,975.4,389.2,-0.25,2.36,2.37,-0.34
431,14.367,17,0,person,0.681,912.1,258.5,1038.0,521.4,975.0,389.9,-0.38,0.72,0.81,-1.64
432,14.4,17,0,person,0.701,911.9,257.8,1037.9,522.5,974.9,390.1,-0.12,0.19,0.23,-0.53
433,14.433,17,0,person,0.695,911.8,256.9,1037.6,522.5,974.7,389.7,-0.18,-0.43,0.47,-0.62
434,14.467,17,0,person,0.685,912.2,256.3,1037.5,522.1,974.9,389.2,0.12,-0.5,0.51,-0.07
435,14.5,17,0,person,0.717,913.2,255.8,1037.1,519.1,975.2,387.5,0.32,-1.72,1.75,-1.23
436,14.533,17,0,person,0.723,914.0,255.2,1036.6,515.8,975.3,385.5,0.13,-1.98,1.99,-0.26
437,14.567,17,0,person,0.691,914.4,254.8,1037.0,515.4,975.7,385.1,0.37,-0.36,0.52,1.62
438,14.6,17,0,person,0.7,914.7,255.0,1036.8,514.7,975.7,384.9,0.06,-0.26,0.27,0.1
439,14.633,17,0,person,0.639,913.5,255.7,1037.7,520.6,975.6,388.1,-0.12,3.28,3.29,3.55
440,14.667,17,0,person,0.627,913.3,257.1,1037.4,522.3,975.4,389.7,-0.27,1.56,1.58,-1.72
441,14.7,17,0,person,0.674,915.0,258.5,1036.9,519.3,975.9,388.9,0.57,-0.81,0.99,-2.37
442,14.733,17,0,person,0.677,914.8,260.4,1036.9,522.1,975.8,391.3,-0.11,2.37,2.37,3.18
443,14.767,17,0,person,0.635,914.1,264.5,1037.3,529.5,975.7,397.0,-0.08,5.76,5.76,3.39
444,14.8,17,0,person,0.552,904.9,268.3,1043.4,571.7,974.2,420.0,-1.58,22.98,23.04,17.22
445,14.833,17,0,person,0.586,905.2,270.5,1042.4,575.1,973.8,422.8,-0.33,2.82,2.84,-20.16
446,14.867,17,0,person,0.575,906.1,271.2,1041.7,575.4,973.9,423.3,0.11,0.49,0.5,-2.33
447,14.9,17,0,person,0.665,908.6,272.7,1040.6,570.5,974.6,421.6,0.65,-1.69,1.81,-2.18
448,14.933,17,0,person,0.637,911.3,275.3,1036.7,557.8,974.0,416.5,-0.59,-5.1,5.13,-3.41
449,14.967,17,0,person,0.731,915.7,277.8,1033.8,542.4,974.8,410.1,0.77,-6.46,6.51,-1.37
450,15.0,17,0,person,0.705,915.7,278.1,1034.4,543.5,975.0,410.8,0.27,0.78,0.83,7.25
451,15.033,17,0,person,0.712,916.4,275.5,1036.5,544.2,976.4,409.8,1.39,-1.0,1.71,-1.79
452,15.067,17,0,person,0.621,921.1,272.9,1036.8,530.1,979.0,401.5,2.58,-8.36,8.74,-7.35
453,15.1,17,0,person,0.549,922.0,272.1,1037.1,526.6,979.5,399.4,0.56,-2.13,2.2,6.23
454,15.133,17,0,person,0.684,924.1,271.2,1037.4,520.5,980.7,395.9,1.2,-3.5,3.7,-1.37
455,15.167,17,0,person,0.728,926.0,269.7,1038.1,515.3,982.1,392.5,1.35,-3.35,3.61,0.15
456,15.2,17,0,person,0.766,927.5,267.4,1039.3,510.2,983.4,388.8,1.27,-3.71,3.92,-0.36
457,15.233,17,0,person,0.759,928.1,265.7,1042.1,512.0,985.1,388.8,1.74,0.04,1.74,3.76
458,15.267,17,0,person,0.67,927.3,264.6,1046.2,521.8,986.8,393.2,1.65,4.35,4.66,4.31
459,15.3,17,0,person,0.646,931.1,263.3,1049.7,520.0,990.4,391.6,3.61,-1.56,3.93,-5.91
460,15.333,17,0,person,0.551,934.3,263.3,1051.3,515.3,992.8,389.3,2.4,-2.32,3.34,-0.77
461,15.367,17,0,person,0.483,935.2,263.7,1052.4,515.3,993.8,389.5,1.01,0.2,1.03,2.52
462,15.4,17,0,person,0.513,931.8,264.0,1056.4,533.1,994.1,398.5,0.33,9.04,9.04,8.84
463,15.433,17,0,person,0.565,932.7,265.0,1055.3,530.2,994.0,397.6,-0.13,-0.98,0.99,-10.02
464,15.467,17,0,person,0.635,933.7,266.5,1052.7,524.2,993.2,395.3,-0.76,-2.23,2.36,-1.25
465,15.5,17,0,person,0.688,934.7,268.1,1050.6,518.5,992.7,393.3,-0.55,-2.03,2.1,0.21
466,15.533,17,0,person,0.65,933.3,268.5,1050.7,522.1,992.0,395.3,-0.7,2.02,2.14,4.04
466,15.533,61,28,box,0.324,913.6,501.2,975.8,614.3,944.7,557.7,0.0,0.0,0.0,0.0
467,15.567,17,0,person,0.674,932.9,269.9,1050.7,524.4,991.8,397.2,-0.22,1.88,1.89,-0.14
467,15.567,61,28,box,0.397,913.8,504.3,974.5,614.5,944.1,559.4,-0.58,1.69,1.78,1.69
468,15.6,17,0,person,0.659,929.1,270.5,1047.7,525.3,988.4,397.9,-3.37,0.7,3.44,-1.18
469,15.633,17,0,person,0.729,929.5,270.2,1046.7,521.1,988.1,395.7,-0.28,-2.21,2.22,-2.9
470,15.667,17,0,person,0.699,933.3,268.3,1052.5,524.7,992.9,396.5,4.83,0.85,4.9,3.05
470,15.667,61,28,box,0.361,916.9,507.7,975.2,613.6,946.1,560.7,0.64,0.43,0.77,-0.42
471,15.7,17,0,person,0.659,937.7,268.3,1056.6,524.9,997.2,396.6,4.23,0.04,4.23,-0.8
471,15.7,61,28,box,0.363,916.4,507.7,974.9,613.5,945.6,560.6,-0.43,-0.09,0.44,-0.52
472,15.733,17,0,person,0.696,938.7,269.5,1058.6,530.1,998.7,399.8,1.49,3.24,3.57,3.2
472,15.733,61,28,box,0.399,916.7,507.4,975.0,612.6,945.9,560.0,0.23,-0.58,0.62,-0.49
473,15.767,17,0,person,0.717,941.8,267.5,1058.0,520.9,999.9,394.2,1.24,-5.61,5.74,-8.85
473,15.767,61,28,box,0.342,917.4,506.1,976.2,611.5,946.8,558.8,0.96,-1.2,1.54,-0.62
474,15.8,17,0,person,0.598,943.8,268.1,1059.2,521.4,1001.5,394.8,1.58,0.56,1.67,6.17
474,15.8,61,28,box,0.337,918.2,504.9,977.4,610.1,947.8,557.5,0.99,-1.31,1.64,-0.11
475,15.833,17,0,person,0.678,945.3,274.8,1060.9,528.6,1003.1,401.7,1.63,6.95,7.14,6.39
475,15.833,61,28,box,0.356,919.2,504.5,978.8,609.6,949.0,557.0,1.17,-0.45,1.25,0.86
476,15.867,17,0,person,0.696,947.7,282.4,1062.0,530.4,1004.8,406.4,1.73,4.69,5.0,-2.26
476,15.867,61,28,box,0.35,919.3,504.6,979.7,610.2,949.5,557.4,0.5,0.39,0.64,0.84
477,15.9,17,0,person,0.713,948.7,285.6,1063.3,531.7,1006.0,408.6,1.16,2.24,2.52,-2.45
477,15.9,61,28,box,0.425,917.0,504.1,978.9,611.3,947.9,557.7,-1.53,0.24,1.55,-0.15
478,15.933,17,0,person,0.708,948.5,286.7,1067.1,539.9,1007.8,413.3,1.84,4.66,5.01,2.42
478,15.933,61,28,box,0.411,919.5,504.3,981.4,610.5,950.5,557.4,2.51,-0.28,2.53,-0.52
479,15.967,17,0,person,0.718,952.3,284.5,1067.5,527.2,1009.9,405.8,2.03,-7.46,7.74,-12.12
479,15.967,61,28,box,0.434,919.6,505.4,981.1,610.4,950.4,557.9,-0.09,0.51,0.51,0.79
480,16.0,17,0,person,0.698,949.7,279.8,1072.4,537.9,1011.0,408.9,1.17,3.05,3.26,10.51
480,16.0,61,28,box,0.371,919.7,505.8,981.5,612.0,950.6,558.9,0.27,0.98,1.02,0.48
480,16.0,66,0,person,0.516,1130.1,108.7,1280.0,428.1,1205.1,268.4,0.0,0.0,0.0,0.0
481,16.033,17,0,person,0.704,945.1,276.4,1075.6,550.4,1010.4,413.4,-0.69,4.52,4.57,1.48
482,16.067,17,0,person,0.671,941.6,273.7,1075.6,552.6,1008.6,413.1,-1.78,-0.26,1.8,-4.78
483,16.1,17,0,person,0.713,944.1,274.8,1073.3,540.3,1008.7,407.5,0.15,-5.6,5.6,-5.34
484,16.133,17,0,person,0.729,946.4,276.5,1077.3,545.3,1011.8,410.9,3.11,3.36,4.58,8.96
485,16.167,17,0,person,0.777,945.2,278.3,1076.8,548.5,1011.0,413.4,-0.81,2.47,2.6,-0.89
486,16.2,17,0,person,0.772,941.5,279.4,1072.1,546.5,1006.8,412.9,-4.21,-0.42,4.23,-2.9
487,16.233,17,0,person,0.75,933.0,280.8,1063.2,544.0,998.1,412.4,-8.73,-0.56,8.75,-0.14
488,16.267,17,0,person,0.773,922.1,279.7,1054.3,545.0,988.2,412.4,-9.86,-0.01,9.86,0.55
489,16.3,17,0,person,0.756,917.2,279.2,1048.1,539.4,982.6,409.3,-5.61,-3.06,6.39,-3.05
490,16.333,17,0,person,0.776,913.4,278.6,1043.0,534.6,978.2,406.6,-4.39,-2.68,5.15,0.38
491,16.367,17,0,person,0.684,915.5,280.0,1036.5,516.6,976.0,398.3,-2.24,-8.34,8.63,-5.66
492,16.4,17,0,person,0.603,918.6,279.1,1032.5,499.0,975.6,389.0,-0.44,-9.28,9.29,-0.95
493,16.433,17,0,person,0.413,923.9,287.6,1030.8,491.1,977.3,389.3,1.79,0.33,1.82,9.61
494,16.467,17,0,person,0.616,920.4,274.5,1033.7,490.1,977.1,382.3,-0.28,-7.04,7.04,-7.37
495,16.5,17,0,person,0.664,919.1,269.0,1035.6,490.6,977.4,379.8,0.33,-2.46,2.48,4.57
496,16.533,17,0,person,0.718,917.6,266.2,1036.7,492.4,977.2,379.3,-0.19,-0.58,0.61,1.88
496,16.533,66,0,person,0.319,1126.7,112.2,1278.1,431.6,1202.4,271.9,-0.17,0.22,0.28,0.01
497,16.567,17,0,person,0.584,915.7,265.2,1037.0,495.0,976.4,380.1,-0.83,0.86,1.19,1.44
498,16.6,17,0,person,0.587,916.8,265.0,1038.7,495.7,977.7,380.4,1.37,0.23,1.39,-0.62
499,16.633,17,0,person,0.74,917.5,265.3,1040.0,497.1,978.7,381.2,0.99,0.85,1.3,0.62
500,16.667,17,0,person,0.676,918.9,265.2,1043.1,498.8,981.0,382.0,2.28,0.8,2.42,-0.05
501,16.7,17,0,person,0.67,917.3,265.2,1049.3,512.7,983.3,388.9,2.27,6.94,7.3,6.13
501,16.7,66,0,person,0.331,1131.7,128.1,1273.6,422.5,1202.6,275.3,0.05,0.68,0.69,0.09
502,16.733,17,0,person,0.674,919.3,265.3,1051.7,511.3,985.5,388.3,2.23,-0.61,2.31,-7.54
503,16.767,17,0,person,0.684,919.6,265.8,1050.3,507.4,984.9,386.6,-0.58,-1.71,1.81,-1.1
504,16.8,17,0,person,0.749,921.0,265.3,1051.2,504.4,986.1,384.8,1.2,-1.8,2.17,-0.1
505,16.833,17,0,person,0.749,920.0,264.5,1053.7,508.3,986.9,386.4,0.76,1.62,1.79,3.43
506,16.867,17,0,person,0.785,921.0,265.3,1056.8,511.3,988.9,388.3,1.99,1.86,2.73,0.24
507,16.9,17,0,person,0.748,922.2,265.0,1057.6,508.7,989.9,386.9,1.03,-1.44,1.77,-3.3
508,16.933,17,0,person,0.741,924.5,262.9,1058.2,501.0,991.4,382.0,1.46,-4.9,5.11,-3.46
508,16.933,66,0,person,0.352,1130.0,115.3,1273.1,406.0,1201.5,260.6,-0.15,-2.1,2.1,-0.4
509,16.967,17,0,person,0.724,924.6,262.3,1059.9,502.2,992.3,382.3,0.9,0.3,0.94,5.19
509,16.967,66,0,person,0.384,1128.4,112.1,1274.7,405.7,1201.5,258.9,-0.02,-1.74,1.74,0.36
510,17.0,17,0,person,0.707,924.0,263.0,1060.2,505.2,992.1,384.1,-0.16,1.84,1.85,1.55
510,17.0,66,0,person,0.349,1127.7,113.2,1275.8,408.2,1201.7,260.7,0.22,1.83,1.84,3.57
511,17.033,17,0,person,0.741,922.7,263.2,1061.2,510.5,992.0,386.8,-0.12,2.74,2.74,0.9
511,17.033,68,28,box,0.327,833.5,533.1,883.8,605.6,858.6,569.4,0.0,0.0,0.0,0.0
512,17.067,17,0,person,0.736,921.3,262.1,1061.0,513.0,991.2,387.5,-0.79,0.67,1.04,-2.07
512,17.067,68,28,box,0.312,833.6,531.5,885.0,605.7,859.3,568.6,0.66,-0.77,1.02,-0.77
513,17.1,17,0,person,0.784,919.5,261.4,1060.4,517.2,990.0,389.3,-1.23,1.77,2.15,1.1
513,17.1,68,28,box,0.301,834.2,531.2,885.7,605.7,860.0,568.5,0.71,-0.14,0.72,0.63
514,17.133,17,0,person,0.798,920.5,262.2,1056.7,511.0,988.6,386.6,-1.33,-2.69,3.0,-4.46
515,17.167,17,0,person,0.776,921.0,261.9,1054.4,507.0,987.7,384.4,-0.93,-2.15,2.34,0.54
515,17.167,68,28,box,0.375,836.0,531.5,887.2,605.5,861.6,568.5,0.8,0.04,0.8,0.09
516,17.2,17,0,person,0.81,922.9,260.8,1051.7,498.3,987.3,379.6,-0.38,-4.89,4.9,-2.74
516,17.2,68,28,box,0.399,836.5,529.9,888.5,605.3,862.5,567.6,0.95,-0.96,1.35,-1.0
517,17.233,17,0,person,0.776,924.6,258.8,1051.2,493.5,987.9,376.2,0.6,-3.41,3.46,1.48
517,17.233,68,28,box,0.375,837.4,528.1,891.1,606.0,864.3,567.0,1.72,-0.54,1.8,0.42
517,17.233,66,0,person,0.36,1126.0,117.2,1280.0,436.8,1203.0,277.0,0.18,2.33,2.34,0.07
518,17.267,17,0,person,0.815,926.0,257.1,1051.5,490.7,988.8,373.9,0.87,-2.29,2.45,1.12
518,17.267,68,28,box,0.459,838.6,526.7,893.2,606.1,865.9,566.4,1.65,-0.65,1.77,-0.11
518,17.267,70,28,box,0.393,911.2,514.8,984.1,619.2,947.7,567.0,0.0,0.0,0.0,0.0
519,17.3,17,0,person,0.798,927.2,255.8,1050.9,487.3,989.0,371.6,0.23,-2.3,2.31,-0.0
519,17.3,68,28,box,0.334,839.3,525.2,894.7,605.9,867.0,565.6,1.11,-0.81,1.37,-0.16
519,17.3,70,28,box,0.465,914.0,513.5,986.6,617.6,950.3,565.6,2.62,-1.47,3.01,-1.47
520,17.333,17,0,person,0.798,928.0,253.4,1051.2,485.1,989.6,369.2,0.56,-2.34,2.41,-0.04
520,17.333,70,28,box,0.434,911.0,510.9,983.7,614.9,947.3,562.9,-2.94,-2.67,3.98,-1.21
521,17.367,17,0,person,0.813,928.8,251.1,1052.2,484.4,990.5,367.7,0.97,-1.47,1.76,0.87
521,17.367,70,28,box,0.469,907.4,508.0,982.0,614.4,944.7,561.2,-2.62,-1.72,3.14,0.95
522,17.4,17,0,person,0.805,929.5,252.1,1052.6,485.8,991.0,369.0,0.51,1.2,1.31,2.68
522,17.4,70,28,box,0.452,911.3,510.5,984.9,615.4,948.1,563.0,3.43,1.8,3.87,3.52
523,17.433,17,0,person,0.815,929.3,254.1,1051.6,487.4,990.4,370.8,-0.62,1.8,1.91,0.6
523,17.433,70,28,box,0.349,915.0,513.5,987.5,617.2,951.2,565.3,3.07,2.38,3.89,0.58
524,17.467,17,0,person,0.816,930.3,256.0,1050.7,486.8,990.5,371.4,0.08,0.64,0.64,-1.17
524,17.467,70,28,box,0.351,914.5,514.5,986.7,617.9,950.6,566.2,-0.59,0.87,1.05,-1.51
525,17.5,17,0,person,0.743,932.1,256.7,1055.0,493.4,993.6,375.0,3.05,3.66,4.76,3.02
525,17.5,70,28,box,0.301,920.0,515.0,991.0,617.9,955.5,566.4,4.88,0.23,4.89,-0.64
526,17.533,17,0,person,0.762,934.3,258.4,1058.9,500.5,996.6,379.4,3.04,4.39,5.34,0.73
526,17.533,70,28,box,0.396,909.0,513.5,983.0,618.4,946.0,566.0,-9.51,-0.48,9.52,-0.71
527,17.567,17,0,person,0.778,936.3,261.3,1060.3,504.1,998.3,382.7,1.7,3.24,3.66,-1.15
527,17.567,70,28,box,0.394,904.6,515.0,980.3,620.2,942.5,567.6,-3.53,1.66,3.9,2.13
528,17.6,17,0,person,0.758,937.7,264.1,1061.9,509.5,999.8,386.8,1.53,4.12,4.39,0.88
528,17.6,70,28,box,0.362,904.5,517.1,981.4,622.2,943.0,569.7,0.52,2.03,2.1,0.37
529,17.633,17,0,person,0.762,938.9,264.6,1068.0,523.4,1003.4,394.0,3.6,7.22,8.07,3.1
529,17.633,70,28,box,0.464,902.3,516.8,981.4,622.5,941.9,569.7,-1.1,0.01,1.1,-2.02
530,17.667,17,0,person,0.715,944.3,265.0,1071.7,523.7,1008.0,394.3,4.55,0.34,4.57,-6.88
531,17.7,17,0,person,0.721,941.6,266.0,1078.6,549.2,1010.1,407.6,2.14,13.25,13.42,12.91
532,17.733,17,0,person,0.677,947.1,265.9,1077.6,537.7,1012.4,401.8,2.26,-5.78,6.21,-19.03
533,17.767,17,0,person,0.712,952.2,265.8,1081.0,536.1,1016.6,401.0,4.2,-0.85,4.28,4.94
534,17.8,17,0,person,0.634,958.3,264.8,1080.1,520.6,1019.2,392.7,2.62,-8.25,8.66,-7.41
535,17.833,17,0,person,0.386,957.8,263.0,1085.3,533.8,1021.5,398.4,2.34,5.67,6.13,13.92
548,18.267,17,0,person,0.45,973.9,253.1,1100.7,522.3,1037.3,387.7,1.21,-0.82,1.46,-0.5
549,18.3,17,0,person,0.438,975.7,250.7,1099.6,510.9,1037.7,380.8,0.41,-6.88,6.89,-6.06
551,18.367,17,0,person,0.413,974.7,247.9,1096.0,499.0,1035.3,373.4,-1.18,-3.68,3.87,1.6
553,18.433,17,0,person,0.367,969.9,248.1,1091.0,496.0,1030.5,372.1,-2.42,-0.69,2.52,1.5
555,18.5,17,0,person,0.415,971.2,249.8,1091.1,491.9,1031.1,370.8,0.34,-0.62,0.7,0.04
565,18.833,17,0,person,0.608,979.5,253.1,1097.4,494.0,1038.5,373.5,0.73,0.27,0.78,0.09
566,18.867,17,0,person,0.546,981.8,251.4,1099.9,494.9,1040.8,373.1,2.36,-0.42,2.4,-0.69
567,18.9,17,0,person,0.643,982.2,250.1,1099.6,493.9,1040.9,372.0,0.09,-1.15,1.16,-0.74
568,18.933,17,0,person,0.619,983.0,251.1,1099.0,492.9,1041.0,372.0,0.08,0.02,0.08,1.17
569,18.967,17,0,person,0.63,981.6,253.4,1100.7,504.1,1041.1,378.7,0.13,6.74,6.74,6.73
572,19.067,17,0,person,0.708,982.3,260.3,1102.2,510.8,1042.3,385.6,0.38,2.29,2.32,-1.49
573,19.1,17,0,person,0.736,977.9,261.6,1102.8,518.6,1040.3,390.1,-1.93,4.55,4.94,2.27
574,19.133,17,0,person,0.707,970.8,264.2,1111.0,554.3,1040.9,409.2,0.57,19.08,19.09,14.53
575,19.167,17,0,person,0.579,971.8,263.6,1117.0,567.2,1044.4,415.4,3.47,6.18,7.09,-12.9
576,19.2,17,0,person,0.649,984.0,264.9,1116.0,538.7,1050.0,401.8,5.65,-13.6,14.73,-19.78
577,19.233,17,0,person,0.62,990.5,265.0,1117.4,525.2,1053.9,395.1,3.92,-6.73,7.79,6.88
577,19.233,71,28,box,0.459,894.0,513.0,952.3,623.2,923.1,568.1,0.0,0.0,0.0,0.0
578,19.267,17,0,person,0.612,996.1,263.6,1123.5,524.0,1059.8,393.8,5.88,-1.25,6.01,5.47
579,19.3,17,0,person,0.6,1002.5,261.5,1130.0,523.2,1066.2,392.4,6.42,-1.43,6.57,-0.17
580,19.333,17,0,person,0.651,1005.9,258.2,1132.7,519.5,1069.3,388.9,3.08,-3.52,4.68,-2.1
581,19.367,17,0,person,0.678,1009.3,257.1,1134.2,516.2,1071.7,386.7,2.4,-2.19,3.25,1.34
582,19.4,17,0,person,0.509,1003.7,255.8,1134.7,529.4,1069.2,392.6,-2.49,5.89,6.4,8.08
583,19.433,17,0,person,0.69,1000.9,255.4,1136.4,542.7,1068.6,399.1,-0.59,6.52,6.55,0.63
584,19.467,17,0,person,0.688,1001.0,256.9,1133.1,539.0,1067.1,397.9,-1.58,-1.18,1.97,-7.7
585,19.5,17,0,person,0.661,998.7,259.8,1127.5,535.6,1063.1,397.7,-3.95,-0.24,3.96,0.93
585,19.5,71,28,box,0.565,896.3,514.0,952.8,621.8,924.5,567.9,0.18,-0.03,0.18,-0.0
586,19.533,17,0,person,0.685,993.8,262.0,1124.1,542.9,1059.0,402.4,-4.14,4.77,6.32,5.01
586,19.533,73,28,box,0.344,1035.0,433.1,1164.7,600.7,1099.8,516.9,0.0,0.0,0.0,0.0
586,19.533,71,28,box,0.403,894.6,516.5,950.4,623.4,922.5,570.0,-2.06,2.05,2.9,2.08
587,19.567,17,0,person,0.698,998.3,267.0,1118.9,526.4,1058.6,396.7,-0.33,-5.72,5.73,-10.49
587,19.567,71,28,box,0.337,893.0,517.9,948.6,624.3,920.8,571.1,-1.66,1.17,2.03,-0.88
588,19.6,17,0,person,0.719,994.5,265.4,1121.0,540.2,1057.7,402.8,-0.88,6.1,6.16,11.82
589,19.633,17,0,person,0.671,997.0,266.1,1117.2,525.9,1057.1,396.0,-0.62,-6.82,6.85,-12.92
590,19.667,17,0,person,0.493,994.4,267.3,1121.9,545.4,1058.2,406.3,1.05,10.36,10.41,17.18
591,19.7,17,0,person,0.33,995.4,268.6,1123.0,548.5,1059.2,408.6,1.03,2.21,2.44,-8.15
592,19.733,17,0,person,0.408,997.5,268.1,1119.5,534.9,1058.5,401.5,-0.7,-7.05,7.08,-9.26
601,20.033,17,0,person,0.454,988.0,245.8,1117.6,535.1,1052.8,390.5,-0.63,-1.22,1.38,0.65
602,20.067,17,0,person,0.699,982.2,245.5,1117.5,558.1,1049.8,401.8,-2.97,11.35,11.73,12.57
603,20.1,17,0,person,0.488,980.0,245.7,1114.7,565.5,1047.4,405.6,-2.49,3.79,4.54,-7.55
604,20.133,17,0,person,0.667,979.1,247.7,1109.7,564.0,1044.4,405.9,-2.94,0.23,2.95,-3.56
605,20.167,17,0,person,0.662,978.0,251.0,1106.7,569.4,1042.3,410.2,-2.09,4.35,4.82,4.11
606,20.2,17,0,person,0.424,976.9,253.7,1104.1,575.1,1040.5,414.4,-1.84,4.2,4.59,-0.14
607,20.233,17,0,person,0.69,982.6,254.8,1095.8,540.1,1039.2,397.4,-1.33,-16.97,17.02,-21.17
608,20.267,17,0,person,0.696,985.1,255.2,1093.0,526.6,1039.1,390.9,-0.1,-6.52,6.52,10.45
609,20.3,17,0,person,0.623,986.5,254.9,1093.1,520.8,1039.8,387.8,0.74,-3.08,3.17,3.44
610,20.333,17,0,person,0.692,987.8,252.7,1094.8,517.9,1041.3,385.3,1.53,-2.54,2.96,0.54
611,20.367,17,0,person,0.395,985.9,250.8,1104.2,544.8,1045.0,397.8,3.68,12.53,13.06,15.07
613,20.433,17,0,person,0.336,995.8,247.6,1106.7,520.0,1051.2,383.8,3.1,-7.02,7.68,-9.78
615,20.5,17,0,person,0.422,1003.1,242.2,1112.5,509.7,1057.8,375.9,3.29,-3.93,5.13,1.54
619,20.633,17,0,person,0.618,1007.7,248.4,1117.4,514.6,1062.6,381.5,1.19,1.4,1.84,1.33
620,20.667,17,0,person,0.495,1009.8,248.9,1118.7,512.0,1064.2,380.5,1.66,-1.05,1.97,-2.45
622,20.733,17,0,person,0.641,1000.4,249.9,1118.6,534.4,1059.5,392.2,-2.38,5.85,6.32,3.45
623,20.767,17,0,person,0.57,1000.4,254.3,1114.7,525.9,1057.5,390.1,-1.92,-2.03,2.79,-7.88
624,20.8,17,0,person,0.706,994.1,257.8,1109.7,527.7,1051.9,392.7,-5.64,2.61,6.22,4.64
625,20.833,17,0,person,0.697,991.9,259.4,1107.9,526.9,1049.9,393.2,-2.02,0.41,2.07,-2.2
626,20.867,17,0,person,0.647,990.9,260.3,1106.2,524.4,1048.6,392.4,-1.32,-0.79,1.54,-1.2
627,20.9,17,0,person,0.53,982.2,260.5,1108.6,553.3,1045.4,406.9,-3.18,14.51,14.85,15.3
633,21.1,17,0,person,0.517,960.8,278.3,1080.0,551.3,1020.4,414.8,-4.16,1.32,4.37,-2.2
634,21.133,17,0,person,0.753,960.8,277.8,1072.7,527.9,1016.7,402.9,-3.65,-11.96,12.51,-13.28
635,21.167,17,0,person,0.671,955.2,278.0,1066.3,520.2,1010.8,399.1,-5.98,-3.72,7.04,8.24
636,21.2,17,0,person,0.739,944.6,277.5,1057.8,517.8,1001.2,397.7,-9.53,-1.46,9.64,2.26
637,21.233,17,0,person,0.792,936.4,276.9,1051.7,516.3,994.1,396.6,-7.18,-1.05,7.26,0.41
638,21.267,17,0,person,0.801,930.0,275.2,1048.7,517.6,989.3,396.4,-4.71,-0.19,4.71,0.86
639,21.3,17,0,person,0.793,924.0,272.8,1043.4,516.3,983.7,394.5,-5.63,-1.89,5.94,-1.7
640,21.333,17,0,person,0.789,919.8,270.5,1039.2,514.8,979.5,392.7,-4.2,-1.86,4.59,0.03
641,21.367,17,0,person,0.791,916.3,270.1,1034.6,513.5,975.5,391.8,-4.05,-0.92,4.15,0.94
642,21.4,17,0,person,0.795,911.6,269.4,1029.3,512.8,970.5,391.1,-4.99,-0.65,5.03,0.27
643,21.433,17,0,person,0.822,909.2,269.7,1025.9,512.6,967.5,391.1,-2.96,0.0,2.96,0.65
644,21.467,17,0,person,0.834,906.7,269.6,1023.0,513.2,964.8,391.4,-2.68,0.27,2.69,0.27
644,21.467,82,28,box,0.642,866.6,531.9,917.6,640.4,892.1,586.1,0.0,0.0,0.0,0.0
645,21.5,17,0,person,0.836,905.3,269.9,1020.6,512.2,962.9,391.0,-1.9,-0.36,1.93,-0.64
645,21.5,82,28,box,0.633,866.2,531.5,917.3,640.3,891.7,585.9,-0.36,-0.24,0.43,-0.24
645,21.5,83,28,box,0.378,951.2,515.3,1007.0,623.8,979.1,569.5,0.0,0.0,0.0,0.0
646,21.533,17,0,person,0.852,904.4,269.5,1018.9,511.1,961.6,390.3,-1.3,-0.69,1.47,-0.33
646,21.533,82,28,box,0.707,865.6,531.7,916.6,640.4,891.1,586.1,-0.6,0.17,0.63,0.41
646,21.533,83,28,box,0.303,950.5,514.3,1007.1,624.2,978.8,569.2,-0.27,-0.29,0.39,-0.29
647,21.567,17,0,person,0.84,903.5,269.3,1017.1,509.7,960.3,389.5,-1.36,-0.84,1.59,-0.14
647,21.567,82,28,box,0.515,864.9,533.3,915.9,642.0,890.4,587.7,-0.74,1.59,1.75,1.42
648,21.6,17,0,person,0.854,902.8,268.6,1016.7,510.3,959.8,389.5,-0.53,-0.03,0.53,0.81
648,21.6,82,28,box,0.46,863.3,533.8,914.6,642.8,889.0,588.3,-1.41,0.64,1.55,-0.95
649,21.633,17,0,person,0.839,903.6,268.7,1017.4,510.7,960.5,389.7,0.73,0.23,0.77,0.25
649,21.633,82,28,box,0.513,862.2,533.8,913.7,643.1,888.0,588.4,-1.02,0.11,1.02,-0.54
650,21.667,17,0,person,0.827,904.0,267.8,1018.0,510.6,961.0,389.2,0.52,-0.49,0.71,-0.72
650,21.667,82,28,box,0.322,860.9,531.9,912.9,641.7,886.9,586.8,-1.04,-1.59,1.9,-1.7
651,21.7,17,0,person,0.819,902.7,265.5,1016.8,507.1,959.7,386.3,-1.27,-2.87,3.14,-2.37
651,21.7,82,28,box,0.389,860.2,529.8,912.5,639.7,886.4,584.7,-0.55,-2.08,2.15,-0.49
652,21.733,17,0,person,0.806,904.3,263.0,1017.7,502.0,961.0,382.5,1.24,-3.83,4.03,-0.96
652,21.733,82,28,box,0.466,861.4,527.5,913.9,637.4,887.6,582.4,1.27,-2.31,2.64,-0.24
653,21.767,17,0,person,0.799,900.0,262.3,1013.5,497.0,956.7,379.6,-4.25,-2.87,5.13,0.96
653,21.767,82,28,box,0.416,862.4,526.4,914.4,635.2,888.4,580.8,0.78,-1.64,1.82,0.67
653,21.767,83,28,box,0.348,948.6,511.5,1002.4,615.7,975.5,563.6,-0.47,-0.8,0.93,-0.07
654,21.8,17,0,person,0.833,892.4,261.5,1009.8,499.7,951.1,380.6,-5.64,0.99,5.73,3.86
654,21.8,82,28,box,0.537,863.0,525.4,914.9,633.9,888.9,579.7,0.51,-1.12,1.23,0.53
654,21.8,83,28,box,0.403,948.5,510.8,1002.7,615.1,975.6,563.0,0.08,-0.67,0.67,0.14
655,21.833,17,0,person,0.83,882.8,260.5,1005.0,502.9,943.9,381.7,-7.21,1.11,7.3,0.12
655,21.833,82,28,box,0.477,863.5,526.0,915.1,633.6,889.3,579.8,0.38,0.12,0.4,1.24
655,21.833,83,28,box,0.32,948.4,510.0,1003.0,614.6,975.7,562.3,0.16,-0.67,0.69,-0.0
656,21.867,17,0,person,0.811,873.2,260.4,1000.2,506.4,936.7,383.4,-7.16,1.66,7.35,0.55
656,21.867,82,28,box,0.51,863.9,526.5,915.4,633.7,889.7,580.1,0.36,0.33,0.49,0.21
657,21.9,17,0,person,0.819,866.7,262.4,996.1,509.4,931.4,385.9,-5.3,2.51,5.86,0.84
657,21.9,82,28,box,0.408,863.6,526.9,915.2,634.1,889.4,580.5,-0.27,0.39,0.47,0.06
658,21.933,17,0,person,0.822,860.9,263.6,991.7,510.5,926.3,387.0,-5.12,1.12,5.24,-1.38
658,21.933,82,28,box,0.376,862.9,526.9,915.0,634.8,888.9,580.8,-0.45,0.33,0.56,-0.06
659,21.967,17,0,person,0.823,858.4,264.1,990.5,510.9,924.5,387.5,-1.86,0.47,1.92,-0.65
659,21.967,82,28,box,0.443,862.6,526.9,914.9,634.9,888.7,580.9,-0.19,0.06,0.2,-0.27
659,21.967,88,0,person,0.406,1152.4,104.9,1279.6,442.0,1216.0,273.4,0.0,0.0,0.0,0.0
660,22.0,17,0,person,0.823,850.6,264.1,981.8,508.5,916.2,386.3,-8.23,-1.16,8.32,-1.63
661,22.033,17,0,person,0.81,839.5,264.5,970.1,506.7,904.8,385.6,-11.45,-0.73,11.47,0.43
662,22.067,17,0,person,0.821,827.0,264.2,958.7,506.8,892.8,385.5,-11.95,-0.07,11.95,0.66
663,22.1,17,0,person,0.848,814.3,264.5,947.4,507.4,880.8,385.9,-11.98,0.4,11.98,0.47
664,22.133,17,0,person,0.819,801.1,262.7,934.2,505.5,867.6,384.1,-13.23,-1.84,13.36,-2.24
665,22.167,17,0,person,0.821,794.4,264.1,926.4,504.8,860.4,384.5,-7.21,0.37,7.22,2.21
666,22.2,17,0,person,0.79,791.4,267.2,921.3,504.7,856.4,386.0,-4.02,1.53,4.3,1.16
667,22.233,17,0,person,0.771,789.1,262.1,920.5,507.1,854.8,384.6,-1.59,-1.39,2.11,-2.92
668,22.267,17,0,person,0.799,785.1,264.6,915.1,508.4,850.1,386.5,-4.66,1.89,5.03,3.28
669,22.3,17,0,person,0.83,780.5,265.7,909.7,508.4,845.1,387.1,-5.02,0.59,5.05,-1.31
670,22.333,17,0,person,0.76,785.1,265.4,921.4,509.6,853.2,387.5,8.11,0.43,8.12,-0.15
671,22.367,17,0,person,0.763,771.2,263.4,909.2,507.8,840.2,385.6,-13.04,-1.92,13.18,-2.35
672,22.4,17,0,person,0.848,759.6,259.6,900.9,507.3,830.2,383.4,-9.96,-2.17,10.19,-0.25
673,22.433,17,0,person,0.787,752.7,266.6,892.0,507.4,822.4,387.0,-7.86,3.58,8.64,5.75
674,22.467,17,0,person,0.681,739.3,265.1,882.8,506.6,811.1,385.8,-11.29,-1.19,11.35,-4.77
675,22.5,17,0,person,0.8,729.8,262.0,878.1,505.5,804.0,383.7,-7.11,-2.06,7.41,-0.87
676,22.533,17,0,person,0.806,725.7,261.1,877.8,505.2,801.7,383.1,-2.23,-0.64,2.32,1.42
677,22.567,17,0,person,0.831,718.8,257.6,876.4,505.8,797.6,381.7,-4.16,-1.4,4.39,-0.76
678,22.6,17,0,person,0.834,705.2,256.0,866.4,505.8,785.8,380.9,-11.74,-0.81,11.77,0.59
679,22.633,17,0,person,0.846,695.0,255.4,860.6,508.4,777.8,381.9,-8.01,1.0,8.07,1.81
680,22.667,17,0,person,0.855,682.1,255.5,852.9,511.7,767.5,383.6,-10.33,1.72,10.47,0.72
681,22.7,17,0,person,0.84,669.0,255.2,842.6,513.5,755.8,384.3,-11.66,0.71,11.69,-1.01
682,22.733,17,0,person,0.839,664.1,255.0,839.7,514.2,751.9,384.6,-3.94,0.29,3.95,-0.42
683,22.767,17,0,person,0.841,662.1,255.0,839.5,514.3,750.8,384.7,-1.1,0.09,1.1,-0.2
683,22.767,93,30,skis,0.333,616.7,444.9,753.4,586.8,685.0,515.9,0.0,0.0,0.0,0.0
684,22.8,17,0,person,0.837,641.8,252.1,815.0,507.3,728.4,379.7,-22.37,-4.95,22.91,-5.04
685,22.833,17,0,person,0.866,629.1,248.5,799.0,502.3,714.1,375.4,-14.34,-4.35,14.99,0.6
685,22.833,93,30,skis,0.324,616.7,453.7,737.2,578.8,677.0,516.2,-4.03,0.18,4.03,0.09
686,22.867,17,0,person,0.864,623.4,244.7,791.1,498.4,707.3,371.5,-6.8,-3.85,7.81,0.5
687,22.9,17,0,person,0.852,614.5,240.9,780.8,495.7,697.6,368.3,-9.65,-3.22,10.17,0.63
688,22.933,17,0,person,0.874,608.2,238.4,772.7,492.8,690.4,365.6,-7.2,-2.69,7.69,0.53
688,22.933,93,30,skateboard,0.37,614.0,447.3,733.8,572.3,673.9,509.8,-1.03,-2.14,2.37,-0.77
689,22.967,17,0,person,0.888,602.4,236.3,766.5,491.5,684.4,363.9,-5.98,-1.73,6.23,0.96
689,22.967,93,30,skateboard,0.399,613.8,450.0,730.3,572.0,672.0,511.0,-1.85,1.16,2.18,3.3
690,23.0,17,0,person,0.89,597.5,234.0,762.4,491.4,680.0,362.7,-4.47,-1.19,4.63,0.55
691,23.033,17,0,person,0.893,597.5,231.5,762.3,488.8,679.9,360.2,-0.08,-2.54,2.54,-1.36
692,23.067,17,0,person,0.895,599.5,229.8,764.0,487.0,681.8,358.4,1.86,-1.77,2.57,0.77
693,23.1,17,0,person,0.866,601.1,229.1,766.4,488.3,683.8,358.7,2.0,0.28,2.02,2.06
694,23.133,17,0,person,0.866,605.9,228.1,770.3,488.2,688.1,358.2,4.36,-0.5,4.39,-0.79
695,23.167,17,0,person,0.866,608.2,227.8,771.5,488.1,689.9,358.0,1.75,-0.2,1.76,0.3
696,23.2,17,0,person,0.836,614.0,226.8,775.5,486.9,694.7,356.9,4.85,-1.09,4.97,-0.89
697,23.233,17,0,person,0.838,618.2,225.5,776.3,482.4,697.3,354.0,2.55,-2.91,3.87,-1.82
698,23.267,17,0,person,0.822,619.1,224.6,776.8,483.4,697.9,354.0,0.67,0.07,0.67,2.98
699,23.3,17,0,person,0.833,619.5,225.1,776.7,485.6,698.1,355.3,0.16,1.29,1.29,1.22
700,23.333,17,0,person,0.831,621.7,224.9,776.3,483.5,699.0,354.2,0.88,-1.15,1.45,-2.43
701,23.367,17,0,person,0.807,622.6,223.0,773.6,476.5,698.1,349.7,-0.86,-4.43,4.51,-3.28
702,23.4,17,0,person,0.833,624.4,220.9,772.6,470.5,698.5,345.7,0.36,-4.02,4.03,0.41
703,23.433,17,0,person,0.682,628.6,218.7,773.9,465.0,701.3,341.9,2.81,-3.86,4.78,0.16
704,23.467,17,0,person,0.827,629.3,217.7,772.9,462.3,701.1,340.0,-0.18,-1.85,1.86,2.01
705,23.5,17,0,person,0.837,628.2,216.0,770.6,460.2,699.4,338.1,-1.68,-1.88,2.52,-0.03
705,23.5,97,0,person,0.384,975.1,161.1,1037.5,250.5,1006.3,205.8,0.0,0.0,0.0,0.0
706,23.533,17,0,person,0.761,617.3,214.3,756.6,460.6,686.9,337.4,-12.49,-0.71,12.51,1.17
707,23.567,17,0,person,0.809,614.2,214.5,750.5,461.5,682.4,338.0,-4.58,0.56,4.62,1.27
707,23.567,97,0,person,0.423,974.9,165.8,1034.4,250.5,1004.7,208.2,-0.83,1.16,1.43,0.58
708,23.6,17,0,person,0.833,612.0,214.9,745.8,462.8,678.9,338.8,-3.45,0.86,3.55,0.29
709,23.633,17,0,person,0.84,610.7,215.9,742.2,464.2,676.4,340.1,-2.47,1.23,2.76,0.37
710,23.667,17,0,person,0.826,610.4,216.7,741.2,467.7,675.8,342.2,-0.67,2.13,2.24,0.91
711,23.7,17,0,person,0.791,611.7,217.7,739.4,465.7,675.6,341.7,-0.16,-0.52,0.54,-2.65
712,23.733,17,0,person,0.78,613.8,219.9,739.5,466.2,676.7,343.0,1.08,1.37,1.74,1.89
713,23.767,17,0,person,0.81,616.0,221.5,739.0,463.2,677.5,342.3,0.81,-0.71,1.08,-2.08
714,23.8,17,0,person,0.795,618.4,222.4,739.6,460.0,679.0,341.2,1.53,-1.09,1.88,-0.38
715,23.833,17,0,person,0.812,621.7,224.0,742.0,458.3,681.9,341.2,2.84,-0.06,2.84,1.03
716,23.867,17,0,person,0.819,625.4,226.3,745.7,458.4,685.6,342.3,3.74,1.16,3.92,1.23
717,23.9,17,0,person,0.836,628.2,228.2,748.8,458.2,688.5,343.2,2.93,0.86,3.05,-0.31
718,23.933,17,0,person,0.834,629.5,230.5,751.7,460.8,690.6,345.6,2.08,2.45,3.21,1.59
719,23.967,17,0,person,0.806,632.8,231.5,757.4,463.5,695.1,347.5,4.5,1.88,4.88,-0.57
720,24.0,17,0,person,0.794,637.1,233.1,761.8,461.9,699.5,347.5,4.37,-0.04,4.37,-1.92
721,24.033,17,0,person,0.793,640.3,235.2,766.4,463.5,703.3,349.4,3.87,1.87,4.3,1.91
722,24.067,17,0,person,0.738,640.9,236.3,768.6,464.8,704.7,350.5,1.38,1.15,1.8,-0.72
723,24.1,17,0,person,0.574,639.4,236.6,768.7,465.7,704.1,351.2,-0.64,0.66,0.91,-0.49
724,24.133,17,0,person,0.657,637.8,235.5,768.6,466.0,703.2,350.7,-0.9,-0.43,1.0,-1.09
725,24.167,17,0,person,0.75,633.3,232.6,767.2,469.6,700.3,351.1,-2.92,0.36,2.94,0.8
726,24.2,17,0,person,0.789,630.5,232.4,763.2,468.4,696.8,350.4,-3.46,-0.7,3.53,-1.07
727,24.233,17,0,person,0.806,626.6,232.2,758.9,470.2,692.7,351.2,-4.1,0.79,4.17,1.49
728,24.267,17,0,person,0.833,624.0,229.1,755.5,469.3,689.7,349.2,-3.0,-2.0,3.61,-2.79
729,24.3,17,0,person,0.746,624.2,226.6,754.6,467.9,689.4,347.3,-0.31,-1.92,1.95,0.08
730,24.333,17,0,person,0.787,620.5,225.6,750.0,470.2,685.2,347.9,-4.18,0.61,4.23,2.54
731,24.367,17,0,person,0.782,618.9,225.7,746.2,471.7,682.5,348.7,-2.69,0.84,2.82,0.23
732,24.4,17,0,person,0.796,618.9,225.2,744.0,472.5,681.4,348.8,-1.11,0.12,1.11,-0.72
733,24.433,17,0,person,0.793,620.0,225.2,742.1,471.9,681.0,348.5,-0.4,-0.3,0.5,-0.42
734,24.467,17,0,person,0.791,620.4,225.9,739.6,472.4,680.0,349.2,-1.06,0.62,1.22,0.92
735,24.5,17,0,person,0.762,620.4,227.9,736.3,473.1,678.3,350.5,-1.63,1.37,2.13,0.76
736,24.533,17,0,person,0.732,619.3,229.9,732.3,474.6,675.8,352.2,-2.53,1.69,3.04,0.31
737,24.567,17,0,person,0.741,619.6,231.1,729.2,474.4,674.4,352.7,-1.44,0.53,1.53,-1.16
738,24.6,17,0,person,0.723,621.0,231.4,728.1,474.0,674.5,352.7,0.16,-0.03,0.16,-0.56
739,24.633,17,0,person,0.756,621.3,232.9,726.4,476.5,673.9,354.7,-0.67,1.98,2.09,2.01
740,24.667,17,0,person,0.747,622.5,235.1,726.6,481.3,674.5,358.2,0.66,3.48,3.55,1.51
741,24.7,17,0,person,0.745,623.9,236.0,725.6,480.8,674.7,358.4,0.21,0.24,0.32,-3.24
742,24.733,17,0,person,0.769,625.1,236.0,725.2,482.4,675.1,359.2,0.39,0.77,0.87,0.53
743,24.767,17,0,person,0.767,627.7,236.4,727.4,485.2,677.6,360.8,2.42,1.58,2.9,0.81
744,24.8,17,0,person,0.766,626.7,237.8,724.3,485.9,675.5,361.8,-2.09,1.07,2.35,-0.52
745,24.833,17,0,person,0.684,626.7,239.5,723.1,488.3,674.9,363.9,-0.58,2.07,2.15,1.0
746,24.867,17,0,person,0.799,628.2,240.6,723.1,488.5,675.6,364.5,0.75,0.64,0.98,-1.43
747,24.9,17,0,person,0.804,629.5,240.7,723.7,489.6,676.6,365.1,0.94,0.58,1.11,-0.06
748,24.933,17,0,person,0.809,631.8,240.6,725.4,489.7,678.6,365.2,2.02,0.02,2.02,-0.56
749,24.967,17,0,person,0.838,636.6,241.6,729.6,489.0,683.1,365.3,4.47,0.17,4.47,0.15
750,25.0,17,0,person,0.847,643.7,242.4,737.8,488.9,690.8,365.6,7.68,0.31,7.69,0.14
750,25.0,100,30,skis,0.411,619.1,444.3,746.0,576.9,682.6,510.6,0.0,0.0,0.0,0.0
751,25.033,17,0,person,0.866,653.0,243.0,749.8,488.3,701.4,365.6,10.65,0.01,10.65,-0.3
752,25.067,17,0,person,0.868,655.5,243.2,755.3,488.0,705.4,365.6,4.01,-0.03,4.01,-0.04
753,25.1,17,0,person,0.868,658.0,242.9,762.2,488.0,710.1,365.5,4.69,-0.12,4.69,-0.09
754,25.133,17,0,person,0.854,656.8,242.0,765.6,488.4,711.2,365.2,1.1,-0.27,1.13,-0.14
755,25.167,17,0,person,0.808,654.8,239.8,767.6,486.8,711.2,363.3,0.0,-1.95,1.95,-1.68
756,25.2,17,0,person,0.826,653.4,236.3,769.8,484.4,711.6,360.3,0.36,-2.95,2.98,-1.01
757,25.233,17,0,person,0.817,652.5,233.5,771.9,482.4,712.2,358.0,0.64,-2.37,2.45,0.58
758,25.267,17,0,person,0.809,652.9,231.3,775.3,481.5,714.1,356.4,1.88,-1.57,2.45,0.8
759,25.3,17,0,person,0.834,656.6,230.2,781.9,480.9,719.3,355.5,5.2,-0.85,5.26,0.72
760,25.333,17,0,person,0.844,664.0,225.7,792.8,478.6,728.4,352.1,9.13,-3.4,9.75,-2.55
761,25.367,17,0,person,0.824,675.4,223.2,807.4,481.8,741.4,352.5,12.99,0.37,13.0,3.77
762,25.4,17,0,person,0.755,683.8,223.3,816.8,485.5,750.3,354.4,8.9,1.94,9.11,1.57
763,25.433,17,0,person,0.767,690.0,222.9,821.5,487.6,755.8,355.2,5.45,0.81,5.51,-1.13
764,25.467,17,0,person,0.724,698.4,222.9,825.7,486.0,762.0,354.4,6.28,-0.82,6.33,-1.62
765,25.5,17,0,person,0.675,708.7,223.6,833.0,482.9,770.8,353.3,8.79,-1.17,8.86,-0.35
766,25.533,17,0,person,0.824,717.0,224.1,840.1,480.8,778.5,352.5,7.73,-0.8,7.77,0.36
767,25.567,17,0,person,0.787,726.2,225.4,849.1,477.1,787.6,351.3,9.08,-1.2,9.16,-0.39
768,25.6,17,0,person,0.71,731.3,233.8,852.6,474.2,792.0,354.0,4.36,2.7,5.13,3.9
769,25.633,17,0,person,0.77,731.8,230.2,856.9,472.2,794.3,351.2,2.36,-2.73,3.61,-5.44
770,25.667,17,0,person,0.749,732.4,228.0,861.2,471.0,796.8,349.5,2.43,-1.72,2.98,1.02
771,25.7,17,0,person,0.744,733.8,223.8,867.3,469.5,800.6,346.7,3.77,-2.86,4.73,-1.14
772,25.733,17,0,person,0.729,738.2,218.1,878.5,470.0,808.3,344.1,7.78,-2.58,8.2,0.28
773,25.767,17,0,person,0.713,744.8,218.9,886.5,469.5,815.7,344.2,7.32,0.11,7.32,2.69
774,25.8,17,0,person,0.762,745.7,217.3,890.8,468.5,818.2,342.9,2.6,-1.29,2.9,-1.4
775,25.833,17,0,person,0.8,746.9,215.0,896.6,468.6,821.8,341.8,3.52,-1.1,3.68,0.18
776,25.867,17,0,person,0.774,753.2,212.6,905.4,467.5,829.3,340.0,7.53,-1.78,7.74,-0.67
777,25.9,17,0,person,0.719,763.4,211.7,917.7,467.6,840.5,339.6,11.24,-0.38,11.24,1.39
778,25.933,17,0,person,0.687,763.4,211.1,918.6,467.0,841.0,339.1,0.5,-0.59,0.77,-0.2
779,25.967,17,0,person,0.701,756.1,211.1,913.8,466.2,834.9,338.6,-6.1,-0.42,6.11,0.17
780,26.0,17,0,person,0.739,754.0,209.6,913.9,465.4,833.9,337.5,-1.0,-1.16,1.53,-0.75
781,26.033,17,0,person,0.745,747.1,209.0,910.7,465.7,828.9,337.3,-5.07,-0.15,5.07,1.01
782,26.067,17,0,person,0.751,756.7,210.1,920.1,466.5,838.4,338.3,9.54,0.95,9.59,1.1
783,26.1,17,0,person,0.691,763.6,213.3,925.5,467.2,844.6,340.3,6.16,1.98,6.47,1.04
784,26.133,17,0,person,0.704,751.1,215.2,916.0,468.3,833.6,341.8,-11.0,1.52,11.11,-0.47
785,26.167,17,0,person,0.739,763.2,219.3,925.1,470.7,844.1,345.0,10.58,3.23,11.06,1.71
786,26.2,17,0,person,0.737,767.2,221.1,926.7,472.2,847.0,346.7,2.82,1.67,3.28,-1.55
787,26.233,17,0,person,0.746,770.4,224.2,926.3,472.0,848.4,348.1,1.43,1.43,2.02,-0.24
788,26.267,17,0,person,0.727,772.2,225.0,925.8,471.3,849.0,348.2,0.63,0.08,0.64,-1.35
789,26.3,17,0,person,0.758,775.1,231.7,923.7,470.9,849.4,351.3,0.4,3.16,3.18,3.08
790,26.333,17,0,person,0.778,775.6,229.1,925.0,470.8,850.3,350.0,0.89,-1.36,1.62,-4.51
791,26.367,17,0,person,0.807,774.5,225.5,924.8,470.2,849.7,347.9,-0.62,-2.11,2.2,-0.75
792,26.4,17,0,person,0.822,774.2,221.2,926.1,469.7,850.2,345.5,0.48,-2.38,2.43,-0.27
793,26.433,17,0,person,0.822,775.6,219.9,927.1,468.6,851.4,344.3,1.2,-1.23,1.72,1.15
794,26.467,17,0,person,0.819,776.5,217.9,928.2,467.5,852.3,342.7,0.97,-1.54,1.83,-0.31
795,26.5,17,0,person,0.828,776.0,215.6,928.1,466.8,852.0,341.2,-0.31,-1.52,1.55,0.03
796,26.533,17,0,person,0.821,776.7,214.7,928.1,465.6,852.4,340.1,0.39,-1.07,1.14,0.44
797,26.567,17,0,person,0.817,777.3,215.6,927.5,464.8,852.4,340.2,0.02,0.09,0.1,1.17
798,26.6,17,0,person,0.814,777.3,215.7,927.0,464.4,852.1,340.1,-0.32,-0.13,0.35,-0.22
799,26.633,17,0,person,0.789,776.9,214.9,926.3,463.8,851.6,339.4,-0.54,-0.72,0.89,-0.59
800,26.667,17,0,person,0.78,775.5,214.5,924.3,463.0,849.9,338.7,-1.63,-0.62,1.75,0.09
801,26.7,17,0,person,0.793,773.5,212.4,923.1,463.2,848.3,337.8,-1.64,-0.95,1.89,-0.33
802,26.733,17,0,person,0.812,771.3,212.0,920.6,463.4,845.9,337.7,-2.36,-0.07,2.36,0.89
803,26.767,17,0,person,0.825,769.5,212.7,917.8,463.3,843.6,338.0,-2.33,0.25,2.34,0.32
804,26.8,17,0,person,0.82,769.5,217.7,915.2,463.1,842.3,340.4,-1.29,2.43,2.75,2.18
805,26.833,17,0,person,0.791,765.9,213.6,913.0,461.9,839.5,337.7,-2.85,-2.68,3.91,-5.11
806,26.867,17,0,person,0.787,763.8,209.5,912.1,460.8,837.9,335.2,-1.54,-2.56,2.99,0.12
807,26.9,17,0,person,0.799,763.8,207.1,911.9,458.5,837.8,332.8,-0.12,-2.37,2.38,0.18
808,26.933,17,0,person,0.802,763.4,205.4,911.1,456.4,837.3,330.9,-0.53,-1.9,1.97,0.48
809,26.967,17,0,person,0.817,762.2,204.9,910.0,456.3,836.1,330.6,-1.19,-0.27,1.22,1.63
810,27.0,17,0,person,0.825,761.4,204.9,909.3,456.6,835.4,330.7,-0.74,0.11,0.74,0.38
811,27.033,17,0,person,0.829,761.2,204.1,909.2,455.8,835.2,329.9,-0.16,-0.8,0.81,-0.91
811,27.033,110,0,person,0.438,457.7,134.1,485.9,198.7,471.8,166.4,0.0,0.0,0.0,0.0
812,27.067,17,0,person,0.826,760.3,202.6,908.6,455.2,834.5,328.9,-0.71,-1.04,1.26,-0.25
812,27.067,110,0,person,0.452,456.9,130.0,486.8,198.3,471.8,164.2,0.0,-2.23,2.23,-2.23
812,27.067,111,28,box,0.471,832.1,475.3,888.4,583.4,860.3,529.3,0.0,0.0,0.0,0.0
813,27.1,17,0,person,0.852,760.1,203.1,908.3,455.5,834.2,329.3,-0.31,0.44,0.54,1.49
813,27.1,111,28,box,0.449,831.4,475.1,888.2,584.0,859.8,529.6,-0.47,0.24,0.52,0.24
814,27.133,17,0,person,0.849,759.2,203.7,907.4,455.9,833.3,329.8,-0.89,0.45,0.99,0.01
814,27.133,111,28,box,0.344,830.2,476.2,886.6,584.5,858.4,530.4,-1.43,0.8,1.64,0.56
815,27.167,17,0,person,0.847,758.5,203.7,906.8,456.3,832.7,330.0,-0.64,0.21,0.68,-0.24
815,27.167,111,28,box,0.321,830.0,476.6,886.3,584.6,858.1,530.6,-0.26,0.24,0.36,-0.56
815,27.167,110,0,person,0.398,452.9,135.4,480.9,199.7,466.9,167.6,-1.63,1.13,1.99,1.12
816,27.2,17,0,person,0.844,758.0,203.0,906.4,455.8,832.2,329.4,-0.45,-0.63,0.78,-0.84
816,27.2,111,28,box,0.351,829.6,475.9,886.0,584.1,857.8,530.0,-0.27,-0.61,0.66,-0.85
816,27.2,110,0,person,0.37,453.1,136.6,480.7,199.6,466.9,168.1,-0.01,0.55,0.55,-0.58
817,27.233,17,0,person,0.833,757.5,201.4,906.2,455.2,831.8,328.3,-0.37,-1.05,1.11,-0.42
817,27.233,111,28,box,0.317,829.9,475.5,885.9,583.1,857.9,529.3,0.03,-0.67,0.67,-0.06
817,27.233,110,0,person,0.416,453.4,136.1,481.2,199.6,467.3,167.8,0.38,-0.25,0.46,-0.8
818,27.267,17,0,person,0.827,757.0,200.9,905.7,455.2,831.3,328.1,-0.5,-0.26,0.56,0.79
819,27.3,17,0,person,0.794,756.9,202.7,904.0,455.2,830.5,328.9,-0.85,0.88,1.22,1.14
820,27.333,17,0,person,0.801,756.0,196.8,905.5,454.4,830.7,325.6,0.27,-3.35,3.36,-4.23
821,27.367,17,0,person,0.825,755.6,192.9,906.5,454.1,831.0,323.5,0.28,-2.08,2.1,1.27
822,27.4,17,0,person,0.827,755.3,191.4,906.7,454.7,831.0,323.1,-0.07,-0.44,0.44,1.65
822,27.4,111,28,box,0.374,829.9,474.7,886.2,582.7,858.1,528.7,0.03,-0.13,0.14,0.11
822,27.4,110,0,person,0.34,452.3,138.9,478.9,199.5,465.6,169.2,-0.34,0.27,0.43,0.11
823,27.433,17,0,person,0.806,753.2,190.0,905.1,455.7,829.1,322.8,-1.84,-0.24,1.86,0.2
823,27.433,114,28,box,0.359,912.9,464.4,974.0,568.5,943.5,516.5,0.0,0.0,0.0,0.0
823,27.433,110,0,person,0.484,451.4,136.2,479.6,199.9,465.5,168.1,-0.08,-1.15,1.16,-1.43
824,27.467,17,0,person,0.815,752.0,190.6,903.4,456.7,827.7,323.7,-1.39,0.83,1.62,1.06
824,27.467,110,0,person,0.373,450.4,134.0,480.2,200.9,465.3,167.4,-0.24,-0.62,0.66,0.53
825,27.5,17,0,person,0.821,752.2,191.6,902.3,457.0,827.2,324.3,-0.48,0.65,0.81,-0.18
825,27.5,110,0,person,0.447,448.7,132.6,479.4,201.3,464.0,166.9,-1.23,-0.53,1.34,0.09
826,27.533,17,0,person,0.817,751.2,190.2,901.8,457.7,826.5,323.9,-0.74,-0.37,0.82,-1.02
826,27.533,110,0,person,0.42,448.5,133.4,479.1,201.6,463.8,167.5,-0.27,0.58,0.64,1.11
826,27.533,111,28,box,0.391,827.6,477.3,884.6,586.4,856.1,531.8,-0.49,0.78,0.92,0.23
826,27.533,114,28,box,0.369,911.2,464.9,973.2,570.3,942.2,517.6,-0.41,0.38,0.56,0.13
827,27.567,17,0,person,0.811,751.9,189.6,902.4,457.7,827.1,323.6,0.61,-0.28,0.67,0.09
827,27.567,110,0,person,0.503,448.9,133.8,479.4,201.3,464.2,167.6,0.41,0.06,0.42,-0.51
827,27.567,111,28,box,0.37,828.0,477.9,884.9,586.6,856.4,532.2,0.33,0.43,0.54,-0.35
827,27.567,114,28,box,0.317,911.3,464.4,973.1,569.6,942.2,517.0,-0.06,-0.6,0.6,-0.97
828,27.6,17,0,person,0.786,754.8,195.6,901.1,456.4,828.0,326.0,0.85,2.31,2.46,2.59
828,27.6,110,0,person,0.386,452.0,134.3,482.2,201.1,467.1,167.7,2.91,0.13,2.91,0.07
829,27.633,17,0,person,0.787,756.5,185.7,906.3,454.5,831.4,320.1,3.42,-5.85,6.77,-8.15
829,27.633,110,0,person,0.493,454.4,128.3,486.1,198.9,470.3,163.6,3.17,-4.09,5.17,-4.22
829,27.633,111,28,box,0.356,832.1,475.7,887.8,582.6,859.9,529.2,1.74,-1.53,2.32,-0.98
830,27.667,17,0,person,0.769,761.5,191.4,906.8,452.2,834.2,321.8,2.79,1.7,3.26,7.54
830,27.667,110,0,person,0.58,456.0,122.7,488.5,195.9,472.2,159.3,1.98,-4.26,4.7,-0.17
830,27.667,111,28,box,0.502,833.6,471.3,889.6,580.0,861.6,525.6,1.67,-3.52,3.9,-1.99
830,27.667,114,28,box,0.305,915.8,458.1,978.7,565.6,947.3,511.9,1.7,-1.72,2.42,-0.37
831,27.7,17,0,person,0.828,765.3,192.2,908.9,449.6,837.1,320.9,2.96,-0.9,3.1,-2.6
831,27.7,110,0,person,0.682,458.2,118.6,490.5,192.3,474.4,155.4,2.13,-3.9,4.45,0.36
831,27.7,114,28,box,0.318,919.1,456.8,980.7,561.8,949.9,509.3,2.66,-2.59,3.72,-0.88
832,27.733,17,0,person,0.822,767.6,190.8,910.9,447.3,839.2,319.1,2.1,-1.85,2.8,-0.95
832,27.733,110,0,person,0.631,459.4,113.3,492.6,189.9,476.0,151.6,1.65,-3.83,4.17,0.08
833,27.767,17,0,person,0.82,769.0,189.8,911.6,445.1,840.3,317.4,1.07,-1.63,1.95,0.22
833,27.767,110,0,person,0.625,461.2,110.9,494.2,187.9,477.7,149.4,1.67,-2.24,2.79,1.59
833,27.767,117,0,person,0.365,1133.1,53.8,1276.3,347.3,1204.7,200.6,0.0,0.0,0.0,0.0
833,27.767,114,28,box,0.371,922.5,455.5,982.2,556.9,952.3,506.2,1.21,-1.54,1.96,0.52
834,27.8,17,0,person,0.845,770.5,190.2,912.0,442.8,841.3,316.5,0.95,-0.93,1.33,0.7
834,27.8,110,0,person,0.512,462.4,108.4,495.5,186.1,479.0,147.2,1.27,-2.12,2.47,0.12
834,27.8,114,28,box,0.443,923.8,454.3,983.6,554.9,953.7,504.6,1.37,-1.58,2.09,-0.04
835,27.833,17,0,person,0.856,772.0,190.0,913.2,441.6,842.6,315.8,1.3,-0.7,1.48,0.23
835,27.833,110,0,person,0.53,464.2,107.2,497.0,184.5,480.6,145.9,1.62,-1.39,2.14,0.72
836,27.867,17,0,person,0.864,772.0,190.1,913.4,441.0,842.7,315.5,0.15,-0.25,0.3,0.44
836,27.867,110,0,person,0.567,464.7,106.9,497.3,184.0,481.0,145.5,0.44,-0.4,0.59,1.0
836,27.867,117,0,person,0.363,1133.5,55.9,1277.9,351.7,1205.7,203.8,0.35,1.08,1.13,0.36
837,27.9,17,0,person,0.864,771.1,191.0,912.9,441.6,842.0,316.3,-0.74,0.73,1.04,0.99
837,27.9,110,0,person,0.383,464.8,107.8,497.0,184.2,480.9,146.0,-0.11,0.56,0.57,0.95
837,27.9,114,28,box,0.489,924.8,453.4,985.3,555.3,955.0,504.4,0.44,-0.08,0.45,0.5
838,27.933,17,0,person,0.855,769.5,192.2,911.8,443.5,840.6,317.8,-1.33,1.55,2.04,0.82
838,27.933,110,0,person,0.483,463.7,110.3,495.7,185.9,479.7,148.1,-1.22,2.05,2.38,1.49
838,27.933,117,0,person,0.318,1132.2,52.4,1278.8,352.5,1205.5,202.4,-0.12,-0.67,0.68,-0.87
839,27.967,17,0,person,0.852,769.0,193.8,912.0,445.4,840.5,319.6,-0.14,1.78,1.79,0.23
839,27.967,110,0,person,0.518,463.9,113.5,495.0,186.9,479.5,150.2,-0.25,2.15,2.17,0.11
839,27.967,117,0,person,0.377,1133.1,55.0,1277.8,350.4,1205.5,202.7,-0.03,0.25,0.25,0.92
840,28.0,17,0,person,0.832,768.7,195.2,912.8,448.7,840.8,321.9,0.25,2.31,2.33,0.53
840,28.0,110,0,person,0.412,464.2,115.8,495.7,189.8,479.9,152.8,0.49,2.59,2.64,0.44
841,28.033,17,0,person,0.837,769.9,197.4,914.0,451.3,841.9,324.4,1.16,2.44,2.7,0.13
841,28.033,110,0,person,0.372,463.8,118.1,495.2,191.8,479.5,154.9,-0.42,2.12,2.16,-0.47
842,28.067,17,0,person,0.822,771.5,198.8,916.0,456.0,843.8,327.4,1.83,3.03,3.54,0.59
842,28.067,110,0,person,0.478,463.3,120.9,494.5,194.6,478.9,157.8,-0.63,2.85,2.92,0.73
843,28.1,17,0,person,0.784,775.5,203.2,918.8,460.6,847.1,331.9,3.39,4.5,5.63,1.47
843,28.1,110,0,person,0.506,461.8,122.7,493.5,198.0,477.6,160.3,-1.27,2.53,2.83,-0.32
843,28.1,117,0,person,0.413,1138.7,76.2,1271.3,343.1,1205.0,209.7,-0.12,1.74,1.75,0.37
844,28.133,17,0,person,0.806,777.9,206.3,920.8,465.8,849.3,336.0,2.18,4.14,4.68,-0.36
844,28.133,110,0,person,0.491,462.5,124.7,494.2,200.3,478.3,162.5,0.69,2.19,2.29,-0.35
845,28.167,17,0,person,0.795,781.6,208.3,923.2,468.5,852.4,338.4,3.04,2.34,3.84,-1.8
845,28.167,110,0,person,0.631,462.8,125.3,494.7,201.9,478.8,163.6,0.45,1.14,1.22,-1.05
846,28.2,17,0,person,0.78,781.3,209.7,921.2,470.7,851.2,340.2,-1.11,1.81,2.12,-0.53
846,28.2,110,0,person,0.567,463.5,125.5,495.7,203.3,479.6,164.4,0.81,0.75,1.11,-0.39
847,28.233,17,0,person,0.791,781.9,210.3,919.5,470.5,850.7,340.4,-0.54,0.19,0.57,-1.62
847,28.233,110,0,person,0.492,463.8,123.9,496.3,202.8,480.1,163.3,0.49,-1.05,1.16,-1.8
848,28.267,17,0,person,0.783,782.5,209.9,918.0,470.3,850.2,340.1,-0.49,-0.31,0.58,-0.51
848,28.267,110,0,person,0.622,464.1,122.2,496.5,200.6,480.3,161.4,0.2,-1.93,1.94,-0.87
849,28.3,17,0,person,0.826,781.8,208.4,914.7,468.9,848.2,338.6,-1.99,-1.42,2.44,-1.11
849,28.3,110,0,person,0.336,465.2,121.4,497.0,197.5,481.1,159.5,0.82,-1.94,2.1,-0.01
850,28.333,17,0,person,0.817,780.9,206.9,911.0,467.1,846.0,337.0,-2.27,-1.64,2.8,-0.21
851,28.367,17,0,person,0.83,780.2,205.5,907.8,465.8,844.0,335.7,-1.96,-1.35,2.38,0.29
852,28.4,17,0,person,0.849,779.3,205.7,904.3,465.2,841.8,335.4,-2.21,-0.23,2.22,1.12
852,28.4,110,0,person,0.306,465.2,116.3,497.6,192.9,481.4,154.6,0.1,-1.63,1.64,0.1
853,28.433,17,0,person,0.765,777.7,197.0,904.0,464.3,840.8,330.7,-0.96,-4.76,4.86,-4.54
854,28.467,17,0,person,0.727,779.7,191.6,905.7,462.8,842.7,327.2,1.9,-3.46,3.95,1.31
855,28.5,17,0,person,0.744,783.0,189.0,908.7,462.0,845.9,325.5,3.14,-1.73,3.59,1.73
856,28.533,17,0,person,0.729,784.6,185.8,909.6,460.9,847.1,323.3,1.27,-2.16,2.5,-0.43
857,28.567,17,0,person,0.781,782.1,184.3,905.5,460.5,843.8,322.4,-3.33,-0.96,3.46,1.2
858,28.6,17,0,person,0.765,788.8,184.0,912.8,462.4,850.8,323.2,6.95,0.87,7.0,1.82
859,28.633,17,0,person,0.749,792.9,184.8,917.5,463.9,855.2,324.3,4.47,1.08,4.6,0.22
860,28.667,17,0,person,0.79,798.2,195.1,919.9,464.8,859.0,330.0,3.8,5.66,6.82,4.57
861,28.7,17,0,person,0.821,804.1,203.0,925.2,466.0,864.7,334.5,5.62,4.53,7.22,-1.12
861,28.7,110,0,person,0.383,465.9,118.9,497.4,193.1,481.6,156.0,0.03,0.16,0.16,0.2
862,28.733,17,0,person,0.836,804.6,204.1,927.5,466.2,866.1,335.2,1.4,0.66,1.55,-3.87
863,28.767,17,0,person,0.832,805.6,205.8,930.1,466.6,867.9,336.2,1.82,1.01,2.08,0.34
863,28.767,110,0,person,0.343,464.5,117.7,496.3,192.8,480.4,155.3,-0.61,-0.35,0.7,-0.25
864,28.8,17,0,person,0.854,807.1,204.6,934.5,467.0,870.8,335.8,2.91,-0.4,2.94,-1.41
864,28.8,110,0,person,0.539,463.5,117.7,495.6,193.6,479.5,155.7,-0.86,0.39,0.95,0.74
865,28.833,17,0,person,0.863,808.6,204.0,937.6,465.8,873.1,334.9,2.33,-0.87,2.48,-0.46
865,28.833,110,0,person,0.465,463.6,118.7,495.2,193.4,479.4,156.1,-0.11,0.4,0.41,0.01
866,28.867,17,0,person,0.85,814.1,202.8,945.0,465.5,879.5,334.2,6.43,-0.73,6.47,0.14
866,28.867,110,0,person,0.513,463.5,118.8,495.0,193.3,479.3,156.1,-0.18,0.02,0.18,-0.38
867,28.9,17,0,person,0.79,819.8,203.2,951.6,464.8,885.7,334.0,6.17,-0.19,6.18,0.54
867,28.9,110,0,person,0.387,464.0,119.2,495.5,194.1,479.7,156.7,0.48,0.61,0.78,0.59
868,28.933,17,0,person,0.733,822.3,206.2,954.2,463.9,888.3,335.0,2.55,1.02,2.75,1.21
868,28.933,110,0,person,0.32,465.1,118.2,497.0,194.6,481.0,156.4,1.3,-0.25,1.32,-0.86
869,28.967,17,0,person,0.748,824.3,204.4,958.8,462.7,891.6,333.5,3.3,-1.47,3.61,-2.49
870,29.0,17,0,person,0.784,824.3,202.2,960.9,460.6,892.6,331.4,1.01,-2.17,2.39,-0.7
871,29.033,17,0,person,0.788,824.4,199.6,963.1,459.4,893.8,329.5,1.2,-1.89,2.24,0.28
872,29.067,17,0,person,0.793,824.3,197.0,964.6,456.9,894.4,326.9,0.66,-2.55,2.63,-0.66
873,29.1,17,0,person,0.775,823.4,193.2,966.0,455.2,894.7,324.2,0.25,-2.74,2.75,-0.19
874,29.133,17,0,person,0.79,821.3,189.8,966.6,454.3,893.9,322.1,-0.75,-2.12,2.25,0.62
874,29.133,119,28,box,0.325,931.9,455.0,987.1,558.3,959.5,506.7,0.0,0.0,0.0,0.0
875,29.167,17,0,person,0.785,822.0,190.8,967.7,453.4,894.8,322.1,0.89,0.03,0.89,2.15
876,29.2,17,0,person,0.809,824.3,190.9,970.2,452.8,897.2,321.8,2.41,-0.27,2.43,-0.3
877,29.233,17,0,person,0.845,828.6,189.3,974.3,451.2,901.5,320.2,4.23,-1.61,4.52,-1.34
877,29.233,119,28,box,0.328,933.4,455.5,988.2,558.1,960.8,506.8,0.44,0.04,0.44,0.01
878,29.267,17,0,person,0.817,832.4,188.4,976.9,449.2,904.6,318.8,3.17,-1.43,3.48,0.18
878,29.267,119,28,box,0.321,932.1,456.3,987.2,559.2,959.7,507.8,-1.15,1.0,1.52,0.95
879,29.3,17,0,person,0.549,840.3,195.8,978.4,446.1,909.3,321.0,4.69,2.17,5.17,3.6
880,29.333,17,0,person,0.756,843.0,201.1,977.9,447.1,910.4,324.1,1.09,3.11,3.3,0.94
881,29.367,17,0,person,0.754,844.0,202.0,978.4,448.9,911.2,325.5,0.77,1.39,1.59,-1.72
882,29.4,17,0,person,0.768,844.9,204.3,977.1,448.6,911.0,326.4,-0.18,0.95,0.97,-0.44
883,29.433,17,0,person,0.773,845.1,204.3,976.5,448.4,910.8,326.4,-0.23,-0.07,0.24,-1.02
884,29.467,17,0,person,0.754,845.5,203.7,976.1,448.0,910.8,325.8,0.03,-0.53,0.53,-0.46
885,29.5,17,0,person,0.746,846.7,205.0,976.2,448.9,911.5,326.9,0.65,1.08,1.26,1.61
886,29.533,17,0,person,0.717,846.7,205.5,975.6,449.7,911.2,327.6,-0.29,0.71,0.77,-0.37
887,29.567,17,0,person,0.719,844.6,205.4,973.5,451.2,909.1,328.3,-2.09,0.68,2.19,-0.03
888,29.6,17,0,person,0.783,842.8,205.3,971.0,451.9,906.9,328.6,-2.22,0.32,2.24,-0.37
889,29.633,17,0,person,0.766,842.5,205.5,969.7,451.9,906.1,328.7,-0.77,0.1,0.78,-0.21
890,29.667,17,0,person,0.79,842.4,205.8,968.4,452.1,905.4,328.9,-0.66,0.22,0.7,0.11
890,29.667,119,28,box,0.427,929.8,464.4,985.8,567.5,957.8,515.9,-0.15,0.68,0.7,-0.03
891,29.7,17,0,person,0.743,842.2,206.1,967.3,453.2,904.8,329.6,-0.65,0.7,0.96,0.49
892,29.733,17,0,person,0.788,841.1,208.2,965.4,455.5,903.2,331.8,-1.53,2.16,2.65,1.45
893,29.767,17,0,person,0.759,841.2,210.8,963.9,456.9,902.5,333.9,-0.71,2.06,2.18,-0.1
894,29.8,17,0,person,0.796,842.0,212.1,964.2,459.2,903.1,335.7,0.55,1.81,1.9,-0.24
895,29.833,17,0,person,0.791,843.5,212.7,965.4,460.1,904.4,336.4,1.36,0.7,1.53,-1.12
896,29.867,17,0,person,0.81,844.8,211.6,967.0,460.0,905.9,335.8,1.44,-0.57,1.55,-1.27
897,29.9,17,0,person,0.823,845.2,210.9,967.0,459.2,906.1,335.1,0.22,-0.74,0.77,-0.16
898,29.933,17,0,person,0.771,846.2,210.3,967.5,458.0,906.9,334.1,0.75,-0.93,1.19,-0.19
899,29.967,17,0,person,0.81,846.2,210.8,966.8,457.4,906.5,334.1,-0.36,-0.05,0.36,0.88
900,30.0,17,0,person,0.821,846.1,210.3,966.5,456.9,906.3,333.6,-0.2,-0.45,0.49,-0.4
901,30.033,17,0,person,0.825,847.3,211.6,966.1,455.3,906.7,333.5,0.38,-0.16,0.41,0.29
902,30.067,17,0,person,0.829,848.8,210.6,967.4,453.1,908.1,331.9,1.39,-1.63,2.14,-1.47
903,30.1,17,0,person,0.82,849.0,209.3,968.1,451.6,908.5,330.4,0.48,-1.41,1.49,0.22
904,30.133,17,0,person,0.812,848.4,205.9,969.3,451.0,908.9,328.5,0.33,-1.97,2.0,-0.56
905,30.167,17,0,person,0.819,848.0,205.6,969.6,451.5,908.8,328.6,-0.06,0.08,0.1,2.05
906,30.2,17,0,person,0.816,848.6,208.6,969.3,451.7,908.9,330.1,0.11,1.59,1.59,1.51
907,30.233,17,0,person,0.807,848.4,207.8,969.9,451.7,909.1,329.8,0.22,-0.38,0.43,-1.96
907,30.233,119,28,box,0.341,931.5,458.8,987.8,562.0,959.6,510.4,0.11,-0.33,0.34,-0.06
908,30.267,17,0,person,0.801,848.6,207.7,970.6,451.6,909.6,329.7,0.47,-0.11,0.48,0.27
909,30.3,17,0,person,0.845,849.1,207.7,972.3,452.7,910.7,330.2,1.08,0.54,1.2,0.64
910,30.333,17,0,person,0.829,849.6,205.9,975.3,453.6,912.4,329.7,1.73,-0.44,1.78,-0.98
911,30.367,17,0,person,0.805,850.8,204.6,978.6,453.9,914.7,329.3,2.28,-0.46,2.32,-0.01
912,30.4,17,0,person,0.823,850.7,204.5,979.3,453.3,915.0,328.9,0.3,-0.36,0.47,0.09
913,30.433,17,0,person,0.826,850.3,204.1,980.1,452.9,915.2,328.5,0.2,-0.44,0.49,-0.08
914,30.467,17,0,person,0.818,847.3,201.2,979.4,453.3,913.4,327.2,-1.84,-1.25,2.22,-0.81
915,30.5,17,0,person,0.826,845.0,199.8,978.3,453.0,911.6,326.4,-1.74,-0.83,1.92,0.42
916,30.533,17,0,person,0.834,843.8,198.8,977.9,452.7,910.9,325.8,-0.76,-0.64,0.99,0.19
917,30.567,17,0,person,0.826,842.4,197.7,976.4,451.3,909.4,324.5,-1.47,-1.26,1.93,-0.62
918,30.6,17,0,person,0.828,841.6,198.3,974.4,449.6,908.0,323.9,-1.4,-0.57,1.51,0.69
919,30.633,17,0,person,0.816,839.2,197.1,972.3,448.7,905.8,322.9,-2.22,-1.04,2.45,-0.47
920,30.667,17,0,person,0.805,837.2,195.8,970.3,447.3,903.7,321.5,-2.04,-1.36,2.45,-0.32
921,30.7,17,0,person,0.823,835.3,196.7,968.8,448.6,902.0,322.7,-1.71,1.11,2.04,2.47
922,30.733,17,0,person,0.82,832.2,199.6,964.0,448.8,898.1,324.2,-3.92,1.53,4.21,0.41
923,30.767,17,0,person,0.808,829.1,201.8,960.1,449.8,894.6,325.8,-3.51,1.63,3.87,0.1
924,30.8,17,0,person,0.825,827.3,203.7,957.4,450.5,892.3,327.1,-2.25,1.3,2.59,-0.33
925,30.833,17,0,person,0.83,825.8,201.9,956.0,450.0,890.9,326.0,-1.45,-1.14,1.85,-2.44
926,30.867,17,0,person,0.845,824.3,200.8,954.6,450.0,889.4,325.4,-1.46,-0.57,1.56,0.57
927,30.9,17,0,person,0.846,823.2,200.7,952.6,448.4,887.9,324.6,-1.51,-0.85,1.73,-0.28
928,30.933,17,0,person,0.836,822.2,201.0,950.7,447.6,886.5,324.3,-1.47,-0.27,1.49,0.58
929,30.967,17,0,person,0.825,821.7,201.1,950.0,447.6,885.9,324.4,-0.59,0.09,0.59,0.36
930,31.0,17,0,person,0.838,820.3,200.5,949.6,449.3,884.9,324.9,-0.94,0.52,1.07,0.44
931,31.033,17,0,person,0.837,818.3,200.9,947.5,450.2,882.9,325.5,-2.02,0.65,2.12,0.12
932,31.067,17,0,person,0.822,815.6,200.0,945.5,450.8,880.5,325.4,-2.37,-0.13,2.38,-0.78
933,31.1,17,0,person,0.799,814.4,199.7,944.5,451.2,879.4,325.5,-1.09,0.08,1.09,0.21
934,31.133,17,0,person,0.775,813.3,199.8,944.6,452.2,878.9,326.0,-0.51,0.53,0.74,0.45
935,31.167,17,0,person,0.765,814.2,201.2,946.4,452.8,880.3,327.0,1.37,0.97,1.68,0.45
936,31.2,17,0,person,0.684,819.4,200.8,955.5,452.9,887.5,326.8,7.16,-0.14,7.16,-1.12
937,31.233,17,0,person,0.768,820.6,199.1,957.4,451.5,889.0,325.3,1.58,-1.54,2.2,-1.39
938,31.267,17,0,person,0.701,825.3,199.0,963.1,450.5,894.2,324.7,5.14,-0.56,5.18,0.98
939,31.3,17,0,person,0.682,833.5,200.2,971.4,450.0,902.5,325.1,8.29,0.38,8.3,0.94
940,31.333,17,0,person,0.685,836.2,200.4,974.4,448.9,905.3,324.6,2.81,-0.49,2.86,-0.88
941,31.367,17,0,person,0.739,837.1,201.3,975.8,447.4,906.4,324.3,1.15,-0.32,1.2,0.17
942,31.4,17,0,person,0.727,837.7,204.4,976.3,446.8,907.0,325.6,0.59,1.32,1.44,1.64
943,31.433,17,0,person,0.735,836.7,202.6,977.9,447.0,907.3,324.8,0.28,-0.83,0.87,-2.14
944,31.467,17,0,person,0.774,836.5,201.1,980.5,447.5,908.5,324.3,1.18,-0.53,1.29,0.29
945,31.5,17,0,person,0.794,836.3,200.3,982.9,449.2,909.6,324.7,1.07,0.44,1.16,0.97
946,31.533,17,0,person,0.788,834.1,200.2,982.8,450.1,908.4,325.2,-1.12,0.44,1.21,-0.0
947,31.567,17,0,person,0.782,833.4,199.2,984.1,451.4,908.8,325.3,0.33,0.15,0.36,-0.29
948,31.6,17,0,person,0.744,830.8,198.9,983.4,453.2,907.1,326.0,-1.65,0.7,1.8,0.55
948,31.6,122,28,box,0.373,931.8,456.3,989.4,560.5,960.6,508.4,0.0,0.0,0.0,0.0
949,31.633,17,0,person,0.693,829.2,198.7,983.2,454.1,906.2,326.4,-0.9,0.39,0.98,-0.31
950,31.667,17,0,person,0.731,827.8,199.4,982.1,454.9,904.9,327.2,-1.28,0.75,1.48,0.35
951,31.7,17,0,person,0.725,826.5,200.9,981.2,456.7,903.9,328.8,-1.09,1.66,1.99,0.92
952,31.733,17,0,person,0.626,824.9,203.1,978.8,458.3,901.8,330.7,-2.02,1.88,2.76,0.22
952,31.733,123,0,person,0.487,465.0,125.1,496.0,198.6,480.5,161.9,0.0,0.0,0.0,0.0
953,31.767,17,0,person,0.722,823.3,206.2,975.6,458.7,899.4,332.4,-2.39,1.73,2.95,-0.15
953,31.767,123,0,person,0.306,465.4,129.9,494.9,199.8,480.2,164.9,-0.35,3.0,3.02,3.0
954,31.8,17,0,person,0.741,822.7,208.4,973.6,458.4,898.1,333.4,-1.3,0.93,1.6,-0.8
954,31.8,123,0,person,0.313,465.2,131.9,494.3,200.9,479.7,166.4,-0.42,1.53,1.59,-1.47
955,31.833,17,0,person,0.748,822.4,209.0,972.2,457.0,897.3,333.0,-0.86,-0.35,0.93,-1.27
955,31.833,122,28,box,0.307,923.3,461.8,982.4,567.9,952.8,514.8,-1.12,0.92,1.44,0.13
956,31.867,17,0,person,0.734,822.4,209.7,971.6,456.1,897.0,332.9,-0.26,-0.11,0.28,0.24
956,31.867,123,0,person,0.348,463.6,128.4,494.6,201.9,479.1,165.1,-0.32,-0.64,0.71,-1.08
957,31.9,17,0,person,0.743,822.3,210.3,972.2,457.2,897.3,333.7,0.26,0.84,0.88,0.95
957,31.9,123,0,person,0.432,462.4,127.8,494.3,203.4,478.4,165.6,-0.74,0.46,0.87,1.1
958,31.933,17,0,person,0.72,822.5,214.6,971.2,458.6,896.8,336.6,-0.47,2.83,2.87,1.98
958,31.933,123,0,person,0.461,461.4,128.9,493.8,205.8,477.6,167.4,-0.79,1.75,1.92,1.29
959,31.967,17,0,person,0.738,824.1,214.6,974.1,459.3,899.1,337.0,2.27,0.4,2.3,-2.43
959,31.967,123,0,person,0.377,460.9,131.4,492.6,207.6,476.7,169.5,-0.85,2.13,2.3,0.38
960,32.0,17,0,person,0.727,825.0,214.6,976.0,459.2,900.5,336.9,1.45,-0.02,1.45,-0.42
961,32.033,17,0,person,0.698,824.3,215.7,976.8,462.2,900.6,339.0,0.05,2.04,2.04,2.06
962,32.067,17,0,person,0.725,824.1,217.2,977.2,463.9,900.6,340.5,0.05,1.54,1.54,-0.5
963,32.1,17,0,person,0.766,825.0,216.7,979.0,463.3,902.0,340.0,1.36,-0.55,1.47,-2.08
964,32.133,17,0,person,0.751,825.0,212.9,980.8,462.0,902.9,337.4,0.94,-2.53,2.7,-1.99
965,32.167,17,0,person,0.766,824.6,210.3,980.8,459.7,902.7,335.0,-0.23,-2.46,2.47,0.07
965,32.167,123,0,person,0.378,464.9,130.4,495.5,203.5,480.2,166.9,0.58,-0.42,0.72,-0.43
966,32.2,17,0,person,0.753,823.6,210.4,979.4,458.8,901.5,334.6,-1.19,-0.44,1.27,2.02
966,32.2,123,0,person,0.473,463.7,125.8,495.9,203.0,479.8,164.4,-0.39,-2.53,2.56,-2.11
967,32.233,17,0,person,0.753,823.0,210.3,978.0,456.8,900.5,333.6,-1.0,-0.97,1.39,-0.53
967,32.233,123,0,person,0.572,463.3,124.8,495.6,202.9,479.5,163.8,-0.33,-0.57,0.66,1.96
968,32.267,17,0,person,0.758,822.2,211.5,976.9,457.4,899.6,334.4,-0.96,0.84,1.28,1.81
968,32.267,123,0,person,0.555,463.2,123.8,495.6,202.6,479.4,163.2,-0.09,-0.66,0.67,-0.09
969,32.3,17,0,person,0.747,822.6,211.6,976.8,456.1,899.7,333.9,0.17,-0.57,0.59,-1.41
969,32.3,123,0,person,0.33,463.9,124.0,495.5,201.5,479.7,162.8,0.31,-0.43,0.53,0.23
970,32.333,17,0,person,0.746,823.2,211.6,977.5,455.3,900.3,333.5,0.62,-0.41,0.74,0.16
970,32.333,123,0,person,0.34,463.8,123.9,494.9,200.1,479.4,162.0,-0.32,-0.78,0.84,-0.35
971,32.367,17,0,person,0.732,822.7,210.7,977.4,454.8,900.0,332.7,-0.31,-0.73,0.79,-0.32
971,32.367,123,0,person,0.393,463.3,123.5,494.1,199.2,478.7,161.3,-0.68,-0.65,0.94,0.12
972,32.4,17,0,person,0.722,822.3,211.5,976.1,454.2,899.2,332.9,-0.81,0.15,0.83,0.88
972,32.4,123,0,person,0.438,462.8,122.5,493.5,198.2,478.1,160.3,-0.57,-0.99,1.14,-0.33
973,32.433,17,0,person,0.721,822.2,211.4,976.0,454.1,899.1,332.7,-0.1,-0.14,0.17,-0.28
973,32.433,123,0,person,0.399,463.4,123.2,493.5,197.3,478.4,160.3,0.32,-0.06,0.32,0.93
974,32.467,17,0,person,0.72,822.8,211.5,976.4,454.0,899.6,332.8,0.47,0.03,0.47,0.17
974,32.467,123,0,person,0.514,464.5,123.1,494.5,196.4,479.5,159.8,1.09,-0.52,1.2,-0.46
975,32.5,17,0,person,0.734,822.5,207.9,977.9,453.4,900.2,330.7,0.57,-2.11,2.18,-2.14
975,32.5,123,0,person,0.515,464.1,119.5,494.9,194.4,479.5,156.9,-0.03,-2.82,2.82,-2.31
976,32.533,17,0,person,0.655,823.2,206.5,978.4,451.7,900.8,329.1,0.61,-1.59,1.7,0.52
977,32.567,17,0,person,0.689,823.4,205.5,978.9,451.4,901.2,328.5,0.38,-0.61,0.72,0.97
978,32.6,17,0,person,0.634,823.4,202.7,979.7,450.4,901.5,326.5,0.36,-1.92,1.95,-1.31
979,32.633,17,0,person,0.589,823.6,204.0,978.7,450.3,901.1,327.1,-0.38,0.59,0.7,2.51
980,32.667,17,0,person,0.759,824.8,202.2,981.0,450.0,902.9,326.1,1.78,-1.01,2.04,-1.6
981,32.7,17,0,person,0.814,826.4,201.0,982.6,448.5,904.5,324.8,1.58,-1.34,2.07,-0.32
982,32.733,17,0,person,0.812,826.3,198.5,984.5,449.0,905.4,323.8,0.88,-0.99,1.33,0.35
983,32.767,17,0,person,0.788,825.4,195.4,985.9,450.0,905.6,322.7,0.25,-1.07,1.1,-0.08
984,32.8,17,0,person,0.805,824.7,192.9,985.9,449.7,905.3,321.3,-0.34,-1.38,1.42,-0.32
985,32.833,17,0,person,0.696,825.3,191.9,987.3,451.2,906.3,321.6,1.01,0.23,1.03,1.61
986,32.867,17,0,person,0.791,824.8,193.4,986.1,453.1,905.4,323.2,-0.85,1.68,1.88,1.45
986,32.867,123,0,person,0.303,467.1,106.8,497.4,180.6,482.2,143.7,0.25,-1.21,1.23,0.15
987,32.9,17,0,person,0.734,824.3,196.0,984.1,455.6,904.2,325.8,-1.23,2.6,2.88,0.92
987,32.9,123,0,person,0.417,468.5,107.4,498.6,180.6,483.6,144.0,1.32,0.34,1.36,1.55
988,32.933,17,0,person,0.707,826.2,197.2,985.7,457.7,906.0,327.4,1.75,1.58,2.36,-1.01
988,32.933,123,0,person,0.423,469.7,107.6,499.6,180.6,484.7,144.1,1.11,0.06,1.11,-0.28
989,32.967,17,0,person,0.724,818.6,198.0,973.7,458.1,896.2,328.0,-9.78,0.61,9.8,-0.97
989,32.967,123,0,person,0.382,470.9,107.2,500.8,180.3,485.8,143.8,1.16,-0.33,1.21,-0.39
990,33.0,17,0,person,0.714,823.0,198.7,976.3,458.4,899.7,328.5,3.48,0.5,3.51,-0.11
991,33.033,17,0,person,0.744,823.8,199.5,974.5,458.4,899.2,329.0,-0.49,0.43,0.65,-0.07
991,33.033,123,0,person,0.337,471.9,108.6,501.4,180.5,486.6,144.5,0.4,0.38,0.56,0.36
992,33.067,17,0,person,0.75,825.8,199.4,973.3,456.2,899.5,327.8,0.37,-1.13,1.19,-1.56
992,33.067,123,0,person,0.401,473.1,108.6,502.7,180.7,487.9,144.7,1.28,0.14,1.29,-0.24
993,33.1,17,0,person,0.756,829.8,199.1,976.6,455.4,903.2,327.2,3.68,-0.6,3.73,0.53
993,33.1,123,0,person,0.479,474.0,108.9,503.4,180.8,488.7,144.8,0.74,0.16,0.76,0.01
994,33.133,17,0,person,0.711,822.9,198.1,968.3,457.3,895.6,327.7,-7.62,0.52,7.64,1.12
994,33.133,123,0,person,0.427,473.9,108.9,503.4,181.1,488.6,145.0,-0.03,0.19,0.2,0.04
995,33.167,17,0,person,0.707,819.8,198.3,962.0,458.1,890.9,328.2,-4.7,0.45,4.72,-0.07
996,33.2,17,0,person,0.724,816.7,198.5,954.9,458.8,885.8,328.6,-5.08,0.46,5.1,0.01
997,33.233,17,0,person,0.764,816.8,197.6,952.8,459.7,884.8,328.6,-1.05,-0.0,1.05,-0.46
998,33.267,17,0,person,0.693,818.6,199.5,952.1,462.3,885.4,330.9,0.59,2.26,2.33,2.26
999,33.3,17,0,person,0.681,822.7,203.7,955.7,468.3,889.2,336.0,3.84,5.11,6.39,2.85
1000,33.333,17,0,person,0.725,827.6,208.7,960.0,472.5,893.8,340.6,4.56,4.61,6.49,-0.5
1000,33.333,130,0,person,0.481,466.5,134.5,495.3,201.9,480.9,168.2,0.0,0.0,0.0,0.0
1001,33.367,17,0,person,0.697,830.6,211.7,962.9,475.2,896.7,343.4,2.94,2.8,4.06,-1.81
1001,33.367,130,0,person,0.503,465.2,134.2,495.2,204.1,480.2,169.1,-0.7,0.9,1.14,0.9
1002,33.4,17,0,person,0.654,831.1,212.4,963.3,476.0,897.2,344.2,0.49,0.83,0.96,-1.97
1002,33.4,132,0,person,0.323,1080.9,141.7,1162.0,393.3,1121.4,267.5,0.0,0.0,0.0,0.0
1003,33.433,17,0,person,0.637,823.9,212.9,953.3,475.9,888.6,344.4,-8.58,0.17,8.59,-0.66
1004,33.467,17,0,person,0.701,829.1,213.1,958.9,476.3,894.0,344.7,5.41,0.31,5.42,0.14
1004,33.467,132,0,person,0.313,1081.3,142.8,1159.7,386.2,1120.5,264.5,-0.47,-1.53,1.6,-0.76
1005,33.5,17,0,person,0.768,830.6,214.1,960.8,475.9,895.7,345.0,1.69,0.3,1.71,-0.01
1006,33.533,17,0,person,0.722,831.7,214.8,961.4,473.9,896.6,344.3,0.83,-0.67,1.07,-0.97
1007,33.567,17,0,person,0.731,832.8,214.7,961.1,467.9,896.9,341.3,0.37,-3.04,3.06,-2.37
1007,33.567,130,0,person,0.453,469.3,131.7,500.5,204.7,484.9,168.2,0.78,-0.16,0.8,-0.18
1008,33.6,17,0,person,0.754,834.3,214.5,962.6,465.0,898.4,339.8,1.5,-1.55,2.16,1.49
1009,33.633,17,0,person,0.779,835.0,213.9,964.5,463.8,899.8,338.8,1.35,-0.92,1.63,0.63
1009,33.633,130,0,person,0.319,472.2,136.9,500.1,201.3,486.1,169.1,0.62,0.44,0.76,0.3
1010,33.667,17,0,person,0.761,833.3,213.7,964.7,465.2,899.0,339.4,-0.77,0.6,0.98,1.52
1011,33.7,17,0,person,0.749,831.9,214.1,964.5,466.4,898.2,340.3,-0.79,0.83,1.14,0.23
1012,33.733,17,0,person,0.733,829.0,213.5,961.7,465.5,895.3,339.5,-2.85,-0.74,2.95,-1.56
1012,33.733,130,0,person,0.397,473.0,127.1,503.9,198.2,488.5,162.7,0.78,-2.13,2.27,-0.86
1013,33.767,17,0,person,0.725,826.8,212.9,960.9,467.4,893.9,340.2,-1.47,0.68,1.61,1.41
1013,33.767,130,0,person,0.416,473.0,120.8,505.6,195.8,489.3,158.3,0.8,-4.39,4.46,-2.26
1014,33.8,17,0,person,0.656,822.4,212.7,958.0,468.3,890.2,340.5,-3.67,0.33,3.69,-0.35
1015,33.833,17,0,person,0.677,817.5,211.9,954.3,466.4,885.9,339.1,-4.28,-1.4,4.51,-1.73
1016,33.867,17,0,person,0.734,811.3,208.5,950.9,464.4,881.1,336.4,-4.85,-2.69,5.55,-1.29
1017,33.9,17,0,person,0.728,813.1,207.9,953.0,463.8,883.0,335.9,1.96,-0.56,2.04,2.13
1018,33.933,17,0,person,0.729,812.1,206.7,954.2,465.7,883.1,336.2,0.11,0.34,0.36,0.91
1019,33.967,17,0,person,0.686,806.5,205.9,948.9,466.3,877.7,336.1,-5.47,-0.07,5.47,-0.41
1020,34.0,17,0,person,0.744,801.7,204.9,943.0,465.2,872.3,335.1,-5.35,-1.07,5.45,-1.0
1021,34.033,17,0,person,0.782,797.2,206.2,936.9,463.6,867.1,334.9,-5.27,-0.14,5.28,0.93
1022,34.067,17,0,person,0.802,795.8,205.9,934.4,461.8,865.1,333.8,-1.99,-1.09,2.27,-0.95
1022,34.067,134,0,person,0.373,1128.0,57.4,1280.0,384.7,1204.0,221.0,0.0,0.0,0.0,0.0
1023,34.1,17,0,person,0.792,794.5,203.2,933.3,460.9,863.9,332.0,-1.15,-1.81,2.14,-0.72
1023,34.1,134,0,person,0.437,1126.1,52.4,1280.0,386.6,1203.0,219.5,-0.98,-1.55,1.83,-1.55
1024,34.133,17,0,person,0.799,795.1,202.0,933.1,459.5,864.1,330.7,0.18,-1.29,1.3,0.52
1024,34.133,134,0,person,0.433,1126.4,51.2,1280.0,384.8,1203.2,218.0,0.14,-1.51,1.52,0.04
1025,34.167,17,0,person,0.765,796.2,201.9,933.2,458.8,864.7,330.3,0.61,-0.4,0.73,0.89
1025,34.167,134,0,person,0.459,1127.2,53.5,1280.0,382.2,1203.6,217.8,0.41,-0.17,0.44,1.34
1026,34.2,17,0,person,0.775,796.0,201.2,932.9,459.5,864.5,330.4,-0.25,0.03,0.25,0.43
1026,34.2,134,0,person,0.417,1127.5,55.1,1280.0,381.8,1203.7,218.4,0.15,0.61,0.63,0.78
1027,34.233,17,0,person,0.754,798.2,202.1,934.2,460.1,866.2,331.1,1.77,0.73,1.92,0.7
1027,34.233,134,0,person,0.466,1127.2,56.4,1280.0,383.6,1203.6,220.0,-0.14,1.55,1.55,0.94
1028,34.267,17,0,person,0.763,801.9,205.4,935.6,461.5,868.7,333.4,2.48,2.35,3.41,1.62
1028,34.267,134,0,person,0.362,1127.7,55.6,1278.8,378.5,1203.3,217.0,-0.34,-2.97,2.99,-4.52
1029,34.3,17,0,person,0.774,803.8,207.6,936.4,462.6,870.1,335.1,1.41,1.65,2.17,-0.7
1030,34.333,17,0,person,0.803,803.8,209.5,934.4,461.6,869.1,335.6,-1.02,0.46,1.12,-1.19
1030,34.333,139,0,person,0.455,462.0,111.1,493.3,186.1,477.6,148.6,0.0,0.0,0.0,0.0
1031,34.367,17,0,person,0.806,803.4,211.3,933.7,463.4,868.5,337.4,-0.57,1.8,1.89,1.34
1031,34.367,139,0,person,0.371,461.2,116.3,491.0,187.7,476.1,152.0,-1.55,3.34,3.69,3.34
1032,34.4,17,0,person,0.819,800.7,211.6,930.8,465.4,865.8,338.5,-2.77,1.1,2.98,-0.7
1033,34.433,17,0,person,0.787,800.5,211.7,931.2,467.4,865.8,339.5,0.07,1.08,1.08,-0.02
1034,34.467,17,0,person,0.748,798.4,209.5,931.1,469.5,864.8,339.5,-1.08,-0.07,1.08,-1.15
1035,34.5,17,0,person,0.716,798.3,209.8,932.3,470.6,865.3,340.2,0.56,0.73,0.92,0.8
1036,34.533,17,0,person,0.679,793.3,209.5,927.3,471.0,860.3,340.3,-5.04,0.04,5.04,-0.69
1036,34.533,140,0,person,0.418,445.5,116.4,478.4,194.1,461.9,155.2,0.0,0.0,0.0,0.0
1037,34.567,17,0,person,0.501,788.2,210.7,922.7,472.4,855.5,341.6,-4.82,1.3,4.99,1.26
1038,34.6,17,0,person,0.697,782.0,212.1,916.8,472.9,849.4,342.5,-6.04,0.96,6.12,-0.34
1038,34.6,141,62,tv,0.521,277.5,7.1,1278.8,663.6,778.1,335.3,0.0,0.0,0.0,0.0
1039,34.633,17,0,person,0.711,776.3,212.4,912.2,473.1,844.3,342.8,-5.17,0.26,5.17,-0.7
1039,34.633,141,62,tv,0.471,303.3,7.8,1253.9,630.2,778.6,319.0,0.43,-16.31,16.32,-16.31
1040,34.667,17,0,person,0.724,772.2,211.1,909.6,472.6,840.9,341.8,-3.34,-0.92,3.47,-1.18
1040,34.667,141,62,tv,0.49,304.0,4.5,1248.2,621.6,776.1,313.0,-2.51,-5.98,6.49,10.33
1041,34.7,17,0,person,0.637,767.8,212.9,905.4,472.8,836.6,342.9,-4.31,1.01,4.43,1.93
1041,34.7,141,62,tv,0.432,300.0,1.4,1197.7,583.2,748.9,292.3,-27.2,-20.78,34.23,-14.8
1041,34.7,142,0,person,0.381,433.5,132.1,463.7,201.3,448.6,166.7,0.0,0.0,0.0,0.0
1042,34.733,17,0,person,0.671,768.4,222.4,903.9,473.6,836.2,348.0,-0.44,5.12,5.14,4.11
1042,34.733,142,0,person,0.464,430.1,135.8,460.4,205.2,445.3,170.5,-3.3,3.81,5.04,3.81
1043,34.767,17,0,person,0.662,763.7,228.0,898.7,476.5,831.2,352.2,-4.93,4.25,6.51,-0.87
1043,34.767,142,0,person,0.458,427.4,143.5,456.6,210.2,442.0,176.8,-3.27,6.35,7.14,2.54
1044,34.8,17,0,person,0.642,760.7,230.0,895.0,476.3,827.8,353.2,-3.38,0.96,3.52,-3.29
1044,34.8,142,0,person,0.332,425.2,144.3,454.9,212.4,440.1,178.3,-1.95,1.49,2.45,-4.86
1045,34.833,17,0,person,0.677,758.4,231.8,891.7,477.1,825.0,354.4,-2.81,1.23,3.06,0.27
1046,34.867,17,0,person,0.705,754.1,232.6,888.5,481.2,821.3,356.9,-3.75,2.47,4.49,1.24
1046,34.867,142,0,person,0.363,421.7,148.7,451.0,215.6,436.4,182.1,-1.85,1.88,2.64,0.2
1047,34.9,17,0,person,0.65,753.0,232.9,890.1,485.6,821.6,359.2,0.26,2.37,2.38,-0.1
1047,34.9,142,0,person,0.516,418.2,150.3,448.7,219.6,433.4,185.0,-2.93,2.85,4.09,0.96
1048,34.933,17,0,person,0.728,743.8,238.1,880.0,490.6,811.9,364.4,-9.64,5.12,10.92,2.76
1048,34.933,142,0,person,0.513,413.0,154.8,444.5,226.8,428.7,190.8,-4.7,5.85,7.5,3.0
1049,34.967,17,0,person,0.795,736.9,241.7,874.1,496.1,805.5,368.9,-6.4,4.51,7.83,-0.61
1049,34.967,142,0,person,0.496,409.1,166.5,437.7,232.0,423.4,199.3,-5.32,8.45,9.98,2.59
1050,35.0,17,0,person,0.758,732.1,243.0,869.8,499.5,801.0,371.3,-4.54,2.39,5.13,-2.12
1050,35.0,142,0,person,0.475,403.0,166.3,433.8,236.6,418.4,201.4,-5.06,2.19,5.51,-6.26
1050,35.0,143,25,umbrella,0.373,533.7,162.4,779.6,264.0,656.6,213.2,0.0,0.0,0.0,0.0
1051,35.033,17,0,person,0.709,724.8,245.8,861.1,501.5,792.9,373.7,-8.02,2.41,8.38,0.01
1051,35.033,142,0,person,0.63,397.5,168.1,429.3,241.2,413.4,204.7,-4.97,3.22,5.92,1.03
1051,35.033,143,25,umbrella,0.645,532.2,163.1,780.8,265.7,656.5,214.4,-0.15,1.19,1.2,1.19
1052,35.067,17,0,person,0.719,720.0,250.4,855.4,505.9,787.7,378.1,-5.21,4.42,6.84,2.02
1053,35.1,17,0,person,0.719,714.2,256.9,849.5,513.9,781.8,385.4,-5.88,7.28,9.36,2.86
1053,35.1,142,0,person,0.516,385.8,182.3,417.6,254.9,401.7,218.6,-5.84,6.96,9.09,1.87
1054,35.133,17,0,person,0.729,710.6,264.2,845.0,519.9,777.8,392.0,-4.04,6.65,7.78,-0.64
1055,35.167,17,0,person,0.775,706.9,270.1,841.7,525.8,774.3,398.0,-3.48,5.91,6.86,-0.74
1055,35.167,142,0,person,0.464,379.6,200.1,409.5,268.6,394.5,234.3,-3.58,7.89,8.66,0.46
1056,35.2,17,0,person,0.647,708.4,275.5,844.9,530.8,776.7,403.2,2.33,5.2,5.7,-0.71
1056,35.2,142,0,person,0.336,377.5,207.9,406.5,274.3,392.0,241.1,-2.57,6.75,7.23,-1.13
1057,35.233,17,0,person,0.604,712.5,279.6,851.8,534.9,782.1,407.2,5.47,4.06,6.81,-1.14
1058,35.267,17,0,person,0.51,711.7,278.5,853.4,534.9,782.5,406.7,0.4,-0.49,0.63,-4.55
1058,35.267,142,0,person,0.478,373.4,208.1,403.2,276.9,388.3,242.5,-1.82,0.7,1.95,-3.03
1059,35.3,17,0,person,0.667,706.0,275.0,847.0,531.0,776.5,403.0,-6.01,-3.77,7.09,-3.28
1060,35.333,17,0,person,0.722,704.0,272.7,843.2,526.3,773.6,399.5,-2.91,-3.42,4.49,0.35
1061,35.367,17,0,person,0.694,702.2,269.7,840.6,523.0,771.4,396.3,-2.18,-3.2,3.87,0.22
1062,35.4,17,0,person,0.74,701.9,269.7,839.7,522.8,770.8,396.2,-0.62,-0.1,0.63,3.1
1062,35.4,145,0,person,0.353,378.2,195.3,407.7,265.2,393.0,230.2,0.0,0.0,0.0,0.0
1063,35.433,17,0,person,0.758,702.2,269.8,839.1,522.1,770.7,395.9,-0.15,-0.29,0.33,-0.19
1063,35.433,145,0,person,0.412,377.9,196.8,406.7,265.1,392.3,231.0,-0.65,0.74,0.99,0.74
1064,35.467,17,0,person,0.703,703.2,272.2,839.3,522.6,771.2,397.4,0.55,1.47,1.57,1.76
1064,35.467,145,0,person,0.394,377.1,195.9,406.9,266.6,392.0,231.3,-0.27,0.3,0.41,-0.44
1065,35.5,17,0,person,0.655,711.6,275.0,851.1,526.5,781.4,400.8,10.15,3.36,10.69,1.88
1065,35.5,145,0,person,0.413,375.9,202.7,405.0,271.7,390.5,237.2,-1.55,5.9,6.1,5.59
1066,35.533,17,0,person,0.595,714.9,282.2,855.0,531.2,785.0,406.7,3.62,5.95,6.97,2.6
1066,35.533,145,0,person,0.474,375.6,206.5,404.6,275.5,390.1,241.0,-0.41,3.85,3.87,-2.05
1067,35.567,17,0,person,0.611,714.3,287.3,855.1,534.5,784.7,410.9,-0.27,4.16,4.17,-1.79
1067,35.567,145,0,person,0.337,377.5,212.6,405.6,279.4,391.5,246.0,1.47,5.02,5.23,1.17
1068,35.6,17,0,person,0.627,706.7,290.8,848.0,540.0,777.3,415.4,-7.37,4.53,8.65,0.36
1069,35.633,17,0,person,0.676,706.3,296.2,846.1,542.9,776.2,419.5,-1.16,4.13,4.29,-0.4
1069,35.633,145,0,person,0.484,380.3,223.2,408.6,290.5,394.5,256.8,1.46,5.4,5.6,0.19
1070,35.667,17,0,person,0.683,703.5,297.8,842.3,546.8,772.9,422.3,-3.28,2.72,4.26,-1.41
1070,35.667,145,0,person,0.574,381.4,223.6,411.7,296.2,396.5,259.9,2.07,3.06,3.69,-2.35
1071,35.7,17,0,person,0.714,708.3,299.1,847.1,549.6,777.7,424.3,4.79,2.05,5.21,-0.67
1071,35.7,145,0,person,0.375,383.7,224.6,415.0,299.9,399.3,262.2,2.82,2.36,3.68,-0.7
1071,35.7,146,5,bus,0.344,74.6,7.7,1275.0,684.1,674.8,345.9,0.0,0.0,0.0,0.0
1072,35.733,17,0,person,0.694,712.0,299.3,849.4,549.3,780.7,424.3,2.99,-0.02,2.99,-2.07
1072,35.733,146,5,bus,0.312,81.5,8.5,1277.0,682.2,679.2,345.3,4.42,-0.58,4.46,-0.58
1073,35.767,17,0,person,0.671,712.8,300.3,847.1,548.5,779.9,424.4,-0.74,0.09,0.75,0.1
1073,35.767,146,5,bus,0.304,84.1,8.3,1272.7,677.9,678.4,343.1,-0.81,-2.22,2.36,-1.63
1074,35.8,17,0,person,0.698,719.5,300.1,852.8,548.8,786.2,424.5,6.23,0.07,6.23,-0.02
1075,35.833,17,0,person,0.702,716.4,299.3,847.2,548.2,781.8,423.8,-4.38,-0.71,4.43,-0.78
1076,35.867,17,0,person,0.678,715.6,299.8,842.6,546.2,779.1,423.0,-2.7,-0.77,2.81,-0.07
1076,35.867,147,0,person,0.382,396.3,225.8,424.2,296.7,410.2,261.2,0.0,0.0,0.0,0.0
1077,35.9,17,0,person,0.64,717.6,300.6,841.7,545.1,779.7,422.8,0.56,-0.16,0.58,0.61
1078,35.933,17,0,person,0.647,718.8,300.6,841.0,545.0,779.9,422.8,0.21,-0.01,0.21,0.15
1078,35.933,147,0,person,0.345,399.4,224.5,428.0,297.2,413.7,260.9,1.71,-0.18,1.72,-0.09
1079,35.967,17,0,person,0.704,727.4,300.8,848.1,541.3,787.7,421.1,7.86,-1.74,8.05,-1.73
1079,35.967,147,0,person,0.429,400.9,222.1,430.0,295.9,415.4,259.0,1.77,-1.9,2.6,-1.72
1080,36.0,17,0,person,0.719,731.3,297.5,853.1,539.9,792.2,418.7,4.47,-2.38,5.06,-0.63
1081,36.033,17,0,person,0.716,731.2,298.4,852.3,540.1,791.8,419.2,-0.42,0.54,0.68,2.91
1082,36.067,17,0,person,0.704,730.3,301.1,849.5,540.6,789.9,420.8,-1.89,1.62,2.49,1.08
1083,36.1,17,0,person,0.643,727.2,304.3,845.7,544.4,786.4,424.4,-3.45,3.52,4.93,1.9
1084,36.133,17,0,person,0.724,722.7,307.0,839.9,547.5,781.3,427.3,-5.15,2.93,5.92,-0.59
1085,36.167,17,0,person,0.698,722.1,308.4,839.2,550.7,780.6,429.6,-0.68,2.28,2.38,-0.65
1086,36.2,17,0,person,0.659,727.5,310.4,844.4,551.9,785.9,431.2,5.32,1.59,5.55,-0.69
1087,36.233,17,0,person,0.695,727.2,310.3,843.2,551.1,785.2,430.7,-0.73,-0.43,0.85,-2.02
1088,36.267,17,0,person,0.705,727.8,310.6,842.1,550.0,785.0,430.3,-0.24,-0.47,0.52,-0.04
1089,36.3,17,0,person,0.676,729.8,310.2,844.6,549.3,787.2,429.8,2.21,-0.51,2.27,-0.04
1090,36.333,17,0,person,0.671,728.5,309.6,843.1,548.5,785.8,429.0,-1.4,-0.72,1.57,-0.21
1091,36.367,17,0,person,0.617,724.2,306.5,838.3,546.4,781.2,426.4,-4.55,-2.61,5.25,-1.9
1092,36.4,17,0,person,0.596,721.3,303.2,835.1,545.2,778.2,424.2,-3.03,-2.22,3.76,0.39
1093,36.433,17,0,person,0.645,719.5,298.5,834.5,544.7,777.0,421.6,-1.19,-2.58,2.84,-0.35
1093,36.433,149,0,person,0.485,399.3,225.0,428.2,295.7,413.8,260.4,0.0,0.0,0.0,0.0
1094,36.467,17,0,person,0.648,720.0,296.7,835.4,544.6,777.7,420.6,0.7,-1.01,1.23,1.57
1094,36.467,149,0,person,0.41,399.4,225.1,428.3,295.8,413.9,260.5,0.11,0.12,0.16,0.12
1094,36.467,146,5,bus,0.372,70.7,14.4,1268.2,686.4,669.5,350.4,-0.43,0.35,0.55,0.12
1095,36.5,17,0,person,0.631,720.6,299.2,834.2,544.3,777.4,421.7,-0.3,1.13,1.17,2.14
1095,36.5,149,0,person,0.326,399.7,225.2,428.4,295.5,414.1,260.4,0.19,-0.12,0.22,-0.24
1095,36.5,146,5,bus,0.342,61.9,12.3,1278.2,696.2,670.0,354.2,0.58,3.84,3.89,3.5
1096,36.533,17,0,person,0.666,720.2,299.8,832.0,542.7,776.1,421.3,-1.29,-0.46,1.37,-1.6
1097,36.567,17,0,person,0.552,721.6,298.0,833.7,542.5,777.6,420.2,1.52,-1.05,1.84,-0.59
1097,36.567,149,0,person,0.429,399.1,224.1,428.0,294.9,413.5,259.5,-0.29,-0.43,0.52,-0.15
1098,36.6,17,0,person,0.61,721.3,295.7,833.6,542.2,777.5,419.0,-0.18,-1.27,1.28,-0.22
1098,36.6,149,0,person,0.358,399.4,223.3,427.9,293.0,413.6,258.1,0.11,-1.37,1.38,-0.94
1098,36.6,146,5,bus,0.321,55.7,10.1,1280.0,706.7,667.8,358.4,-0.73,1.4,1.58,-0.81
1099,36.633,17,0,person,0.423,724.6,297.8,834.5,541.9,779.5,419.8,2.08,0.88,2.26,2.14
1099,36.633,149,0,person,0.435,399.3,221.9,427.6,291.3,413.5,256.6,-0.16,-1.49,1.5,-0.12
1100,36.667,17,0,person,0.492,730.2,293.8,842.7,541.2,786.4,417.5,6.91,-2.34,7.3,-3.22
1101,36.7,17,0,person,0.613,732.0,294.3,846.1,541.2,789.1,417.8,2.62,0.27,2.63,2.61
1102,36.733,17,0,person,0.678,733.3,296.5,848.2,541.1,790.7,418.8,1.65,1.01,1.94,0.74
1102,36.733,149,0,person,0.345,398.2,220.8,425.8,288.5,412.0,254.6,-0.49,-0.67,0.83,0.27
1103,36.767,17,0,person,0.632,733.8,296.8,849.5,541.7,791.7,419.2,0.94,0.46,1.05,-0.55
1104,36.8,17,0,person,0.636,733.9,297.5,852.5,542.7,793.2,420.1,1.53,0.9,1.78,0.45
1104,36.8,149,0,person,0.41,396.6,221.7,424.7,290.6,410.6,256.1,-0.68,0.75,1.01,0.71
1105,36.833,17,0,person,0.623,730.5,298.7,851.7,544.4,791.1,421.6,-2.13,1.45,2.57,0.55
1105,36.833,149,0,person,0.431,396.6,222.0,425.1,292.0,410.8,257.0,0.2,0.9,0.92,0.15
1106,36.867,17,0,person,0.519,719.6,298.5,840.3,545.3,780.0,421.9,-11.09,0.32,11.09,-1.13
1106,36.867,149,0,person,0.403,396.7,222.9,425.3,293.0,411.0,257.9,0.18,0.92,0.94,0.03
1107,36.9,17,0,person,0.451,727.3,299.9,850.7,545.0,789.0,422.5,9.07,0.57,9.08,0.25
1108,36.933,17,0,person,0.475,732.8,302.0,859.3,546.2,796.0,424.1,7.0,1.64,7.19,1.07
1109,36.967,17,0,person,0.504,735.2,301.6,863.0,545.7,799.1,423.7,3.02,-0.45,3.05,-2.09
1110,37.0,17,0,person,0.781,724.3,300.4,849.0,545.2,786.6,422.8,-12.44,-0.86,12.47,-0.41
1110,37.0,149,0,person,0.328,398.1,222.7,426.4,291.4,412.3,257.1,0.31,-0.22,0.38,-0.29
1111,37.033,17,0,person,0.776,722.2,298.9,844.0,544.9,783.1,421.9,-3.53,-0.89,3.64,-0.02
1111,37.033,149,0,person,0.33,398.3,222.1,426.6,290.6,412.4,256.4,0.19,-0.71,0.73,-0.48
1112,37.067,17,0,person,0.728,721.4,298.3,839.8,543.7,780.6,421.0,-2.48,-0.91,2.64,-0.02
1113,37.1,17,0,person,0.763,723.1,297.4,838.6,543.0,780.8,420.2,0.21,-0.84,0.86,0.07
1113,37.1,149,0,person,0.54,398.2,218.5,425.8,285.3,412.0,251.9,-0.23,-2.23,2.24,-0.76
1114,37.133,17,0,person,0.747,723.6,296.6,836.2,541.2,779.9,418.9,-0.93,-1.25,1.56,-0.41
1114,37.133,149,0,person,0.325,398.0,216.9,426.1,284.1,412.1,250.5,0.07,-1.42,1.43,0.81
1115,37.167,17,0,person,0.651,726.0,295.1,837.5,540.0,781.8,417.6,1.87,-1.37,2.32,-0.12
1116,37.2,17,0,person,0.721,734.6,291.1,849.6,539.1,792.1,415.1,10.35,-2.44,10.63,-1.07
1116,37.2,149,0,person,0.536,395.1,214.8,423.4,282.3,409.2,248.6,-1.42,-0.95,1.71,0.24
1117,37.233,17,0,person,0.677,736.8,289.8,854.6,539.1,795.7,414.4,3.58,-0.68,3.65,1.76
1118,37.267,17,0,person,0.726,736.7,290.2,856.9,538.9,796.8,414.6,1.1,0.12,1.11,0.8
1118,37.267,149,0,person,0.338,389.8,214.3,418.4,281.7,404.1,248.0,-2.54,-0.29,2.56,0.33
1119,37.3,17,0,person,0.716,734.6,291.3,857.7,541.2,796.1,416.2,-0.67,1.68,1.81,1.56
1120,37.333,17,0,person,0.808,734.9,292.2,860.3,542.7,797.6,417.5,1.5,1.22,1.93,-0.46
1120,37.333,149,0,person,0.387,386.4,216.1,415.9,285.9,401.1,251.0,-1.5,1.53,2.14,0.91
1121,37.367,17,0,person,0.812,736.7,292.6,865.1,545.1,800.9,418.8,3.27,1.38,3.55,0.16
1122,37.4,17,0,person,0.792,737.1,295.1,867.7,547.6,802.4,421.4,1.51,2.53,2.94,1.14
1122,37.4,149,0,person,0.488,384.7,218.4,415.2,290.6,400.0,254.5,-0.58,1.73,1.82,0.1
1123,37.433,17,0,person,0.766,736.1,297.7,868.0,548.6,802.0,423.1,-0.37,1.79,1.82,-0.74
1123,37.433,149,0,person,0.443,384.8,220.1,414.9,291.4,399.8,255.7,-0.13,1.23,1.24,-0.49
1124,37.467,17,0,person,0.754,735.9,299.9,868.6,548.8,802.3,424.4,0.23,1.24,1.26,-0.54
1124,37.467,149,0,person,0.344,386.5,223.4,415.3,291.5,400.9,257.5,1.05,1.76,2.05,0.52
1125,37.5,17,0,person,0.633,732.2,301.3,864.0,548.3,798.1,424.8,-4.15,0.39,4.17,-0.85
1125,37.5,149,0,person,0.442,388.8,224.8,416.9,291.5,402.9,258.1,1.96,0.66,2.06,-1.1
1126,37.533,17,0,person,0.79,736.5,300.1,870.5,548.2,803.5,424.1,5.36,-0.64,5.4,-1.04
1126,37.533,149,0,person,0.499,389.9,222.5,418.4,290.6,404.1,256.6,1.28,-1.55,2.02,-2.21
1127,37.567,17,0,person,0.791,738.0,299.2,873.6,548.0,805.8,423.6,2.3,-0.55,2.36,0.09
1127,37.567,149,0,person,0.416,390.2,221.4,418.8,290.1,404.5,255.7,0.35,-0.86,0.93,0.69
1128,37.6,17,0,person,0.726,738.3,298.1,875.4,548.1,806.8,423.1,1.05,-0.49,1.16,0.06
1128,37.6,149,0,person,0.444,391.0,219.5,419.6,289.2,405.3,254.4,0.77,-1.34,1.55,-0.48
1129,37.633,17,0,person,0.771,737.8,295.1,876.4,546.8,807.1,420.9,0.25,-2.14,2.16,-1.65
1130,37.667,17,0,person,0.814,738.0,291.8,877.4,543.2,807.7,417.5,0.65,-3.42,3.48,-1.28
1131,37.7,17,0,person,0.714,734.8,289.8,873.7,539.9,804.3,414.9,-3.46,-2.66,4.36,0.75
1132,37.733,17,0,person,0.727,726.5,288.9,861.3,537.3,793.9,413.1,-10.4,-1.75,10.55,0.92
1133,37.767,17,0,person,0.754,721.3,286.6,853.8,534.1,787.6,410.4,-6.28,-2.76,6.86,-1.01
1134,37.8,17,0,person,0.757,725.1,283.8,855.0,530.8,790.1,407.3,2.47,-3.05,3.93,-0.29
1135,37.833,17,0,person,0.745,725.4,282.9,854.1,529.8,789.8,406.4,-0.3,-0.93,0.97,2.12
1136,37.867,17,0,person,0.772,723.5,283.2,853.0,532.4,788.3,407.8,-1.5,1.39,2.05,2.32
1137,37.9,17,0,person,0.77,727.9,283.6,860.9,536.6,794.4,410.1,6.13,2.34,6.56,0.95
1138,37.933,17,0,person,0.767,729.7,285.3,864.6,538.7,797.1,412.0,2.72,1.91,3.33,-0.43
1139,37.967,17,0,person,0.785,730.0,285.7,867.6,541.3,798.8,413.5,1.66,1.44,2.2,-0.47
1140,38.0,17,0,person,0.772,729.5,287.0,868.6,542.9,799.1,414.9,0.29,1.47,1.5,0.04
1141,38.033,17,0,person,0.763,729.5,288.9,869.1,544.1,799.3,416.5,0.22,1.58,1.59,0.1
1141,38.033,149,0,person,0.479,394.2,220.4,421.8,287.3,408.0,253.8,0.21,-0.04,0.21,0.1
1142,38.067,17,0,person,0.737,731.0,293.9,870.5,545.8,800.8,419.8,1.47,3.32,3.63,1.74
1143,38.1,17,0,person,0.644,737.0,295.9,875.9,545.2,806.4,420.5,5.7,0.67,5.74,-2.65
1143,38.1,149,0,person,0.485,395.1,226.0,422.2,291.0,408.6,258.5,0.32,2.35,2.37,1.2
1144,38.133,17,0,person,0.621,738.5,295.2,878.6,545.1,808.5,420.1,2.1,-0.41,2.14,-1.08
1144,38.133,149,0,person,0.351,396.4,227.9,423.6,292.2,410.0,260.1,1.39,1.56,2.09,-0.79
1145,38.167,17,0,person,0.686,739.6,294.1,880.6,543.8,810.1,419.0,1.59,-1.13,1.95,-0.72
1146,38.2,17,0,person,0.647,742.5,294.4,882.7,541.1,812.6,417.8,2.49,-1.21,2.77,-0.09
1146,38.2,149,0,person,0.492,398.8,223.5,427.1,290.7,412.9,257.1,1.47,-1.49,2.09,-1.52
1147,38.233,17,0,person,0.561,743.8,295.6,882.2,537.5,813.0,416.6,0.36,-1.19,1.24,0.02
1147,38.233,149,0,person,0.474,398.8,222.1,428.0,291.2,413.4,256.7,0.43,-0.45,0.62,1.03
1148,38.267,17,0,person,0.572,739.8,298.2,875.9,536.9,807.8,417.5,-5.17,0.96,5.26,2.15
1148,38.267,149,0,person,0.454,398.7,222.4,428.1,292.1,413.4,257.3,0.02,0.62,0.62,1.07
1149,38.3,17,0,person,0.664,742.3,298.0,878.2,534.6,810.3,416.3,2.47,-1.25,2.77,-2.21
1149,38.3,149,0,person,0.429,399.3,221.9,428.8,292.0,414.0,257.0,0.66,-0.33,0.73,-0.95
1150,38.333,17,0,person,0.711,743.9,297.6,880.5,533.6,812.2,415.6,1.9,-0.67,2.01,0.58
1150,38.333,149,0,person,0.49,401.1,222.5,430.1,291.0,415.6,256.7,1.55,-0.21,1.56,0.12
1151,38.367,17,0,person,0.754,744.0,297.7,881.9,534.5,813.0,416.1,0.79,0.47,0.92,1.14
1151,38.367,149,0,person,0.422,401.7,222.7,430.6,290.9,416.2,256.8,0.58,0.04,0.58,0.24
1152,38.4,17,0,person,0.579,733.2,300.0,869.5,538.4,801.3,419.2,-11.65,3.11,12.06,2.64
1152,38.4,149,0,person,0.452,400.9,222.7,430.5,292.3,415.7,257.5,-0.49,0.75,0.9,0.72
1153,38.433,17,0,person,0.578,734.6,300.8,871.6,541.9,803.1,421.3,1.76,2.16,2.79,-0.94
1153,38.433,149,0,person,0.305,399.8,224.7,429.1,293.3,414.4,259.0,-1.25,1.48,1.94,0.72
1154,38.467,17,0,person,0.654,721.9,301.7,854.5,543.8,788.2,422.8,-14.87,1.42,14.94,-0.74
1155,38.5,17,0,person,0.555,716.9,301.9,844.6,543.3,780.8,422.6,-7.45,-0.17,7.45,-1.59
1156,38.533,17,0,person,0.64,715.8,302.2,838.7,542.3,777.3,422.2,-3.49,-0.36,3.51,-0.2
1157,38.567,17,0,person,0.54,731.3,301.1,857.0,543.2,794.1,422.2,16.85,-0.07,16.85,0.29
1158,38.6,17,0,person,0.66,736.5,299.0,863.6,540.2,800.0,419.6,5.93,-2.59,6.47,-2.51
1159,38.633,17,0,person,0.607,737.7,295.1,866.7,536.7,802.2,415.9,2.12,-3.69,4.26,-1.11
1160,38.667,17,0,person,0.731,738.5,292.9,869.1,535.1,803.8,414.0,1.63,-1.89,2.5,1.8
1161,38.7,17,0,person,0.719,739.6,294.1,871.1,535.4,805.4,414.7,1.55,0.74,1.72,2.64
1162,38.733,17,0,person,0.739,739.4,296.5,871.7,536.8,805.5,416.7,0.18,1.93,1.94,1.19
1162,38.733,149,0,person,0.384,397.2,222.4,425.9,290.0,411.5,256.2,-0.32,-0.31,0.45,-0.2
1163,38.767,17,0,person,0.662,738.4,299.6,872.3,540.8,805.4,420.2,-0.14,3.5,3.5,1.57
1164,38.8,17,0,person,0.492,726.0,303.6,854.4,541.0,790.2,422.3,-15.19,2.16,15.34,-1.34
1165,38.833,17,0,person,0.523,724.5,306.8,849.7,543.7,787.1,425.3,-3.07,2.92,4.24,0.76
1166,38.867,17,0,person,0.554,722.8,309.8,844.6,546.9,783.7,428.4,-3.42,3.11,4.62,0.18
1167,38.9,17,0,person,0.672,727.7,314.1,846.5,549.6,787.1,431.9,3.4,3.5,4.88,0.39
1168,38.933,17,0,person,0.665,742.0,317.7,860.8,550.4,801.4,434.0,14.29,2.17,14.46,-1.33
1169,38.967,17,0,person,0.671,747.3,323.2,866.6,554.2,806.9,438.7,5.52,4.68,7.23,2.51
1169,38.967,160,0,person,0.471,416.3,248.9,444.0,316.8,430.2,282.8,0.0,0.0,0.0,0.0
1170,39.0,17,0,person,0.724,749.3,330.0,870.2,559.8,809.7,444.9,2.83,6.22,6.83,1.54
1170,39.0,160,0,person,0.414,415.6,251.8,444.7,323.4,430.1,287.6,-0.01,4.76,4.76,4.76
1171,39.033,17,0,person,0.678,748.8,334.5,870.8,562.9,809.8,448.7,0.06,3.78,3.78,-2.44
1172,39.067,17,0,person,0.777,745.9,338.0,870.1,567.4,808.0,452.7,-1.81,4.0,4.38,0.22
1173,39.1,17,0,person,0.772,742.1,339.7,867.4,568.5,804.7,454.1,-3.26,1.41,3.55,-2.58
1174,39.133,17,0,person,0.778,736.6,340.3,863.8,570.4,800.2,455.3,-4.58,1.22,4.74,-0.19
1175,39.167,17,0,person,0.794,731.5,341.3,859.8,571.2,795.7,456.3,-4.5,0.95,4.6,-0.27
1176,39.2,17,0,person,0.731,726.8,341.2,855.9,570.8,791.4,456.0,-4.28,-0.25,4.29,-1.2
1177,39.233,17,0,person,0.726,723.3,340.0,852.8,568.8,788.0,454.4,-3.33,-1.63,3.71,-1.38
1178,39.267,17,0,person,0.682,718.4,336.9,848.5,566.2,783.5,451.5,-4.59,-2.88,5.42,-1.25
1179,39.3,17,0,person,0.722,716.6,333.7,846.8,561.6,781.7,447.6,-1.77,-3.89,4.27,-1.01
1180,39.333,17,0,person,0.737,714.4,331.3,845.7,559.4,780.0,445.4,-1.67,-2.27,2.82,1.62
1181,39.367,17,0,person,0.745,711.7,330.2,843.7,558.1,777.7,444.2,-2.32,-1.19,2.6,1.08
1181,39.367,164,0,person,0.396,391.2,262.0,417.2,322.9,404.2,292.4,0.0,0.0,0.0,0.0
1182,39.4,17,0,person,0.789,708.7,330.5,841.2,558.2,775.0,444.4,-2.74,0.2,2.75,1.39
1182,39.4,164,0,person,0.385,388.9,262.4,415.1,323.6,402.0,293.0,-2.19,0.59,2.27,0.59
1183,39.433,17,0,person,0.768,708.2,329.7,840.2,555.2,774.2,442.4,-0.78,-1.97,2.12,-2.17
1183,39.433,164,0,person,0.409,389.8,262.8,415.8,323.6,402.8,293.2,0.8,0.15,0.81,-0.45
1184,39.467,17,0,person,0.708,707.9,329.1,840.4,554.2,774.2,441.7,-0.01,-0.74,0.74,1.22
1184,39.467,164,0,person,0.33,391.7,263.7,417.3,323.3,404.5,293.5,1.67,0.33,1.71,0.18
1185,39.5,17,0,person,0.703,708.3,330.5,841.8,556.2,775.1,443.4,0.89,1.68,1.91,2.43
1186,39.533,17,0,person,0.758,709.9,331.9,844.6,558.4,777.2,445.2,2.18,1.82,2.84,0.13
1187,39.567,17,0,person,0.681,711.9,332.5,846.6,558.0,779.3,445.2,2.04,0.05,2.04,-1.77
1188,39.6,17,0,person,0.619,708.1,331.6,840.1,555.5,774.1,443.6,-5.16,-1.66,5.42,-1.71
1189,39.633,17,0,person,0.784,715.4,329.4,847.1,552.3,781.2,440.9,7.12,-2.71,7.62,-1.05
1190,39.667,17,0,person,0.609,704.0,326.0,830.6,548.3,767.3,437.2,-13.95,-3.69,14.43,-0.98
1191,39.7,17,0,person,0.665,700.0,322.3,823.0,545.7,761.5,434.0,-5.76,-3.14,6.56,0.55
1192,39.733,17,0,person,0.692,710.9,318.8,834.3,542.0,772.6,430.4,11.08,-3.64,11.66,-0.5
1193,39.767,17,0,person,0.61,708.1,316.2,828.9,538.5,768.5,427.3,-4.11,-3.07,5.13,0.58
1194,39.8,17,0,person,0.584,699.1,311.3,815.7,533.6,757.4,422.4,-11.1,-4.86,12.12,-1.8
1195,39.833,17,0,person,0.647,709.6,304.3,829.8,530.2,769.7,417.2,12.36,-5.2,13.4,-0.34
1196,39.867,17,0,person,0.732,708.1,298.5,831.6,527.8,769.9,413.1,0.13,-4.1,4.11,1.09
1197,39.9,17,0,person,0.78,702.3,297.5,826.1,524.7,764.2,411.1,-5.67,-2.06,6.03,2.04
1198,39.933,17,0,person,0.632,681.4,291.4,800.3,516.6,740.9,404.0,-23.31,-7.07,24.36,-5.0
1199,39.967,17,0,person,0.678,679.7,283.3,797.6,508.6,738.6,395.9,-2.25,-8.09,8.4,-1.03
1200,40.0,17,0,person,0.613,679.1,282.2,797.6,507.4,738.4,394.8,-0.27,-1.1,1.13,6.99
1201,40.033,17,0,person,0.557,677.5,281.7,797.3,507.7,737.4,394.7,-0.98,-0.11,0.98,0.99
1202,40.067,17,0,person,0.671,669.8,280.0,788.3,506.2,729.1,393.1,-8.34,-1.62,8.5,-1.5
1203,40.1,17,0,person,0.578,663.6,279.3,778.8,504.3,721.2,391.8,-7.88,-1.29,7.99,0.33
1204,40.133,17,0,person,0.614,672.0,278.2,789.6,505.5,730.8,391.9,9.61,0.09,9.61,1.38
1205,40.167,17,0,person,0.603,668.4,277.1,784.2,503.1,726.3,390.1,-4.5,-1.79,4.85,-1.89
1206,40.2,17,0,person,0.558,667.4,275.1,781.1,499.6,724.2,387.4,-2.03,-2.72,3.4,-0.93
1207,40.233,17,0,person,0.558,661.7,276.0,771.8,499.6,716.7,387.8,-7.5,0.38,7.51,3.1
1208,40.267,17,0,person,0.477,662.0,276.2,769.3,500.1,715.7,388.1,-1.07,0.38,1.13,-0.0
1209,40.3,17,0,person,0.575,679.1,276.4,788.2,498.9,733.7,387.6,17.98,-0.5,17.99,-0.88
1210,40.333,17,0,person,0.506,689.6,276.2,800.3,498.2,744.9,387.2,11.28,-0.44,11.29,0.07
1210,40.333,168,25,umbrella,0.449,532.4,165.4,920.1,268.9,726.2,217.2,0.0,0.0,0.0,0.0
1211,40.367,17,0,person,0.644,693.4,276.2,804.5,496.7,748.9,386.4,4.0,-0.76,4.07,-0.32
1211,40.367,168,25,umbrella,0.444,531.8,166.1,914.9,268.4,723.3,217.2,-2.91,0.08,2.91,0.08
1212,40.4,17,0,person,0.608,694.6,276.1,807.1,499.1,750.9,387.6,1.95,1.15,2.26,1.9
1212,40.4,168,25,umbrella,0.324,531.2,166.2,914.2,268.4,722.7,217.3,-0.64,0.08,0.64,0.0
1213,40.433,17,0,person,0.672,702.7,275.4,817.9,500.5,760.3,387.9,9.45,0.35,9.45,-0.79
1213,40.433,168,25,umbrella,0.362,540.0,166.0,924.1,268.3,732.0,217.2,9.34,-0.15,9.34,-0.23
1214,40.467,17,0,person,0.722,707.9,276.3,825.4,503.0,766.6,389.7,6.32,1.71,6.55,1.36
1215,40.5,17,0,person,0.674,707.3,279.5,824.4,505.5,765.9,392.5,-0.78,2.83,2.94,1.12
1216,40.533,17,0,person,0.573,699.0,282.6,812.9,508.1,756.0,395.3,-9.9,2.86,10.31,0.02
1217,40.567,17,0,person,0.572,697.2,283.9,808.6,509.4,752.9,396.6,-3.04,1.3,3.31,-1.55
1218,40.6,17,0,person,0.62,698.9,284.4,808.8,510.1,753.8,397.2,0.88,0.58,1.06,-0.72
1219,40.633,17,0,person,0.608,699.9,285.5,808.5,511.2,754.2,398.3,0.4,1.11,1.18,0.52
1219,40.633,176,5,bus,0.396,50.6,19.3,1270.2,719.6,660.4,369.4,0.0,0.0,0.0,0.0
1220,40.667,17,0,person,0.602,696.4,286.3,803.2,512.5,749.8,399.4,-4.39,1.07,4.51,-0.04
1220,40.667,176,5,bus,0.389,53.5,19.7,1272.6,719.9,663.0,369.8,2.61,0.35,2.63,0.35
1221,40.7,17,0,person,0.628,693.6,285.4,799.1,512.7,746.4,399.0,-3.47,-0.37,3.49,-1.44
1221,40.7,178,0,person,0.482,383.7,210.6,413.0,275.2,398.4,242.9,0.0,0.0,0.0,0.0
1222,40.733,17,0,person,0.635,701.0,284.8,808.5,513.1,754.7,398.9,8.37,-0.08,8.37,0.29
1222,40.733,178,0,person,0.457,381.6,208.9,411.1,273.9,396.3,241.4,-2.02,-1.52,2.53,-1.52
1223,40.767,17,0,person,0.561,694.9,284.4,800.4,510.3,747.7,397.4,-7.07,-1.59,7.25,-1.51
1224,40.8,17,0,person,0.671,687.8,282.9,791.4,508.1,739.6,395.5,-8.05,-1.89,8.27,-0.31
1224,40.8,178,0,person,0.38,376.0,202.7,405.6,268.0,390.8,235.3,-2.76,-3.03,4.1,-0.76
1225,40.833,17,0,person,0.6,696.7,278.0,802.2,502.0,749.5,390.0,9.86,-5.46,11.27,-3.57
1225,40.833,178,0,person,0.367,374.1,202.4,402.3,264.6,388.2,233.5,-2.61,-1.85,3.2,1.19
1226,40.867,17,0,person,0.615,683.9,276.9,786.2,498.1,735.0,387.5,-14.42,-2.52,14.64,2.94
1227,40.9,17,0,person,0.751,675.7,271.7,777.5,496.4,726.6,384.0,-8.44,-3.45,9.12,-0.93
1228,40.933,17,0,person,0.729,670.9,267.6,770.8,492.6,720.9,380.1,-5.73,-3.92,6.94,-0.46
1228,40.933,168,25,umbrella,0.545,485.2,166.7,828.2,262.6,656.7,214.6,-5.02,-0.17,5.03,-0.0
1229,40.967,17,0,person,0.626,668.2,262.7,766.6,487.3,717.4,375.0,-3.47,-5.1,6.17,-1.18
1229,40.967,168,25,umbrella,0.573,498.8,169.5,812.7,260.0,655.7,214.7,-0.97,0.1,0.97,0.27
1230,41.0,17,0,person,0.522,668.2,258.1,766.8,483.5,717.5,370.8,0.08,-4.24,4.24,0.85
1231,41.033,17,0,person,0.565,661.5,255.5,760.0,482.5,710.8,369.0,-6.7,-1.8,6.94,2.45
1231,41.033,168,25,umbrella,0.507,506.1,171.0,801.6,258.3,653.9,214.7,-0.93,-0.04,0.93,-0.07
1232,41.067,17,0,person,0.769,656.4,252.2,753.6,478.6,705.0,365.4,-5.78,-3.57,6.79,-1.77
1232,41.067,168,25,umbrella,0.563,460.0,174.2,800.6,280.0,630.3,227.1,-23.56,12.47,26.66,12.51
1233,41.1,17,0,person,0.656,660.8,247.0,761.3,475.8,711.0,361.4,6.06,-4.0,7.26,-0.43
1233,41.1,168,25,umbrella,0.555,447.5,174.8,796.5,288.3,622.0,231.5,-8.3,4.41,9.4,-8.06
1234,41.133,17,0,person,0.584,652.3,244.7,751.5,472.0,701.9,358.3,-9.15,-3.07,9.65,0.93
1234,41.133,168,25,umbrella,0.387,446.9,175.6,791.2,292.0,619.0,233.8,-2.96,2.26,3.72,-2.15
1234,41.133,182,37,surfboard,0.415,363.4,402.4,641.5,494.3,502.4,448.4,0.0,0.0,0.0,0.0
1234,41.133,176,5,boat,0.437,54.2,0.3,1280.0,717.2,667.1,358.7,0.29,-0.79,0.84,-0.08
1235,41.167,17,0,person,0.495,644.7,244.5,741.1,469.1,692.9,356.8,-9.01,-1.57,9.15,1.5
1235,41.167,168,25,umbrella,0.566,446.9,172.0,788.6,291.7,617.8,231.8,-1.29,-1.99,2.37,-4.25
1235,41.167,182,37,surfboard,0.365,363.0,402.2,641.3,494.2,502.2,448.2,-0.26,-0.18,0.32,-0.18
1235,41.167,184,0,person,0.502,335.4,154.0,363.8,220.2,349.6,187.1,0.0,0.0,0.0,0.0
1236,41.2,17,0,person,0.523,640.5,244.1,734.5,466.6,687.5,355.4,-5.38,-1.41,5.56,0.16
1236,41.2,168,25,umbrella,0.557,449.4,169.6,785.5,291.5,617.5,230.5,-0.3,-1.27,1.31,0.71
1237,41.233,17,0,person,0.666,638.8,240.7,732.4,464.7,685.6,352.7,-1.89,-2.66,3.26,-1.25
1237,41.233,168,25,umbrella,0.603,454.1,169.3,781.0,291.5,617.5,230.4,0.07,-0.19,0.2,1.09
1238,41.267,17,0,person,0.734,636.5,238.0,729.5,463.3,683.0,350.6,-2.62,-2.07,3.34,0.58
1238,41.267,168,25,umbrella,0.612,462.6,169.1,775.2,288.8,618.9,228.9,1.4,-1.41,1.99,-1.22
1239,41.3,17,0,person,0.542,633.4,234.0,727.1,462.5,680.3,348.2,-2.71,-2.4,3.62,-0.32
1239,41.3,168,25,umbrella,0.652,485.5,174.0,778.7,286.4,632.1,230.2,13.13,1.25,13.19,2.66
1240,41.333,17,0,person,0.507,647.4,229.6,746.1,458.8,696.8,344.2,16.49,-4.04,16.98,-1.64
1240,41.333,168,25,umbrella,0.596,508.2,173.8,776.8,276.4,642.5,225.1,10.45,-5.11,11.63,-6.36
1241,41.367,17,0,person,0.536,648.4,226.0,752.4,456.7,700.4,341.4,3.64,-2.84,4.61,1.2
1241,41.367,168,25,umbrella,0.581,503.8,172.9,780.5,278.8,642.2,225.9,-0.35,0.77,0.85,5.88
1242,41.4,17,0,person,0.738,647.6,222.6,756.8,456.4,702.2,339.5,1.81,-1.84,2.58,1.0
1242,41.4,168,25,umbrella,0.703,492.0,166.7,789.7,281.5,640.9,224.1,-1.29,-1.77,2.18,-2.54
1243,41.433,17,0,person,0.746,645.2,220.2,759.0,454.6,702.1,337.4,-0.12,-2.13,2.14,-0.29
1243,41.433,168,25,umbrella,0.701,506.5,165.5,783.6,272.2,645.1,218.8,4.22,-5.26,6.75,-3.5
1243,41.433,188,0,person,0.377,317.9,127.8,345.9,196.4,331.9,162.1,0.0,0.0,0.0,0.0
1244,41.467,17,0,person,0.731,640.5,219.6,757.7,453.5,699.1,336.5,-2.99,-0.83,3.1,1.3
1244,41.467,168,25,umbrella,0.741,524.2,167.9,779.3,265.6,651.7,216.8,6.65,-2.06,6.96,3.2
1245,41.5,17,0,person,0.643,637.7,220.0,757.7,452.9,697.7,336.4,-1.4,-0.1,1.4,0.74
1245,41.5,168,25,umbrella,0.689,531.3,169.1,777.6,263.0,654.4,216.1,2.71,-0.71,2.8,1.35
1245,41.5,188,0,person,0.344,315.1,125.6,343.4,194.8,329.2,160.2,-1.34,-0.96,1.64,-0.48
1246,41.533,17,0,person,0.7,635.7,220.6,758.2,452.6,697.0,336.6,-0.73,0.16,0.74,0.25
1246,41.533,168,25,umbrella,0.697,537.4,172.8,774.3,262.3,655.8,217.5,1.4,1.48,2.04,2.19
1246,41.533,188,0,person,0.412,314.8,126.1,342.7,194.2,328.7,160.1,-0.48,-0.01,0.48,0.95
1247,41.567,17,0,person,0.631,617.9,220.6,736.6,451.2,677.3,335.9,-19.72,-0.73,19.73,-0.89
1247,41.567,168,25,umbrella,0.793,493.0,173.8,768.6,279.9,630.8,226.8,-25.05,9.3,26.72,7.82
1247,41.567,188,0,person,0.344,315.0,127.8,342.2,194.0,328.6,160.9,-0.14,0.75,0.76,0.76
1248,41.6,9006,0,person,0.343,580.8,210.6,701.6,404.5,641.2,307.5,0.0,0.0,0.0,0.0
